leg_id,shipment_id,leg_sequence,from_node_id,from_node_name,from_node_type,from_country,from_latitude,from_longitude,to_node_id,to_node_name,to_node_type,to_country,to_latitude,to_longitude,mode,carrier_id,vessel_id,planned_departure_datetime,actual_departure_datetime,planned_arrival_datetime,actual_arrival_datetime,planned_distance_km,actual_distance_km,planned_transit_hours,actual_transit_hours,delay_hours,delay_reason,leg_cost_eur,co2e_kg,wkt_linestring
LEG00001-1,SHP00001,1,FAC_F004,Bilbao Steel Fabricator,Vendor,Spain,43.263,-2.935,PORT_P004,Port of Bilbao,Port,Spain,43.3476,-3.0443,Road,CAR010,V014,2025-09-04T08:00:00,2025-09-04T09:17:12,2025-09-04T12:48:00,2025-09-04T17:10:59,16.6,17.2,4.8,7.9,3.1,None,484.21,23.22,"LINESTRING (-2.935 43.263, -3.0443 43.3476)"
LEG00001-2,SHP00001,2,PORT_P004,Port of Bilbao,Port,Spain,43.3476,-3.0443,PORT_P005,Port of Sines,Port,Portugal,37.9543,-8.8631,Sea Breakbulk,CAR010,V014,2025-09-05T04:07:31,2025-09-05T02:36:25,2025-09-08T10:37:31,2025-09-08T09:31:16,834.1,826.0,78.5,78.9,0.4,None,4294.05,281.7,"LINESTRING (-3.0443 43.3476, -8.8631 37.9543)"
LEG00001-3,SHP00001,3,PORT_P005,Port of Sines,Port,Portugal,37.9543,-8.8631,FAC_F007,Sines Energy Project Site,Project Site,Portugal,37.956,-8.868,Road,CAR010,V014,2025-09-09T01:54:48,2025-09-08T18:10:33,2025-09-09T10:12:48,2025-09-09T02:26:53,0.5,0.5,8.3,8.3,0,None,433.52,0.67,"LINESTRING (-8.8631 37.9543, -8.868 37.956)"
LEG00002-1,SHP00002,1,FAC_F001,Zaragoza Distribution Hub,Warehouse,Spain,41.6488,-0.8891,PORT_P001,Port of Valencia,Port,Spain,39.461,-0.323,Road,CAR006,,2024-01-25T14:00:00,2024-01-25T15:38:31,2024-01-26T00:18:00,2024-01-26T15:58:12,282.3,299.4,10.3,24.3,14.0,Customs hold,680.27,23.89,"LINESTRING (-0.8891 41.6488, -0.323 39.461)"
LEG00002-2,SHP00002,2,PORT_P001,Port of Valencia,Port,Spain,39.461,-0.323,PORT_P005,Port of Sines,Port,Portugal,37.9543,-8.8631,Container Sea,CAR006,,2024-01-26T13:03:39,2024-01-26T23:44:25,2024-01-29T00:21:39,2024-01-29T14:34:40,798.1,798.6,59.3,62.8,3.5,None,1360.04,12.07,"LINESTRING (-0.323 39.461, -8.8631 37.9543)"
LEG00002-3,SHP00002,3,PORT_P005,Port of Sines,Port,Portugal,37.9543,-8.8631,FAC_F007,Sines Energy Project Site,Project Site,Portugal,37.956,-8.868,Road,CAR006,,2024-01-29T08:50:31,2024-01-30T03:16:12,2024-01-29T14:20:31,2024-01-30T06:46:25,0.5,0.5,5.5,3.5,0,None,320.6,0.04,"LINESTRING (-8.8631 37.9543, -8.868 37.956)"
LEG00003-1,SHP00003,1,FAC_F012,Antwerp EPC Supplier Yard,Vendor,Belgium,51.2194,4.4025,PORT_P007,Port of Antwerp-Bruges,Port,Belgium,51.2639,4.4009,Road,CAR006,,2024-10-18T12:00:00,2024-10-18T13:47:31,2024-10-18T18:30:00,2024-10-18T20:43:38,6.4,6.6,6.5,6.9,0.4,None,1055.27,62.66,"LINESTRING (4.4025 51.2194, 4.4009 51.2639)"
LEG00003-2,SHP00003,2,PORT_P007,Port of Antwerp-Bruges,Port,Belgium,51.2639,4.4009,PORT_P005,Port of Sines,Port,Portugal,37.9543,-8.8631,Container Sea,CAR006,,2024-10-19T08:13:04,2024-10-19T05:13:15,2024-10-22T23:25:04,2024-10-22T20:13:21,1868.2,1970.8,87.2,87.0,0,None,14706.41,3545.31,"LINESTRING (4.4009 51.2639, -8.8631 37.9543)"
LEG00003-3,SHP00003,3,PORT_P005,Port of Sines,Port,Portugal,37.9543,-8.8631,FAC_F007,Sines Energy Project Site,Project Site,Portugal,37.956,-8.868,Road,CAR006,,2024-10-23T11:07:49,2024-10-23T13:48:04,2024-10-23T20:31:49,2024-10-24T01:01:47,0.5,0.5,9.4,11.2,1.8,None,905.11,4.75,"LINESTRING (-8.8631 37.9543, -8.868 37.956)"
LEG00004-1,SHP00004,1,FAC_F012,Antwerp EPC Supplier Yard,Vendor,Belgium,51.2194,4.4025,PORT_P007,Port of Antwerp-Bruges,Port,Belgium,51.2639,4.4009,Road,CAR004,V001,2024-05-22T09:00:00,2024-05-22T11:05:02,2024-05-22T12:54:00,2024-05-22T17:42:35,5.9,6.2,3.9,6.6,2.7,None,461.13,17.51,"LINESTRING (4.4025 51.2194, 4.4009 51.2639)"
LEG00004-2,SHP00004,2,PORT_P007,Port of Antwerp-Bruges,Port,Belgium,51.2639,4.4009,PORT_P005,Port of Sines,Port,Portugal,37.9543,-8.8631,Sea Breakbulk,CAR004,V001,2024-05-22T20:50:16,2024-05-22T21:41:51,2024-05-27T07:08:16,2024-05-28T06:56:29,1963.7,2004.1,106.3,129.2,22.9,Carrier capacity,7391.94,1429.97,"LINESTRING (4.4009 51.2639, -8.8631 37.9543)"
LEG00004-3,SHP00004,3,PORT_P005,Port of Sines,Port,Portugal,37.9543,-8.8631,FAC_F007,Sines Energy Project Site,Project Site,Portugal,37.956,-8.868,Road,CAR004,V001,2024-05-27T18:46:48,2024-05-28T12:45:36,2024-05-28T03:46:48,2024-05-29T17:19:29,0.6,0.6,9.0,28.6,19.6,Carrier capacity,434.82,1.69,"LINESTRING (-8.8631 37.9543, -8.868 37.956)"
LEG00005-1,SHP00005,1,FAC_F002,Madrid Cross Dock,Cross Dock,Spain,40.4168,-3.7038,PORT_P001,Port of Valencia,Port,Spain,39.461,-0.323,Road,CAR006,,2025-06-04T13:00:00,2025-06-04T12:39:41,2025-06-05T02:30:00,2025-06-05T03:02:30,383.6,385.6,13.5,14.4,0.9,None,1251.36,612.85,"LINESTRING (-3.7038 40.4168, -0.323 39.461)"
LEG00005-2,SHP00005,2,PORT_P001,Port of Valencia,Port,Spain,39.461,-0.323,PORT_P006,Port of Rotterdam,Port,Netherlands,51.947,4.142,Container Sea,CAR006,,2025-06-05T11:36:59,2025-06-05T07:45:52,2025-06-09T18:18:59,2025-06-09T14:04:57,1537.8,1536.4,102.7,102.3,0,None,2000.51,462.67,"LINESTRING (-0.323 39.461, 4.142 51.947)"
LEG00005-3,SHP00005,3,PORT_P006,Port of Rotterdam,Port,Netherlands,51.947,4.142,FAC_F011,Rotterdam Consolidation Hub,Consolidation Hub,Netherlands,51.9244,4.4777,Road,CAR006,,2025-06-10T01:05:48,2025-06-10T07:14:57,2025-06-10T04:59:48,2025-06-10T22:51:39,28.0,28.0,3.9,15.6,11.7,Port congestion,387.63,44.5,"LINESTRING (4.142 51.947, 4.4777 51.9244)"
LEG00006-1,SHP00006,1,FAC_F012,Antwerp EPC Supplier Yard,Vendor,Belgium,51.2194,4.4025,PORT_P007,Port of Antwerp-Bruges,Port,Belgium,51.2639,4.4009,Road,CAR010,V014,2025-08-03T15:00:00,2025-08-03T16:38:23,2025-08-03T19:24:00,2025-08-03T22:22:25,6.3,6.4,4.4,5.7,1.3,None,576.0,17.38,"LINESTRING (4.4025 51.2194, 4.4009 51.2639)"
LEG00006-2,SHP00006,2,PORT_P007,Port of Antwerp-Bruges,Port,Belgium,51.2639,4.4009,PORT_P012,Port of Casablanca,Port,Morocco,33.605,-7.611,Sea Breakbulk,CAR010,V014,2025-08-03T23:25:32,2025-08-04T08:31:19,2025-08-08T19:07:32,2025-08-09T02:15:55,2304.8,2365.7,115.7,113.7,0,None,9903.46,1622.68,"LINESTRING (4.4009 51.2639, -7.611 33.605)"
LEG00006-3,SHP00006,3,PORT_P012,Port of Casablanca,Port,Morocco,33.605,-7.611,FAC_F008,Casablanca Desalination Site,Project Site,Morocco,33.5731,-7.5898,Road,CAR010,V014,2025-08-09T00:17:59,2025-08-09T17:35:38,2025-08-09T03:53:59,2025-08-10T14:32:24,5.4,5.8,3.6,20.9,17.3,Documentation issue,572.62,15.75,"LINESTRING (-7.611 33.605, -7.5898 33.5731)"
LEG00007-1,SHP00007,1,FAC_F010,Milan Valve Plant,Vendor,Italy,45.4642,9.19,PORT_P010,Port of Genoa,Port,Italy,44.41,8.925,Road,CAR007,V005,2024-01-25T07:00:00,2024-01-25T07:25:39,2024-01-25T18:54:00,2024-01-25T20:24:24,138.0,147.7,11.9,13.0,1.1,None,916.24,243.31,"LINESTRING (9.19 45.4642, 8.925 44.41)"
LEG00007-2,SHP00007,2,PORT_P010,Port of Genoa,Port,Italy,44.41,8.925,PORT_P005,Port of Sines,Port,Portugal,37.9543,-8.8631,Sea Breakbulk,CAR007,V005,2024-01-26T07:48:34,2024-01-26T07:35:26,2024-01-30T03:12:34,2024-01-31T00:02:48,1736.6,1800.7,91.4,112.5,21.1,Port congestion,5755.73,749.38,"LINESTRING (8.925 44.41, -8.8631 37.9543)"
LEG00007-3,SHP00007,3,PORT_P005,Port of Sines,Port,Portugal,37.9543,-8.8631,FAC_F007,Sines Energy Project Site,Project Site,Portugal,37.956,-8.868,Road,CAR007,V005,2024-01-30T17:08:42,2024-01-31T04:19:06,2024-01-31T01:44:42,2024-01-31T11:43:25,0.6,0.6,8.6,7.4,0,None,433.97,0.99,"LINESTRING (-8.8631 37.9543, -8.868 37.956)"
LEG00008-1,SHP00008,1,FAC_F010,Milan Valve Plant,Vendor,Italy,45.4642,9.19,PORT_P010,Port of Genoa,Port,Italy,44.41,8.925,Road,CAR006,,2024-03-14T12:00:00,2024-03-14T13:02:37,2024-03-14T21:48:00,2024-03-14T22:22:17,141.8,145.3,9.8,9.3,0,None,775.33,106.15,"LINESTRING (9.19 45.4642, 8.925 44.41)"
LEG00008-2,SHP00008,2,PORT_P010,Port of Genoa,Port,Italy,44.41,8.925,PORT_P012,Port of Casablanca,Port,Morocco,33.605,-7.611,Container Sea,CAR006,,2024-03-15T09:10:27,2024-03-15T02:51:19,2024-03-19T11:34:27,2024-03-20T10:25:11,1907.8,1988.6,98.4,127.6,29.2,Customs hold,2609.49,275.26,"LINESTRING (8.925 44.41, -7.611 33.605)"
LEG00008-3,SHP00008,3,PORT_P012,Port of Casablanca,Port,Morocco,33.605,-7.611,FAC_F008,Casablanca Desalination Site,Project Site,Morocco,33.5731,-7.5898,Road,CAR006,,2024-03-19T19:28:05,2024-03-21T02:42:44,2024-03-20T00:46:05,2024-03-21T08:38:22,5.3,5.3,5.3,5.9,0.6,None,444.52,3.87,"LINESTRING (-7.611 33.605, -7.5898 33.5731)"
LEG00009-1,SHP00009,1,FAC_F014,Cadiz Module Yard,Module Yard,Spain,36.5271,-6.2886,PORT_P003,Port of Algeciras,Port,Spain,36.1324,-5.4479,Road,CAR006,,2025-07-01T12:00:00,2025-07-01T12:54:29,2025-07-01T23:36:00,2025-07-02T01:03:01,104.4,107.4,11.6,12.1,0.5,None,1698.24,613.71,"LINESTRING (-6.2886 36.5271, -5.4479 36.1324)"
LEG00009-2,SHP00009,2,PORT_P003,Port of Algeciras,Port,Spain,36.1324,-5.4479,PORT_P016,Port of Alexandria,Port,Egypt,31.2001,29.9187,Container Sea,CAR006,,2025-07-02T04:38:24,2025-07-02T16:53:58,2025-07-09T01:20:24,2025-07-09T11:57:10,3621.8,3904.2,164.7,163.1,0,None,11673.61,4227.08,"LINESTRING (-5.4479 36.1324, 29.9187 31.2001)"
LEG00009-3,SHP00009,3,PORT_P016,Port of Alexandria,Port,Egypt,31.2001,29.9187,FAC_F016,Alexandria Water Project Site,Project Site,Egypt,31.2001,29.9187,Road,CAR006,,2025-07-09T11:53:56,2025-07-09T19:00:57,2025-07-09T16:41:56,2025-07-10T01:25:26,0.0,0.0,4.8,6.4,1.6,None,576.0,0.0,"LINESTRING (29.9187 31.2001, 29.9187 31.2001)"
LEG00010-1,SHP00010,1,FAC_F014,Cadiz Module Yard,Module Yard,Spain,36.5271,-6.2886,PORT_P003,Port of Algeciras,Port,Spain,36.1324,-5.4479,Road,CAR003,V006,2025-10-08T15:00:00,2025-10-08T15:01:18,2025-10-08T23:24:00,2025-10-09T07:51:37,108.1,115.9,8.4,16.8,8.4,Road permit delay,1606.45,501.97,"LINESTRING (-6.2886 36.5271, -5.4479 36.1324)"
LEG00010-2,SHP00010,2,PORT_P003,Port of Algeciras,Port,Spain,36.1324,-5.4479,PORT_P012,Port of Casablanca,Port,Morocco,33.605,-7.611,RoRo,CAR003,V006,2025-10-09T08:46:21,2025-10-10T01:12:30,2025-10-10T14:46:21,2025-10-11T06:02:54,378.9,405.3,30.0,28.8,0,None,2964.42,554.33,"LINESTRING (-5.4479 36.1324, -7.611 33.605)"
LEG00010-3,SHP00010,3,PORT_P012,Port of Casablanca,Port,Morocco,33.605,-7.611,FAC_F008,Casablanca Desalination Site,Project Site,Morocco,33.5731,-7.5898,Road,CAR003,V006,2025-10-10T23:02:33,2025-10-11T18:55:07,2025-10-11T04:02:33,2025-10-11T22:07:58,5.0,5.3,5.0,3.2,0,None,623.12,22.95,"LINESTRING (-7.611 33.605, -7.5898 33.5731)"
LEG00011-1,SHP00011,1,FAC_F010,Milan Valve Plant,Vendor,Italy,45.4642,9.19,PORT_P010,Port of Genoa,Port,Italy,44.41,8.925,Road,CAR004,V001,2024-01-04T07:00:00,2024-01-04T06:58:36,2024-01-04T18:36:00,2024-01-04T17:43:18,152.1,150.8,11.6,10.7,0,None,953.49,274.06,"LINESTRING (9.19 45.4642, 8.925 44.41)"
LEG00011-2,SHP00011,2,PORT_P010,Port of Genoa,Port,Italy,44.41,8.925,PORT_P001,Port of Valencia,Port,Spain,39.461,-0.323,Sea Breakbulk,CAR004,V001,2024-01-05T06:36:20,2024-01-04T22:56:56,2024-01-07T13:36:20,2024-01-07T07:22:06,981.9,1004.6,55.0,56.4,1.4,None,4730.12,461.23,"LINESTRING (8.925 44.41, -0.323 39.461)"
LEG00011-3,SHP00011,3,PORT_P001,Port of Valencia,Port,Spain,39.461,-0.323,FAC_F001,Zaragoza Distribution Hub,Warehouse,Spain,41.6488,-0.8891,Road,CAR004,V001,2024-01-07T18:52:05,2024-01-07T16:45:19,2024-01-08T07:10:05,2024-01-08T05:45:04,325.5,340.8,12.3,13.0,0.7,None,1610.53,619.35,"LINESTRING (-0.323 39.461, -0.8891 41.6488)"
LEG00012-1,SHP00012,1,FAC_F001,Zaragoza Distribution Hub,Warehouse,Spain,41.6488,-0.8891,PORT_P001,Port of Valencia,Port,Spain,39.461,-0.323,Road,CAR003,V002,2024-12-09T13:00:00,2024-12-09T13:09:20,2024-12-10T00:18:00,2024-12-10T02:31:02,287.7,290.2,11.3,13.4,2.1,Port congestion,766.48,101.18,"LINESTRING (-0.8891 41.6488, -0.323 39.461)"
LEG00012-2,SHP00012,2,PORT_P001,Port of Valencia,Port,Spain,39.461,-0.323,PORT_P012,Port of Casablanca,Port,Morocco,33.605,-7.611,RoRo,CAR003,V002,2024-12-10T11:17:12,2024-12-10T11:35:30,2024-12-12T12:41:12,2024-12-12T16:24:25,1007.8,1007.3,49.4,52.8,3.4,None,1369.14,110.9,"LINESTRING (-0.323 39.461, -7.611 33.605)"
LEG00012-3,SHP00012,3,PORT_P012,Port of Casablanca,Port,Morocco,33.605,-7.611,FAC_F008,Casablanca Desalination Site,Project Site,Morocco,33.5731,-7.5898,Road,CAR003,V002,2024-12-13T01:13:32,2024-12-12T23:36:24,2024-12-13T09:25:32,2024-12-13T15:11:02,5.3,5.3,8.2,15.6,7.4,Port congestion,328.15,1.85,"LINESTRING (-7.611 33.605, -7.5898 33.5731)"
LEG00013-1,SHP00013,1,FAC_F005,Tarragona Equipment Vendor,Vendor,Spain,41.1189,1.2445,PORT_P002,Port of Barcelona,Port,Spain,41.3522,2.1686,Road,CAR003,V002,2024-02-26T07:00:00,2024-02-26T09:50:00,2024-02-26T13:24:00,2024-02-26T18:30:35,104.7,110.2,6.4,8.7,2.3,None,679.66,53.18,"LINESTRING (1.2445 41.1189, 2.1686 41.3522)"
LEG00013-2,SHP00013,2,PORT_P002,Port of Barcelona,Port,Spain,41.3522,2.1686,PORT_P012,Port of Casablanca,Port,Morocco,33.605,-7.611,RoRo,CAR003,V002,2024-02-27T04:17:58,2024-02-27T01:00:08,2024-02-29T22:59:58,2024-02-29T19:42:54,1273.2,1265.1,66.7,66.7,0.0,None,2117.93,192.8,"LINESTRING (2.1686 41.3522, -7.611 33.605)"
LEG00013-3,SHP00013,3,PORT_P012,Port of Casablanca,Port,Morocco,33.605,-7.611,FAC_F008,Casablanca Desalination Site,Project Site,Morocco,33.5731,-7.5898,Road,CAR003,V002,2024-03-01T09:45:25,2024-03-01T11:12:53,2024-03-01T19:39:25,2024-03-02T00:24:06,4.8,4.8,9.9,13.2,3.3,None,442.79,2.32,"LINESTRING (-7.611 33.605, -7.5898 33.5731)"
LEG00014-1,SHP00014,1,FAC_F001,Zaragoza Distribution Hub,Warehouse,Spain,41.6488,-0.8891,PORT_P001,Port of Valencia,Port,Spain,39.461,-0.323,Road,CAR004,V001,2024-08-22T09:00:00,2024-08-22T10:04:36,2024-08-22T17:00:00,2024-08-22T19:29:54,308.2,324.5,8.0,9.4,1.4,None,984.86,357.6,"LINESTRING (-0.8891 41.6488, -0.323 39.461)"
LEG00014-2,SHP00014,2,PORT_P001,Port of Valencia,Port,Spain,39.461,-0.323,PORT_P016,Port of Alexandria,Port,Egypt,31.2001,29.9187,Sea Breakbulk,CAR004,V001,2024-08-23T03:37:41,2024-08-23T11:09:32,2024-08-29T13:37:41,2024-08-29T20:20:28,3207.1,3333.8,154.0,153.2,0,None,5232.31,928.13,"LINESTRING (-0.323 39.461, 29.9187 31.2001)"
LEG00014-3,SHP00014,3,PORT_P016,Port of Alexandria,Port,Egypt,31.2001,29.9187,FAC_F016,Alexandria Water Project Site,Project Site,Egypt,31.2001,29.9187,Road,CAR004,V001,2024-08-29T21:29:18,2024-08-30T13:37:54,2024-08-30T01:53:18,2024-08-30T17:55:20,0.0,0.0,4.4,4.3,0,None,320.0,0.0,"LINESTRING (29.9187 31.2001, 29.9187 31.2001)"
LEG00015-1,SHP00015,1,FAC_F004,Bilbao Steel Fabricator,Vendor,Spain,43.263,-2.935,PORT_P004,Port of Bilbao,Port,Spain,43.3476,-3.0443,Road,CAR004,V001,2025-05-20T08:00:00,2025-05-20T07:51:01,2025-05-20T13:12:00,2025-05-20T11:04:39,16.5,17.7,5.2,3.2,0,None,699.3,59.31,"LINESTRING (-2.935 43.263, -3.0443 43.3476)"
LEG00015-2,SHP00015,2,PORT_P004,Port of Bilbao,Port,Spain,43.3476,-3.0443,PORT_P006,Port of Rotterdam,Port,Netherlands,51.947,4.142,Sea Breakbulk,CAR004,V001,2025-05-20T23:37:58,2025-05-20T21:37:36,2025-05-24T04:55:58,2025-05-24T06:25:19,1209.4,1243.6,77.3,80.8,3.5,None,8176.98,1052.68,"LINESTRING (-3.0443 43.3476, 4.142 51.947)"
LEG00015-3,SHP00015,3,PORT_P006,Port of Rotterdam,Port,Netherlands,51.947,4.142,FAC_F011,Rotterdam Consolidation Hub,Consolidation Hub,Netherlands,51.9244,4.4777,Road,CAR004,V001,2025-05-24T12:14:43,2025-05-24T21:51:09,2025-05-24T19:44:43,2025-05-25T05:17:14,27.3,28.4,7.5,7.4,0,None,773.84,95.16,"LINESTRING (4.142 51.947, 4.4777 51.9244)"
LEG00016-1,SHP00016,1,FAC_F012,Antwerp EPC Supplier Yard,Vendor,Belgium,51.2194,4.4025,PORT_P007,Port of Antwerp-Bruges,Port,Belgium,51.2639,4.4009,Road,CAR005,V003,2025-05-15T12:00:00,2025-05-15T11:34:25,2025-05-15T18:12:00,2025-05-15T18:51:23,6.3,6.4,6.2,7.3,1.1,None,331.37,4.8,"LINESTRING (4.4025 51.2194, 4.4009 51.2639)"
LEG00016-2,SHP00016,2,PORT_P007,Port of Antwerp-Bruges,Port,Belgium,51.2639,4.4009,PORT_P018,Port of Dammam,Port,Saudi Arabia,26.498,50.184,Container Sea,CAR005,V003,2025-05-16T01:51:02,2025-05-16T11:43:44,2025-05-25T00:03:02,2025-05-25T10:39:57,4916.4,5157.0,214.2,214.9,0.7,None,3212.45,733.33,"LINESTRING (4.4009 51.2639, 50.184 26.498)"
LEG00016-3,SHP00016,3,PORT_P018,Port of Dammam,Port,Saudi Arabia,26.498,50.184,FAC_F017,Dammam Gas Project Site,Project Site,Saudi Arabia,26.4207,50.0888,Road,CAR005,V003,2025-05-25T05:12:51,2025-05-25T17:51:41,2025-05-25T12:00:51,2025-05-26T00:50:18,14.6,15.7,6.8,7.0,0.2,None,347.9,11.78,"LINESTRING (50.184 26.498, 50.0888 26.4207)"
LEG00017-1,SHP00017,1,FAC_F014,Cadiz Module Yard,Module Yard,Spain,36.5271,-6.2886,PORT_P003,Port of Algeciras,Port,Spain,36.1324,-5.4479,Road,CAR004,V001,2024-08-30T07:00:00,2024-08-30T07:26:30,2024-08-30T13:00:00,2024-08-30T11:52:46,114.1,113.0,6.0,4.4,0,None,1627.67,407.18,"LINESTRING (-6.2886 36.5271, -5.4479 36.1324)"
LEG00017-2,SHP00017,2,PORT_P003,Port of Algeciras,Port,Spain,36.1324,-5.4479,PORT_P018,Port of Dammam,Port,Saudi Arabia,26.498,50.184,Sea Breakbulk,CAR004,V001,2024-08-30T17:03:33,2024-08-31T03:25:50,2024-09-09T15:03:33,2024-09-10T03:01:50,5492.8,5691.3,238.0,239.6,1.6,None,26589.36,5180.9,"LINESTRING (-5.4479 36.1324, 50.184 26.498)"
LEG00017-3,SHP00017,3,PORT_P018,Port of Dammam,Port,Saudi Arabia,26.498,50.184,FAC_F017,Dammam Gas Project Site,Project Site,Saudi Arabia,26.4207,50.0888,Road,CAR004,V001,2024-09-10T06:48:21,2024-09-10T17:09:07,2024-09-10T13:12:21,2024-09-11T00:57:59,16.7,17.6,6.4,7.8,1.4,None,818.82,63.42,"LINESTRING (50.184 26.498, 50.0888 26.4207)"
LEG00018-1,SHP00018,1,FAC_F005,Tarragona Equipment Vendor,Vendor,Spain,41.1189,1.2445,PORT_P002,Port of Barcelona,Port,Spain,41.3522,2.1686,Road,CAR007,V005,2025-02-11T09:00:00,2025-02-11T11:04:12,2025-02-11T17:30:00,2025-02-12T02:45:52,95.3,95.8,8.5,15.7,7.2,Road permit delay,481.72,55.33,"LINESTRING (1.2445 41.1189, 2.1686 41.3522)"
LEG00018-2,SHP00018,2,PORT_P002,Port of Barcelona,Port,Spain,41.3522,2.1686,PORT_P012,Port of Casablanca,Port,Morocco,33.605,-7.611,Sea Breakbulk,CAR007,V005,2025-02-12T06:45:21,2025-02-12T17:45:28,2025-02-15T07:57:21,2025-02-15T22:29:32,1309.4,1394.1,73.2,76.7,3.5,None,3336.2,203.43,"LINESTRING (2.1686 41.3522, -7.611 33.605)"
LEG00018-3,SHP00018,3,PORT_P012,Port of Casablanca,Port,Morocco,33.605,-7.611,FAC_F008,Casablanca Desalination Site,Project Site,Morocco,33.5731,-7.5898,Road,CAR007,V005,2025-02-15T22:26:19,2025-02-16T12:52:25,2025-02-16T06:56:19,2025-02-17T21:43:56,4.6,4.9,8.5,32.9,24.4,Carrier capacity,328.27,2.83,"LINESTRING (-7.611 33.605, -7.5898 33.5731)"
LEG00019-1,SHP00019,1,FAC_F011,Rotterdam Consolidation Hub,Consolidation Hub,Netherlands,51.9244,4.4777,PORT_P006,Port of Rotterdam,Port,Netherlands,51.947,4.142,Road,CAR004,V008,2025-03-03T08:00:00,2025-03-03T07:43:20,2025-03-03T13:06:00,2025-03-03T13:28:30,26.0,27.1,5.1,5.8,0.7,None,553.19,4.61,"LINESTRING (4.4777 51.9244, 4.142 51.947)"
LEG00019-2,SHP00019,2,PORT_P006,Port of Rotterdam,Port,Netherlands,51.947,4.142,PORT_P018,Port of Dammam,Port,Saudi Arabia,26.498,50.184,Sea Breakbulk,CAR004,V008,2025-03-03T19:12:18,2025-03-03T20:04:37,2025-03-12T10:48:18,2025-03-13T05:48:11,5054.3,5417.3,207.6,225.7,18.1,Port congestion,8032.72,232.73,"LINESTRING (4.142 51.947, 50.184 26.498)"
LEG00019-3,SHP00019,3,PORT_P018,Port of Dammam,Port,Saudi Arabia,26.498,50.184,FAC_F017,Dammam Gas Project Site,Project Site,Saudi Arabia,26.4207,50.0888,Road,CAR004,V008,2025-03-12T18:43:25,2025-03-13T18:39:40,2025-03-13T03:31:25,2025-03-14T07:16:53,15.8,16.0,8.8,12.6,3.8,None,529.77,2.72,"LINESTRING (50.184 26.498, 50.0888 26.4207)"
LEG00020-1,SHP00020,1,FAC_F012,Antwerp EPC Supplier Yard,Vendor,Belgium,51.2194,4.4025,PORT_P007,Port of Antwerp-Bruges,Port,Belgium,51.2639,4.4009,Road,CAR004,V012,2024-05-08T07:00:00,2024-05-08T06:31:12,2024-05-08T10:30:00,2024-05-08T12:07:53,5.6,5.6,3.5,5.6,2.1,None,459.19,16.62,"LINESTRING (4.4025 51.2194, 4.4009 51.2639)"
LEG00020-2,SHP00020,2,PORT_P007,Port of Antwerp-Bruges,Port,Belgium,51.2639,4.4009,PORT_P005,Port of Sines,Port,Portugal,37.9543,-8.8631,Sea Breakbulk,CAR004,V012,2024-05-08T23:44:01,2024-05-08T18:11:58,2024-05-12T22:44:01,2024-05-12T19:31:30,1983.7,2054.9,95.0,97.3,2.3,None,7652.47,1540.68,"LINESTRING (4.4009 51.2639, -8.8631 37.9543)"
LEG00020-3,SHP00020,3,PORT_P005,Port of Sines,Port,Portugal,37.9543,-8.8631,FAC_F007,Sines Energy Project Site,Project Site,Portugal,37.956,-8.868,Road,CAR004,V012,2024-05-13T10:16:45,2024-05-13T03:37:31,2024-05-13T19:52:45,2024-05-13T16:04:04,0.6,0.6,9.6,12.4,2.8,Customs hold,434.91,1.78,"LINESTRING (-8.8631 37.9543, -8.868 37.956)"
LEG00021-1,SHP00021,1,FAC_F005,Tarragona Equipment Vendor,Vendor,Spain,41.1189,1.2445,PORT_P002,Port of Barcelona,Port,Spain,41.3522,2.1686,Road,CAR007,V011,2025-05-19T07:00:00,2025-05-19T08:44:27,2025-05-19T14:54:00,2025-05-19T15:45:17,94.1,95.2,7.9,7.0,0,None,1085.06,262.55,"LINESTRING (1.2445 41.1189, 2.1686 41.3522)"
LEG00021-2,SHP00021,2,PORT_P002,Port of Barcelona,Port,Spain,41.3522,2.1686,PORT_P005,Port of Sines,Port,Portugal,37.9543,-8.8631,Sea Breakbulk,CAR007,V011,2025-05-20T01:44:56,2025-05-20T04:48:22,2025-05-22T18:38:56,2025-05-23T11:46:11,1086.0,1138.7,64.9,79.0,14.1,Customs hold,6920.74,793.36,"LINESTRING (2.1686 41.3522, -8.8631 37.9543)"
LEG00021-3,SHP00021,3,PORT_P005,Port of Sines,Port,Portugal,37.9543,-8.8631,FAC_F007,Sines Energy Project Site,Project Site,Portugal,37.956,-8.868,Road,CAR007,V011,2025-05-23T02:35:36,2025-05-23T15:19:47,2025-05-23T07:53:36,2025-05-23T22:17:50,0.6,0.6,5.3,7.0,1.7,None,543.44,1.65,"LINESTRING (-8.8631 37.9543, -8.868 37.956)"
LEG00022-1,SHP00022,1,FAC_F013,Valencia Export Depot,Warehouse,Spain,39.4699,-0.3763,PORT_P001,Port of Valencia,Port,Spain,39.461,-0.323,Road,CAR006,,2024-11-13T12:00:00,2024-11-13T14:15:34,2024-11-13T15:54:00,2024-11-13T16:51:10,6.2,6.4,3.9,2.6,0,None,411.82,2.71,"LINESTRING (-0.3763 39.4699, -0.323 39.461)"
LEG00022-2,SHP00022,2,PORT_P001,Port of Valencia,Port,Spain,39.461,-0.323,PORT_P006,Port of Rotterdam,Port,Netherlands,51.947,4.142,Container Sea,CAR006,,2024-11-14T02:52:15,2024-11-14T10:33:38,2024-11-17T21:04:15,2024-11-18T07:52:25,1564.2,1615.5,90.2,93.3,3.1,None,2101.44,129.4,"LINESTRING (-0.323 39.461, 4.142 51.947)"
LEG00022-3,SHP00022,3,PORT_P006,Port of Rotterdam,Port,Netherlands,51.947,4.142,FAC_F011,Rotterdam Consolidation Hub,Consolidation Hub,Netherlands,51.9244,4.4777,Road,CAR006,,2024-11-18T08:07:48,2024-11-18T15:10:58,2024-11-18T12:37:48,2024-11-18T23:10:56,28.7,28.5,4.5,8.0,3.5,None,452.65,12.05,"LINESTRING (4.142 51.947, 4.4777 51.9244)"
LEG00023-1,SHP00023,1,FAC_F003,Puertollano Module Yard,Module Yard,Spain,38.6871,-4.1121,FAC_F001,Zaragoza Distribution Hub,Warehouse,Spain,41.6488,-0.8891,Road,CAR008,,2024-01-10T14:00:00,2024-01-10T13:31:29,2024-01-11T03:00:00,2024-01-11T15:48:58,515.5,548.8,13.0,26.3,13.3,Customs hold,2368.09,1031.77,"LINESTRING (-4.1121 38.6871, -0.8891 41.6488)"
LEG00024-1,SHP00024,1,FAC_F012,Antwerp EPC Supplier Yard,Vendor,Belgium,51.2194,4.4025,PORT_P007,Port of Antwerp-Bruges,Port,Belgium,51.2639,4.4009,Road,CAR004,V008,2025-07-29T13:00:00,2025-07-29T12:12:40,2025-07-29T18:48:00,2025-07-29T17:05:23,6.1,6.2,5.8,4.9,0,None,616.94,19.1,"LINESTRING (4.4025 51.2194, 4.4009 51.2639)"
LEG00024-2,SHP00024,2,PORT_P007,Port of Antwerp-Bruges,Port,Belgium,51.2639,4.4009,PORT_P018,Port of Dammam,Port,Saudi Arabia,26.498,50.184,Sea Breakbulk,CAR004,V008,2025-07-30T06:24:41,2025-07-30T04:08:50,2025-08-09T03:24:41,2025-08-09T04:17:06,5216.7,5468.6,237.0,240.1,3.1,None,20321.37,4255.01,"LINESTRING (4.4009 51.2639, 50.184 26.498)"
LEG00024-3,SHP00024,3,PORT_P018,Port of Dammam,Port,Saudi Arabia,26.498,50.184,FAC_F017,Dammam Gas Project Site,Project Site,Saudi Arabia,26.4207,50.0888,Road,CAR004,V008,2025-08-09T10:03:57,2025-08-09T21:32:15,2025-08-09T14:21:57,2025-08-10T02:54:54,15.7,15.6,4.3,5.4,1.1,None,679.01,48.05,"LINESTRING (50.184 26.498, 50.0888 26.4207)"
LEG00025-1,SHP00025,1,FAC_F004,Bilbao Steel Fabricator,Vendor,Spain,43.263,-2.935,PORT_P004,Port of Bilbao,Port,Spain,43.3476,-3.0443,Road,CAR007,V005,2025-02-25T09:00:00,2025-02-25T11:38:20,2025-02-25T19:06:00,2025-02-26T01:04:19,15.5,15.7,10.1,13.4,3.3,None,817.71,138.95,"LINESTRING (-2.935 43.263, -3.0443 43.3476)"
LEG00025-2,SHP00025,2,PORT_P004,Port of Bilbao,Port,Spain,43.3476,-3.0443,PORT_P012,Port of Casablanca,Port,Morocco,33.605,-7.611,Sea Breakbulk,CAR007,V005,2025-02-26T08:55:27,2025-02-26T11:07:29,2025-03-01T03:13:27,2025-03-02T08:19:51,1201.1,1263.7,66.3,93.2,26.9,Carrier capacity,13342.88,2825.43,"LINESTRING (-3.0443 43.3476, -7.611 33.605)"
LEG00025-3,SHP00025,3,PORT_P012,Port of Casablanca,Port,Morocco,33.605,-7.611,FAC_F008,Casablanca Desalination Site,Project Site,Morocco,33.5731,-7.5898,Road,CAR007,V005,2025-03-01T18:49:32,2025-03-02T14:18:45,2025-03-02T01:49:32,2025-03-03T03:24:44,5.3,5.6,7.0,13.1,6.1,Weather disruption,662.21,49.56,"LINESTRING (-7.611 33.605, -7.5898 33.5731)"
LEG00026-1,SHP00026,1,FAC_F010,Milan Valve Plant,Vendor,Italy,45.4642,9.19,FAC_F008,Casablanca Desalination Site,Project Site,Morocco,33.5731,-7.5898,Road,CAR001,,2024-07-10T13:00:00,2024-07-10T12:15:32,2024-07-12T10:30:00,2024-07-12T09:34:48,2557.2,2759.3,45.5,45.3,0,None,4235.82,909.6,"LINESTRING (9.19 45.4642, -7.5898 33.5731)"
LEG00027-1,SHP00027,1,FAC_F009,Lyon Fabrication Partner,Vendor,France,45.764,4.8357,PORT_P009,Port of Marseille-Fos,Port,France,43.437,4.943,Road,CAR004,V001,2025-01-20T12:00:00,2025-01-20T11:23:11,2025-01-20T21:36:00,2025-01-21T13:35:20,296.0,318.9,9.6,26.2,16.6,Customs hold,1737.75,746.18,"LINESTRING (4.8357 45.764, 4.943 43.437)"
LEG00027-2,SHP00027,2,PORT_P009,Port of Marseille-Fos,Port,France,43.437,4.943,PORT_P001,Port of Valencia,Port,Spain,39.461,-0.323,Sea Breakbulk,CAR004,V001,2025-01-21T09:01:19,2025-01-22T03:24:51,2025-01-24T02:49:19,2025-01-26T02:44:50,646.4,673.8,65.8,95.3,29.5,Weather disruption,4442.77,398.3,"LINESTRING (4.943 43.437, -0.323 39.461)"
LEG00027-3,SHP00027,3,PORT_P001,Port of Valencia,Port,Spain,39.461,-0.323,FAC_F001,Zaragoza Distribution Hub,Warehouse,Spain,41.6488,-0.8891,Road,CAR004,V001,2025-01-24T10:37:42,2025-01-26T17:37:15,2025-01-25T02:31:42,2025-01-27T09:24:43,302.4,300.5,15.9,15.8,0,None,1662.41,703.12,"LINESTRING (-0.323 39.461, -0.8891 41.6488)"
LEG00028-1,SHP00028,1,FAC_F011,Rotterdam Consolidation Hub,Consolidation Hub,Netherlands,51.9244,4.4777,PORT_P006,Port of Rotterdam,Port,Netherlands,51.947,4.142,Road,CAR006,,2024-08-06T13:00:00,2024-08-06T15:38:42,2024-08-06T19:06:00,2024-08-07T00:35:15,28.5,29.2,6.1,8.9,2.8,None,450.28,8.07,"LINESTRING (4.4777 51.9244, 4.142 51.947)"
LEG00028-2,SHP00028,2,PORT_P006,Port of Rotterdam,Port,Netherlands,51.947,4.142,PORT_P009,Port of Marseille-Fos,Port,France,43.437,4.943,Container Sea,CAR006,,2024-08-07T01:02:08,2024-08-07T11:21:40,2024-08-10T10:02:08,2024-08-10T19:42:36,1019.4,1083.7,81.0,80.3,0,None,1849.86,56.76,"LINESTRING (4.142 51.947, 4.943 43.437)"
LEG00028-3,SHP00028,3,PORT_P009,Port of Marseille-Fos,Port,France,43.437,4.943,FAC_F018,Marseille Wind Substation Site,Project Site,France,43.2965,5.3698,Road,CAR006,,2024-08-11T01:53:44,2024-08-11T10:48:12,2024-08-11T10:47:44,2024-08-11T22:23:11,44.9,45.3,8.9,11.6,2.7,None,478.0,12.52,"LINESTRING (4.943 43.437, 5.3698 43.2965)"
LEG00029-1,SHP00029,1,FAC_F004,Bilbao Steel Fabricator,Vendor,Spain,43.263,-2.935,FAC_F001,Zaragoza Distribution Hub,Warehouse,Spain,41.6488,-0.8891,Road,CAR008,,2025-12-30T07:00:00,2025-12-30T06:17:04,2025-12-30T21:06:00,2025-12-30T23:15:16,325.3,330.0,14.1,17.0,2.9,None,3998.55,1318.89,"LINESTRING (-2.935 43.263, -0.8891 41.6488)"
LEG00030-1,SHP00030,1,FAC_F012,Antwerp EPC Supplier Yard,Vendor,Belgium,51.2194,4.4025,PORT_P007,Port of Antwerp-Bruges,Port,Belgium,51.2639,4.4009,Road,CAR005,V013,2025-03-06T13:00:00,2025-03-06T13:42:10,2025-03-06T17:48:00,2025-03-06T17:43:42,5.7,5.8,4.8,4.0,0,None,411.95,2.98,"LINESTRING (4.4025 51.2194, 4.4009 51.2639)"
LEG00030-2,SHP00030,2,PORT_P007,Port of Antwerp-Bruges,Port,Belgium,51.2639,4.4009,PORT_P018,Port of Dammam,Port,Saudi Arabia,26.498,50.184,Container Sea,CAR005,V013,2025-03-06T21:59:22,2025-03-07T03:29:50,2025-03-15T18:59:22,2025-03-15T23:56:08,4858.9,5016.6,213.0,212.4,0,None,3745.82,487.61,"LINESTRING (4.4009 51.2639, 50.184 26.498)"
LEG00030-3,SHP00030,3,PORT_P018,Port of Dammam,Port,Saudi Arabia,26.498,50.184,FAC_F017,Dammam Gas Project Site,Project Site,Saudi Arabia,26.4207,50.0888,Road,CAR005,V013,2025-03-16T01:47:02,2025-03-16T15:04:48,2025-03-16T06:35:02,2025-03-16T21:51:43,15.7,16.7,4.8,6.8,2.0,None,434.42,8.57,"LINESTRING (50.184 26.498, 50.0888 26.4207)"
LEG00031-1,SHP00031,1,FAC_F014,Cadiz Module Yard,Module Yard,Spain,36.5271,-6.2886,FAC_F007,Sines Energy Project Site,Project Site,Portugal,37.956,-8.868,Road,CAR011,,2025-07-08T09:00:00,2025-07-08T11:09:42,2025-07-09T00:18:00,2025-07-09T04:21:04,349.6,369.9,15.3,17.2,1.9,None,1610.75,539.76,"LINESTRING (-6.2886 36.5271, -8.868 37.956)"
LEG00032-1,SHP00032,1,FAC_F009,Lyon Fabrication Partner,Vendor,France,45.764,4.8357,PORT_P009,Port of Marseille-Fos,Port,France,43.437,4.943,Road,CAR006,,2025-07-15T11:00:00,2025-07-15T10:13:49,2025-07-16T01:24:00,2025-07-16T01:57:06,320.2,327.7,14.4,15.7,1.3,None,1181.49,586.83,"LINESTRING (4.8357 45.764, 4.943 43.437)"
LEG00032-2,SHP00032,2,PORT_P009,Port of Marseille-Fos,Port,France,43.437,4.943,PORT_P005,Port of Sines,Port,Portugal,37.9543,-8.8631,Container Sea,CAR006,,2025-07-16T13:03:59,2025-07-16T14:50:35,2025-07-19T19:57:59,2025-07-20T00:11:56,1365.0,1381.4,78.9,81.4,2.5,None,1984.74,468.71,"LINESTRING (4.943 43.437, -8.8631 37.9543)"
LEG00032-3,SHP00032,3,PORT_P005,Port of Sines,Port,Portugal,37.9543,-8.8631,FAC_F007,Sines Energy Project Site,Project Site,Portugal,37.956,-8.868,Road,CAR006,,2025-07-20T06:04:32,2025-07-20T04:24:29,2025-07-20T09:10:32,2025-07-20T08:28:05,0.5,0.5,3.1,4.1,1.0,None,321.31,0.9,"LINESTRING (-8.8631 37.9543, -8.868 37.956)"
LEG00033-1,SHP00033,1,FAC_F015,Tangier Free Zone DC,Warehouse,Morocco,35.7595,-5.834,PORT_P011,Port of Tanger Med,Port,Morocco,35.889,-5.501,Road,CAR007,V011,2025-05-21T15:00:00,2025-05-21T15:54:57,2025-05-21T22:42:00,2025-05-22T01:48:18,42.1,45.1,7.7,9.9,2.2,None,707.3,57.46,"LINESTRING (-5.834 35.7595, -5.501 35.889)"
LEG00033-2,SHP00033,2,PORT_P011,Port of Tanger Med,Port,Morocco,35.889,-5.501,PORT_P001,Port of Valencia,Port,Spain,39.461,-0.323,Sea Breakbulk,CAR007,V011,2025-05-22T09:34:16,2025-05-22T06:55:43,2025-05-24T19:40:16,2025-05-25T15:01:01,625.7,650.6,58.1,80.1,22.0,Customs hold,5060.67,209.39,"LINESTRING (-5.501 35.889, -0.323 39.461)"
LEG00033-3,SHP00033,3,PORT_P001,Port of Valencia,Port,Spain,39.461,-0.323,FAC_F001,Zaragoza Distribution Hub,Warehouse,Spain,41.6488,-0.8891,Road,CAR007,V011,2025-05-25T05:47:43,2025-05-26T02:56:12,2025-05-25T15:41:43,2025-05-26T16:24:57,292.7,307.5,9.9,13.5,3.6,None,1680.69,391.74,"LINESTRING (-0.323 39.461, -0.8891 41.6488)"
LEG00034-1,SHP00034,1,FAC_F009,Lyon Fabrication Partner,Vendor,France,45.764,4.8357,PORT_P009,Port of Marseille-Fos,Port,France,43.437,4.943,Road,CAR007,V011,2025-02-17T15:00:00,2025-02-17T16:03:04,2025-02-18T01:00:00,2025-02-18T14:16:07,307.6,315.3,10.0,22.2,12.2,Port congestion,2642.6,676.95,"LINESTRING (4.8357 45.764, 4.943 43.437)"
LEG00034-2,SHP00034,2,PORT_P009,Port of Marseille-Fos,Port,France,43.437,4.943,PORT_P016,Port of Alexandria,Port,Egypt,31.2001,29.9187,Sea Breakbulk,CAR007,V011,2025-02-18T15:08:17,2025-02-18T22:43:19,2025-02-23T14:38:17,2025-02-24T00:25:03,2744.5,2729.3,119.5,121.7,2.2,None,12427.35,1480.37,"LINESTRING (4.943 43.437, 29.9187 31.2001)"
LEG00034-3,SHP00034,3,PORT_P016,Port of Alexandria,Port,Egypt,31.2001,29.9187,FAC_F016,Alexandria Water Project Site,Project Site,Egypt,31.2001,29.9187,Road,CAR007,V011,2025-02-23T21:03:35,2025-02-24T13:01:23,2025-02-24T01:51:35,2025-02-24T16:38:44,0.0,0.0,4.8,3.6,0,None,669.6,0.0,"LINESTRING (29.9187 31.2001, 29.9187 31.2001)"
LEG00035-1,SHP00035,1,FAC_F012,Antwerp EPC Supplier Yard,Vendor,Belgium,51.2194,4.4025,PORT_P007,Port of Antwerp-Bruges,Port,Belgium,51.2639,4.4009,Road,CAR006,,2025-08-12T13:00:00,2025-08-12T15:08:22,2025-08-12T19:54:00,2025-08-13T01:18:40,6.1,6.2,6.9,10.2,3.3,None,585.21,24.99,"LINESTRING (4.4025 51.2194, 4.4009 51.2639)"
LEG00035-2,SHP00035,2,PORT_P007,Port of Antwerp-Bruges,Port,Belgium,51.2639,4.4009,PORT_P012,Port of Casablanca,Port,Morocco,33.605,-7.611,Container Sea,CAR006,,2025-08-13T08:48:46,2025-08-13T14:00:22,2025-08-18T09:06:46,2025-08-18T14:36:26,2366.8,2456.2,120.3,120.6,0.3,Carrier capacity,6131.82,1875.9,"LINESTRING (4.4009 51.2639, -7.611 33.605)"
LEG00035-3,SHP00035,3,PORT_P012,Port of Casablanca,Port,Morocco,33.605,-7.611,FAC_F008,Casablanca Desalination Site,Project Site,Morocco,33.5731,-7.5898,Road,CAR006,,2025-08-19T00:59:08,2025-08-19T04:40:16,2025-08-19T05:05:08,2025-08-19T09:17:44,4.8,5.1,4.1,4.6,0.5,None,577.19,20.56,"LINESTRING (-7.611 33.605, -7.5898 33.5731)"
LEG00036-1,SHP00036,1,FAC_F009,Lyon Fabrication Partner,Vendor,France,45.764,4.8357,PORT_P009,Port of Marseille-Fos,Port,France,43.437,4.943,Road,CAR004,V001,2025-09-26T11:00:00,2025-09-26T12:35:16,2025-09-26T21:00:00,2025-09-27T00:28:57,329.3,332.8,10.0,11.9,1.9,None,2261.68,788.82,"LINESTRING (4.8357 45.764, 4.943 43.437)"
LEG00036-2,SHP00036,2,PORT_P009,Port of Marseille-Fos,Port,France,43.437,4.943,PORT_P018,Port of Dammam,Port,Saudi Arabia,26.498,50.184,Sea Breakbulk,CAR004,V001,2025-09-27T04:18:21,2025-09-27T11:03:51,2025-10-04T22:30:21,2025-10-06T02:57:19,4663.9,5010.3,186.2,207.9,21.7,Road permit delay,15359.08,3000.17,"LINESTRING (4.943 43.437, 50.184 26.498)"
LEG00036-3,SHP00036,3,PORT_P018,Port of Dammam,Port,Saudi Arabia,26.498,50.184,FAC_F017,Dammam Gas Project Site,Project Site,Saudi Arabia,26.4207,50.0888,Road,CAR004,V001,2025-10-05T05:24:19,2025-10-06T16:21:51,2025-10-05T09:00:19,2025-10-06T21:29:10,14.6,15.5,3.6,5.1,1.5,Weather disruption,620.19,36.74,"LINESTRING (50.184 26.498, 50.0888 26.4207)"
LEG00037-1,SHP00037,1,FAC_F010,Milan Valve Plant,Vendor,Italy,45.4642,9.19,PORT_P010,Port of Genoa,Port,Italy,44.41,8.925,Road,CAR004,V012,2025-10-21T13:00:00,2025-10-21T13:00:50,2025-10-22T00:30:00,2025-10-22T03:34:56,133.6,142.9,11.5,14.6,3.1,None,774.61,102.5,"LINESTRING (9.19 45.4642, 8.925 44.41)"
LEG00037-2,SHP00037,2,PORT_P010,Port of Genoa,Port,Italy,44.41,8.925,PORT_P012,Port of Casablanca,Port,Morocco,33.605,-7.611,Sea Breakbulk,CAR004,V012,2025-10-22T16:08:59,2025-10-22T09:21:50,2025-10-26T22:02:59,2025-10-27T08:35:08,2023.6,2042.5,101.9,119.2,17.3,Customs hold,5213.91,370.1,"LINESTRING (8.925 44.41, -7.611 33.605)"
LEG00037-3,SHP00037,3,PORT_P012,Port of Casablanca,Port,Morocco,33.605,-7.611,FAC_F008,Casablanca Desalination Site,Project Site,Morocco,33.5731,-7.5898,Road,CAR004,V012,2025-10-27T02:43:32,2025-10-28T00:22:20,2025-10-27T11:01:32,2025-10-28T10:50:42,5.4,5.5,8.3,10.5,2.2,None,445.19,3.94,"LINESTRING (-7.611 33.605, -7.5898 33.5731)"
LEG00038-1,SHP00038,1,FAC_F012,Antwerp EPC Supplier Yard,Vendor,Belgium,51.2194,4.4025,PORT_P007,Port of Antwerp-Bruges,Port,Belgium,51.2639,4.4009,Road,CAR004,V001,2025-08-04T10:00:00,2025-08-04T11:20:45,2025-08-04T16:30:00,2025-08-04T19:42:06,6.3,6.6,6.5,8.4,1.9,None,447.23,4.51,"LINESTRING (4.4025 51.2194, 4.4009 51.2639)"
LEG00038-2,SHP00038,2,PORT_P007,Port of Antwerp-Bruges,Port,Belgium,51.2639,4.4009,PORT_P016,Port of Alexandria,Port,Egypt,31.2001,29.9187,Sea Breakbulk,CAR004,V001,2025-08-05T02:02:22,2025-08-05T02:10:12,2025-08-10T17:44:22,2025-08-10T16:18:57,3211.0,3257.2,135.7,134.1,0,None,6260.8,562.06,"LINESTRING (4.4009 51.2639, 29.9187 31.2001)"
LEG00038-3,SHP00038,3,PORT_P016,Port of Alexandria,Port,Egypt,31.2001,29.9187,FAC_F016,Alexandria Water Project Site,Project Site,Egypt,31.2001,29.9187,Road,CAR004,V001,2025-08-11T05:13:51,2025-08-11T04:29:32,2025-08-11T09:37:51,2025-08-12T10:02:40,0.0,0.0,4.4,29.6,25.2,Weather disruption,432.0,0.0,"LINESTRING (29.9187 31.2001, 29.9187 31.2001)"
LEG00039-1,SHP00039,1,FAC_F005,Tarragona Equipment Vendor,Vendor,Spain,41.1189,1.2445,PORT_P002,Port of Barcelona,Port,Spain,41.3522,2.1686,Road,CAR007,V011,2025-09-01T07:00:00,2025-09-01T06:58:19,2025-09-01T16:00:00,2025-09-01T15:05:27,92.8,97.4,9.0,8.1,0,None,1216.55,184.41,"LINESTRING (1.2445 41.1189, 2.1686 41.3522)"
LEG00039-2,SHP00039,2,PORT_P002,Port of Barcelona,Port,Spain,41.3522,2.1686,PORT_P018,Port of Dammam,Port,Saudi Arabia,26.498,50.184,Sea Breakbulk,CAR007,V011,2025-09-01T22:07:27,2025-09-02T00:45:03,2025-09-11T23:07:27,2025-09-12T00:22:25,5077.4,5421.1,241.0,239.6,0,None,18114.87,2593.02,"LINESTRING (2.1686 41.3522, 50.184 26.498)"
LEG00039-3,SHP00039,3,PORT_P018,Port of Dammam,Port,Saudi Arabia,26.498,50.184,FAC_F017,Dammam Gas Project Site,Project Site,Saudi Arabia,26.4207,50.0888,Road,CAR007,V011,2025-09-12T14:25:21,2025-09-12T04:26:34,2025-09-12T23:37:21,2025-09-12T16:15:25,16.8,17.8,9.2,11.8,2.6,None,769.56,33.7,"LINESTRING (50.184 26.498, 50.0888 26.4207)"
LEG00040-1,SHP00040,1,FAC_F004,Bilbao Steel Fabricator,Vendor,Spain,43.263,-2.935,PORT_P004,Port of Bilbao,Port,Spain,43.3476,-3.0443,Road,CAR004,V008,2024-10-22T14:00:00,2024-10-22T13:47:18,2024-10-22T21:24:00,2024-10-22T20:13:31,16.1,17.0,7.4,6.4,0,None,823.17,145.64,"LINESTRING (-2.935 43.263, -3.0443 43.3476)"
LEG00040-2,SHP00040,2,PORT_P004,Port of Bilbao,Port,Spain,43.3476,-3.0443,PORT_P018,Port of Dammam,Port,Saudi Arabia,26.498,50.184,Sea Breakbulk,CAR004,V008,2024-10-23T06:31:20,2024-10-23T02:40:29,2024-11-01T18:07:20,2024-11-02T18:06:25,5453.0,5517.6,227.6,255.4,27.8,Customs hold,41488.56,11941.85,"LINESTRING (-3.0443 43.3476, 50.184 26.498)"
LEG00040-3,SHP00040,3,PORT_P018,Port of Dammam,Port,Saudi Arabia,26.498,50.184,FAC_F017,Dammam Gas Project Site,Project Site,Saudi Arabia,26.4207,50.0888,Road,CAR004,V008,2024-11-01T23:37:07,2024-11-03T08:46:31,2024-11-02T05:01:07,2024-11-03T17:28:03,16.3,16.9,5.4,8.7,3.3,None,821.71,144.78,"LINESTRING (50.184 26.498, 50.0888 26.4207)"
LEG00041-1,SHP00041,1,FAC_F003,Puertollano Module Yard,Module Yard,Spain,38.6871,-4.1121,PORT_P003,Port of Algeciras,Port,Spain,36.1324,-5.4479,Road,CAR004,V001,2024-12-01T07:00:00,2024-12-01T09:01:40,2024-12-01T23:18:00,2024-12-02T03:51:38,380.2,379.5,16.3,18.8,2.5,None,5226.75,2663.92,"LINESTRING (-4.1121 38.6871, -5.4479 36.1324)"
LEG00041-2,SHP00041,2,PORT_P003,Port of Algeciras,Port,Spain,36.1324,-5.4479,PORT_P018,Port of Dammam,Port,Saudi Arabia,26.498,50.184,Sea Breakbulk,CAR004,V001,2024-12-02T04:05:09,2024-12-02T16:52:44,2024-12-11T18:17:09,2024-12-13T01:52:17,5537.1,5765.2,230.2,249.0,18.8,Road permit delay,36839.4,10223.78,"LINESTRING (-5.4479 36.1324, 50.184 26.498)"
LEG00041-3,SHP00041,3,PORT_P018,Port of Dammam,Port,Saudi Arabia,26.498,50.184,FAC_F017,Dammam Gas Project Site,Project Site,Saudi Arabia,26.4207,50.0888,Road,CAR004,V001,2024-12-11T22:23:14,2024-12-13T07:36:44,2024-12-12T04:29:14,2024-12-13T14:19:39,16.1,16.6,6.1,6.7,0.6,None,779.43,116.52,"LINESTRING (50.184 26.498, 50.0888 26.4207)"
LEG00042-1,SHP00042,1,FAC_F002,Madrid Cross Dock,Cross Dock,Spain,40.4168,-3.7038,PORT_P001,Port of Valencia,Port,Spain,39.461,-0.323,Road,CAR004,V008,2025-01-08T10:00:00,2025-01-08T10:48:05,2025-01-08T21:30:00,2025-01-08T22:53:12,344.9,349.4,11.5,12.1,0.6,None,2110.81,656.23,"LINESTRING (-3.7038 40.4168, -0.323 39.461)"
LEG00042-2,SHP00042,2,PORT_P001,Port of Valencia,Port,Spain,39.461,-0.323,PORT_P016,Port of Alexandria,Port,Egypt,31.2001,29.9187,Sea Breakbulk,CAR004,V008,2025-01-09T02:25:42,2025-01-09T03:02:23,2025-01-15T12:25:42,2025-01-15T13:32:12,2980.4,3029.3,154.0,154.5,0.5,None,9904.27,1437.34,"LINESTRING (-0.323 39.461, 29.9187 31.2001)"
LEG00042-3,SHP00042,3,PORT_P016,Port of Alexandria,Port,Egypt,31.2001,29.9187,FAC_F016,Alexandria Water Project Site,Project Site,Egypt,31.2001,29.9187,Road,CAR004,V008,2025-01-16T00:58:49,2025-01-16T03:18:24,2025-01-16T08:46:49,2025-01-17T04:03:19,0.0,0.0,7.8,24.7,16.9,Carrier capacity,540.0,0.0,"LINESTRING (29.9187 31.2001, 29.9187 31.2001)"
LEG00043-1,SHP00043,1,FAC_F012,Antwerp EPC Supplier Yard,Vendor,Belgium,51.2194,4.4025,PORT_P007,Port of Antwerp-Bruges,Port,Belgium,51.2639,4.4009,Road,CAR010,V004,2024-03-26T09:00:00,2024-03-26T08:42:24,2024-03-26T12:42:00,2024-03-26T13:40:44,6.2,6.3,3.7,5.0,1.3,None,458.34,16.05,"LINESTRING (4.4025 51.2194, 4.4009 51.2639)"
LEG00043-2,SHP00043,2,PORT_P007,Port of Antwerp-Bruges,Port,Belgium,51.2639,4.4009,PORT_P012,Port of Casablanca,Port,Morocco,33.605,-7.611,Sea Breakbulk,CAR010,V004,2024-03-26T21:42:44,2024-03-26T17:31:30,2024-04-01T15:24:44,2024-04-01T14:47:01,2355.4,2348.3,137.7,141.3,3.6,None,7543.54,1511.55,"LINESTRING (4.4009 51.2639, -7.611 33.605)"
LEG00043-3,SHP00043,3,PORT_P012,Port of Casablanca,Port,Morocco,33.605,-7.611,FAC_F008,Casablanca Desalination Site,Project Site,Morocco,33.5731,-7.5898,Road,CAR010,V004,2024-04-02T02:30:06,2024-04-01T19:08:55,2024-04-02T10:54:06,2024-04-02T06:05:51,4.8,5.1,8.4,10.9,2.5,None,453.33,12.99,"LINESTRING (-7.611 33.605, -7.5898 33.5731)"
LEG00044-1,SHP00044,1,FAC_F014,Cadiz Module Yard,Module Yard,Spain,36.5271,-6.2886,FAC_F001,Zaragoza Distribution Hub,Warehouse,Spain,41.6488,-0.8891,Road,CAR002,,2024-01-08T07:00:00,2024-01-08T07:08:42,2024-01-09T05:00:00,2024-01-09T03:30:04,967.7,1028.9,22.0,20.4,0,None,3774.52,1662.65,"LINESTRING (-6.2886 36.5271, -0.8891 41.6488)"
LEG00045-1,SHP00045,1,FAC_F014,Cadiz Module Yard,Module Yard,Spain,36.5271,-6.2886,PORT_P003,Port of Algeciras,Port,Spain,36.1324,-5.4479,Road,CAR003,V002,2025-09-19T11:00:00,2025-09-19T10:33:44,2025-09-19T16:36:00,2025-09-19T19:32:02,112.2,112.9,5.6,9.0,3.4,None,3536.51,925.5,"LINESTRING (-6.2886 36.5271, -5.4479 36.1324)"
LEG00045-2,SHP00045,2,PORT_P003,Port of Algeciras,Port,Spain,36.1324,-5.4479,PORT_P012,Port of Casablanca,Port,Morocco,33.605,-7.611,RoRo,CAR003,V002,2025-09-20T08:03:10,2025-09-20T09:03:03,2025-09-21T10:33:10,2025-09-21T14:18:30,366.1,365.4,26.5,29.3,2.8,None,5875.52,945.91,"LINESTRING (-5.4479 36.1324, -7.611 33.605)"
LEG00045-3,SHP00045,3,PORT_P012,Port of Casablanca,Port,Morocco,33.605,-7.611,FAC_F008,Casablanca Desalination Site,Project Site,Morocco,33.5731,-7.5898,Road,CAR003,V002,2025-09-21T22:46:21,2025-09-22T05:02:02,2025-09-22T05:34:21,2025-09-22T09:54:52,4.6,4.6,6.8,4.9,0,None,1000.52,37.71,"LINESTRING (-7.611 33.605, -7.5898 33.5731)"
LEG00046-1,SHP00046,1,FAC_F010,Milan Valve Plant,Vendor,Italy,45.4642,9.19,PORT_P010,Port of Genoa,Port,Italy,44.41,8.925,Road,CAR004,V008,2024-09-18T14:00:00,2024-09-18T16:44:07,2024-09-18T22:06:00,2024-09-18T23:35:00,133.7,141.8,8.1,6.8,0,None,819.2,147.64,"LINESTRING (9.19 45.4642, 8.925 44.41)"
LEG00046-2,SHP00046,2,PORT_P010,Port of Genoa,Port,Italy,44.41,8.925,PORT_P018,Port of Dammam,Port,Saudi Arabia,26.498,50.184,Sea Breakbulk,CAR004,V008,2024-09-19T13:10:20,2024-09-19T07:30:03,2024-09-27T00:40:20,2024-09-27T22:55:09,4359.4,4389.9,179.5,207.4,27.9,Port congestion,8191.46,1154.72,"LINESTRING (8.925 44.41, 50.184 26.498)"
LEG00046-3,SHP00046,3,PORT_P018,Port of Dammam,Port,Saudi Arabia,26.498,50.184,FAC_F017,Dammam Gas Project Site,Project Site,Saudi Arabia,26.4207,50.0888,Road,CAR004,V008,2024-09-27T04:58:03,2024-09-28T14:05:32,2024-09-27T14:40:03,2024-09-29T02:58:25,16.7,17.1,9.7,12.9,3.2,None,478.69,17.8,"LINESTRING (50.184 26.498, 50.0888 26.4207)"
LEG00047-1,SHP00047,1,FAC_F014,Cadiz Module Yard,Module Yard,Spain,36.5271,-6.2886,PORT_P003,Port of Algeciras,Port,Spain,36.1324,-5.4479,Road,CAR006,,2025-11-06T14:00:00,2025-11-06T16:56:22,2025-11-07T01:24:00,2025-11-07T08:09:01,115.7,121.9,11.4,15.2,3.8,None,758.73,121.83,"LINESTRING (-6.2886 36.5271, -5.4479 36.1324)"
LEG00047-2,SHP00047,2,PORT_P003,Port of Algeciras,Port,Spain,36.1324,-5.4479,PORT_P001,Port of Valencia,Port,Spain,39.461,-0.323,Container Sea,CAR006,,2025-11-07T17:04:27,2025-11-07T22:48:12,2025-11-09T18:52:27,2025-11-09T22:51:23,641.2,689.9,49.8,48.1,0,None,1971.5,130.64,"LINESTRING (-5.4479 36.1324, -0.323 39.461)"
LEG00047-3,SHP00047,3,PORT_P001,Port of Valencia,Port,Spain,39.461,-0.323,FAC_F001,Zaragoza Distribution Hub,Warehouse,Spain,41.6488,-0.8891,Road,CAR006,,2025-11-10T05:31:32,2025-11-10T09:31:29,2025-11-10T18:37:32,2025-11-11T07:58:20,289.0,295.8,13.1,22.4,9.3,Weather disruption,1224.84,295.62,"LINESTRING (-0.323 39.461, -0.8891 41.6488)"
LEG00048-1,SHP00048,1,FAC_F003,Puertollano Module Yard,Module Yard,Spain,38.6871,-4.1121,PORT_P003,Port of Algeciras,Port,Spain,36.1324,-5.4479,Road,CAR010,V014,2025-04-28T10:00:00,2025-04-28T12:49:23,2025-04-28T21:12:00,2025-04-29T12:25:13,385.8,396.8,11.2,23.6,12.4,Weather disruption,2179.45,998.19,"LINESTRING (-4.1121 38.6871, -5.4479 36.1324)"
LEG00048-2,SHP00048,2,PORT_P003,Port of Algeciras,Port,Spain,36.1324,-5.4479,PORT_P018,Port of Dammam,Port,Saudi Arabia,26.498,50.184,Sea Breakbulk,CAR010,V014,2025-04-29T03:30:00,2025-04-29T17:35:27,2025-05-09T04:30:00,2025-05-09T22:20:44,5500.6,5890.2,241.0,244.8,3.8,None,14599.18,3743.34,"LINESTRING (-5.4479 36.1324, 50.184 26.498)"
LEG00048-3,SHP00048,3,PORT_P018,Port of Dammam,Port,Saudi Arabia,26.498,50.184,FAC_F017,Dammam Gas Project Site,Project Site,Saudi Arabia,26.4207,50.0888,Road,CAR010,V014,2025-05-09T10:33:14,2025-05-10T06:36:02,2025-05-09T19:03:14,2025-05-10T15:15:05,14.4,14.4,8.5,8.7,0.2,None,495.42,36.22,"LINESTRING (50.184 26.498, 50.0888 26.4207)"
LEG00049-1,SHP00049,1,FAC_F010,Milan Valve Plant,Vendor,Italy,45.4642,9.19,PORT_P010,Port of Genoa,Port,Italy,44.41,8.925,Road,CAR010,V004,2025-01-21T08:00:00,2025-01-21T09:44:09,2025-01-21T18:30:00,2025-01-21T22:12:59,151.0,152.6,10.5,12.5,2.0,None,1643.65,360.4,"LINESTRING (9.19 45.4642, 8.925 44.41)"
LEG00049-2,SHP00049,2,PORT_P010,Port of Genoa,Port,Italy,44.41,8.925,PORT_P018,Port of Dammam,Port,Saudi Arabia,26.498,50.184,Sea Breakbulk,CAR010,V004,2025-01-22T03:11:23,2025-01-22T10:41:00,2025-01-29T14:35:23,2025-01-29T21:46:34,4632.2,4741.9,179.4,179.1,0,None,18225.16,2829.21,"LINESTRING (8.925 44.41, 50.184 26.498)"
LEG00049-3,SHP00049,3,PORT_P018,Port of Dammam,Port,Saudi Arabia,26.498,50.184,FAC_F017,Dammam Gas Project Site,Project Site,Saudi Arabia,26.4207,50.0888,Road,CAR010,V004,2025-01-30T00:32:20,2025-01-30T12:27:48,2025-01-30T06:38:20,2025-01-30T17:40:56,14.9,16.1,6.1,5.2,0,None,772.37,38.02,"LINESTRING (50.184 26.498, 50.0888 26.4207)"
LEG00050-1,SHP00050,1,FAC_F011,Rotterdam Consolidation Hub,Consolidation Hub,Netherlands,51.9244,4.4777,PORT_P006,Port of Rotterdam,Port,Netherlands,51.947,4.142,Road,CAR005,V003,2024-10-09T08:00:00,2024-10-09T09:31:15,2024-10-09T14:00:00,2024-10-09T18:44:59,28.0,28.1,6.0,9.2,3.2,None,366.64,16.95,"LINESTRING (4.4777 51.9244, 4.142 51.947)"
LEG00050-2,SHP00050,2,PORT_P006,Port of Rotterdam,Port,Netherlands,51.947,4.142,PORT_P005,Port of Sines,Port,Portugal,37.9543,-8.8631,Container Sea,CAR005,V003,2024-10-09T21:22:39,2024-10-10T01:27:43,2024-10-14T14:46:39,2024-10-14T17:44:07,1942.7,2079.8,113.4,112.3,0,None,1923.36,237.72,"LINESTRING (4.142 51.947, -8.8631 37.9543)"
LEG00050-3,SHP00050,3,PORT_P005,Port of Sines,Port,Portugal,37.9543,-8.8631,FAC_F007,Sines Energy Project Site,Project Site,Portugal,37.956,-8.868,Road,CAR005,V003,2024-10-15T04:27:52,2024-10-15T03:25:01,2024-10-15T07:45:52,2024-10-15T05:48:55,0.5,0.5,3.3,2.4,0,None,320.83,0.3,"LINESTRING (-8.8631 37.9543, -8.868 37.956)"
LEG00051-1,SHP00051,1,FAC_F011,Rotterdam Consolidation Hub,Consolidation Hub,Netherlands,51.9244,4.4777,PORT_P006,Port of Rotterdam,Port,Netherlands,51.947,4.142,Road,CAR010,V014,2025-01-21T09:00:00,2025-01-21T10:11:45,2025-01-21T18:42:00,2025-01-21T23:52:50,27.2,28.1,9.7,13.7,4.0,None,771.0,19.73,"LINESTRING (4.4777 51.9244, 4.142 51.947)"
LEG00051-2,SHP00051,2,PORT_P006,Port of Rotterdam,Port,Netherlands,51.947,4.142,PORT_P009,Port of Marseille-Fos,Port,France,43.437,4.943,Sea Breakbulk,CAR010,V014,2025-01-22T01:46:32,2025-01-22T17:23:13,2025-01-25T06:28:32,2025-01-26T00:01:41,1042.6,1077.7,76.7,78.6,1.9,None,6587.53,191.14,"LINESTRING (4.142 51.947, 4.943 43.437)"
LEG00051-3,SHP00051,3,PORT_P009,Port of Marseille-Fos,Port,France,43.437,4.943,FAC_F018,Marseille Wind Substation Site,Project Site,France,43.2965,5.3698,Road,CAR010,V014,2025-01-25T15:59:14,2025-01-26T10:40:42,2025-01-26T02:35:14,2025-01-26T20:54:03,48.0,49.1,10.6,10.2,0,None,846.79,34.47,"LINESTRING (4.943 43.437, 5.3698 43.2965)"
LEG00052-1,SHP00052,1,FAC_F010,Milan Valve Plant,Vendor,Italy,45.4642,9.19,PORT_P010,Port of Genoa,Port,Italy,44.41,8.925,Road,CAR004,V001,2025-01-30T15:00:00,2025-01-30T17:57:39,2025-01-30T23:00:00,2025-01-31T04:45:01,140.2,142.6,8.0,10.8,2.8,None,816.45,148.75,"LINESTRING (9.19 45.4642, 8.925 44.41)"
LEG00052-2,SHP00052,2,PORT_P010,Port of Genoa,Port,Italy,44.41,8.925,PORT_P018,Port of Dammam,Port,Saudi Arabia,26.498,50.184,Sea Breakbulk,CAR004,V001,2025-01-31T04:59:45,2025-01-31T17:23:18,2025-02-08T17:11:45,2025-02-09T08:21:40,4510.6,4661.1,204.2,207.0,2.8,None,8431.31,1228.29,"LINESTRING (8.925 44.41, 50.184 26.498)"
LEG00052-3,SHP00052,3,PORT_P018,Port of Dammam,Port,Saudi Arabia,26.498,50.184,FAC_F017,Dammam Gas Project Site,Project Site,Saudi Arabia,26.4207,50.0888,Road,CAR004,V001,2025-02-09T01:04:26,2025-02-09T19:34:14,2025-02-09T07:52:26,2025-02-10T03:35:07,16.2,16.5,6.8,8.0,1.2,None,476.48,17.21,"LINESTRING (50.184 26.498, 50.0888 26.4207)"
LEG00053-1,SHP00053,1,FAC_F004,Bilbao Steel Fabricator,Vendor,Spain,43.263,-2.935,PORT_P004,Port of Bilbao,Port,Spain,43.3476,-3.0443,Road,CAR006,,2024-08-15T11:00:00,2024-08-15T12:51:27,2024-08-15T15:42:00,2024-08-15T21:55:45,15.5,15.4,4.7,9.1,4.4,Weather disruption,476.51,19.05,"LINESTRING (-2.935 43.263, -3.0443 43.3476)"
LEG00053-2,SHP00053,2,PORT_P004,Port of Bilbao,Port,Spain,43.3476,-3.0443,PORT_P005,Port of Sines,Port,Portugal,37.9543,-8.8631,Container Sea,CAR006,,2024-08-15T21:28:18,2024-08-16T05:31:35,2024-08-19T07:28:18,2024-08-19T18:50:47,840.4,840.7,82.0,85.3,3.3,None,2105.92,197.03,"LINESTRING (-3.0443 43.3476, -8.8631 37.9543)"
LEG00053-3,SHP00053,3,PORT_P005,Port of Sines,Port,Portugal,37.9543,-8.8631,FAC_F007,Sines Energy Project Site,Project Site,Portugal,37.956,-8.868,Road,CAR006,,2024-08-19T21:54:27,2024-08-20T09:39:08,2024-08-20T01:12:27,2024-08-20T13:46:15,0.6,0.6,3.3,4.1,0.8,None,433.73,0.74,"LINESTRING (-8.8631 37.9543, -8.868 37.956)"
LEG00054-1,SHP00054,1,FAC_F002,Madrid Cross Dock,Cross Dock,Spain,40.4168,-3.7038,FAC_F001,Zaragoza Distribution Hub,Warehouse,Spain,41.6488,-0.8891,Road,CAR001,,2025-10-10T14:00:00,2025-10-10T13:34:33,2025-10-11T00:00:00,2025-10-10T22:31:07,350.9,357.8,10.0,8.9,0,None,1235.6,80.56,"LINESTRING (-3.7038 40.4168, -0.8891 41.6488)"
LEG00055-1,SHP00055,1,FAC_F001,Zaragoza Distribution Hub,Warehouse,Spain,41.6488,-0.8891,PORT_P001,Port of Valencia,Port,Spain,39.461,-0.323,Road,CAR004,V012,2025-07-28T14:00:00,2025-07-28T16:09:22,2025-07-29T05:06:00,2025-07-29T05:26:10,298.9,319.2,15.1,13.3,0,None,1590.72,305.06,"LINESTRING (-0.8891 41.6488, -0.323 39.461)"
LEG00055-2,SHP00055,2,PORT_P001,Port of Valencia,Port,Spain,39.461,-0.323,PORT_P005,Port of Sines,Port,Portugal,37.9543,-8.8631,Sea Breakbulk,CAR004,V012,2025-07-29T15:11:26,2025-07-29T11:58:51,2025-07-31T16:47:26,2025-07-31T15:21:39,779.5,827.9,49.6,51.4,1.8,None,5169.22,199.89,"LINESTRING (-0.323 39.461, -8.8631 37.9543)"
LEG00055-3,SHP00055,3,PORT_P005,Port of Sines,Port,Portugal,37.9543,-8.8631,FAC_F007,Sines Energy Project Site,Project Site,Portugal,37.956,-8.868,Road,CAR004,V012,2025-08-01T02:32:34,2025-08-01T05:12:11,2025-08-01T08:38:34,2025-08-01T11:49:21,0.5,0.5,6.1,6.6,0.5,None,541.65,0.48,"LINESTRING (-8.8631 37.9543, -8.868 37.956)"
LEG00056-1,SHP00056,1,FAC_F012,Antwerp EPC Supplier Yard,Vendor,Belgium,51.2194,4.4025,PORT_P007,Port of Antwerp-Bruges,Port,Belgium,51.2639,4.4009,Road,CAR010,V004,2024-11-07T11:00:00,2024-11-07T10:09:45,2024-11-07T19:54:00,2024-11-07T22:28:58,6.1,6.6,8.9,12.3,3.4,None,662.84,49.83,"LINESTRING (4.4025 51.2194, 4.4009 51.2639)"
LEG00056-2,SHP00056,2,PORT_P007,Port of Antwerp-Bruges,Port,Belgium,51.2639,4.4009,PORT_P018,Port of Dammam,Port,Saudi Arabia,26.498,50.184,Sea Breakbulk,CAR010,V004,2024-11-08T02:09:19,2024-11-08T13:12:35,2024-11-16T10:57:19,2024-11-17T00:52:36,5166.8,5324.1,200.8,203.7,2.9,None,36645.09,10154.55,"LINESTRING (4.4009 51.2639, 50.184 26.498)"
LEG00056-3,SHP00056,3,PORT_P018,Port of Dammam,Port,Saudi Arabia,26.498,50.184,FAC_F017,Dammam Gas Project Site,Project Site,Saudi Arabia,26.4207,50.0888,Road,CAR010,V004,2024-11-16T19:46:16,2024-11-17T07:42:00,2024-11-16T23:46:16,2024-11-17T13:41:07,15.2,15.3,4.0,6.0,2.0,None,777.31,115.51,"LINESTRING (50.184 26.498, 50.0888 26.4207)"
LEG00057-1,SHP00057,1,FAC_F004,Bilbao Steel Fabricator,Vendor,Spain,43.263,-2.935,PORT_P004,Port of Bilbao,Port,Spain,43.3476,-3.0443,Road,CAR007,V005,2024-08-21T07:00:00,2024-08-21T08:47:02,2024-08-21T16:06:00,2024-08-21T15:55:36,14.5,15.0,9.1,7.1,0,None,510.38,50.66,"LINESTRING (-2.935 43.263, -3.0443 43.3476)"
LEG00057-2,SHP00057,2,PORT_P004,Port of Bilbao,Port,Spain,43.3476,-3.0443,PORT_P016,Port of Alexandria,Port,Egypt,31.2001,29.9187,Sea Breakbulk,CAR007,V005,2024-08-21T23:00:53,2024-08-22T05:01:46,2024-08-28T01:12:53,2024-08-28T06:01:36,3291.1,3466.7,146.2,145.0,0,None,11308.87,2957.79,"LINESTRING (-3.0443 43.3476, 29.9187 31.2001)"
LEG00057-3,SHP00057,3,PORT_P016,Port of Alexandria,Port,Egypt,31.2001,29.9187,FAC_F016,Alexandria Water Project Site,Project Site,Egypt,31.2001,29.9187,Road,CAR007,V005,2024-08-28T09:30:57,2024-08-28T22:01:03,2024-08-28T14:42:57,2024-08-29T02:40:01,0.0,0.0,5.2,4.6,0,None,432.0,0.0,"LINESTRING (29.9187 31.2001, 29.9187 31.2001)"
LEG00058-1,SHP00058,1,FAC_F014,Cadiz Module Yard,Module Yard,Spain,36.5271,-6.2886,PORT_P003,Port of Algeciras,Port,Spain,36.1324,-5.4479,Road,CAR007,V005,2025-08-08T09:00:00,2025-08-08T09:20:10,2025-08-08T19:00:00,2025-08-08T23:17:00,115.3,119.9,10.0,13.9,3.9,None,992.92,161.29,"LINESTRING (-6.2886 36.5271, -5.4479 36.1324)"
LEG00058-2,SHP00058,2,PORT_P003,Port of Algeciras,Port,Spain,36.1324,-5.4479,PORT_P018,Port of Dammam,Port,Saudi Arabia,26.498,50.184,Sea Breakbulk,CAR007,V005,2025-08-09T03:05:51,2025-08-09T10:51:47,2025-08-19T16:35:51,2025-08-20T00:23:30,5546.8,5640.5,253.5,253.5,0.0,None,13005.9,1916.87,"LINESTRING (-5.4479 36.1324, 50.184 26.498)"
LEG00058-3,SHP00058,3,PORT_P018,Port of Dammam,Port,Saudi Arabia,26.498,50.184,FAC_F017,Dammam Gas Project Site,Project Site,Saudi Arabia,26.4207,50.0888,Road,CAR007,V005,2025-08-20T03:25:53,2025-08-20T16:16:02,2025-08-20T11:25:53,2025-08-21T00:30:12,14.3,14.8,8.0,8.2,0.2,None,595.91,19.91,"LINESTRING (50.184 26.498, 50.0888 26.4207)"
LEG00059-1,SHP00059,1,FAC_F012,Antwerp EPC Supplier Yard,Vendor,Belgium,51.2194,4.4025,PORT_P007,Port of Antwerp-Bruges,Port,Belgium,51.2639,4.4009,Road,CAR004,V008,2024-04-16T15:00:00,2024-04-16T14:57:51,2024-04-16T19:42:00,2024-04-16T19:48:44,5.8,6.0,4.7,4.8,0.1,None,661.6,50.61,"LINESTRING (4.4025 51.2194, 4.4009 51.2639)"
LEG00059-2,SHP00059,2,PORT_P007,Port of Antwerp-Bruges,Port,Belgium,51.2639,4.4009,PORT_P005,Port of Sines,Port,Portugal,37.9543,-8.8631,Sea Breakbulk,CAR004,V008,2024-04-17T10:51:14,2024-04-17T07:46:56,2024-04-21T15:09:14,2024-04-22T04:28:10,1945.4,2006.9,100.3,116.7,16.4,Road permit delay,17579.66,4276.62,"LINESTRING (4.4009 51.2639, -8.8631 37.9543)"
LEG00059-3,SHP00059,3,PORT_P005,Port of Sines,Port,Portugal,37.9543,-8.8631,FAC_F007,Sines Energy Project Site,Project Site,Portugal,37.956,-8.868,Road,CAR004,V008,2024-04-21T23:12:45,2024-04-22T22:10:10,2024-04-22T03:42:45,2024-04-23T05:58:06,0.5,0.5,4.5,7.8,3.3,None,583.13,4.22,"LINESTRING (-8.8631 37.9543, -8.868 37.956)"
LEG00060-1,SHP00060,1,FAC_F005,Tarragona Equipment Vendor,Vendor,Spain,41.1189,1.2445,PORT_P002,Port of Barcelona,Port,Spain,41.3522,2.1686,Road,CAR005,V003,2024-06-18T10:00:00,2024-06-18T11:35:05,2024-06-18T18:36:00,2024-06-18T18:14:42,94.0,96.1,8.6,6.7,0,None,572.62,35.06,"LINESTRING (1.2445 41.1189, 2.1686 41.3522)"
LEG00060-2,SHP00060,2,PORT_P002,Port of Barcelona,Port,Spain,41.3522,2.1686,PORT_P005,Port of Sines,Port,Portugal,37.9543,-8.8631,Container Sea,CAR005,V003,2024-06-19T05:09:14,2024-06-19T11:15:29,2024-06-22T01:45:14,2024-06-22T08:59:13,1054.3,1081.9,68.6,69.7,1.1,None,1868.77,74.78,"LINESTRING (2.1686 41.3522, -8.8631 37.9543)"
LEG00060-3,SHP00060,3,PORT_P005,Port of Sines,Port,Portugal,37.9543,-8.8631,FAC_F007,Sines Energy Project Site,Project Site,Portugal,37.956,-8.868,Road,CAR005,V003,2024-06-22T11:43:14,2024-06-23T00:03:05,2024-06-22T19:31:14,2024-06-23T07:21:11,0.6,0.6,7.8,7.3,0,None,401.08,0.22,"LINESTRING (-8.8631 37.9543, -8.868 37.956)"
LEG00061-1,SHP00061,1,FAC_F013,Valencia Export Depot,Warehouse,Spain,39.4699,-0.3763,PORT_P001,Port of Valencia,Port,Spain,39.461,-0.323,Road,CAR004,V012,2025-10-20T14:00:00,2025-10-20T13:01:52,2025-10-20T18:00:00,2025-10-20T16:39:05,5.5,5.7,4.0,3.6,0,None,558.31,4.98,"LINESTRING (-0.3763 39.4699, -0.323 39.461)"
LEG00061-2,SHP00061,2,PORT_P001,Port of Valencia,Port,Spain,39.461,-0.323,PORT_P005,Port of Sines,Port,Portugal,37.9543,-8.8631,Sea Breakbulk,CAR004,V012,2025-10-21T09:53:52,2025-10-21T00:18:17,2025-10-24T02:35:52,2025-10-23T18:48:04,791.4,826.1,64.7,66.5,1.8,None,5133.63,182.4,"LINESTRING (-0.323 39.461, -8.8631 37.9543)"
LEG00061-3,SHP00061,3,PORT_P005,Port of Sines,Port,Portugal,37.9543,-8.8631,FAC_F007,Sines Energy Project Site,Project Site,Portugal,37.956,-8.868,Road,CAR004,V012,2025-10-24T13:46:56,2025-10-24T01:31:01,2025-10-24T17:52:56,2025-10-24T06:26:52,0.6,0.6,4.1,4.9,0.8,None,541.93,0.52,"LINESTRING (-8.8631 37.9543, -8.868 37.956)"
LEG00062-1,SHP00062,1,FAC_F001,Zaragoza Distribution Hub,Warehouse,Spain,41.6488,-0.8891,PORT_P001,Port of Valencia,Port,Spain,39.461,-0.323,Road,CAR006,,2024-07-11T07:00:00,2024-07-11T09:04:34,2024-07-11T21:06:00,2024-07-12T02:07:52,288.2,301.2,14.1,17.1,3.0,None,717.66,61.81,"LINESTRING (-0.8891 41.6488, -0.323 39.461)"
LEG00062-2,SHP00062,2,PORT_P001,Port of Valencia,Port,Spain,39.461,-0.323,PORT_P009,Port of Marseille-Fos,Port,France,43.437,4.943,Container Sea,CAR006,,2024-07-12T06:12:57,2024-07-12T06:37:47,2024-07-14T16:18:57,2024-07-15T08:12:34,641.3,636.5,58.1,73.6,15.5,Carrier capacity,1335.03,24.75,"LINESTRING (-0.323 39.461, 4.943 43.437)"
LEG00062-3,SHP00062,3,PORT_P009,Port of Marseille-Fos,Port,France,43.437,4.943,FAC_F018,Marseille Wind Substation Site,Project Site,France,43.2965,5.3698,Road,CAR006,,2024-07-15T07:03:41,2024-07-15T14:39:55,2024-07-15T13:09:41,2024-07-16T00:40:01,44.8,44.5,6.1,10.0,3.9,None,378.75,9.13,"LINESTRING (4.943 43.437, 5.3698 43.2965)"
LEG00063-1,SHP00063,1,FAC_F010,Milan Valve Plant,Vendor,Italy,45.4642,9.19,PORT_P010,Port of Genoa,Port,Italy,44.41,8.925,Road,CAR004,V008,2024-03-25T08:00:00,2024-03-25T09:54:14,2024-03-25T16:42:00,2024-03-25T18:45:23,143.1,143.6,8.7,8.9,0.2,None,801.15,144.33,"LINESTRING (9.19 45.4642, 8.925 44.41)"
LEG00063-2,SHP00063,2,PORT_P010,Port of Genoa,Port,Italy,44.41,8.925,PORT_P005,Port of Sines,Port,Portugal,37.9543,-8.8631,Sea Breakbulk,CAR004,V008,2024-03-26T06:37:29,2024-03-26T09:38:59,2024-03-30T07:37:29,2024-03-30T13:17:33,1836.4,1921.2,97.0,99.6,2.6,None,5275.16,487.83,"LINESTRING (8.925 44.41, -8.8631 37.9543)"
LEG00063-3,SHP00063,3,PORT_P005,Port of Sines,Port,Portugal,37.9543,-8.8631,FAC_F007,Sines Energy Project Site,Project Site,Portugal,37.956,-8.868,Road,CAR004,V008,2024-03-30T17:36:32,2024-03-30T17:50:53,2024-03-31T03:06:32,2024-03-31T01:29:54,0.6,0.6,9.5,7.7,0,None,433.54,0.6,"LINESTRING (-8.8631 37.9543, -8.868 37.956)"
LEG00064-1,SHP00064,1,FAC_F005,Tarragona Equipment Vendor,Vendor,Spain,41.1189,1.2445,PORT_P002,Port of Barcelona,Port,Spain,41.3522,2.1686,Road,CAR010,V004,2024-04-29T13:00:00,2024-04-29T12:53:42,2024-04-30T00:06:00,2024-04-29T23:46:25,91.3,91.4,11.1,10.9,0,None,1547.13,540.17,"LINESTRING (1.2445 41.1189, 2.1686 41.3522)"
LEG00064-2,SHP00064,2,PORT_P002,Port of Barcelona,Port,Spain,41.3522,2.1686,PORT_P005,Port of Sines,Port,Portugal,37.9543,-8.8631,Sea Breakbulk,CAR010,V004,2024-04-30T05:33:58,2024-04-30T15:13:31,2024-05-02T22:39:58,2024-05-03T07:27:30,1056.9,1104.7,65.1,64.2,0,None,9687.59,1649.36,"LINESTRING (2.1686 41.3522, -8.8631 37.9543)"
LEG00064-3,SHP00064,3,PORT_P005,Port of Sines,Port,Portugal,37.9543,-8.8631,FAC_F007,Sines Energy Project Site,Project Site,Portugal,37.956,-8.868,Road,CAR010,V004,2024-05-03T11:36:32,2024-05-03T23:54:29,2024-05-03T17:00:32,2024-05-04T05:54:29,0.6,0.6,5.4,6.0,0.6,None,582.38,3.55,"LINESTRING (-8.8631 37.9543, -8.868 37.956)"
LEG00065-1,SHP00065,1,FAC_F003,Puertollano Module Yard,Module Yard,Spain,38.6871,-4.1121,PORT_P003,Port of Algeciras,Port,Spain,36.1324,-5.4479,Road,CAR003,V006,2024-04-02T09:00:00,2024-04-02T10:32:06,2024-04-02T20:12:00,2024-04-02T22:19:54,363.7,390.4,11.2,11.8,0.6,None,1867.52,693.17,"LINESTRING (-4.1121 38.6871, -5.4479 36.1324)"
LEG00065-2,SHP00065,2,PORT_P003,Port of Algeciras,Port,Spain,36.1324,-5.4479,PORT_P012,Port of Casablanca,Port,Morocco,33.605,-7.611,RoRo,CAR003,V006,2024-04-03T04:27:40,2024-04-03T03:26:57,2024-04-04T04:57:40,2024-04-04T06:28:19,361.9,375.7,24.5,27.0,2.5,None,1666.19,210.65,"LINESTRING (-5.4479 36.1324, -7.611 33.605)"
LEG00065-3,SHP00065,3,PORT_P012,Port of Casablanca,Port,Morocco,33.605,-7.611,FAC_F008,Casablanca Desalination Site,Project Site,Morocco,33.5731,-7.5898,Road,CAR003,V006,2024-04-04T09:38:21,2024-04-04T19:56:34,2024-04-04T15:14:21,2024-04-05T19:33:19,5.2,5.5,5.6,23.6,18.0,Port congestion,452.22,9.77,"LINESTRING (-7.611 33.605, -7.5898 33.5731)"
LEG00066-1,SHP00066,1,FAC_F003,Puertollano Module Yard,Module Yard,Spain,38.6871,-4.1121,PORT_P003,Port of Algeciras,Port,Spain,36.1324,-5.4479,Road,CAR006,,2025-09-01T15:00:00,2025-09-01T16:25:30,2025-09-02T01:54:00,2025-09-02T14:31:36,403.5,422.7,10.9,22.1,11.2,Carrier capacity,2644.67,575.84,"LINESTRING (-4.1121 38.6871, -5.4479 36.1324)"
LEG00066-2,SHP00066,2,PORT_P003,Port of Algeciras,Port,Spain,36.1324,-5.4479,PORT_P005,Port of Sines,Port,Portugal,37.9543,-8.8631,Container Sea,CAR006,,2025-09-02T06:10:26,2025-09-03T00:15:59,2025-09-04T14:16:26,2025-09-05T09:23:30,391.2,392.7,56.1,57.1,1.0,None,2825.31,101.36,"LINESTRING (-5.4479 36.1324, -8.8631 37.9543)"
LEG00066-3,SHP00066,3,PORT_P005,Port of Sines,Port,Portugal,37.9543,-8.8631,FAC_F007,Sines Energy Project Site,Project Site,Portugal,37.956,-8.868,Road,CAR006,,2025-09-05T03:11:51,2025-09-05T15:04:22,2025-09-05T12:29:51,2025-09-05T23:54:32,0.6,0.6,9.3,8.8,0,None,672.4,0.82,"LINESTRING (-8.8631 37.9543, -8.868 37.956)"
LEG00067-1,SHP00067,1,FAC_F012,Antwerp EPC Supplier Yard,Vendor,Belgium,51.2194,4.4025,PORT_P007,Port of Antwerp-Bruges,Port,Belgium,51.2639,4.4009,Road,CAR007,V005,2024-07-31T10:00:00,2024-07-31T11:23:26,2024-07-31T14:06:00,2024-07-31T17:39:29,5.8,5.8,4.1,6.3,2.2,None,621.55,23.4,"LINESTRING (4.4025 51.2194, 4.4009 51.2639)"
LEG00067-2,SHP00067,2,PORT_P007,Port of Antwerp-Bruges,Port,Belgium,51.2639,4.4009,PORT_P001,Port of Valencia,Port,Spain,39.461,-0.323,Sea Breakbulk,CAR007,V005,2024-07-31T21:27:33,2024-07-31T22:34:55,2024-08-04T23:03:33,2024-08-04T23:27:58,1402.4,1403.3,97.6,96.9,0,None,9274.44,1430.36,"LINESTRING (4.4009 51.2639, -0.323 39.461)"
LEG00067-3,SHP00067,3,PORT_P001,Port of Valencia,Port,Spain,39.461,-0.323,FAC_F001,Zaragoza Distribution Hub,Warehouse,Spain,41.6488,-0.8891,Road,CAR007,V005,2024-08-05T05:07:54,2024-08-05T05:45:03,2024-08-05T19:31:54,2024-08-05T22:46:00,315.0,335.0,14.4,17.0,2.6,None,3206.93,1351.61,"LINESTRING (-0.323 39.461, -0.8891 41.6488)"
LEG00068-1,SHP00068,1,FAC_F003,Puertollano Module Yard,Module Yard,Spain,38.6871,-4.1121,PORT_P003,Port of Algeciras,Port,Spain,36.1324,-5.4479,Road,CAR007,V005,2025-05-06T12:00:00,2025-05-06T13:41:33,2025-05-07T02:54:00,2025-05-07T05:22:38,369.4,391.4,14.9,15.7,0.8,None,1852.97,737.34,"LINESTRING (-4.1121 38.6871, -5.4479 36.1324)"
LEG00068-2,SHP00068,2,PORT_P003,Port of Algeciras,Port,Spain,36.1324,-5.4479,PORT_P005,Port of Sines,Port,Portugal,37.9543,-8.8631,Sea Breakbulk,CAR007,V005,2025-05-07T16:34:28,2025-05-07T22:58:21,2025-05-09T09:04:28,2025-05-09T17:43:06,382.6,386.7,40.5,42.7,2.2,None,3843.61,184.04,"LINESTRING (-5.4479 36.1324, -8.8631 37.9543)"
LEG00068-3,SHP00068,3,PORT_P005,Port of Sines,Port,Portugal,37.9543,-8.8631,FAC_F007,Sines Energy Project Site,Project Site,Portugal,37.956,-8.868,Road,CAR007,V005,2025-05-09T21:37:03,2025-05-10T03:54:51,2025-05-10T06:19:03,2025-05-11T06:07:28,0.6,0.6,8.7,26.2,17.5,Carrier capacity,434.18,1.13,"LINESTRING (-8.8631 37.9543, -8.868 37.956)"
LEG00069-1,SHP00069,1,FAC_F001,Zaragoza Distribution Hub,Warehouse,Spain,41.6488,-0.8891,PORT_P001,Port of Valencia,Port,Spain,39.461,-0.323,Road,CAR004,V008,2025-09-17T10:00:00,2025-09-17T09:43:33,2025-09-17T22:06:00,2025-09-18T15:48:17,306.4,312.3,12.1,30.1,18.0,Road permit delay,1190.28,246.25,"LINESTRING (-0.8891 41.6488, -0.323 39.461)"
LEG00069-2,SHP00069,2,PORT_P001,Port of Valencia,Port,Spain,39.461,-0.323,PORT_P018,Port of Dammam,Port,Saudi Arabia,26.498,50.184,Sea Breakbulk,CAR004,V008,2025-09-18T06:25:06,2025-09-18T20:15:27,2025-09-27T08:31:06,2025-09-27T23:20:28,5209.2,5235.4,218.1,219.1,1.0,None,8395.02,1042.89,"LINESTRING (-0.323 39.461, 50.184 26.498)"
LEG00069-3,SHP00069,3,PORT_P018,Port of Dammam,Port,Saudi Arabia,26.498,50.184,FAC_F017,Dammam Gas Project Site,Project Site,Saudi Arabia,26.4207,50.0888,Road,CAR004,V008,2025-09-27T22:41:00,2025-09-28T05:07:07,2025-09-28T06:53:00,2025-09-28T16:49:34,15.7,15.6,8.2,11.7,3.5,None,469.88,12.3,"LINESTRING (50.184 26.498, 50.0888 26.4207)"
LEG00070-1,SHP00070,1,FAC_F005,Tarragona Equipment Vendor,Vendor,Spain,41.1189,1.2445,PORT_P002,Port of Barcelona,Port,Spain,41.3522,2.1686,Road,CAR007,V005,2024-04-01T12:00:00,2024-04-01T11:19:07,2024-04-01T21:30:00,2024-04-01T20:06:10,106.5,110.2,9.5,8.8,0,None,1926.34,508.58,"LINESTRING (1.2445 41.1189, 2.1686 41.3522)"
LEG00070-2,SHP00070,2,PORT_P002,Port of Barcelona,Port,Spain,41.3522,2.1686,PORT_P012,Port of Casablanca,Port,Morocco,33.605,-7.611,Sea Breakbulk,CAR007,V005,2024-04-02T10:33:02,2024-04-02T00:31:10,2024-04-05T09:03:02,2024-04-05T17:31:00,1342.5,1352.5,70.5,89.0,18.5,Customs hold,12098.97,1576.91,"LINESTRING (2.1686 41.3522, -7.611 33.605)"
LEG00070-3,SHP00070,3,PORT_P012,Port of Casablanca,Port,Morocco,33.605,-7.611,FAC_F008,Casablanca Desalination Site,Project Site,Morocco,33.5731,-7.5898,Road,CAR007,V005,2024-04-05T21:13:16,2024-04-06T04:57:50,2024-04-06T04:13:16,2024-04-07T00:14:37,5.0,5.1,7.0,19.3,12.3,Customs hold,775.83,23.54,"LINESTRING (-7.611 33.605, -7.5898 33.5731)"
LEG00071-1,SHP00071,1,FAC_F004,Bilbao Steel Fabricator,Vendor,Spain,43.263,-2.935,PORT_P004,Port of Bilbao,Port,Spain,43.3476,-3.0443,Road,CAR003,V010,2024-02-12T07:00:00,2024-02-12T09:37:34,2024-02-12T11:48:00,2024-02-12T16:34:59,15.1,16.1,4.8,7.0,2.2,None,529.26,60.48,"LINESTRING (-2.935 43.263, -3.0443 43.3476)"
LEG00071-2,SHP00071,2,PORT_P004,Port of Bilbao,Port,Spain,43.3476,-3.0443,PORT_P012,Port of Casablanca,Port,Morocco,33.605,-7.611,RoRo,CAR003,V010,2024-02-13T01:00:29,2024-02-13T01:27:55,2024-02-15T06:42:29,2024-02-15T09:17:50,1242.8,1242.5,53.7,55.8,2.1,None,4111.84,1473.85,"LINESTRING (-3.0443 43.3476, -7.611 33.605)"
LEG00071-3,SHP00071,3,PORT_P012,Port of Casablanca,Port,Morocco,33.605,-7.611,FAC_F008,Casablanca Desalination Site,Project Site,Morocco,33.5731,-7.5898,Road,CAR003,V010,2024-02-15T15:45:11,2024-02-15T22:35:09,2024-02-15T20:39:11,2024-02-16T05:19:22,5.3,5.6,4.9,6.7,1.8,None,465.83,21.04,"LINESTRING (-7.611 33.605, -7.5898 33.5731)"
LEG00072-1,SHP00072,1,FAC_F010,Milan Valve Plant,Vendor,Italy,45.4642,9.19,PORT_P010,Port of Genoa,Port,Italy,44.41,8.925,Road,CAR010,V007,2025-08-08T15:00:00,2025-08-08T14:04:11,2025-08-09T02:36:00,2025-08-09T03:44:25,136.3,137.7,11.6,13.7,2.1,None,828.24,166.79,"LINESTRING (9.19 45.4642, 8.925 44.41)"
LEG00072-2,SHP00072,2,PORT_P010,Port of Genoa,Port,Italy,44.41,8.925,PORT_P012,Port of Casablanca,Port,Morocco,33.605,-7.611,Sea Breakbulk,CAR010,V007,2025-08-09T17:28:36,2025-08-09T10:14:46,2025-08-14T11:04:36,2025-08-14T05:48:34,1922.9,1931.0,113.6,115.6,2.0,None,5558.9,590.89,"LINESTRING (8.925 44.41, -7.611 33.605)"
LEG00072-3,SHP00072,3,PORT_P012,Port of Casablanca,Port,Morocco,33.605,-7.611,FAC_F008,Casablanca Desalination Site,Project Site,Morocco,33.5731,-7.5898,Road,CAR010,V007,2025-08-14T18:52:33,2025-08-14T20:28:14,2025-08-14T22:46:33,2025-08-15T14:21:55,4.7,4.8,3.9,17.9,14.0,Road permit delay,445.81,5.81,"LINESTRING (-7.611 33.605, -7.5898 33.5731)"
LEG00073-1,SHP00073,1,FAC_F014,Cadiz Module Yard,Module Yard,Spain,36.5271,-6.2886,PORT_P003,Port of Algeciras,Port,Spain,36.1324,-5.4479,Road,CAR007,V005,2025-07-09T13:00:00,2025-07-09T15:09:33,2025-07-09T19:24:00,2025-07-09T22:05:46,115.0,115.8,6.4,6.9,0.5,None,884.41,245.76,"LINESTRING (-6.2886 36.5271, -5.4479 36.1324)"
LEG00073-2,SHP00073,2,PORT_P003,Port of Algeciras,Port,Spain,36.1324,-5.4479,PORT_P006,Port of Rotterdam,Port,Netherlands,51.947,4.142,Sea Breakbulk,CAR007,V005,2025-07-10T03:07:07,2025-07-10T05:55:16,2025-07-13T15:31:07,2025-07-13T18:10:29,2033.1,2167.2,84.4,84.3,0,None,6908.58,1161.97,"LINESTRING (-5.4479 36.1324, 4.142 51.947)"
LEG00073-3,SHP00073,3,PORT_P006,Port of Rotterdam,Port,Netherlands,51.947,4.142,FAC_F011,Rotterdam Consolidation Hub,Consolidation Hub,Netherlands,51.9244,4.4777,Road,CAR007,V005,2025-07-13T22:17:46,2025-07-14T09:50:18,2025-07-14T03:11:46,2025-07-14T17:43:25,26.3,27.6,4.9,7.9,3.0,None,539.83,58.58,"LINESTRING (4.142 51.947, 4.4777 51.9244)"
LEG00074-1,SHP00074,1,FAC_F014,Cadiz Module Yard,Module Yard,Spain,36.5271,-6.2886,PORT_P003,Port of Algeciras,Port,Spain,36.1324,-5.4479,Road,CAR010,V004,2024-03-08T11:00:00,2024-03-08T11:45:45,2024-03-08T19:18:00,2024-03-09T16:00:57,111.8,116.0,8.3,28.3,20.0,Weather disruption,1106.07,264.7,"LINESTRING (-6.2886 36.5271, -5.4479 36.1324)"
LEG00074-2,SHP00074,2,PORT_P003,Port of Algeciras,Port,Spain,36.1324,-5.4479,PORT_P005,Port of Sines,Port,Portugal,37.9543,-8.8631,Sea Breakbulk,CAR010,V004,2024-03-09T02:16:56,2024-03-10T06:21:37,2024-03-11T08:58:56,2024-03-12T14:33:23,381.1,402.0,54.7,56.2,1.5,None,4903.89,231.74,"LINESTRING (-5.4479 36.1324, -8.8631 37.9543)"
LEG00074-3,SHP00074,3,PORT_P005,Port of Sines,Port,Portugal,37.9543,-8.8631,FAC_F007,Sines Energy Project Site,Project Site,Portugal,37.956,-8.868,Road,CAR010,V004,2024-03-11T22:15:59,2024-03-13T01:14:10,2024-03-12T06:33:59,2024-03-13T12:01:56,0.6,0.6,8.3,10.8,2.5,None,542.93,1.37,"LINESTRING (-8.8631 37.9543, -8.868 37.956)"
LEG00075-1,SHP00075,1,FAC_F010,Milan Valve Plant,Vendor,Italy,45.4642,9.19,PORT_P010,Port of Genoa,Port,Italy,44.41,8.925,Road,CAR006,,2024-05-23T13:00:00,2024-05-23T12:37:20,2024-05-23T20:48:00,2024-05-23T19:12:34,137.3,141.1,7.8,6.6,0,None,1020.27,151.07,"LINESTRING (9.19 45.4642, 8.925 44.41)"
LEG00075-2,SHP00075,2,PORT_P010,Port of Genoa,Port,Italy,44.41,8.925,PORT_P012,Port of Casablanca,Port,Morocco,33.605,-7.611,Container Sea,CAR006,,2024-05-24T05:28:07,2024-05-24T06:24:40,2024-05-28T02:58:07,2024-05-29T15:23:02,2022.1,2149.6,93.5,129.0,35.5,Customs hold,3601.29,436.07,"LINESTRING (8.925 44.41, -7.611 33.605)"
LEG00075-3,SHP00075,3,PORT_P012,Port of Casablanca,Port,Morocco,33.605,-7.611,FAC_F008,Casablanca Desalination Site,Project Site,Morocco,33.5731,-7.5898,Road,CAR006,,2024-05-28T08:39:12,2024-05-30T01:45:12,2024-05-28T14:09:12,2024-05-30T11:36:12,4.7,4.7,5.5,9.8,4.3,Customs hold,556.0,5.03,"LINESTRING (-7.611 33.605, -7.5898 33.5731)"
LEG00076-1,SHP00076,1,FAC_F003,Puertollano Module Yard,Module Yard,Spain,38.6871,-4.1121,FAC_F017,Dammam Gas Project Site,Project Site,Saudi Arabia,26.4207,50.0888,Road,CAR012,,2025-06-19T13:00:00,2025-06-19T15:44:48,2025-06-24T02:36:00,2025-06-25T01:40:18,5883.1,6242.8,109.6,129.9,20.3,Carrier capacity,59858.84,32440.71,"LINESTRING (-4.1121 38.6871, 50.0888 26.4207)"
LEG00077-1,SHP00077,1,FAC_F004,Bilbao Steel Fabricator,Vendor,Spain,43.263,-2.935,FAC_F017,Dammam Gas Project Site,Project Site,Saudi Arabia,26.4207,50.0888,Road,CAR008,,2024-09-24T11:00:00,2024-09-24T10:19:33,2024-09-29T02:00:00,2024-09-29T02:58:58,6179.5,6457.8,111.0,112.7,1.7,None,92677.05,41717.39,"LINESTRING (-2.935 43.263, 50.0888 26.4207)"
LEG00078-1,SHP00078,1,FAC_F010,Milan Valve Plant,Vendor,Italy,45.4642,9.19,PORT_P010,Port of Genoa,Port,Italy,44.41,8.925,Road,CAR004,V008,2024-09-16T11:00:00,2024-09-16T13:47:35,2024-09-16T23:18:00,2024-09-17T05:59:51,143.0,153.6,12.3,16.2,3.9,None,955.01,79.96,"LINESTRING (9.19 45.4642, 8.925 44.41)"
LEG00078-2,SHP00078,2,PORT_P010,Port of Genoa,Port,Italy,44.41,8.925,PORT_P016,Port of Alexandria,Port,Egypt,31.2001,29.9187,Sea Breakbulk,CAR004,V008,2024-09-17T06:39:40,2024-09-17T23:59:13,2024-09-22T02:39:40,2024-09-22T23:23:41,2604.1,2805.7,116.0,119.4,3.4,None,7047.7,369.01,"LINESTRING (8.925 44.41, 29.9187 31.2001)"
LEG00078-3,SHP00078,3,PORT_P016,Port of Alexandria,Port,Egypt,31.2001,29.9187,FAC_F016,Alexandria Water Project Site,Project Site,Egypt,31.2001,29.9187,Road,CAR004,V008,2024-09-22T08:51:34,2024-09-23T05:06:08,2024-09-22T12:03:34,2024-09-24T06:07:37,0.0,0.0,3.2,25.0,21.8,Documentation issue,540.0,0.0,"LINESTRING (29.9187 31.2001, 29.9187 31.2001)"
LEG00079-1,SHP00079,1,FAC_F012,Antwerp EPC Supplier Yard,Vendor,Belgium,51.2194,4.4025,PORT_P007,Port of Antwerp-Bruges,Port,Belgium,51.2639,4.4009,Road,CAR010,V007,2024-06-03T11:00:00,2024-06-03T10:47:58,2024-06-03T14:48:00,2024-06-03T15:39:53,5.8,6.2,3.8,4.9,1.1,None,665.27,53.83,"LINESTRING (4.4025 51.2194, 4.4009 51.2639)"
LEG00079-2,SHP00079,2,PORT_P007,Port of Antwerp-Bruges,Port,Belgium,51.2639,4.4009,PORT_P012,Port of Casablanca,Port,Morocco,33.605,-7.611,Sea Breakbulk,CAR010,V007,2024-06-04T03:15:14,2024-06-04T00:45:58,2024-06-09T22:27:14,2024-06-09T23:26:05,2286.7,2389.5,139.2,142.7,3.5,None,20267.87,5241.61,"LINESTRING (4.4009 51.2639, -7.611 33.605)"
LEG00079-3,SHP00079,3,PORT_P012,Port of Casablanca,Port,Morocco,33.605,-7.611,FAC_F008,Casablanca Desalination Site,Project Site,Morocco,33.5731,-7.5898,Road,CAR010,V007,2024-06-10T06:18:59,2024-06-10T02:54:30,2024-06-10T15:00:59,2024-06-11T18:07:30,4.6,4.6,8.7,39.2,30.5,Documentation issue,642.24,39.94,"LINESTRING (-7.611 33.605, -7.5898 33.5731)"
LEG00080-1,SHP00080,1,FAC_F014,Cadiz Module Yard,Module Yard,Spain,36.5271,-6.2886,PORT_P003,Port of Algeciras,Port,Spain,36.1324,-5.4479,Road,CAR006,,2025-05-29T07:00:00,2025-05-29T07:34:48,2025-05-29T12:24:00,2025-05-29T14:14:19,101.4,108.9,5.4,6.7,1.3,None,1056.33,227.39,"LINESTRING (-6.2886 36.5271, -5.4479 36.1324)"
LEG00080-2,SHP00080,2,PORT_P003,Port of Algeciras,Port,Spain,36.1324,-5.4479,PORT_P006,Port of Rotterdam,Port,Netherlands,51.947,4.142,Container Sea,CAR006,,2025-05-30T03:59:53,2025-05-29T21:50:25,2025-06-03T08:05:53,2025-06-03T05:17:12,2120.3,2199.1,100.1,103.4,3.3,None,4346.14,870.05,"LINESTRING (-5.4479 36.1324, 4.142 51.947)"
LEG00080-3,SHP00080,3,PORT_P006,Port of Rotterdam,Port,Netherlands,51.947,4.142,FAC_F011,Rotterdam Consolidation Hub,Consolidation Hub,Netherlands,51.9244,4.4777,Road,CAR006,,2025-06-03T15:32:59,2025-06-03T11:55:17,2025-06-04T00:32:59,2025-06-04T00:43:40,29.4,29.1,9.0,12.8,3.8,None,677.97,60.76,"LINESTRING (4.142 51.947, 4.4777 51.9244)"
LEG00081-1,SHP00081,1,FAC_F005,Tarragona Equipment Vendor,Vendor,Spain,41.1189,1.2445,PORT_P002,Port of Barcelona,Port,Spain,41.3522,2.1686,Road,CAR004,V001,2025-03-10T07:00:00,2025-03-10T06:00:44,2025-03-10T18:00:00,2025-03-10T16:17:11,99.8,98.8,11.0,10.3,0,None,867.2,241.22,"LINESTRING (1.2445 41.1189, 2.1686 41.3522)"
LEG00081-2,SHP00081,2,PORT_P002,Port of Barcelona,Port,Spain,41.3522,2.1686,PORT_P018,Port of Dammam,Port,Saudi Arabia,26.498,50.184,Sea Breakbulk,CAR004,V001,2025-03-11T05:41:06,2025-03-11T04:21:56,2025-03-19T12:47:06,2025-03-20T08:30:25,5173.4,5559.7,199.1,220.1,21.0,Port congestion,13944.55,3429.22,"LINESTRING (2.1686 41.3522, 50.184 26.498)"
LEG00081-3,SHP00081,3,PORT_P018,Port of Dammam,Port,Saudi Arabia,26.498,50.184,FAC_F017,Dammam Gas Project Site,Project Site,Saudi Arabia,26.4207,50.0888,Road,CAR004,V001,2025-03-19T16:58:16,2025-03-21T00:56:51,2025-03-19T23:34:16,2025-03-21T07:21:20,16.9,17.9,6.6,6.4,0,None,510.85,43.7,"LINESTRING (50.184 26.498, 50.0888 26.4207)"
LEG00082-1,SHP00082,1,FAC_F012,Antwerp EPC Supplier Yard,Vendor,Belgium,51.2194,4.4025,PORT_P007,Port of Antwerp-Bruges,Port,Belgium,51.2639,4.4009,Road,CAR006,,2025-07-10T11:00:00,2025-07-10T10:56:29,2025-07-10T21:00:00,2025-07-10T19:16:12,6.5,6.8,10.0,8.3,0,None,584.32,22.54,"LINESTRING (4.4025 51.2194, 4.4009 51.2639)"
LEG00082-2,SHP00082,2,PORT_P007,Port of Antwerp-Bruges,Port,Belgium,51.2639,4.4009,PORT_P001,Port of Valencia,Port,Spain,39.461,-0.323,Container Sea,CAR006,,2025-07-11T04:13:32,2025-07-11T11:26:14,2025-07-14T11:25:32,2025-07-14T18:36:30,1406.5,1467.5,79.2,79.2,0,None,4170.21,921.62,"LINESTRING (4.4009 51.2639, -0.323 39.461)"
LEG00082-3,SHP00082,3,PORT_P001,Port of Valencia,Port,Spain,39.461,-0.323,FAC_F001,Zaragoza Distribution Hub,Warehouse,Spain,41.6488,-0.8891,Road,CAR006,,2025-07-14T15:37:57,2025-07-15T01:35:03,2025-07-15T05:19:57,2025-07-15T17:11:50,322.2,340.8,13.7,15.6,1.9,None,2761.3,1129.6,"LINESTRING (-0.323 39.461, -0.8891 41.6488)"
LEG00083-1,SHP00083,1,FAC_F005,Tarragona Equipment Vendor,Vendor,Spain,41.1189,1.2445,PORT_P002,Port of Barcelona,Port,Spain,41.3522,2.1686,Road,CAR010,V014,2024-03-18T13:00:00,2024-03-18T13:42:12,2024-03-18T19:24:00,2024-03-18T23:53:28,98.9,103.8,6.4,10.2,3.8,None,1787.82,719.16,"LINESTRING (1.2445 41.1189, 2.1686 41.3522)"
LEG00083-2,SHP00083,2,PORT_P002,Port of Barcelona,Port,Spain,41.3522,2.1686,PORT_P005,Port of Sines,Port,Portugal,37.9543,-8.8631,Sea Breakbulk,CAR010,V014,2024-03-19T06:41:58,2024-03-19T13:54:19,2024-03-21T22:05:58,2024-03-22T09:02:52,1043.9,1044.1,63.4,67.1,3.7,None,9927.84,1827.51,"LINESTRING (2.1686 41.3522, -8.8631 37.9543)"
LEG00083-3,SHP00083,3,PORT_P005,Port of Sines,Port,Portugal,37.9543,-8.8631,FAC_F007,Sines Energy Project Site,Project Site,Portugal,37.956,-8.868,Road,CAR010,V014,2024-03-22T09:23:56,2024-03-22T17:06:03,2024-03-22T18:29:56,2024-03-23T04:47:40,0.6,0.6,9.1,11.7,2.6,None,583.0,4.16,"LINESTRING (-8.8631 37.9543, -8.868 37.956)"
LEG00084-1,SHP00084,1,FAC_F004,Bilbao Steel Fabricator,Vendor,Spain,43.263,-2.935,FAC_F001,Zaragoza Distribution Hub,Warehouse,Spain,41.6488,-0.8891,Road,CAR008,,2024-12-17T11:00:00,2024-12-17T13:21:40,2024-12-17T22:24:00,2024-12-17T22:56:58,298.1,303.1,11.4,9.6,0,None,3669.16,1712.98,"LINESTRING (-2.935 43.263, -0.8891 41.6488)"
LEG00085-1,SHP00085,1,FAC_F003,Puertollano Module Yard,Module Yard,Spain,38.6871,-4.1121,PORT_P003,Port of Algeciras,Port,Spain,36.1324,-5.4479,Road,CAR006,,2024-08-08T07:00:00,2024-08-08T08:51:36,2024-08-08T17:30:00,2024-08-09T06:33:16,362.2,363.7,10.5,21.7,11.2,Weather disruption,1764.12,711.76,"LINESTRING (-4.1121 38.6871, -5.4479 36.1324)"
LEG00085-2,SHP00085,2,PORT_P003,Port of Algeciras,Port,Spain,36.1324,-5.4479,PORT_P001,Port of Valencia,Port,Spain,39.461,-0.323,Container Sea,CAR006,,2024-08-09T07:52:25,2024-08-09T21:16:26,2024-08-12T00:58:25,2024-08-12T18:04:31,604.3,621.3,65.1,68.8,3.7,None,2076.7,230.38,"LINESTRING (-5.4479 36.1324, -0.323 39.461)"
LEG00085-3,SHP00085,3,PORT_P001,Port of Valencia,Port,Spain,39.461,-0.323,FAC_F001,Zaragoza Distribution Hub,Warehouse,Spain,41.6488,-0.8891,Road,CAR006,,2024-08-12T09:39:30,2024-08-13T05:20:38,2024-08-12T21:57:30,2024-08-15T01:45:38,300.3,321.4,12.3,44.4,32.1,Road permit delay,1609.19,628.98,"LINESTRING (-0.323 39.461, -0.8891 41.6488)"
LEG00086-1,SHP00086,1,FAC_F012,Antwerp EPC Supplier Yard,Vendor,Belgium,51.2194,4.4025,PORT_P007,Port of Antwerp-Bruges,Port,Belgium,51.2639,4.4009,Road,CAR004,V001,2025-04-10T13:00:00,2025-04-10T13:38:49,2025-04-10T16:30:00,2025-04-10T18:43:24,6.2,6.5,3.5,5.1,1.6,None,574.92,15.73,"LINESTRING (4.4025 51.2194, 4.4009 51.2639)"
LEG00086-2,SHP00086,2,PORT_P007,Port of Antwerp-Bruges,Port,Belgium,51.2639,4.4009,PORT_P006,Port of Rotterdam,Port,Netherlands,51.947,4.142,Sea Breakbulk,CAR004,V001,2025-04-11T08:24:02,2025-04-11T07:23:00,2025-04-13T00:42:02,2025-04-12T22:05:30,84.0,86.7,40.3,38.7,0,None,4253.47,53.0,"LINESTRING (4.4009 51.2639, 4.142 51.947)"
LEG00086-3,SHP00086,3,PORT_P006,Port of Rotterdam,Port,Netherlands,51.947,4.142,FAC_F011,Rotterdam Consolidation Hub,Consolidation Hub,Netherlands,51.9244,4.4777,Road,CAR004,V001,2025-04-13T16:23:56,2025-04-13T01:24:06,2025-04-14T02:11:56,2025-04-13T10:14:41,28.3,29.0,9.8,8.8,0,None,695.78,70.17,"LINESTRING (4.142 51.947, 4.4777 51.9244)"
LEG00087-1,SHP00087,1,FAC_F010,Milan Valve Plant,Vendor,Italy,45.4642,9.19,PORT_P010,Port of Genoa,Port,Italy,44.41,8.925,Road,CAR010,V004,2024-04-24T14:00:00,2024-04-24T13:07:57,2024-04-24T23:12:00,2024-04-25T01:05:58,136.3,138.0,9.2,12.0,2.8,None,750.14,93.08,"LINESTRING (9.19 45.4642, 8.925 44.41)"
LEG00087-2,SHP00087,2,PORT_P010,Port of Genoa,Port,Italy,44.41,8.925,PORT_P006,Port of Rotterdam,Port,Netherlands,51.947,4.142,Sea Breakbulk,CAR010,V004,2024-04-25T11:17:23,2024-04-25T18:36:31,2024-04-28T12:17:23,2024-04-28T17:58:14,1011.7,1075.3,73.0,71.4,0,None,4235.42,183.23,"LINESTRING (8.925 44.41, 4.142 51.947)"
LEG00087-3,SHP00087,3,PORT_P006,Port of Rotterdam,Port,Netherlands,51.947,4.142,FAC_F011,Rotterdam Consolidation Hub,Consolidation Hub,Netherlands,51.9244,4.4777,Road,CAR010,V004,2024-04-29T01:54:13,2024-04-29T04:06:23,2024-04-29T09:36:13,2024-04-29T13:25:51,29.1,30.5,7.7,9.3,1.6,None,502.31,20.57,"LINESTRING (4.142 51.947, 4.4777 51.9244)"
LEG00088-1,SHP00088,1,FAC_F012,Antwerp EPC Supplier Yard,Vendor,Belgium,51.2194,4.4025,FAC_F001,Zaragoza Distribution Hub,Warehouse,Spain,41.6488,-0.8891,Road,CAR002,,2025-07-11T09:00:00,2025-07-11T10:46:03,2025-07-12T13:36:00,2025-07-12T15:43:51,1390.6,1498.6,28.6,29.0,0.4,None,17008.94,9094.4,"LINESTRING (4.4025 51.2194, -0.8891 41.6488)"
LEG00089-1,SHP00089,1,FAC_F014,Cadiz Module Yard,Module Yard,Spain,36.5271,-6.2886,PORT_P003,Port of Algeciras,Port,Spain,36.1324,-5.4479,Road,CAR006,,2024-11-06T15:00:00,2024-11-06T14:03:29,2024-11-07T00:24:00,2024-11-06T23:01:19,104.5,105.0,9.4,9.0,0,None,1458.31,470.42,"LINESTRING (-6.2886 36.5271, -5.4479 36.1324)"
LEG00089-2,SHP00089,2,PORT_P003,Port of Algeciras,Port,Spain,36.1324,-5.4479,PORT_P005,Port of Sines,Port,Portugal,37.9543,-8.8631,Container Sea,CAR006,,2024-11-07T12:48:27,2024-11-07T14:45:53,2024-11-09T19:24:27,2024-11-10T00:00:00,382.3,396.3,54.6,57.2,2.6,None,2850.75,336.41,"LINESTRING (-5.4479 36.1324, -8.8631 37.9543)"
LEG00089-3,SHP00089,3,PORT_P005,Port of Sines,Port,Portugal,37.9543,-8.8631,FAC_F007,Sines Energy Project Site,Project Site,Portugal,37.956,-8.868,Road,CAR006,,2024-11-10T08:29:59,2024-11-10T11:29:19,2024-11-10T14:05:59,2024-11-10T16:10:12,0.6,0.6,5.6,4.7,0,None,581.04,2.69,"LINESTRING (-8.8631 37.9543, -8.868 37.956)"
LEG00090-1,SHP00090,1,FAC_F014,Cadiz Module Yard,Module Yard,Spain,36.5271,-6.2886,PORT_P003,Port of Algeciras,Port,Spain,36.1324,-5.4479,Road,CAR010,V014,2024-11-21T10:00:00,2024-11-21T11:01:24,2024-11-21T20:24:00,2024-11-21T22:47:27,110.8,115.3,10.4,11.8,1.4,None,1700.26,438.91,"LINESTRING (-6.2886 36.5271, -5.4479 36.1324)"
LEG00090-2,SHP00090,2,PORT_P003,Port of Algeciras,Port,Spain,36.1324,-5.4479,PORT_P018,Port of Dammam,Port,Saudi Arabia,26.498,50.184,Sea Breakbulk,CAR010,V014,2024-11-22T09:30:02,2024-11-22T12:26:15,2024-12-01T16:48:02,2024-12-02T22:52:55,5956.7,5959.5,223.3,250.4,27.1,Customs hold,28900.2,5731.13,"LINESTRING (-5.4479 36.1324, 50.184 26.498)"
LEG00090-3,SHP00090,3,PORT_P018,Port of Dammam,Port,Saudi Arabia,26.498,50.184,FAC_F017,Dammam Gas Project Site,Project Site,Saudi Arabia,26.4207,50.0888,Road,CAR010,V014,2024-12-01T21:58:16,2024-12-03T02:03:16,2024-12-02T01:46:16,2024-12-03T07:06:12,16.5,17.1,3.8,5.0,1.2,None,822.46,65.09,"LINESTRING (50.184 26.498, 50.0888 26.4207)"
LEG00091-1,SHP00091,1,FAC_F012,Antwerp EPC Supplier Yard,Vendor,Belgium,51.2194,4.4025,PORT_P007,Port of Antwerp-Bruges,Port,Belgium,51.2639,4.4009,Road,CAR005,V009,2024-04-12T12:00:00,2024-04-12T13:18:05,2024-04-12T15:30:00,2024-04-12T18:19:49,6.4,6.5,3.5,5.0,1.5,None,411.62,2.13,"LINESTRING (4.4025 51.2194, 4.4009 51.2639)"
LEG00091-2,SHP00091,2,PORT_P007,Port of Antwerp-Bruges,Port,Belgium,51.2639,4.4009,PORT_P005,Port of Sines,Port,Portugal,37.9543,-8.8631,Container Sea,CAR005,V009,2024-04-13T02:07:30,2024-04-13T08:17:25,2024-04-17T06:31:30,2024-04-17T13:50:42,1983.3,2137.1,100.4,101.6,1.2,None,2283.72,132.71,"LINESTRING (4.4009 51.2639, -8.8631 37.9543)"
LEG00091-3,SHP00091,3,PORT_P005,Port of Sines,Port,Portugal,37.9543,-8.8631,FAC_F007,Sines Energy Project Site,Project Site,Portugal,37.956,-8.868,Road,CAR005,V009,2024-04-17T22:16:29,2024-04-18T05:19:54,2024-04-18T02:34:29,2024-04-18T13:37:40,0.6,0.6,4.3,8.3,4.0,None,401.07,0.2,"LINESTRING (-8.8631 37.9543, -8.868 37.956)"
LEG00092-1,SHP00092,1,FAC_F003,Puertollano Module Yard,Module Yard,Spain,38.6871,-4.1121,PORT_P003,Port of Algeciras,Port,Spain,36.1324,-5.4479,Road,CAR007,V011,2025-12-10T07:00:00,2025-12-10T07:50:39,2025-12-10T18:12:00,2025-12-10T17:17:27,387.9,388.8,11.2,9.4,0,None,1864.05,713.6,"LINESTRING (-4.1121 38.6871, -5.4479 36.1324)"
LEG00092-2,SHP00092,2,PORT_P003,Port of Algeciras,Port,Spain,36.1324,-5.4479,PORT_P009,Port of Marseille-Fos,Port,France,43.437,4.943,Sea Breakbulk,CAR007,V011,2025-12-11T07:22:11,2025-12-10T20:28:37,2025-12-14T08:10:11,2025-12-14T01:09:06,1246.2,1251.1,72.8,76.7,3.9,None,5217.86,580.11,"LINESTRING (-5.4479 36.1324, 4.943 43.437)"
LEG00092-3,SHP00092,3,PORT_P009,Port of Marseille-Fos,Port,France,43.437,4.943,FAC_F018,Marseille Wind Substation Site,Project Site,France,43.2965,5.3698,Road,CAR007,V011,2025-12-14T14:54:48,2025-12-14T16:05:43,2025-12-14T20:54:48,2025-12-15T06:34:04,47.8,49.3,6.0,14.5,8.5,Customs hold,613.59,90.49,"LINESTRING (4.943 43.437, 5.3698 43.2965)"
LEG00093-1,SHP00093,1,FAC_F014,Cadiz Module Yard,Module Yard,Spain,36.5271,-6.2886,PORT_P003,Port of Algeciras,Port,Spain,36.1324,-5.4479,Road,CAR010,V004,2025-11-26T09:00:00,2025-11-26T10:40:52,2025-11-26T15:00:00,2025-11-27T08:01:36,100.2,102.9,6.0,21.3,15.3,Road permit delay,1549.67,514.68,"LINESTRING (-6.2886 36.5271, -5.4479 36.1324)"
LEG00093-2,SHP00093,2,PORT_P003,Port of Algeciras,Port,Spain,36.1324,-5.4479,PORT_P018,Port of Dammam,Port,Saudi Arabia,26.498,50.184,Sea Breakbulk,CAR010,V004,2025-11-27T00:41:54,2025-11-27T12:01:19,2025-12-07T18:17:54,2025-12-08T06:11:34,5885.6,5970.2,257.6,258.2,0.6,None,29973.57,7543.94,"LINESTRING (-5.4479 36.1324, 50.184 26.498)"
LEG00093-3,SHP00093,3,PORT_P018,Port of Dammam,Port,Saudi Arabia,26.498,50.184,FAC_F017,Dammam Gas Project Site,Project Site,Saudi Arabia,26.4207,50.0888,Road,CAR010,V004,2025-12-08T08:25:10,2025-12-08T19:14:22,2025-12-08T14:19:10,2025-12-09T00:05:45,14.9,15.3,5.9,4.9,0,None,720.77,76.53,"LINESTRING (50.184 26.498, 50.0888 26.4207)"
LEG00094-1,SHP00094,1,FAC_F009,Lyon Fabrication Partner,Vendor,France,45.764,4.8357,PORT_P009,Port of Marseille-Fos,Port,France,43.437,4.943,Road,CAR007,V005,2025-07-21T09:00:00,2025-07-21T11:50:25,2025-07-21T20:00:00,2025-07-21T21:12:10,337.0,360.3,11.0,9.4,0,None,1712.6,648.29,"LINESTRING (4.8357 45.764, 4.943 43.437)"
LEG00094-2,SHP00094,2,PORT_P009,Port of Marseille-Fos,Port,France,43.437,4.943,PORT_P016,Port of Alexandria,Port,Egypt,31.2001,29.9187,Sea Breakbulk,CAR007,V005,2025-07-22T06:51:26,2025-07-22T08:27:52,2025-07-27T16:51:26,2025-07-28T13:38:07,2808.0,2824.8,130.0,149.2,19.2,Customs hold,7543.67,1284.04,"LINESTRING (4.943 43.437, 29.9187 31.2001)"
LEG00094-3,SHP00094,3,PORT_P016,Port of Alexandria,Port,Egypt,31.2001,29.9187,FAC_F016,Alexandria Water Project Site,Project Site,Egypt,31.2001,29.9187,Road,CAR007,V005,2025-07-28T01:19:37,2025-07-28T20:50:01,2025-07-28T06:43:37,2025-07-29T05:26:17,0.0,0.0,5.4,8.6,3.2,None,432.0,0.0,"LINESTRING (29.9187 31.2001, 29.9187 31.2001)"
LEG00095-1,SHP00095,1,FAC_F004,Bilbao Steel Fabricator,Vendor,Spain,43.263,-2.935,PORT_P004,Port of Bilbao,Port,Spain,43.3476,-3.0443,Road,CAR004,V001,2024-10-07T12:00:00,2024-10-07T12:42:34,2024-10-07T18:18:00,2024-10-07T22:10:21,16.7,17.0,6.3,9.5,3.2,None,794.39,49.24,"LINESTRING (-2.935 43.263, -3.0443 43.3476)"
LEG00095-2,SHP00095,2,PORT_P004,Port of Bilbao,Port,Spain,43.3476,-3.0443,PORT_P018,Port of Dammam,Port,Saudi Arabia,26.498,50.184,Sea Breakbulk,CAR004,V001,2024-10-08T09:22:16,2024-10-08T04:04:39,2024-10-18T17:46:16,2024-10-18T14:58:59,5363.7,5555.8,248.4,250.9,2.5,None,23030.79,4065.51,"LINESTRING (-3.0443 43.3476, 50.184 26.498)"
LEG00095-3,SHP00095,3,PORT_P018,Port of Dammam,Port,Saudi Arabia,26.498,50.184,FAC_F017,Dammam Gas Project Site,Project Site,Saudi Arabia,26.4207,50.0888,Road,CAR004,V001,2024-10-19T00:19:12,2024-10-19T00:51:30,2024-10-19T05:55:12,2024-10-19T09:01:46,15.4,16.5,5.6,8.2,2.6,None,790.72,47.79,"LINESTRING (50.184 26.498, 50.0888 26.4207)"
LEG00096-1,SHP00096,1,FAC_F013,Valencia Export Depot,Warehouse,Spain,39.4699,-0.3763,PORT_P001,Port of Valencia,Port,Spain,39.461,-0.323,Road,CAR003,V010,2025-06-12T07:00:00,2025-06-12T08:42:46,2025-06-12T14:18:00,2025-06-12T18:02:28,5.3,5.4,7.3,9.3,2.0,None,694.94,6.09,"LINESTRING (-0.3763 39.4699, -0.323 39.461)"
LEG00096-2,SHP00096,2,PORT_P001,Port of Valencia,Port,Spain,39.461,-0.323,PORT_P012,Port of Casablanca,Port,Morocco,33.605,-7.611,RoRo,CAR003,V010,2025-06-13T04:00:08,2025-06-12T22:38:07,2025-06-15T00:30:08,2025-06-14T17:36:44,1021.4,1025.3,44.5,43.0,0,None,3523.19,365.42,"LINESTRING (-0.323 39.461, -7.611 33.605)"
LEG00096-3,SHP00096,3,PORT_P012,Port of Casablanca,Port,Morocco,33.605,-7.611,FAC_F008,Casablanca Desalination Site,Project Site,Morocco,33.5731,-7.5898,Road,CAR003,V010,2025-06-15T10:16:06,2025-06-15T10:08:16,2025-06-15T14:22:06,2025-06-15T12:59:21,5.3,5.3,4.1,2.9,0,None,694.47,5.98,"LINESTRING (-7.611 33.605, -7.5898 33.5731)"
LEG00097-1,SHP00097,1,FAC_F010,Milan Valve Plant,Vendor,Italy,45.4642,9.19,PORT_P010,Port of Genoa,Port,Italy,44.41,8.925,Road,CAR004,V008,2024-11-19T13:00:00,2024-11-19T14:09:14,2024-11-20T00:06:00,2024-11-20T04:36:24,155.3,158.6,11.1,14.5,3.4,None,813.09,116.77,"LINESTRING (9.19 45.4642, 8.925 44.41)"
LEG00097-2,SHP00097,2,PORT_P010,Port of Genoa,Port,Italy,44.41,8.925,PORT_P012,Port of Casablanca,Port,Morocco,33.605,-7.611,Sea Breakbulk,CAR004,V008,2024-11-20T05:41:03,2024-11-20T10:18:58,2024-11-24T05:23:03,2024-11-24T13:14:20,2012.0,2039.2,95.7,98.9,3.2,None,5218.32,379.29,"LINESTRING (8.925 44.41, -7.611 33.605)"
LEG00097-3,SHP00097,3,PORT_P012,Port of Casablanca,Port,Morocco,33.605,-7.611,FAC_F008,Casablanca Desalination Site,Project Site,Morocco,33.5731,-7.5898,Road,CAR004,V008,2024-11-24T21:16:38,2024-11-24T22:27:42,2024-11-25T01:04:38,2024-11-25T10:59:45,5.2,5.4,3.8,12.5,8.7,Port congestion,444.98,3.98,"LINESTRING (-7.611 33.605, -7.5898 33.5731)"
LEG00098-1,SHP00098,1,FAC_F001,Zaragoza Distribution Hub,Warehouse,Spain,41.6488,-0.8891,PORT_P001,Port of Valencia,Port,Spain,39.461,-0.323,Road,CAR006,,2025-08-06T10:00:00,2025-08-06T11:13:19,2025-08-06T21:42:00,2025-08-06T22:32:37,300.8,324.4,11.7,11.3,0,None,1088.35,144.84,"LINESTRING (-0.8891 41.6488, -0.323 39.461)"
LEG00098-2,SHP00098,2,PORT_P001,Port of Valencia,Port,Spain,39.461,-0.323,PORT_P009,Port of Marseille-Fos,Port,France,43.437,4.943,Container Sea,CAR006,,2025-08-07T02:30:32,2025-08-07T11:02:09,2025-08-09T07:30:32,2025-08-09T19:26:55,696.7,703.3,53.0,56.4,3.4,None,1869.39,59.5,"LINESTRING (-0.323 39.461, 4.943 43.437)"
LEG00098-3,SHP00098,3,PORT_P009,Port of Marseille-Fos,Port,France,43.437,4.943,FAC_F018,Marseille Wind Substation Site,Project Site,France,43.2965,5.3698,Road,CAR006,,2025-08-09T13:53:55,2025-08-10T13:25:44,2025-08-09T20:53:55,2025-08-10T20:48:19,48.6,49.8,7.0,7.4,0.4,None,532.76,22.24,"LINESTRING (4.943 43.437, 5.3698 43.2965)"
LEG00099-1,SHP00099,1,FAC_F015,Tangier Free Zone DC,Warehouse,Morocco,35.7595,-5.834,PORT_P011,Port of Tanger Med,Port,Morocco,35.889,-5.501,Road,CAR005,V013,2024-08-16T10:00:00,2024-08-16T09:32:56,2024-08-16T18:00:00,2024-08-17T12:48:13,43.2,43.8,8.0,27.3,19.3,Customs hold,420.94,62.25,"LINESTRING (-5.834 35.7595, -5.501 35.889)"
LEG00099-2,SHP00099,2,PORT_P011,Port of Tanger Med,Port,Morocco,35.889,-5.501,PORT_P009,Port of Marseille-Fos,Port,France,43.437,4.943,Container Sea,CAR005,V013,2024-08-17T03:37:40,2024-08-18T01:44:08,2024-08-20T21:01:40,2024-08-21T18:11:36,1310.3,1398.1,89.4,88.5,0,None,1886.38,376.48,"LINESTRING (-5.501 35.889, 4.943 43.437)"
LEG00099-3,SHP00099,3,PORT_P009,Port of Marseille-Fos,Port,France,43.437,4.943,FAC_F018,Marseille Wind Substation Site,Project Site,France,43.2965,5.3698,Road,CAR005,V013,2024-08-21T04:35:24,2024-08-22T05:34:22,2024-08-21T09:29:24,2024-08-22T14:21:23,47.5,50.3,4.9,8.8,3.9,None,435.92,71.49,"LINESTRING (4.943 43.437, 5.3698 43.2965)"
LEG00100-1,SHP00100,1,FAC_F012,Antwerp EPC Supplier Yard,Vendor,Belgium,51.2194,4.4025,PORT_P007,Port of Antwerp-Bruges,Port,Belgium,51.2639,4.4009,Road,CAR010,V014,2024-08-20T13:00:00,2024-08-20T12:49:47,2024-08-20T17:24:00,2024-08-20T18:13:53,6.3,6.7,4.4,5.4,1.0,None,463.64,19.51,"LINESTRING (4.4025 51.2194, 4.4009 51.2639)"
LEG00100-2,SHP00100,2,PORT_P007,Port of Antwerp-Bruges,Port,Belgium,51.2639,4.4009,PORT_P016,Port of Alexandria,Port,Egypt,31.2001,29.9187,Sea Breakbulk,CAR010,V014,2024-08-21T01:13:05,2024-08-21T07:10:58,2024-08-26T06:37:05,2024-08-26T12:26:59,3211.8,3231.8,125.4,125.3,0,None,9981.51,2377.31,"LINESTRING (4.4009 51.2639, 29.9187 31.2001)"
LEG00100-3,SHP00100,3,PORT_P016,Port of Alexandria,Port,Egypt,31.2001,29.9187,FAC_F016,Alexandria Water Project Site,Project Site,Egypt,31.2001,29.9187,Road,CAR010,V014,2024-08-26T21:01:25,2024-08-26T18:26:28,2024-08-27T05:31:25,2024-08-27T03:52:17,0.0,0.0,8.5,9.4,0.9,None,432.0,0.0,"LINESTRING (29.9187 31.2001, 29.9187 31.2001)"
LEG00101-1,SHP00101,1,FAC_F001,Zaragoza Distribution Hub,Warehouse,Spain,41.6488,-0.8891,PORT_P001,Port of Valencia,Port,Spain,39.461,-0.323,Road,CAR010,V004,2025-06-10T07:00:00,2025-06-10T09:41:43,2025-06-10T21:36:00,2025-06-11T09:06:56,320.6,321.2,14.6,23.4,8.8,Carrier capacity,1243.08,269.44,"LINESTRING (-0.8891 41.6488, -0.323 39.461)"
LEG00101-2,SHP00101,2,PORT_P001,Port of Valencia,Port,Spain,39.461,-0.323,PORT_P016,Port of Alexandria,Port,Egypt,31.2001,29.9187,Sea Breakbulk,CAR010,V004,2025-06-11T04:00:58,2025-06-11T23:45:11,2025-06-17T07:00:58,2025-06-18T05:01:34,3041.0,3116.4,147.0,149.3,2.3,None,6444.13,660.43,"LINESTRING (-0.323 39.461, 29.9187 31.2001)"
LEG00101-3,SHP00101,3,PORT_P016,Port of Alexandria,Port,Egypt,31.2001,29.9187,FAC_F016,Alexandria Water Project Site,Project Site,Egypt,31.2001,29.9187,Road,CAR010,V004,2025-06-17T11:07:58,2025-06-18T11:56:17,2025-06-17T20:31:58,2025-06-18T19:39:25,0.0,0.0,9.4,7.7,0,None,432.0,0.0,"LINESTRING (29.9187 31.2001, 29.9187 31.2001)"
LEG00102-1,SHP00102,1,FAC_F010,Milan Valve Plant,Vendor,Italy,45.4642,9.19,PORT_P010,Port of Genoa,Port,Italy,44.41,8.925,Road,CAR004,V008,2024-06-12T15:00:00,2024-06-12T17:21:45,2024-06-12T21:54:00,2024-06-13T02:47:29,150.8,152.3,6.9,9.4,2.5,None,939.19,254.36,"LINESTRING (9.19 45.4642, 8.925 44.41)"
LEG00102-2,SHP00102,2,PORT_P010,Port of Genoa,Port,Italy,44.41,8.925,PORT_P001,Port of Valencia,Port,Spain,39.461,-0.323,Sea Breakbulk,CAR004,V008,2024-06-13T08:46:16,2024-06-13T16:31:11,2024-06-16T07:22:16,2024-06-17T21:14:59,997.6,1035.8,70.6,100.7,30.1,Port congestion,4711.26,437.02,"LINESTRING (8.925 44.41, -0.323 39.461)"
LEG00102-3,SHP00102,3,PORT_P001,Port of Valencia,Port,Spain,39.461,-0.323,FAC_F001,Zaragoza Distribution Hub,Warehouse,Spain,41.6488,-0.8891,Road,CAR004,V008,2024-06-16T19:04:18,2024-06-18T13:09:36,2024-06-17T06:40:18,2024-06-19T00:39:35,285.6,283.2,11.6,11.5,0,None,1375.11,472.97,"LINESTRING (-0.323 39.461, -0.8891 41.6488)"
LEG00103-1,SHP00103,1,FAC_F011,Rotterdam Consolidation Hub,Consolidation Hub,Netherlands,51.9244,4.4777,PORT_P006,Port of Rotterdam,Port,Netherlands,51.947,4.142,Road,CAR006,,2024-06-27T14:00:00,2024-06-27T16:49:21,2024-06-27T22:54:00,2024-06-28T04:50:18,30.5,32.9,8.9,12.0,3.1,None,564.08,7.72,"LINESTRING (4.4777 51.9244, 4.142 51.947)"
LEG00103-2,SHP00103,2,PORT_P006,Port of Rotterdam,Port,Netherlands,51.947,4.142,PORT_P012,Port of Casablanca,Port,Morocco,33.605,-7.611,Container Sea,CAR006,,2024-06-28T10:31:20,2024-06-28T13:23:06,2024-07-03T10:49:20,2024-07-03T12:30:49,2357.7,2508.2,120.3,119.1,0,None,2927.03,111.51,"LINESTRING (4.142 51.947, -7.611 33.605)"
LEG00103-3,SHP00103,3,PORT_P012,Port of Casablanca,Port,Morocco,33.605,-7.611,FAC_F008,Casablanca Desalination Site,Project Site,Morocco,33.5731,-7.5898,Road,CAR006,,2024-07-03T20:52:16,2024-07-04T00:08:50,2024-07-04T06:10:16,2024-07-04T12:28:57,4.6,4.9,9.3,12.3,3.0,None,506.14,1.15,"LINESTRING (-7.611 33.605, -7.5898 33.5731)"
LEG00104-1,SHP00104,1,FAC_F002,Madrid Cross Dock,Cross Dock,Spain,40.4168,-3.7038,PORT_P001,Port of Valencia,Port,Spain,39.461,-0.323,Road,CAR006,,2024-05-01T14:00:00,2024-05-01T14:01:17,2024-05-02T00:42:00,2024-05-02T02:29:56,353.4,378.6,10.7,12.5,1.8,None,2117.06,1012.47,"LINESTRING (-3.7038 40.4168, -0.323 39.461)"
LEG00104-2,SHP00104,2,PORT_P001,Port of Valencia,Port,Spain,39.461,-0.323,PORT_P006,Port of Rotterdam,Port,Netherlands,51.947,4.142,Container Sea,CAR006,,2024-05-02T05:26:49,2024-05-02T10:21:38,2024-05-05T17:50:49,2024-05-06T09:09:22,1511.7,1592.4,84.4,94.8,10.4,Customs hold,3196.97,806.87,"LINESTRING (-0.323 39.461, 4.142 51.947)"
LEG00104-3,SHP00104,3,PORT_P006,Port of Rotterdam,Port,Netherlands,51.947,4.142,FAC_F011,Rotterdam Consolidation Hub,Consolidation Hub,Netherlands,51.9244,4.4777,Road,CAR006,,2024-05-05T23:25:53,2024-05-06T15:18:00,2024-05-06T04:37:53,2024-05-06T19:21:42,30.8,30.7,5.2,4.1,0,None,568.64,82.1,"LINESTRING (4.142 51.947, 4.4777 51.9244)"
LEG00105-1,SHP00105,1,FAC_F014,Cadiz Module Yard,Module Yard,Spain,36.5271,-6.2886,PORT_P003,Port of Algeciras,Port,Spain,36.1324,-5.4479,Road,CAR006,,2025-11-20T07:00:00,2025-11-20T07:02:12,2025-11-20T13:12:00,2025-11-20T12:09:30,100.2,100.0,6.2,5.1,0,None,949.47,328.51,"LINESTRING (-6.2886 36.5271, -5.4479 36.1324)"
LEG00105-2,SHP00105,2,PORT_P003,Port of Algeciras,Port,Spain,36.1324,-5.4479,PORT_P009,Port of Marseille-Fos,Port,France,43.437,4.943,Container Sea,CAR006,,2025-11-21T04:13:43,2025-11-20T16:06:37,2025-11-24T15:19:43,2025-11-24T04:06:06,1340.9,1403.8,83.1,84.0,0.9,None,3245.47,873.78,"LINESTRING (-5.4479 36.1324, 4.943 43.437)"
LEG00105-3,SHP00105,3,PORT_P009,Port of Marseille-Fos,Port,France,43.437,4.943,FAC_F018,Marseille Wind Substation Site,Project Site,France,43.2965,5.3698,Road,CAR006,,2025-11-25T05:30:24,2025-11-24T09:29:30,2025-11-25T10:54:24,2025-11-24T18:33:30,43.0,46.0,5.4,9.1,3.7,None,670.04,151.11,"LINESTRING (4.943 43.437, 5.3698 43.2965)"
LEG00106-1,SHP00106,1,FAC_F011,Rotterdam Consolidation Hub,Consolidation Hub,Netherlands,51.9244,4.4777,FAC_F001,Zaragoza Distribution Hub,Warehouse,Spain,41.6488,-0.8891,Road,CAR002,,2024-01-10T08:00:00,2024-01-10T10:35:45,2024-01-11T12:42:00,2024-01-11T15:01:35,1432.2,1532.6,28.7,28.4,0,None,2738.91,856.11,"LINESTRING (4.4777 51.9244, -0.8891 41.6488)"
LEG00107-1,SHP00107,1,FAC_F004,Bilbao Steel Fabricator,Vendor,Spain,43.263,-2.935,PORT_P004,Port of Bilbao,Port,Spain,43.3476,-3.0443,Road,CAR007,V011,2024-09-30T08:00:00,2024-09-30T10:57:26,2024-09-30T16:48:00,2024-09-30T23:13:03,15.7,15.7,8.8,12.3,3.5,None,895.58,73.5,"LINESTRING (-2.935 43.263, -3.0443 43.3476)"
LEG00107-2,SHP00107,2,PORT_P004,Port of Bilbao,Port,Spain,43.3476,-3.0443,PORT_P009,Port of Marseille-Fos,Port,France,43.437,4.943,Sea Breakbulk,CAR007,V011,2024-10-01T01:01:54,2024-10-01T09:31:00,2024-10-03T23:55:54,2024-10-05T11:05:31,701.6,720.6,70.9,97.6,26.7,Road permit delay,9048.81,852.27,"LINESTRING (-3.0443 43.3476, 4.943 43.437)"
LEG00107-3,SHP00107,3,PORT_P009,Port of Marseille-Fos,Port,France,43.437,4.943,FAC_F018,Marseille Wind Substation Site,Project Site,France,43.2965,5.3698,Road,CAR007,V011,2024-10-04T10:11:32,2024-10-05T21:33:25,2024-10-04T18:11:32,2024-10-06T05:16:54,50.3,53.5,8.0,7.7,0,None,1318.33,250.47,"LINESTRING (4.943 43.437, 5.3698 43.2965)"
LEG00108-1,SHP00108,1,FAC_F001,Zaragoza Distribution Hub,Warehouse,Spain,41.6488,-0.8891,PORT_P001,Port of Valencia,Port,Spain,39.461,-0.323,Road,CAR004,V001,2025-09-28T08:00:00,2025-09-28T09:44:57,2025-09-28T19:00:00,2025-09-28T19:27:57,295.8,298.2,11.0,9.7,0,None,1521.65,291.79,"LINESTRING (-0.8891 41.6488, -0.323 39.461)"
LEG00108-2,SHP00108,2,PORT_P001,Port of Valencia,Port,Spain,39.461,-0.323,PORT_P009,Port of Marseille-Fos,Port,France,43.437,4.943,Sea Breakbulk,CAR004,V001,2025-09-29T07:34:24,2025-09-29T11:11:59,2025-10-01T23:22:24,2025-10-02T03:37:12,679.9,729.0,63.8,64.4,0.6,None,5037.13,180.21,"LINESTRING (-0.323 39.461, 4.943 43.437)"
LEG00108-3,SHP00108,3,PORT_P009,Port of Marseille-Fos,Port,France,43.437,4.943,FAC_F018,Marseille Wind Substation Site,Project Site,France,43.2965,5.3698,Road,CAR004,V001,2025-10-02T12:51:35,2025-10-02T16:34:07,2025-10-02T22:27:35,2025-10-03T02:42:11,46.3,46.6,9.6,10.1,0.5,None,693.4,45.6,"LINESTRING (4.943 43.437, 5.3698 43.2965)"
LEG00109-1,SHP00109,1,FAC_F013,Valencia Export Depot,Warehouse,Spain,39.4699,-0.3763,FAC_F008,Casablanca Desalination Site,Project Site,Morocco,33.5731,-7.5898,Road,CAR011,,2024-03-29T12:00:00,2024-03-29T11:46:20,2024-03-30T11:42:00,2024-03-30T12:28:08,1081.9,1112.0,23.7,24.7,1.0,None,2651.01,434.18,"LINESTRING (-0.3763 39.4699, -7.5898 33.5731)"
LEG00110-1,SHP00110,1,FAC_F012,Antwerp EPC Supplier Yard,Vendor,Belgium,51.2194,4.4025,PORT_P007,Port of Antwerp-Bruges,Port,Belgium,51.2639,4.4009,Road,CAR006,,2025-09-17T08:00:00,2025-09-17T07:12:31,2025-09-17T16:36:00,2025-09-17T14:53:52,5.6,5.9,8.6,7.7,0,None,444.13,2.75,"LINESTRING (4.4025 51.2194, 4.4009 51.2639)"
LEG00110-2,SHP00110,2,PORT_P007,Port of Antwerp-Bruges,Port,Belgium,51.2639,4.4009,PORT_P009,Port of Marseille-Fos,Port,France,43.437,4.943,Container Sea,CAR006,,2025-09-18T02:18:48,2025-09-17T17:55:50,2025-09-20T07:12:48,2025-09-19T23:18:19,913.8,918.5,52.9,53.4,0.5,None,1973.49,81.18,"LINESTRING (4.4009 51.2639, 4.943 43.437)"
LEG00110-3,SHP00110,3,PORT_P009,Port of Marseille-Fos,Port,France,43.437,4.943,FAC_F018,Marseille Wind Substation Site,Project Site,France,43.2965,5.3698,Road,CAR006,,2025-09-20T21:10:07,2025-09-20T09:27:31,2025-09-21T06:04:07,2025-09-21T05:00:58,43.2,45.6,8.9,19.6,10.7,Carrier capacity,525.78,21.27,"LINESTRING (4.943 43.437, 5.3698 43.2965)"
LEG00111-1,SHP00111,1,FAC_F003,Puertollano Module Yard,Module Yard,Spain,38.6871,-4.1121,PORT_P003,Port of Algeciras,Port,Spain,36.1324,-5.4479,Road,CAR006,,2025-10-06T09:00:00,2025-10-06T11:23:31,2025-10-06T20:48:00,2025-10-07T02:09:11,362.0,363.0,11.8,14.8,3.0,None,1806.87,755.57,"LINESTRING (-4.1121 38.6871, -5.4479 36.1324)"
LEG00111-2,SHP00111,2,PORT_P003,Port of Algeciras,Port,Spain,36.1324,-5.4479,PORT_P016,Port of Alexandria,Port,Egypt,31.2001,29.9187,Container Sea,CAR006,,2025-10-07T06:20:47,2025-10-07T15:30:08,2025-10-13T01:02:47,2025-10-13T08:39:44,3372.6,3370.6,138.7,137.2,0,None,4497.56,1329.3,"LINESTRING (-5.4479 36.1324, 29.9187 31.2001)"
LEG00111-3,SHP00111,3,PORT_P016,Port of Alexandria,Port,Egypt,31.2001,29.9187,FAC_F016,Alexandria Water Project Site,Project Site,Egypt,31.2001,29.9187,Road,CAR006,,2025-10-13T11:12:59,2025-10-13T13:30:51,2025-10-13T14:54:59,2025-10-13T17:21:13,0.0,0.0,3.7,3.8,0.1,None,432.0,0.0,"LINESTRING (29.9187 31.2001, 29.9187 31.2001)"
LEG00112-1,SHP00112,1,FAC_F012,Antwerp EPC Supplier Yard,Vendor,Belgium,51.2194,4.4025,PORT_P007,Port of Antwerp-Bruges,Port,Belgium,51.2639,4.4009,Road,CAR007,V005,2024-02-19T08:00:00,2024-02-19T07:52:31,2024-02-19T14:30:00,2024-02-19T13:48:15,6.1,6.2,6.5,5.9,0,None,784.4,27.45,"LINESTRING (4.4025 51.2194, 4.4009 51.2639)"
LEG00112-2,SHP00112,2,PORT_P007,Port of Antwerp-Bruges,Port,Belgium,51.2639,4.4009,PORT_P012,Port of Casablanca,Port,Morocco,33.605,-7.611,Sea Breakbulk,CAR007,V005,2024-02-19T20:43:38,2024-02-19T20:10:35,2024-02-24T12:13:38,2024-02-25T13:49:36,2329.6,2509.8,111.5,137.7,26.2,Port congestion,17171.76,2806.96,"LINESTRING (4.4009 51.2639, -7.611 33.605)"
LEG00112-3,SHP00112,3,PORT_P012,Port of Casablanca,Port,Morocco,33.605,-7.611,FAC_F008,Casablanca Desalination Site,Project Site,Morocco,33.5731,-7.5898,Road,CAR007,V005,2024-02-24T22:03:04,2024-02-25T20:23:54,2024-02-25T02:39:04,2024-02-26T12:00:01,5.3,5.3,4.6,15.6,11.0,Customs hold,775.05,23.46,"LINESTRING (-7.611 33.605, -7.5898 33.5731)"
LEG00113-1,SHP00113,1,FAC_F003,Puertollano Module Yard,Module Yard,Spain,38.6871,-4.1121,PORT_P003,Port of Algeciras,Port,Spain,36.1324,-5.4479,Road,CAR010,V007,2025-08-18T11:00:00,2025-08-18T13:28:20,2025-08-18T22:30:00,2025-08-19T01:21:38,352.1,368.6,11.5,11.9,0.4,None,1554.6,503.89,"LINESTRING (-4.1121 38.6871, -5.4479 36.1324)"
LEG00113-2,SHP00113,2,PORT_P003,Port of Algeciras,Port,Spain,36.1324,-5.4479,PORT_P009,Port of Marseille-Fos,Port,France,43.437,4.943,Sea Breakbulk,CAR010,V007,2025-08-19T05:13:09,2025-08-19T08:21:53,2025-08-22T17:49:09,2025-08-23T17:03:31,1344.1,1424.3,84.6,104.7,20.1,Customs hold,5065.3,491.9,"LINESTRING (-5.4479 36.1324, 4.943 43.437)"
LEG00113-3,SHP00113,3,PORT_P009,Port of Marseille-Fos,Port,France,43.437,4.943,FAC_F018,Marseille Wind Substation Site,Project Site,France,43.2965,5.3698,Road,CAR010,V007,2025-08-23T01:58:34,2025-08-23T20:56:22,2025-08-23T08:28:34,2025-08-24T03:31:15,46.5,46.7,6.5,6.6,0.1,None,574.23,63.84,"LINESTRING (4.943 43.437, 5.3698 43.2965)"
LEG00114-1,SHP00114,1,FAC_F012,Antwerp EPC Supplier Yard,Vendor,Belgium,51.2194,4.4025,PORT_P007,Port of Antwerp-Bruges,Port,Belgium,51.2639,4.4009,Road,CAR005,V003,2024-05-27T07:00:00,2024-05-27T09:01:59,2024-05-27T15:36:00,2024-05-27T16:38:34,5.8,5.9,8.6,7.6,0,None,329.0,2.48,"LINESTRING (4.4025 51.2194, 4.4009 51.2639)"
LEG00114-2,SHP00114,2,PORT_P007,Port of Antwerp-Bruges,Port,Belgium,51.2639,4.4009,PORT_P012,Port of Casablanca,Port,Morocco,33.605,-7.611,Container Sea,CAR005,V003,2024-05-27T20:46:19,2024-05-27T23:35:39,2024-06-01T19:10:19,2024-06-01T20:53:50,2351.3,2361.7,118.4,117.3,0,None,1951.47,187.9,"LINESTRING (4.4009 51.2639, -7.611 33.605)"
LEG00114-3,SHP00114,3,PORT_P012,Port of Casablanca,Port,Morocco,33.605,-7.611,FAC_F008,Casablanca Desalination Site,Project Site,Morocco,33.5731,-7.5898,Road,CAR005,V003,2024-06-02T10:49:25,2024-06-02T03:16:39,2024-06-02T18:31:25,2024-06-02T14:24:40,5.1,5.3,7.7,11.1,3.4,None,328.09,2.23,"LINESTRING (-7.611 33.605, -7.5898 33.5731)"
LEG00115-1,SHP00115,1,FAC_F010,Milan Valve Plant,Vendor,Italy,45.4642,9.19,PORT_P010,Port of Genoa,Port,Italy,44.41,8.925,Road,CAR004,V008,2025-04-21T14:00:00,2025-04-21T13:28:21,2025-04-21T20:48:00,2025-04-21T23:53:12,144.8,154.4,6.8,10.4,3.6,None,764.44,74.95,"LINESTRING (9.19 45.4642, 8.925 44.41)"
LEG00115-2,SHP00115,2,PORT_P010,Port of Genoa,Port,Italy,44.41,8.925,PORT_P016,Port of Alexandria,Port,Egypt,31.2001,29.9187,Sea Breakbulk,CAR004,V008,2025-04-22T05:27:21,2025-04-22T09:29:53,2025-04-27T13:15:21,2025-04-27T17:48:13,2397.1,2438.6,127.8,128.3,0.5,None,5308.27,299.07,"LINESTRING (8.925 44.41, 29.9187 31.2001)"
LEG00115-3,SHP00115,3,PORT_P016,Port of Alexandria,Port,Egypt,31.2001,29.9187,FAC_F016,Alexandria Water Project Site,Project Site,Egypt,31.2001,29.9187,Road,CAR004,V008,2025-04-27T20:56:50,2025-04-27T21:58:01,2025-04-28T00:32:50,2025-04-28T00:33:36,0.0,0.0,3.6,2.6,0,None,432.0,0.0,"LINESTRING (29.9187 31.2001, 29.9187 31.2001)"
LEG00116-1,SHP00116,1,FAC_F010,Milan Valve Plant,Vendor,Italy,45.4642,9.19,PORT_P010,Port of Genoa,Port,Italy,44.41,8.925,Road,CAR006,,2025-07-28T07:00:00,2025-07-28T08:29:05,2025-07-28T13:00:00,2025-07-28T16:18:10,154.2,156.3,6.0,7.8,1.8,None,821.35,128.59,"LINESTRING (9.19 45.4642, 8.925 44.41)"
LEG00116-2,SHP00116,2,PORT_P010,Port of Genoa,Port,Italy,44.41,8.925,PORT_P012,Port of Casablanca,Port,Morocco,33.605,-7.611,Container Sea,CAR006,,2025-07-28T19:34:15,2025-07-29T03:37:39,2025-08-01T11:40:15,2025-08-01T17:46:18,1962.1,1990.1,88.1,86.1,0,None,2670.66,310.22,"LINESTRING (8.925 44.41, -7.611 33.605)"
LEG00116-3,SHP00116,3,PORT_P012,Port of Casablanca,Port,Morocco,33.605,-7.611,FAC_F008,Casablanca Desalination Site,Project Site,Morocco,33.5731,-7.5898,Road,CAR006,,2025-08-01T19:35:56,2025-08-01T21:20:38,2025-08-02T00:59:56,2025-08-02T00:56:25,4.6,4.8,5.4,3.6,0,None,443.96,3.95,"LINESTRING (-7.611 33.605, -7.5898 33.5731)"
LEG00117-1,SHP00117,1,FAC_F013,Valencia Export Depot,Warehouse,Spain,39.4699,-0.3763,PORT_P001,Port of Valencia,Port,Spain,39.461,-0.323,Road,CAR010,V007,2024-09-10T13:00:00,2024-09-10T15:10:25,2024-09-10T17:48:00,2024-09-11T02:54:56,5.6,5.6,4.8,11.7,6.9,Carrier capacity,558.48,5.37,"LINESTRING (-0.3763 39.4699, -0.323 39.461)"
LEG00117-2,SHP00117,2,PORT_P001,Port of Valencia,Port,Spain,39.461,-0.323,PORT_P018,Port of Dammam,Port,Saudi Arabia,26.498,50.184,Sea Breakbulk,CAR010,V007,2024-09-11T07:33:22,2024-09-11T17:43:15,2024-09-20T19:21:22,2024-09-21T08:09:59,5375.7,5467.5,227.8,230.4,2.6,None,11462.23,1324.01,"LINESTRING (-0.323 39.461, 50.184 26.498)"
LEG00117-3,SHP00117,3,PORT_P018,Port of Dammam,Port,Saudi Arabia,26.498,50.184,FAC_F017,Dammam Gas Project Site,Project Site,Saudi Arabia,26.4207,50.0888,Road,CAR010,V007,2024-09-21T10:30:36,2024-09-21T23:33:08,2024-09-21T14:30:36,2024-09-22T03:15:06,15.2,15.2,4.0,3.7,0,None,590.17,14.57,"LINESTRING (50.184 26.498, 50.0888 26.4207)"
LEG00118-1,SHP00118,1,FAC_F003,Puertollano Module Yard,Module Yard,Spain,38.6871,-4.1121,PORT_P003,Port of Algeciras,Port,Spain,36.1324,-5.4479,Road,CAR004,V008,2025-08-28T14:00:00,2025-08-28T16:12:20,2025-08-29T02:48:00,2025-08-29T03:05:08,371.0,381.8,12.8,10.9,0,None,2200.35,675.37,"LINESTRING (-4.1121 38.6871, -5.4479 36.1324)"
LEG00118-2,SHP00118,2,PORT_P003,Port of Algeciras,Port,Spain,36.1324,-5.4479,PORT_P018,Port of Dammam,Port,Saudi Arabia,26.498,50.184,Sea Breakbulk,CAR004,V008,2025-08-29T06:48:49,2025-08-29T16:43:49,2025-09-06T15:48:49,2025-09-07T05:24:30,5876.8,5972.0,201.0,204.7,3.7,None,15169.74,2668.77,"LINESTRING (-5.4479 36.1324, 50.184 26.498)"
LEG00118-3,SHP00118,3,PORT_P018,Port of Dammam,Port,Saudi Arabia,26.498,50.184,FAC_F017,Dammam Gas Project Site,Project Site,Saudi Arabia,26.4207,50.0888,Road,CAR004,V008,2025-09-07T03:02:14,2025-09-07T08:40:51,2025-09-07T07:14:14,2025-09-07T15:03:59,16.5,17.6,4.2,6.4,2.2,None,616.54,31.13,"LINESTRING (50.184 26.498, 50.0888 26.4207)"
LEG00119-1,SHP00119,1,FAC_F011,Rotterdam Consolidation Hub,Consolidation Hub,Netherlands,51.9244,4.4777,PORT_P006,Port of Rotterdam,Port,Netherlands,51.947,4.142,Road,CAR006,,2025-03-13T13:00:00,2025-03-13T12:51:00,2025-03-13T20:00:00,2025-03-13T19:27:02,26.0,27.3,7.0,6.6,0,None,555.55,7.44,"LINESTRING (4.4777 51.9244, 4.142 51.947)"
LEG00119-2,SHP00119,2,PORT_P006,Port of Rotterdam,Port,Netherlands,51.947,4.142,PORT_P001,Port of Valencia,Port,Spain,39.461,-0.323,Container Sea,CAR006,,2025-03-14T06:33:20,2025-03-14T10:12:39,2025-03-18T09:33:20,2025-03-18T16:06:04,1594.6,1686.4,99.0,101.9,2.9,None,2595.36,87.12,"LINESTRING (4.142 51.947, -0.323 39.461)"
LEG00119-3,SHP00119,3,PORT_P001,Port of Valencia,Port,Spain,39.461,-0.323,FAC_F001,Zaragoza Distribution Hub,Warehouse,Spain,41.6488,-0.8891,Road,CAR006,,2025-03-18T20:10:15,2025-03-19T05:17:32,2025-03-19T05:58:15,2025-03-19T18:14:49,290.7,298.4,9.8,13.0,3.2,None,1146.95,81.36,"LINESTRING (-0.323 39.461, -0.8891 41.6488)"
LEG00120-1,SHP00120,1,FAC_F002,Madrid Cross Dock,Cross Dock,Spain,40.4168,-3.7038,FAC_F008,Casablanca Desalination Site,Project Site,Morocco,33.5731,-7.5898,Road,CAR008,,2025-07-14T08:00:00,2025-07-14T10:13:25,2025-07-15T04:30:00,2025-07-15T05:49:07,973.2,1013.1,20.5,19.6,0,None,1736.72,274.3,"LINESTRING (-3.7038 40.4168, -7.5898 33.5731)"
LEG00121-1,SHP00121,1,FAC_F010,Milan Valve Plant,Vendor,Italy,45.4642,9.19,PORT_P010,Port of Genoa,Port,Italy,44.41,8.925,Road,CAR004,V012,2025-11-20T14:00:00,2025-11-20T14:44:16,2025-11-20T20:30:00,2025-11-20T23:34:19,153.8,163.9,6.5,8.8,2.3,None,1409.32,195.57,"LINESTRING (9.19 45.4642, 8.925 44.41)"
LEG00121-2,SHP00121,2,PORT_P010,Port of Genoa,Port,Italy,44.41,8.925,PORT_P016,Port of Alexandria,Port,Egypt,31.2001,29.9187,Sea Breakbulk,CAR004,V012,2025-11-21T04:40:08,2025-11-21T12:17:00,2025-11-25T22:34:08,2025-11-26T09:41:30,2592.9,2593.4,113.9,117.4,3.5,None,9901.68,781.75,"LINESTRING (8.925 44.41, 29.9187 31.2001)"
LEG00121-3,SHP00121,3,PORT_P016,Port of Alexandria,Port,Egypt,31.2001,29.9187,FAC_F016,Alexandria Water Project Site,Project Site,Egypt,31.2001,29.9187,Road,CAR004,V012,2025-11-26T07:59:01,2025-11-26T20:08:18,2025-11-26T13:29:01,2025-11-27T03:28:52,0.0,0.0,5.5,7.3,1.8,None,669.6,0.0,"LINESTRING (29.9187 31.2001, 29.9187 31.2001)"
LEG00122-1,SHP00122,1,FAC_F001,Zaragoza Distribution Hub,Warehouse,Spain,41.6488,-0.8891,PORT_P001,Port of Valencia,Port,Spain,39.461,-0.323,Road,CAR007,V011,2025-03-02T09:00:00,2025-03-02T08:45:24,2025-03-02T23:24:00,2025-03-02T21:55:40,317.0,317.3,14.4,13.2,0,None,1191.68,210.1,"LINESTRING (-0.8891 41.6488, -0.323 39.461)"
LEG00122-2,SHP00122,2,PORT_P001,Port of Valencia,Port,Spain,39.461,-0.323,PORT_P005,Port of Sines,Port,Portugal,37.9543,-8.8631,Sea Breakbulk,CAR007,V011,2025-03-03T07:06:07,2025-03-03T06:20:44,2025-03-06T12:06:07,2025-03-06T10:25:10,816.8,837.5,77.0,76.1,0,None,4044.24,140.1,"LINESTRING (-0.323 39.461, -8.8631 37.9543)"
LEG00122-3,SHP00122,3,PORT_P005,Port of Sines,Port,Portugal,37.9543,-8.8631,FAC_F007,Sines Energy Project Site,Project Site,Portugal,37.956,-8.868,Road,CAR007,V011,2025-03-06T18:16:18,2025-03-06T16:51:19,2025-03-06T22:16:18,2025-03-06T21:46:18,0.6,0.6,4.0,4.9,0.9,None,433.44,0.4,"LINESTRING (-8.8631 37.9543, -8.868 37.956)"
LEG00123-1,SHP00123,1,FAC_F009,Lyon Fabrication Partner,Vendor,France,45.764,4.8357,PORT_P009,Port of Marseille-Fos,Port,France,43.437,4.943,Road,CAR006,,2025-10-12T13:00:00,2025-10-12T15:42:44,2025-10-13T01:12:00,2025-10-13T07:07:10,297.8,305.0,12.2,15.4,3.2,None,2562.07,696.27,"LINESTRING (4.8357 45.764, 4.943 43.437)"
LEG00123-2,SHP00123,2,PORT_P009,Port of Marseille-Fos,Port,France,43.437,4.943,PORT_P018,Port of Dammam,Port,Saudi Arabia,26.498,50.184,Container Sea,CAR006,,2025-10-13T12:24:15,2025-10-13T15:06:55,2025-10-22T08:42:15,2025-10-22T14:39:02,4588.8,4678.6,212.3,215.5,3.2,None,9117.89,2023.68,"LINESTRING (4.943 43.437, 50.184 26.498)"
LEG00123-3,SHP00123,3,PORT_P018,Port of Dammam,Port,Saudi Arabia,26.498,50.184,FAC_F017,Dammam Gas Project Site,Project Site,Saudi Arabia,26.4207,50.0888,Road,CAR006,,2025-10-22T16:14:29,2025-10-22T23:08:03,2025-10-22T21:14:29,2025-10-23T05:15:06,16.8,17.1,5.0,6.1,1.1,None,775.7,39.04,"LINESTRING (50.184 26.498, 50.0888 26.4207)"
LEG00124-1,SHP00124,1,FAC_F009,Lyon Fabrication Partner,Vendor,France,45.764,4.8357,PORT_P009,Port of Marseille-Fos,Port,France,43.437,4.943,Road,CAR006,,2025-03-26T07:00:00,2025-03-26T08:34:35,2025-03-26T19:00:00,2025-03-26T23:01:51,295.9,313.6,12.0,14.5,2.5,None,1415.71,438.54,"LINESTRING (4.8357 45.764, 4.943 43.437)"
LEG00124-2,SHP00124,2,PORT_P009,Port of Marseille-Fos,Port,France,43.437,4.943,PORT_P018,Port of Dammam,Port,Saudi Arabia,26.498,50.184,Container Sea,CAR006,,2025-03-27T06:53:10,2025-03-27T02:57:23,2025-04-03T17:05:10,2025-04-03T13:03:39,4576.9,4933.5,178.2,178.1,0,None,5088.13,1307.18,"LINESTRING (4.943 43.437, 50.184 26.498)"
LEG00124-3,SHP00124,3,PORT_P018,Port of Dammam,Port,Saudi Arabia,26.498,50.184,FAC_F017,Dammam Gas Project Site,Project Site,Saudi Arabia,26.4207,50.0888,Road,CAR006,,2025-04-04T06:14:00,2025-04-04T02:47:29,2025-04-04T13:08:00,2025-04-04T11:26:57,14.9,14.9,6.9,8.7,1.8,None,478.74,20.84,"LINESTRING (50.184 26.498, 50.0888 26.4207)"
LEG00125-1,SHP00125,1,FAC_F001,Zaragoza Distribution Hub,Warehouse,Spain,41.6488,-0.8891,PORT_P001,Port of Valencia,Port,Spain,39.461,-0.323,Road,CAR006,,2024-11-21T12:00:00,2024-11-21T14:06:53,2024-11-21T23:30:00,2024-11-22T22:40:58,295.7,306.0,11.5,32.6,21.1,Road permit delay,1408.17,473.84,"LINESTRING (-0.8891 41.6488, -0.323 39.461)"
LEG00125-2,SHP00125,2,PORT_P001,Port of Valencia,Port,Spain,39.461,-0.323,PORT_P018,Port of Dammam,Port,Saudi Arabia,26.498,50.184,Container Sea,CAR006,,2024-11-22T13:16:50,2024-11-23T04:58:28,2024-12-01T07:58:50,2024-12-03T01:13:01,5344.2,5440.4,210.7,236.2,25.5,Customs hold,5527.6,1596.21,"LINESTRING (-0.323 39.461, 50.184 26.498)"
LEG00125-3,SHP00125,3,PORT_P018,Port of Dammam,Port,Saudi Arabia,26.498,50.184,FAC_F017,Dammam Gas Project Site,Project Site,Saudi Arabia,26.4207,50.0888,Road,CAR006,,2024-12-01T15:44:28,2024-12-03T05:07:27,2024-12-01T22:56:28,2024-12-03T10:38:37,15.8,16.3,7.2,5.5,0,None,484.0,25.24,"LINESTRING (50.184 26.498, 50.0888 26.4207)"
LEG00126-1,SHP00126,1,FAC_F014,Cadiz Module Yard,Module Yard,Spain,36.5271,-6.2886,PORT_P003,Port of Algeciras,Port,Spain,36.1324,-5.4479,Road,CAR010,V004,2024-08-13T15:00:00,2024-08-13T16:09:18,2024-08-13T20:36:00,2024-08-13T20:10:57,105.9,108.0,5.6,4.0,0,None,2675.07,640.43,"LINESTRING (-6.2886 36.5271, -5.4479 36.1324)"
LEG00126-2,SHP00126,2,PORT_P003,Port of Algeciras,Port,Spain,36.1324,-5.4479,PORT_P012,Port of Casablanca,Port,Morocco,33.605,-7.611,Sea Breakbulk,CAR010,V004,2024-08-14T05:39:58,2024-08-14T02:44:25,2024-08-16T14:39:58,2024-08-16T13:50:35,363.6,372.7,57.0,59.1,2.1,None,9509.01,558.33,"LINESTRING (-5.4479 36.1324, -7.611 33.605)"
LEG00126-3,SHP00126,3,PORT_P012,Port of Casablanca,Port,Morocco,33.605,-7.611,FAC_F008,Casablanca Desalination Site,Project Site,Morocco,33.5731,-7.5898,Road,CAR010,V004,2024-08-17T06:22:32,2024-08-17T02:23:16,2024-08-17T13:46:32,2024-08-17T12:54:50,4.6,4.9,7.4,10.5,3.1,None,973.66,29.06,"LINESTRING (-7.611 33.605, -7.5898 33.5731)"
LEG00127-1,SHP00127,1,FAC_F004,Bilbao Steel Fabricator,Vendor,Spain,43.263,-2.935,PORT_P004,Port of Bilbao,Port,Spain,43.3476,-3.0443,Road,CAR003,V002,2024-05-21T14:00:00,2024-05-21T13:15:06,2024-05-21T19:12:00,2024-05-21T21:51:17,15.0,15.6,5.2,8.6,3.4,None,377.35,44.76,"LINESTRING (-2.935 43.263, -3.0443 43.3476)"
LEG00127-2,SHP00127,2,PORT_P004,Port of Bilbao,Port,Spain,43.3476,-3.0443,PORT_P012,Port of Casablanca,Port,Morocco,33.605,-7.611,RoRo,CAR003,V002,2024-05-22T04:33:17,2024-05-22T09:52:04,2024-05-24T22:15:17,2024-05-25T05:22:59,1289.5,1349.3,65.7,67.5,1.8,None,2776.6,1222.47,"LINESTRING (-3.0443 43.3476, -7.611 33.605)"
LEG00127-3,SHP00127,3,PORT_P012,Port of Casablanca,Port,Morocco,33.605,-7.611,FAC_F008,Casablanca Desalination Site,Project Site,Morocco,33.5731,-7.5898,Road,CAR003,V002,2024-05-25T06:04:24,2024-05-25T12:07:10,2024-05-25T14:04:24,2024-05-25T20:12:26,5.1,5.2,8.0,8.1,0.1,None,339.12,14.92,"LINESTRING (-7.611 33.605, -7.5898 33.5731)"
LEG00128-1,SHP00128,1,FAC_F009,Lyon Fabrication Partner,Vendor,France,45.764,4.8357,PORT_P009,Port of Marseille-Fos,Port,France,43.437,4.943,Road,CAR010,V014,2025-04-17T09:00:00,2025-04-17T08:34:24,2025-04-17T23:48:00,2025-04-18T01:25:10,340.8,354.6,14.8,16.8,2.0,None,1431.91,385.38,"LINESTRING (4.8357 45.764, 4.943 43.437)"
LEG00128-2,SHP00128,2,PORT_P009,Port of Marseille-Fos,Port,France,43.437,4.943,PORT_P005,Port of Sines,Port,Portugal,37.9543,-8.8631,Sea Breakbulk,CAR010,V014,2025-04-18T06:00:57,2025-04-18T18:30:21,2025-04-22T15:00:57,2025-04-23T04:01:43,1408.3,1431.8,105.0,105.5,0.5,None,4912.55,393.12,"LINESTRING (4.943 43.437, -8.8631 37.9543)"
LEG00128-3,SHP00128,3,PORT_P005,Port of Sines,Port,Portugal,37.9543,-8.8631,FAC_F007,Sines Energy Project Site,Project Site,Portugal,37.956,-8.868,Road,CAR010,V014,2025-04-22T21:16:40,2025-04-23T09:05:21,2025-04-23T01:40:40,2025-04-23T11:41:32,0.5,0.5,4.4,2.6,0,None,433.41,0.54,"LINESTRING (-8.8631 37.9543, -8.868 37.956)"
LEG00129-1,SHP00129,1,FAC_F011,Rotterdam Consolidation Hub,Consolidation Hub,Netherlands,51.9244,4.4777,PORT_P006,Port of Rotterdam,Port,Netherlands,51.947,4.142,Road,CAR005,V003,2024-10-23T07:00:00,2024-10-23T09:27:30,2024-10-23T14:18:00,2024-10-23T16:29:57,30.0,31.9,7.3,7.0,0,None,368.61,13.85,"LINESTRING (4.4777 51.9244, 4.142 51.947)"
LEG00129-2,SHP00129,2,PORT_P006,Port of Rotterdam,Port,Netherlands,51.947,4.142,PORT_P012,Port of Casablanca,Port,Morocco,33.605,-7.611,Container Sea,CAR005,V003,2024-10-23T22:01:10,2024-10-24T07:25:36,2024-10-29T10:55:10,2024-10-30T08:48:25,2439.5,2529.4,132.9,145.4,12.5,Carrier capacity,2007.83,208.07,"LINESTRING (4.142 51.947, -7.611 33.605)"
LEG00129-3,SHP00129,3,PORT_P012,Port of Casablanca,Port,Morocco,33.605,-7.611,FAC_F008,Casablanca Desalination Site,Project Site,Morocco,33.5731,-7.5898,Road,CAR005,V003,2024-10-29T23:54:18,2024-10-30T12:56:05,2024-10-30T09:06:18,2024-10-30T22:11:12,4.6,4.8,9.2,9.3,0.1,None,327.31,2.08,"LINESTRING (-7.611 33.605, -7.5898 33.5731)"
LEG00130-1,SHP00130,1,FAC_F003,Puertollano Module Yard,Module Yard,Spain,38.6871,-4.1121,PORT_P003,Port of Algeciras,Port,Spain,36.1324,-5.4479,Road,CAR006,,2025-12-23T12:00:00,2025-12-23T12:18:15,2025-12-24T02:00:00,2025-12-24T00:31:25,380.6,405.9,14.0,12.2,0,None,6425.98,2540.75,"LINESTRING (-4.1121 38.6871, -5.4479 36.1324)"
LEG00130-2,SHP00130,2,PORT_P003,Port of Algeciras,Port,Spain,36.1324,-5.4479,PORT_P016,Port of Alexandria,Port,Egypt,31.2001,29.9187,Container Sea,CAR006,,2025-12-24T08:00:49,2025-12-24T12:56:56,2025-12-31T10:30:49,2025-12-31T17:22:00,3452.0,3691.2,170.5,172.4,1.9,None,14819.49,4377.84,"LINESTRING (-5.4479 36.1324, 29.9187 31.2001)"
LEG00130-3,SHP00130,3,PORT_P016,Port of Alexandria,Port,Egypt,31.2001,29.9187,FAC_F016,Alexandria Water Project Site,Project Site,Egypt,31.2001,29.9187,Road,CAR006,,2025-12-31T20:44:29,2026-01-01T02:21:48,2026-01-01T03:26:29,2026-01-01T12:41:31,0.0,0.0,6.7,10.3,3.6,None,720.0,0.0,"LINESTRING (29.9187 31.2001, 29.9187 31.2001)"
LEG00131-1,SHP00131,1,FAC_F012,Antwerp EPC Supplier Yard,Vendor,Belgium,51.2194,4.4025,PORT_P007,Port of Antwerp-Bruges,Port,Belgium,51.2639,4.4009,Road,CAR010,V014,2024-03-04T15:00:00,2024-03-04T15:51:55,2024-03-04T22:54:00,2024-03-05T11:32:09,6.1,6.5,7.9,19.7,11.8,Weather disruption,463.9,21.08,"LINESTRING (4.4025 51.2194, 4.4009 51.2639)"
LEG00131-2,SHP00131,2,PORT_P007,Port of Antwerp-Bruges,Port,Belgium,51.2639,4.4009,PORT_P005,Port of Sines,Port,Portugal,37.9543,-8.8631,Sea Breakbulk,CAR010,V014,2024-03-05T06:05:43,2024-03-05T18:33:50,2024-03-08T21:05:43,2024-03-10T02:13:57,1884.8,2021.5,87.0,103.7,16.7,Road permit delay,7649.24,1656.34,"LINESTRING (4.4009 51.2639, -8.8631 37.9543)"
LEG00131-3,SHP00131,3,PORT_P005,Port of Sines,Port,Portugal,37.9543,-8.8631,FAC_F007,Sines Energy Project Site,Project Site,Portugal,37.956,-8.868,Road,CAR010,V014,2024-03-09T11:35:00,2024-03-10T07:49:13,2024-03-09T17:41:00,2024-03-10T12:18:12,0.6,0.6,6.1,4.5,0,None,434.94,1.95,"LINESTRING (-8.8631 37.9543, -8.868 37.956)"
LEG00132-1,SHP00132,1,FAC_F004,Bilbao Steel Fabricator,Vendor,Spain,43.263,-2.935,PORT_P004,Port of Bilbao,Port,Spain,43.3476,-3.0443,Road,CAR007,V005,2025-12-23T15:00:00,2025-12-23T17:43:08,2025-12-23T23:30:00,2025-12-24T03:04:48,15.3,16.3,8.5,9.4,0.9,None,516.14,51.46,"LINESTRING (-2.935 43.263, -3.0443 43.3476)"
LEG00132-2,SHP00132,2,PORT_P004,Port of Bilbao,Port,Spain,43.3476,-3.0443,PORT_P009,Port of Marseille-Fos,Port,France,43.437,4.943,Sea Breakbulk,CAR007,V005,2025-12-24T12:59:48,2025-12-24T19:31:59,2025-12-27T11:53:48,2025-12-27T17:58:12,662.8,663.7,70.9,70.4,0,None,4760.25,529.31,"LINESTRING (-3.0443 43.3476, 4.943 43.437)"
LEG00132-3,SHP00132,3,PORT_P009,Port of Marseille-Fos,Port,France,43.437,4.943,FAC_F018,Marseille Wind Substation Site,Project Site,France,43.2965,5.3698,Road,CAR007,V005,2025-12-27T20:31:02,2025-12-28T07:12:29,2025-12-28T01:43:02,2025-12-28T12:07:57,44.7,46.7,5.2,4.9,0,None,673.05,147.42,"LINESTRING (4.943 43.437, 5.3698 43.2965)"
LEG00133-1,SHP00133,1,FAC_F003,Puertollano Module Yard,Module Yard,Spain,38.6871,-4.1121,PORT_P003,Port of Algeciras,Port,Spain,36.1324,-5.4479,Road,CAR010,V014,2025-07-04T13:00:00,2025-07-04T13:19:58,2025-07-05T04:48:00,2025-07-05T07:35:47,402.9,407.4,15.8,18.3,2.5,None,3066.13,1257.85,"LINESTRING (-4.1121 38.6871, -5.4479 36.1324)"
LEG00133-2,SHP00133,2,PORT_P003,Port of Algeciras,Port,Spain,36.1324,-5.4479,PORT_P006,Port of Rotterdam,Port,Netherlands,51.947,4.142,Sea Breakbulk,CAR010,V014,2025-07-05T12:21:49,2025-07-05T18:59:11,2025-07-09T09:33:49,2025-07-09T16:17:52,2142.3,2240.2,93.2,93.3,0.1,None,10206.39,1747.36,"LINESTRING (-5.4479 36.1324, 4.142 51.947)"
LEG00133-3,SHP00133,3,PORT_P006,Port of Rotterdam,Port,Netherlands,51.947,4.142,FAC_F011,Rotterdam Consolidation Hub,Consolidation Hub,Netherlands,51.9244,4.4777,Road,CAR010,V014,2025-07-09T16:23:42,2025-07-09T20:12:42,2025-07-10T01:17:42,2025-07-10T16:55:13,30.5,32.6,8.9,20.7,11.8,Carrier capacity,742.14,100.65,"LINESTRING (4.142 51.947, 4.4777 51.9244)"
LEG00134-1,SHP00134,1,FAC_F011,Rotterdam Consolidation Hub,Consolidation Hub,Netherlands,51.9244,4.4777,PORT_P006,Port of Rotterdam,Port,Netherlands,51.947,4.142,Road,CAR006,,2025-07-21T11:00:00,2025-07-21T10:57:34,2025-07-21T17:06:00,2025-07-21T16:13:48,27.8,28.7,6.1,5.3,0,None,545.24,61.81,"LINESTRING (4.4777 51.9244, 4.142 51.947)"
LEG00134-2,SHP00134,2,PORT_P006,Port of Rotterdam,Port,Netherlands,51.947,4.142,PORT_P012,Port of Casablanca,Port,Morocco,33.605,-7.611,Container Sea,CAR006,,2025-07-21T22:44:15,2025-07-21T19:19:58,2025-07-27T05:50:15,2025-07-27T00:46:37,2343.7,2458.7,127.1,125.4,0,None,3792.26,1003.3,"LINESTRING (4.142 51.947, -7.611 33.605)"
LEG00134-3,SHP00134,3,PORT_P012,Port of Casablanca,Port,Morocco,33.605,-7.611,FAC_F008,Casablanca Desalination Site,Project Site,Morocco,33.5731,-7.5898,Road,CAR006,,2025-07-27T15:58:41,2025-07-27T08:51:15,2025-07-27T22:28:41,2025-07-27T17:40:43,4.8,4.8,6.5,8.8,2.3,None,450.94,10.34,"LINESTRING (-7.611 33.605, -7.5898 33.5731)"
LEG00135-1,SHP00135,1,FAC_F012,Antwerp EPC Supplier Yard,Vendor,Belgium,51.2194,4.4025,PORT_P007,Port of Antwerp-Bruges,Port,Belgium,51.2639,4.4009,Road,CAR004,V001,2024-01-10T08:00:00,2024-01-10T09:12:32,2024-01-10T15:18:00,2024-01-10T16:17:07,5.8,5.8,7.3,7.1,0,None,631.23,30.77,"LINESTRING (4.4025 51.2194, 4.4009 51.2639)"
LEG00135-2,SHP00135,2,PORT_P007,Port of Antwerp-Bruges,Port,Belgium,51.2639,4.4009,PORT_P001,Port of Valencia,Port,Spain,39.461,-0.323,Sea Breakbulk,CAR004,V001,2024-01-10T22:27:14,2024-01-11T03:42:57,2024-01-14T03:27:14,2024-01-14T09:56:03,1499.3,1589.8,77.0,78.2,1.2,None,11212.13,2130.59,"LINESTRING (4.4009 51.2639, -0.323 39.461)"
LEG00135-3,SHP00135,3,PORT_P001,Port of Valencia,Port,Spain,39.461,-0.323,FAC_F001,Zaragoza Distribution Hub,Warehouse,Spain,41.6488,-0.8891,Road,CAR004,V001,2024-01-14T15:25:35,2024-01-14T13:19:22,2024-01-15T03:49:35,2024-01-15T04:10:54,296.1,298.6,12.4,14.9,2.5,None,3419.35,1584.01,"LINESTRING (-0.323 39.461, -0.8891 41.6488)"
LEG00136-1,SHP00136,1,FAC_F004,Bilbao Steel Fabricator,Vendor,Spain,43.263,-2.935,PORT_P004,Port of Bilbao,Port,Spain,43.3476,-3.0443,Road,CAR003,V010,2025-08-25T07:00:00,2025-08-25T08:10:52,2025-08-25T11:48:00,2025-08-25T16:52:44,15.5,16.7,4.8,8.7,3.9,None,637.83,42.82,"LINESTRING (-2.935 43.263, -3.0443 43.3476)"
LEG00136-2,SHP00136,2,PORT_P004,Port of Bilbao,Port,Spain,43.3476,-3.0443,PORT_P012,Port of Casablanca,Port,Morocco,33.605,-7.611,RoRo,CAR003,V010,2025-08-26T03:15:41,2025-08-26T02:33:18,2025-08-28T20:21:41,2025-08-28T18:09:38,1283.3,1382.6,65.1,63.6,0,None,4556.58,1119.49,"LINESTRING (-3.0443 43.3476, -7.611 33.605)"
LEG00136-3,SHP00136,3,PORT_P012,Port of Casablanca,Port,Morocco,33.605,-7.611,FAC_F008,Casablanca Desalination Site,Project Site,Morocco,33.5731,-7.5898,Road,CAR003,V010,2025-08-29T10:41:55,2025-08-28T23:22:25,2025-08-29T20:41:55,2025-08-29T12:22:00,4.9,4.9,10.0,13.0,3.0,None,568.7,12.56,"LINESTRING (-7.611 33.605, -7.5898 33.5731)"
LEG00137-1,SHP00137,1,FAC_F005,Tarragona Equipment Vendor,Vendor,Spain,41.1189,1.2445,PORT_P002,Port of Barcelona,Port,Spain,41.3522,2.1686,Road,CAR003,V002,2025-01-31T09:00:00,2025-01-31T11:02:09,2025-01-31T17:06:00,2025-02-01T21:47:23,105.0,112.2,8.1,34.8,26.7,Carrier capacity,1034.49,179.39,"LINESTRING (1.2445 41.1189, 2.1686 41.3522)"
LEG00137-2,SHP00137,2,PORT_P002,Port of Barcelona,Port,Spain,41.3522,2.1686,PORT_P012,Port of Casablanca,Port,Morocco,33.605,-7.611,RoRo,CAR003,V002,2025-01-31T21:43:59,2025-02-02T04:35:34,2025-02-03T12:37:59,2025-02-04T21:19:08,1282.0,1331.3,62.9,64.7,1.8,None,3619.95,672.17,"LINESTRING (2.1686 41.3522, -7.611 33.605)"
LEG00137-3,SHP00137,3,PORT_P012,Port of Casablanca,Port,Morocco,33.605,-7.611,FAC_F008,Casablanca Desalination Site,Project Site,Morocco,33.5731,-7.5898,Road,CAR003,V002,2025-02-03T19:35:29,2025-02-05T02:33:31,2025-02-03T23:05:29,2025-02-05T06:43:09,4.6,4.7,3.5,4.2,0.7,None,560.71,7.51,"LINESTRING (-7.611 33.605, -7.5898 33.5731)"
LEG00138-1,SHP00138,1,FAC_F005,Tarragona Equipment Vendor,Vendor,Spain,41.1189,1.2445,PORT_P002,Port of Barcelona,Port,Spain,41.3522,2.1686,Road,CAR010,V007,2025-01-19T10:00:00,2025-01-19T12:30:44,2025-01-19T21:00:00,2025-01-19T21:46:57,91.7,92.8,11.0,9.3,0,None,1044.44,239.0,"LINESTRING (1.2445 41.1189, 2.1686 41.3522)"
LEG00138-2,SHP00138,2,PORT_P002,Port of Barcelona,Port,Spain,41.3522,2.1686,PORT_P016,Port of Alexandria,Port,Egypt,31.2001,29.9187,Sea Breakbulk,CAR010,V007,2025-01-20T01:33:27,2025-01-20T13:07:50,2025-01-25T18:51:27,2025-01-27T10:01:36,2785.6,2945.9,137.3,164.9,27.6,Documentation issue,11072.35,1916.72,"LINESTRING (2.1686 41.3522, 29.9187 31.2001)"
LEG00138-3,SHP00138,3,PORT_P016,Port of Alexandria,Port,Egypt,31.2001,29.9187,FAC_F016,Alexandria Water Project Site,Project Site,Egypt,31.2001,29.9187,Road,CAR010,V007,2025-01-26T02:41:11,2025-01-27T22:03:08,2025-01-26T08:05:11,2025-01-28T14:35:58,0.0,0.0,5.4,16.5,11.1,Documentation issue,540.0,0.0,"LINESTRING (29.9187 31.2001, 29.9187 31.2001)"
LEG00139-1,SHP00139,1,FAC_F014,Cadiz Module Yard,Module Yard,Spain,36.5271,-6.2886,FAC_F007,Sines Energy Project Site,Project Site,Portugal,37.956,-8.868,Road,CAR012,,2025-07-11T07:00:00,2025-07-11T09:17:18,2025-07-11T20:18:00,2025-07-11T22:25:55,317.8,337.2,13.3,13.1,0,None,1773.66,736.46,"LINESTRING (-6.2886 36.5271, -8.868 37.956)"
LEG00140-1,SHP00140,1,FAC_F012,Antwerp EPC Supplier Yard,Vendor,Belgium,51.2194,4.4025,PORT_P007,Port of Antwerp-Bruges,Port,Belgium,51.2639,4.4009,Road,CAR007,V005,2025-04-23T12:00:00,2025-04-23T12:36:08,2025-04-23T17:54:00,2025-04-23T21:32:58,6.0,6.4,5.9,8.9,3.0,None,662.76,49.37,"LINESTRING (4.4025 51.2194, 4.4009 51.2639)"
LEG00140-2,SHP00140,2,PORT_P007,Port of Antwerp-Bruges,Port,Belgium,51.2639,4.4009,PORT_P012,Port of Casablanca,Port,Morocco,33.605,-7.611,Sea Breakbulk,CAR007,V005,2025-04-24T02:09:19,2025-04-24T15:30:45,2025-04-29T05:15:19,2025-04-29T19:38:39,2285.6,2271.9,123.1,124.1,1.0,None,18541.6,4427.48,"LINESTRING (4.4009 51.2639, -7.611 33.605)"
LEG00140-3,SHP00140,3,PORT_P012,Port of Casablanca,Port,Morocco,33.605,-7.611,FAC_F008,Casablanca Desalination Site,Project Site,Morocco,33.5731,-7.5898,Road,CAR007,V005,2025-04-29T13:16:27,2025-04-30T10:37:04,2025-04-29T22:22:27,2025-04-30T18:32:59,4.5,4.6,9.1,7.9,0,None,638.36,35.48,"LINESTRING (-7.611 33.605, -7.5898 33.5731)"
LEG00141-1,SHP00141,1,FAC_F012,Antwerp EPC Supplier Yard,Vendor,Belgium,51.2194,4.4025,PORT_P007,Port of Antwerp-Bruges,Port,Belgium,51.2639,4.4009,Road,CAR006,,2025-05-20T10:00:00,2025-05-20T11:55:48,2025-05-20T14:36:00,2025-05-20T14:39:09,6.0,6.1,4.6,2.7,0,None,410.08,1.29,"LINESTRING (4.4025 51.2194, 4.4009 51.2639)"
LEG00141-2,SHP00141,2,PORT_P007,Port of Antwerp-Bruges,Port,Belgium,51.2639,4.4009,PORT_P018,Port of Dammam,Port,Saudi Arabia,26.498,50.184,Container Sea,CAR006,,2025-05-21T04:08:57,2025-05-20T19:48:08,2025-05-29T13:56:57,2025-05-29T08:22:14,4825.1,4933.2,201.8,204.6,2.8,None,3233.79,198.02,"LINESTRING (4.4009 51.2639, 50.184 26.498)"
LEG00141-3,SHP00141,3,PORT_P018,Port of Dammam,Port,Saudi Arabia,26.498,50.184,FAC_F017,Dammam Gas Project Site,Project Site,Saudi Arabia,26.4207,50.0888,Road,CAR006,,2025-05-30T04:05:21,2025-05-30T00:17:09,2025-05-30T08:35:21,2025-05-30T06:21:10,16.3,17.3,4.5,6.1,1.6,None,428.6,3.67,"LINESTRING (50.184 26.498, 50.0888 26.4207)"
LEG00142-1,SHP00142,1,FAC_F010,Milan Valve Plant,Vendor,Italy,45.4642,9.19,PORT_P010,Port of Genoa,Port,Italy,44.41,8.925,Road,CAR006,,2025-08-12T12:00:00,2025-08-12T12:45:31,2025-08-12T20:12:00,2025-08-13T00:53:47,156.0,167.8,8.2,12.1,3.9,None,569.98,73.01,"LINESTRING (9.19 45.4642, 8.925 44.41)"
LEG00142-2,SHP00142,2,PORT_P010,Port of Genoa,Port,Italy,44.41,8.925,PORT_P001,Port of Valencia,Port,Spain,39.461,-0.323,Container Sea,CAR006,,2025-08-13T00:34:40,2025-08-13T17:10:19,2025-08-16T01:28:40,2025-08-16T20:14:45,965.0,959.9,72.9,75.1,2.2,None,1468.31,79.13,"LINESTRING (8.925 44.41, -0.323 39.461)"
LEG00142-3,SHP00142,3,PORT_P001,Port of Valencia,Port,Spain,39.461,-0.323,FAC_F001,Zaragoza Distribution Hub,Warehouse,Spain,41.6488,-0.8891,Road,CAR006,,2025-08-16T11:09:53,2025-08-17T05:39:58,2025-08-16T20:03:53,2025-08-17T12:38:11,284.6,287.9,8.9,7.0,0,None,748.9,125.27,"LINESTRING (-0.323 39.461, -0.8891 41.6488)"
LEG00143-1,SHP00143,1,FAC_F012,Antwerp EPC Supplier Yard,Vendor,Belgium,51.2194,4.4025,PORT_P007,Port of Antwerp-Bruges,Port,Belgium,51.2639,4.4009,Road,CAR010,V007,2024-01-09T10:00:00,2024-01-09T09:17:06,2024-01-09T14:36:00,2024-01-09T14:24:17,5.9,6.0,4.6,5.1,0.5,None,465.46,22.94,"LINESTRING (4.4025 51.2194, 4.4009 51.2639)"
LEG00143-2,SHP00143,2,PORT_P007,Port of Antwerp-Bruges,Port,Belgium,51.2639,4.4009,PORT_P001,Port of Valencia,Port,Spain,39.461,-0.323,Sea Breakbulk,CAR010,V007,2024-01-09T23:38:42,2024-01-10T00:23:26,2024-01-13T23:08:42,2024-01-13T22:01:22,1445.6,1438.7,95.5,93.6,0,None,6837.52,1389.78,"LINESTRING (4.4009 51.2639, -0.323 39.461)"
LEG00143-3,SHP00143,3,PORT_P001,Port of Valencia,Port,Spain,39.461,-0.323,FAC_F001,Zaragoza Distribution Hub,Warehouse,Spain,41.6488,-0.8891,Road,CAR010,V007,2024-01-14T06:31:05,2024-01-14T01:13:09,2024-01-14T18:37:05,2024-01-15T11:36:08,285.0,293.0,12.1,34.4,22.3,Documentation issue,2066.17,1120.36,"LINESTRING (-0.323 39.461, -0.8891 41.6488)"
LEG00144-1,SHP00144,1,FAC_F004,Bilbao Steel Fabricator,Vendor,Spain,43.263,-2.935,PORT_P004,Port of Bilbao,Port,Spain,43.3476,-3.0443,Road,CAR004,V012,2025-09-22T15:00:00,2025-09-22T17:11:42,2025-09-22T18:42:00,2025-09-22T20:08:17,16.2,17.4,3.7,2.9,0,None,635.58,45.36,"LINESTRING (-2.935 43.263, -3.0443 43.3476)"
LEG00144-2,SHP00144,2,PORT_P004,Port of Bilbao,Port,Spain,43.3476,-3.0443,PORT_P009,Port of Marseille-Fos,Port,France,43.437,4.943,Sea Breakbulk,CAR004,V012,2025-09-23T04:00:21,2025-09-22T23:38:39,2025-09-25T00:42:21,2025-09-25T10:38:24,670.9,704.9,44.7,59.0,14.3,Road permit delay,5749.27,464.22,"LINESTRING (-3.0443 43.3476, 4.943 43.437)"
LEG00144-3,SHP00144,3,PORT_P009,Port of Marseille-Fos,Port,France,43.437,4.943,FAC_F018,Marseille Wind Substation Site,Project Site,France,43.2965,5.3698,Road,CAR004,V012,2025-09-25T10:09:23,2025-09-26T01:31:33,2025-09-25T13:57:23,2025-09-26T07:03:55,47.3,49.7,3.8,5.5,1.7,None,813.01,129.56,"LINESTRING (4.943 43.437, 5.3698 43.2965)"
LEG00145-1,SHP00145,1,FAC_F011,Rotterdam Consolidation Hub,Consolidation Hub,Netherlands,51.9244,4.4777,PORT_P006,Port of Rotterdam,Port,Netherlands,51.947,4.142,Road,CAR004,V008,2025-06-27T12:00:00,2025-06-27T14:51:03,2025-06-27T17:36:00,2025-06-27T21:38:28,26.5,26.9,5.6,6.8,1.2,None,529.13,49.12,"LINESTRING (4.4777 51.9244, 4.142 51.947)"
LEG00145-2,SHP00145,2,PORT_P006,Port of Rotterdam,Port,Netherlands,51.947,4.142,PORT_P009,Port of Marseille-Fos,Port,France,43.437,4.943,Sea Breakbulk,CAR004,V008,2025-06-28T04:49:08,2025-06-28T06:00:59,2025-07-01T16:25:08,2025-07-02T08:54:14,1046.1,1073.0,83.6,98.9,15.3,Carrier capacity,4902.44,494.95,"LINESTRING (4.142 51.947, 4.943 43.437)"
LEG00145-3,SHP00145,3,PORT_P009,Port of Marseille-Fos,Port,France,43.437,4.943,FAC_F018,Marseille Wind Substation Site,Project Site,France,43.2965,5.3698,Road,CAR004,V008,2025-07-01T22:38:42,2025-07-02T22:21:25,2025-07-02T06:20:42,2025-07-03T06:31:12,50.1,51.4,7.7,8.2,0.5,None,617.6,93.85,"LINESTRING (4.943 43.437, 5.3698 43.2965)"
LEG00146-1,SHP00146,1,FAC_F014,Cadiz Module Yard,Module Yard,Spain,36.5271,-6.2886,PORT_P003,Port of Algeciras,Port,Spain,36.1324,-5.4479,Road,CAR004,V008,2024-11-04T14:00:00,2024-11-04T16:06:37,2024-11-04T19:48:00,2024-11-04T22:26:29,106.0,111.1,5.8,6.3,0.5,None,1792.5,670.84,"LINESTRING (-6.2886 36.5271, -5.4479 36.1324)"
LEG00146-2,SHP00146,2,PORT_P003,Port of Algeciras,Port,Spain,36.1324,-5.4479,PORT_P005,Port of Sines,Port,Portugal,37.9543,-8.8631,Sea Breakbulk,CAR004,V008,2024-11-05T06:32:36,2024-11-05T01:32:10,2024-11-07T16:32:36,2024-11-07T13:48:28,399.8,423.6,58.0,60.3,2.3,None,6442.89,646.18,"LINESTRING (-5.4479 36.1324, -8.8631 37.9543)"
LEG00146-3,SHP00146,3,PORT_P005,Port of Sines,Port,Portugal,37.9543,-8.8631,FAC_F007,Sines Energy Project Site,Project Site,Portugal,37.956,-8.868,Road,CAR004,V008,2024-11-08T07:16:47,2024-11-08T06:30:02,2024-11-08T13:10:47,2024-11-08T12:02:38,0.5,0.5,5.9,5.5,0,None,581.47,3.02,"LINESTRING (-8.8631 37.9543, -8.868 37.956)"
LEG00147-1,SHP00147,1,FAC_F005,Tarragona Equipment Vendor,Vendor,Spain,41.1189,1.2445,PORT_P002,Port of Barcelona,Port,Spain,41.3522,2.1686,Road,CAR004,V001,2025-07-22T12:00:00,2025-07-22T12:12:05,2025-07-22T22:24:00,2025-07-22T21:25:17,95.7,97.7,10.4,9.2,0,None,1299.55,230.0,"LINESTRING (1.2445 41.1189, 2.1686 41.3522)"
LEG00147-2,SHP00147,2,PORT_P002,Port of Barcelona,Port,Spain,41.3522,2.1686,PORT_P018,Port of Dammam,Port,Saudi Arabia,26.498,50.184,Sea Breakbulk,CAR004,V001,2025-07-23T04:07:02,2025-07-23T01:46:05,2025-07-30T16:25:02,2025-07-31T13:25:56,4914.8,5177.9,180.3,203.7,23.4,Customs hold,19582.56,3079.4,"LINESTRING (2.1686 41.3522, 50.184 26.498)"
LEG00147-3,SHP00147,3,PORT_P018,Port of Dammam,Port,Saudi Arabia,26.498,50.184,FAC_F017,Dammam Gas Project Site,Project Site,Saudi Arabia,26.4207,50.0888,Road,CAR004,V001,2025-07-30T23:20:54,2025-07-31T19:52:08,2025-07-31T07:38:54,2025-08-01T08:00:54,14.8,15.7,8.3,12.1,3.8,None,770.83,36.96,"LINESTRING (50.184 26.498, 50.0888 26.4207)"
LEG00148-1,SHP00148,1,FAC_F005,Tarragona Equipment Vendor,Vendor,Spain,41.1189,1.2445,PORT_P002,Port of Barcelona,Port,Spain,41.3522,2.1686,Road,CAR004,V001,2025-10-23T09:00:00,2025-10-23T08:46:04,2025-10-23T20:06:00,2025-10-24T12:02:42,99.4,107.1,11.1,27.3,16.2,Carrier capacity,1431.98,289.97,"LINESTRING (1.2445 41.1189, 2.1686 41.3522)"
LEG00148-2,SHP00148,2,PORT_P002,Port of Barcelona,Port,Spain,41.3522,2.1686,PORT_P009,Port of Marseille-Fos,Port,France,43.437,4.943,Sea Breakbulk,CAR004,V001,2025-10-24T10:34:09,2025-10-24T23:22:43,2025-10-26T17:46:09,2025-10-27T09:21:21,346.9,350.7,55.2,58.0,2.8,None,6120.04,239.88,"LINESTRING (2.1686 41.3522, 4.943 43.437)"
LEG00148-3,SHP00148,3,PORT_P009,Port of Marseille-Fos,Port,France,43.437,4.943,FAC_F018,Marseille Wind Substation Site,Project Site,France,43.2965,5.3698,Road,CAR004,V001,2025-10-27T06:05:03,2025-10-28T01:38:32,2025-10-27T11:29:03,2025-10-28T05:37:05,45.7,48.5,5.4,4.0,0,None,1014.84,131.31,"LINESTRING (4.943 43.437, 5.3698 43.2965)"
LEG00149-1,SHP00149,1,FAC_F011,Rotterdam Consolidation Hub,Consolidation Hub,Netherlands,51.9244,4.4777,PORT_P006,Port of Rotterdam,Port,Netherlands,51.947,4.142,Road,CAR004,V001,2025-09-11T14:00:00,2025-09-11T13:05:50,2025-09-11T18:00:00,2025-09-11T18:41:24,26.3,28.1,4.0,5.6,1.6,None,493.65,16.07,"LINESTRING (4.4777 51.9244, 4.142 51.947)"
LEG00149-2,SHP00149,2,PORT_P006,Port of Rotterdam,Port,Netherlands,51.947,4.142,PORT_P009,Port of Marseille-Fos,Port,France,43.437,4.943,Sea Breakbulk,CAR004,V001,2025-09-12T03:19:07,2025-09-12T03:09:50,2025-09-15T14:43:07,2025-09-15T17:41:47,1050.7,1074.7,83.4,86.5,3.1,None,4177.36,155.27,"LINESTRING (4.142 51.947, 4.943 43.437)"
LEG00149-3,SHP00149,3,PORT_P009,Port of Marseille-Fos,Port,France,43.437,4.943,FAC_F018,Marseille Wind Substation Site,Project Site,France,43.2965,5.3698,Road,CAR004,V001,2025-09-16T04:07:43,2025-09-16T08:04:44,2025-09-16T11:31:43,2025-09-16T19:09:35,42.7,45.4,7.4,11.1,3.7,None,531.6,25.96,"LINESTRING (4.943 43.437, 5.3698 43.2965)"
LEG00150-1,SHP00150,1,FAC_F005,Tarragona Equipment Vendor,Vendor,Spain,41.1189,1.2445,PORT_P002,Port of Barcelona,Port,Spain,41.3522,2.1686,Road,CAR005,V009,2025-02-03T10:00:00,2025-02-03T10:59:36,2025-02-03T16:00:00,2025-02-03T18:35:47,98.2,101.9,6.0,7.6,1.6,None,613.32,57.21,"LINESTRING (1.2445 41.1189, 2.1686 41.3522)"
LEG00150-2,SHP00150,2,PORT_P002,Port of Barcelona,Port,Spain,41.3522,2.1686,PORT_P009,Port of Marseille-Fos,Port,France,43.437,4.943,Container Sea,CAR005,V009,2025-02-03T23:10:15,2025-02-04T04:28:10,2025-02-06T13:52:15,2025-02-06T17:22:15,344.6,354.1,62.7,60.9,0,None,1603.31,37.67,"LINESTRING (2.1686 41.3522, 4.943 43.437)"
LEG00150-3,SHP00150,3,PORT_P009,Port of Marseille-Fos,Port,France,43.437,4.943,FAC_F018,Marseille Wind Substation Site,Project Site,France,43.2965,5.3698,Road,CAR005,V009,2025-02-07T03:52:40,2025-02-07T02:36:24,2025-02-07T09:58:40,2025-02-07T08:29:28,48.1,51.8,6.1,5.9,0,None,508.44,29.08,"LINESTRING (4.943 43.437, 5.3698 43.2965)"
LEG00151-1,SHP00151,1,FAC_F010,Milan Valve Plant,Vendor,Italy,45.4642,9.19,PORT_P010,Port of Genoa,Port,Italy,44.41,8.925,Road,CAR006,,2025-07-22T11:00:00,2025-07-22T13:03:39,2025-07-22T20:12:00,2025-07-23T00:10:37,150.9,151.6,9.2,11.1,1.9,Documentation issue,690.65,66.39,"LINESTRING (9.19 45.4642, 8.925 44.41)"
LEG00151-2,SHP00151,2,PORT_P010,Port of Genoa,Port,Italy,44.41,8.925,PORT_P018,Port of Dammam,Port,Saudi Arabia,26.498,50.184,Container Sea,CAR006,,2025-07-23T02:37:00,2025-07-23T05:01:03,2025-07-30T19:19:00,2025-07-31T00:39:15,4605.9,4867.8,184.7,187.6,2.9,None,3515.08,403.93,"LINESTRING (8.925 44.41, 50.184 26.498)"
LEG00151-3,SHP00151,3,PORT_P018,Port of Dammam,Port,Saudi Arabia,26.498,50.184,FAC_F017,Dammam Gas Project Site,Project Site,Saudi Arabia,26.4207,50.0888,Road,CAR006,,2025-07-31T11:12:51,2025-07-31T03:52:08,2025-07-31T15:24:51,2025-07-31T07:33:32,16.2,17.4,4.2,3.7,0,None,433.36,7.62,"LINESTRING (50.184 26.498, 50.0888 26.4207)"
LEG00152-1,SHP00152,1,FAC_F004,Bilbao Steel Fabricator,Vendor,Spain,43.263,-2.935,FAC_F001,Zaragoza Distribution Hub,Warehouse,Spain,41.6488,-0.8891,Road,CAR001,,2024-02-20T09:00:00,2024-02-20T11:31:05,2024-02-20T17:06:00,2024-02-20T18:13:17,302.3,301.1,8.1,6.7,0,None,6684.0,2957.42,"LINESTRING (-2.935 43.263, -0.8891 41.6488)"
LEG00153-1,SHP00153,1,FAC_F004,Bilbao Steel Fabricator,Vendor,Spain,43.263,-2.935,FAC_F001,Zaragoza Distribution Hub,Warehouse,Spain,41.6488,-0.8891,Road,CAR008,,2024-02-27T14:00:00,2024-02-27T14:40:58,2024-02-28T03:00:00,2024-02-28T01:42:49,311.1,314.8,13.0,11.0,0,None,6054.17,1911.59,"LINESTRING (-2.935 43.263, -0.8891 41.6488)"
LEG00154-1,SHP00154,1,FAC_F004,Bilbao Steel Fabricator,Vendor,Spain,43.263,-2.935,FAC_F001,Zaragoza Distribution Hub,Warehouse,Spain,41.6488,-0.8891,Road,CAR011,,2025-09-26T09:00:00,2025-09-26T11:00:45,2025-09-26T21:48:00,2025-09-27T00:19:33,282.3,289.6,12.8,13.3,0.5,None,1922.15,612.14,"LINESTRING (-2.935 43.263, -0.8891 41.6488)"
LEG00155-1,SHP00155,1,FAC_F013,Valencia Export Depot,Warehouse,Spain,39.4699,-0.3763,PORT_P001,Port of Valencia,Port,Spain,39.461,-0.323,Road,CAR003,V006,2024-04-22T10:00:00,2024-04-22T12:12:59,2024-04-22T15:18:00,2024-04-22T18:45:05,6.1,6.5,5.3,6.5,1.2,None,450.54,6.83,"LINESTRING (-0.3763 39.4699, -0.323 39.461)"
LEG00155-2,SHP00155,2,PORT_P001,Port of Valencia,Port,Spain,39.461,-0.323,PORT_P012,Port of Casablanca,Port,Morocco,33.605,-7.611,RoRo,CAR003,V006,2024-04-23T03:22:19,2024-04-23T03:19:13,2024-04-24T23:58:19,2024-04-25T23:33:32,957.6,971.2,44.6,68.2,23.6,Port congestion,2146.63,322.24,"LINESTRING (-0.323 39.461, -7.611 33.605)"
LEG00155-3,SHP00155,3,PORT_P012,Port of Casablanca,Port,Morocco,33.605,-7.611,FAC_F008,Casablanca Desalination Site,Project Site,Morocco,33.5731,-7.5898,Road,CAR003,V006,2024-04-25T14:56:28,2024-04-26T14:56:29,2024-04-25T19:32:28,2024-04-27T08:06:35,5.3,5.6,4.6,17.2,12.6,Weather disruption,447.97,5.88,"LINESTRING (-7.611 33.605, -7.5898 33.5731)"
LEG00156-1,SHP00156,1,FAC_F004,Bilbao Steel Fabricator,Vendor,Spain,43.263,-2.935,PORT_P004,Port of Bilbao,Port,Spain,43.3476,-3.0443,Road,CAR007,V005,2024-11-10T08:00:00,2024-11-10T07:39:29,2024-11-10T12:36:00,2024-11-10T16:07:37,16.7,16.7,4.6,8.5,3.9,None,484.3,23.4,"LINESTRING (-2.935 43.263, -3.0443 43.3476)"
LEG00156-2,SHP00156,2,PORT_P004,Port of Bilbao,Port,Spain,43.3476,-3.0443,PORT_P018,Port of Dammam,Port,Saudi Arabia,26.498,50.184,Sea Breakbulk,CAR007,V005,2024-11-10T22:48:47,2024-11-11T02:22:29,2024-11-19T09:48:47,2024-11-19T14:39:28,5340.2,5664.6,203.0,204.3,1.3,None,10716.68,2005.27,"LINESTRING (-3.0443 43.3476, 50.184 26.498)"
LEG00156-3,SHP00156,3,PORT_P018,Port of Dammam,Port,Saudi Arabia,26.498,50.184,FAC_F017,Dammam Gas Project Site,Project Site,Saudi Arabia,26.4207,50.0888,Road,CAR007,V005,2024-11-19T16:29:55,2024-11-20T06:10:36,2024-11-19T21:35:55,2024-11-20T12:28:42,15.8,16.8,5.1,6.3,1.2,None,484.61,23.54,"LINESTRING (50.184 26.498, 50.0888 26.4207)"
LEG00157-1,SHP00157,1,FAC_F011,Rotterdam Consolidation Hub,Consolidation Hub,Netherlands,51.9244,4.4777,FAC_F018,Marseille Wind Substation Site,Project Site,France,43.2965,5.3698,Road,CAR002,,2025-10-20T12:00:00,2025-10-20T14:14:36,2025-10-21T14:30:00,2025-10-21T20:20:40,1186.9,1258.5,26.5,30.1,3.6,None,3938.54,706.58,"LINESTRING (4.4777 51.9244, 5.3698 43.2965)"
LEG00158-1,SHP00158,1,FAC_F014,Cadiz Module Yard,Module Yard,Spain,36.5271,-6.2886,PORT_P003,Port of Algeciras,Port,Spain,36.1324,-5.4479,Road,CAR006,,2024-06-16T08:00:00,2024-06-16T08:58:04,2024-06-16T18:30:00,2024-06-17T13:06:06,109.0,110.7,10.5,28.1,17.6,Carrier capacity,938.55,314.13,"LINESTRING (-6.2886 36.5271, -5.4479 36.1324)"
LEG00158-2,SHP00158,2,PORT_P003,Port of Algeciras,Port,Spain,36.1324,-5.4479,PORT_P005,Port of Sines,Port,Portugal,37.9543,-8.8631,Container Sea,CAR006,,2024-06-17T01:52:17,2024-06-17T19:18:50,2024-06-19T13:52:17,2024-06-20T10:02:06,398.0,410.9,60.0,62.7,2.7,None,1989.34,220.92,"LINESTRING (-5.4479 36.1324, -8.8631 37.9543)"
LEG00158-3,SHP00158,3,PORT_P005,Port of Sines,Port,Portugal,37.9543,-8.8631,FAC_F007,Sines Energy Project Site,Project Site,Portugal,37.956,-8.868,Road,CAR006,,2024-06-20T00:01:19,2024-06-20T17:34:17,2024-06-20T07:07:19,2024-06-21T00:29:14,0.6,0.6,7.1,6.9,0,None,434.75,1.7,"LINESTRING (-8.8631 37.9543, -8.868 37.956)"
LEG00159-1,SHP00159,1,FAC_F010,Milan Valve Plant,Vendor,Italy,45.4642,9.19,PORT_P010,Port of Genoa,Port,Italy,44.41,8.925,Road,CAR004,V012,2025-10-06T08:00:00,2025-10-06T09:28:35,2025-10-06T17:48:00,2025-10-06T19:57:11,141.5,146.9,9.8,10.5,0.7,None,1317.61,165.09,"LINESTRING (9.19 45.4642, 8.925 44.41)"
LEG00159-2,SHP00159,2,PORT_P010,Port of Genoa,Port,Italy,44.41,8.925,PORT_P016,Port of Alexandria,Port,Egypt,31.2001,29.9187,Sea Breakbulk,CAR004,V012,2025-10-07T07:15:23,2025-10-07T13:49:16,2025-10-11T13:39:23,2025-10-11T19:44:42,2408.3,2483.3,102.4,101.9,0,None,9570.35,705.06,"LINESTRING (8.925 44.41, 29.9187 31.2001)"
LEG00159-3,SHP00159,3,PORT_P016,Port of Alexandria,Port,Egypt,31.2001,29.9187,FAC_F016,Alexandria Water Project Site,Project Site,Egypt,31.2001,29.9187,Road,CAR004,V012,2025-10-11T22:07:37,2025-10-12T02:40:24,2025-10-12T05:43:37,2025-10-12T14:10:25,0.0,0.0,7.6,11.5,3.9,None,669.6,0.0,"LINESTRING (29.9187 31.2001, 29.9187 31.2001)"
LEG00160-1,SHP00160,1,FAC_F014,Cadiz Module Yard,Module Yard,Spain,36.5271,-6.2886,PORT_P003,Port of Algeciras,Port,Spain,36.1324,-5.4479,Road,CAR010,V014,2024-04-11T15:00:00,2024-04-11T14:18:53,2024-04-11T22:42:00,2024-04-11T22:31:57,103.6,109.8,7.7,8.2,0.5,None,1048.01,409.52,"LINESTRING (-6.2886 36.5271, -5.4479 36.1324)"
LEG00160-2,SHP00160,2,PORT_P003,Port of Algeciras,Port,Spain,36.1324,-5.4479,PORT_P012,Port of Casablanca,Port,Morocco,33.605,-7.611,Sea Breakbulk,CAR010,V014,2024-04-12T09:04:59,2024-04-12T14:17:59,2024-04-15T00:22:59,2024-04-15T07:55:24,358.2,372.0,63.3,65.6,2.3,None,4174.5,350.51,"LINESTRING (-5.4479 36.1324, -7.611 33.605)"
LEG00160-3,SHP00160,3,PORT_P012,Port of Casablanca,Port,Morocco,33.605,-7.611,FAC_F008,Casablanca Desalination Site,Project Site,Morocco,33.5731,-7.5898,Road,CAR010,V014,2024-04-15T06:18:31,2024-04-15T12:23:01,2024-04-15T14:24:31,2024-04-16T21:18:27,4.6,4.6,8.1,32.9,24.8,Road permit delay,457.81,17.16,"LINESTRING (-7.611 33.605, -7.5898 33.5731)"
LEG00161-1,SHP00161,1,FAC_F004,Bilbao Steel Fabricator,Vendor,Spain,43.263,-2.935,PORT_P004,Port of Bilbao,Port,Spain,43.3476,-3.0443,Road,CAR004,V001,2024-12-11T13:00:00,2024-12-11T14:12:04,2024-12-11T17:36:00,2024-12-11T19:34:40,14.8,14.9,4.6,5.4,0.8,None,740.29,20.35,"LINESTRING (-2.935 43.263, -3.0443 43.3476)"
LEG00161-2,SHP00161,2,PORT_P004,Port of Bilbao,Port,Spain,43.3476,-3.0443,PORT_P018,Port of Dammam,Port,Saudi Arabia,26.498,50.184,Sea Breakbulk,CAR004,V001,2024-12-12T00:20:39,2024-12-12T08:09:50,2024-12-20T08:02:39,2024-12-20T15:38:27,5350.2,5555.9,199.7,199.5,0,None,16113.08,1917.45,"LINESTRING (-3.0443 43.3476, 50.184 26.498)"
LEG00161-3,SHP00161,3,PORT_P018,Port of Dammam,Port,Saudi Arabia,26.498,50.184,FAC_F017,Dammam Gas Project Site,Project Site,Saudi Arabia,26.4207,50.0888,Road,CAR004,V001,2024-12-20T19:23:36,2024-12-21T02:05:43,2024-12-21T03:29:36,2024-12-21T12:11:59,15.7,16.2,8.1,10.1,2.0,None,746.46,22.13,"LINESTRING (50.184 26.498, 50.0888 26.4207)"
LEG00162-1,SHP00162,1,FAC_F012,Antwerp EPC Supplier Yard,Vendor,Belgium,51.2194,4.4025,PORT_P007,Port of Antwerp-Bruges,Port,Belgium,51.2639,4.4009,Road,CAR004,V012,2024-12-09T11:00:00,2024-12-09T11:33:57,2024-12-09T15:00:00,2024-12-09T14:22:03,6.1,6.0,4.0,2.8,0,None,711.35,16.1,"LINESTRING (4.4025 51.2194, 4.4009 51.2639)"
LEG00162-2,SHP00162,2,PORT_P007,Port of Antwerp-Bruges,Port,Belgium,51.2639,4.4009,PORT_P012,Port of Casablanca,Port,Morocco,33.605,-7.611,Sea Breakbulk,CAR004,V012,2024-12-10T05:14:33,2024-12-09T23:08:02,2024-12-14T13:44:33,2024-12-14T09:24:17,2271.6,2282.2,104.5,106.3,1.8,None,12003.93,1547.33,"LINESTRING (4.4009 51.2639, -7.611 33.605)"
LEG00162-3,SHP00162,3,PORT_P012,Port of Casablanca,Port,Morocco,33.605,-7.611,FAC_F008,Casablanca Desalination Site,Project Site,Morocco,33.5731,-7.5898,Road,CAR004,V012,2024-12-15T00:15:35,2024-12-14T14:21:39,2024-12-15T08:27:35,2024-12-14T23:29:48,4.8,4.8,8.2,9.1,0.9,None,703.0,12.88,"LINESTRING (-7.611 33.605, -7.5898 33.5731)"
LEG00163-1,SHP00163,1,FAC_F012,Antwerp EPC Supplier Yard,Vendor,Belgium,51.2194,4.4025,PORT_P007,Port of Antwerp-Bruges,Port,Belgium,51.2639,4.4009,Road,CAR010,V004,2025-11-17T08:00:00,2025-11-17T09:23:27,2025-11-17T13:54:00,2025-11-17T14:09:15,5.9,6.2,5.9,4.8,0,None,329.57,2.72,"LINESTRING (4.4025 51.2194, 4.4009 51.2639)"
LEG00163-2,SHP00163,2,PORT_P007,Port of Antwerp-Bruges,Port,Belgium,51.2639,4.4009,PORT_P018,Port of Dammam,Port,Saudi Arabia,26.498,50.184,Sea Breakbulk,CAR010,V004,2025-11-17T19:40:59,2025-11-18T05:55:08,2025-11-26T17:04:59,2025-11-27T20:34:32,5116.3,5449.4,213.4,230.7,17.3,Port congestion,5694.15,604.23,"LINESTRING (4.4009 51.2639, 50.184 26.498)"
LEG00163-3,SHP00163,3,PORT_P018,Port of Dammam,Port,Saudi Arabia,26.498,50.184,FAC_F017,Dammam Gas Project Site,Project Site,Saudi Arabia,26.4207,50.0888,Road,CAR010,V004,2025-11-27T07:10:08,2025-11-28T01:55:01,2025-11-27T15:52:08,2025-11-28T12:38:00,15.3,16.1,8.7,10.7,2.0,None,344.84,7.07,"LINESTRING (50.184 26.498, 50.0888 26.4207)"
LEG00164-1,SHP00164,1,FAC_F011,Rotterdam Consolidation Hub,Consolidation Hub,Netherlands,51.9244,4.4777,PORT_P006,Port of Rotterdam,Port,Netherlands,51.947,4.142,Road,CAR005,V013,2025-01-10T15:00:00,2025-01-10T14:23:21,2025-01-10T19:24:00,2025-01-10T17:46:22,30.7,32.6,4.4,3.4,0,None,370.51,15.73,"LINESTRING (4.4777 51.9244, 4.142 51.947)"
LEG00164-2,SHP00164,2,PORT_P006,Port of Rotterdam,Port,Netherlands,51.947,4.142,PORT_P016,Port of Alexandria,Port,Egypt,31.2001,29.9187,Container Sea,CAR005,V013,2025-01-11T05:06:42,2025-01-11T05:54:57,2025-01-17T06:30:42,2025-01-17T06:05:46,3264.7,3421.5,145.4,144.2,0,None,2332.17,312.86,"LINESTRING (4.142 51.947, 29.9187 31.2001)"
LEG00164-3,SHP00164,3,PORT_P016,Port of Alexandria,Port,Egypt,31.2001,29.9187,FAC_F016,Alexandria Water Project Site,Project Site,Egypt,31.2001,29.9187,Road,CAR005,V013,2025-01-17T17:23:21,2025-01-17T18:15:58,2025-01-18T01:47:21,2025-01-18T04:06:32,0.0,0.0,8.4,9.8,1.4,None,320.0,0.0,"LINESTRING (29.9187 31.2001, 29.9187 31.2001)"
LEG00165-1,SHP00165,1,FAC_F013,Valencia Export Depot,Warehouse,Spain,39.4699,-0.3763,PORT_P001,Port of Valencia,Port,Spain,39.461,-0.323,Road,CAR004,V008,2024-04-02T15:00:00,2024-04-02T15:36:31,2024-04-03T00:54:00,2024-04-03T03:46:05,6.2,6.3,9.9,12.2,2.3,None,443.57,1.51,"LINESTRING (-0.3763 39.4699, -0.323 39.461)"
LEG00165-2,SHP00165,2,PORT_P001,Port of Valencia,Port,Spain,39.461,-0.323,PORT_P006,Port of Rotterdam,Port,Netherlands,51.947,4.142,Sea Breakbulk,CAR004,V008,2024-04-03T08:49:27,2024-04-03T13:15:59,2024-04-07T15:43:27,2024-04-07T18:10:20,1535.8,1628.8,102.9,100.9,0,None,4380.63,98.9,"LINESTRING (-0.323 39.461, 4.142 51.947)"
LEG00165-3,SHP00165,3,PORT_P006,Port of Rotterdam,Port,Netherlands,51.947,4.142,FAC_F011,Rotterdam Consolidation Hub,Consolidation Hub,Netherlands,51.9244,4.4777,Road,CAR004,V008,2024-04-07T23:50:30,2024-04-07T23:41:34,2024-04-08T05:20:30,2024-04-08T04:24:54,29.3,30.1,5.5,4.7,0,None,487.26,7.23,"LINESTRING (4.142 51.947, 4.4777 51.9244)"
LEG00166-1,SHP00166,1,FAC_F012,Antwerp EPC Supplier Yard,Vendor,Belgium,51.2194,4.4025,PORT_P007,Port of Antwerp-Bruges,Port,Belgium,51.2639,4.4009,Road,CAR010,V007,2025-07-21T09:00:00,2025-07-21T09:04:10,2025-07-21T15:18:00,2025-07-21T14:12:38,6.4,6.6,6.3,5.1,0,None,452.15,8.84,"LINESTRING (4.4025 51.2194, 4.4009 51.2639)"
LEG00166-2,SHP00166,2,PORT_P007,Port of Antwerp-Bruges,Port,Belgium,51.2639,4.4009,PORT_P016,Port of Alexandria,Port,Egypt,31.2001,29.9187,Sea Breakbulk,CAR010,V007,2025-07-22T06:42:17,2025-07-22T01:00:33,2025-07-28T09:06:17,2025-07-28T04:36:34,3245.0,3277.1,146.4,147.6,1.2,None,7443.23,1108.97,"LINESTRING (4.4009 51.2639, 29.9187 31.2001)"
LEG00166-3,SHP00166,3,PORT_P016,Port of Alexandria,Port,Egypt,31.2001,29.9187,FAC_F016,Alexandria Water Project Site,Project Site,Egypt,31.2001,29.9187,Road,CAR010,V007,2025-07-28T13:49:45,2025-07-28T19:35:10,2025-07-28T20:31:45,2025-07-29T19:59:59,0.0,0.0,6.7,24.4,17.7,Carrier capacity,432.0,0.0,"LINESTRING (29.9187 31.2001, 29.9187 31.2001)"
LEG00167-1,SHP00167,1,FAC_F001,Zaragoza Distribution Hub,Warehouse,Spain,41.6488,-0.8891,FAC_F007,Sines Energy Project Site,Project Site,Portugal,37.956,-8.868,Road,CAR001,,2024-01-30T15:00:00,2024-01-30T14:31:45,2024-01-31T17:30:00,2024-01-31T19:12:41,1003.0,1023.1,26.5,28.7,2.2,None,2145.37,292.56,"LINESTRING (-0.8891 41.6488, -8.868 37.956)"
LEG00168-1,SHP00168,1,FAC_F009,Lyon Fabrication Partner,Vendor,France,45.764,4.8357,PORT_P009,Port of Marseille-Fos,Port,France,43.437,4.943,Road,CAR006,,2025-01-31T12:00:00,2025-01-31T11:04:06,2025-02-01T01:18:00,2025-01-31T22:51:33,338.4,361.8,13.3,11.8,0,None,2245.82,743.79,"LINESTRING (4.8357 45.764, 4.943 43.437)"
LEG00168-2,SHP00168,2,PORT_P009,Port of Marseille-Fos,Port,France,43.437,4.943,PORT_P012,Port of Casablanca,Port,Morocco,33.605,-7.611,Container Sea,CAR006,,2025-02-01T07:09:25,2025-02-01T06:04:46,2025-02-04T13:51:25,2025-02-04T11:04:57,1665.4,1709.7,78.7,77.0,0,None,3799.67,665.96,"LINESTRING (4.943 43.437, -7.611 33.605)"
LEG00168-3,SHP00168,3,PORT_P012,Port of Casablanca,Port,Morocco,33.605,-7.611,FAC_F008,Casablanca Desalination Site,Project Site,Morocco,33.5731,-7.5898,Road,CAR006,,2025-02-04T18:36:57,2025-02-05T02:06:12,2025-02-05T01:00:57,2025-02-06T17:04:23,5.1,5.2,6.4,39.0,32.6,Weather disruption,564.52,10.69,"LINESTRING (-7.611 33.605, -7.5898 33.5731)"
LEG00169-1,SHP00169,1,FAC_F005,Tarragona Equipment Vendor,Vendor,Spain,41.1189,1.2445,PORT_P002,Port of Barcelona,Port,Spain,41.3522,2.1686,Road,CAR006,,2025-07-21T10:00:00,2025-07-21T11:04:05,2025-07-21T15:36:00,2025-07-21T14:41:52,105.2,109.5,5.6,3.6,0,None,907.7,275.77,"LINESTRING (1.2445 41.1189, 2.1686 41.3522)"
LEG00169-2,SHP00169,2,PORT_P002,Port of Barcelona,Port,Spain,41.3522,2.1686,PORT_P016,Port of Alexandria,Port,Egypt,31.2001,29.9187,Container Sea,CAR006,,2025-07-22T05:27:05,2025-07-22T02:29:56,2025-07-27T06:45:05,2025-07-27T18:11:48,2847.5,2877.3,121.3,135.7,14.4,Documentation issue,4448.9,1372.99,"LINESTRING (2.1686 41.3522, 29.9187 31.2001)"
LEG00169-3,SHP00169,3,PORT_P016,Port of Alexandria,Port,Egypt,31.2001,29.9187,FAC_F016,Alexandria Water Project Site,Project Site,Egypt,31.2001,29.9187,Road,CAR006,,2025-07-27T13:52:20,2025-07-28T06:34:25,2025-07-27T23:46:20,2025-07-28T17:58:10,0.0,0.0,9.9,11.4,1.5,None,432.0,0.0,"LINESTRING (29.9187 31.2001, 29.9187 31.2001)"
LEG00170-1,SHP00170,1,FAC_F010,Milan Valve Plant,Vendor,Italy,45.4642,9.19,PORT_P010,Port of Genoa,Port,Italy,44.41,8.925,Road,CAR010,V004,2024-11-07T13:00:00,2024-11-07T12:33:13,2024-11-07T22:24:00,2024-11-07T23:07:37,143.3,151.1,9.4,10.6,1.2,None,981.84,102.49,"LINESTRING (9.19 45.4642, 8.925 44.41)"
LEG00170-2,SHP00170,2,PORT_P010,Port of Genoa,Port,Italy,44.41,8.925,PORT_P016,Port of Alexandria,Port,Egypt,31.2001,29.9187,Sea Breakbulk,CAR010,V004,2024-11-08T08:29:18,2024-11-08T06:06:03,2024-11-12T16:35:18,2024-11-12T17:35:59,2399.5,2577.7,104.1,107.5,3.4,None,7077.72,441.71,"LINESTRING (8.925 44.41, 29.9187 31.2001)"
LEG00170-3,SHP00170,3,PORT_P016,Port of Alexandria,Port,Egypt,31.2001,29.9187,FAC_F016,Alexandria Water Project Site,Project Site,Egypt,31.2001,29.9187,Road,CAR010,V004,2024-11-13T05:11:53,2024-11-13T10:22:55,2024-11-13T12:47:53,2024-11-13T21:54:31,0.0,0.0,7.6,11.5,3.9,None,540.0,0.0,"LINESTRING (29.9187 31.2001, 29.9187 31.2001)"
LEG00171-1,SHP00171,1,FAC_F012,Antwerp EPC Supplier Yard,Vendor,Belgium,51.2194,4.4025,PORT_P007,Port of Antwerp-Bruges,Port,Belgium,51.2639,4.4009,Road,CAR004,V012,2024-04-02T12:00:00,2024-04-02T11:56:12,2024-04-02T15:54:00,2024-04-02T18:14:22,6.4,6.5,3.9,6.3,2.4,None,705.35,11.86,"LINESTRING (4.4025 51.2194, 4.4009 51.2639)"
LEG00171-2,SHP00171,2,PORT_P007,Port of Antwerp-Bruges,Port,Belgium,51.2639,4.4009,PORT_P005,Port of Sines,Port,Portugal,37.9543,-8.8631,Sea Breakbulk,CAR004,V012,2024-04-03T03:13:13,2024-04-03T06:21:37,2024-04-06T10:37:13,2024-04-06T14:50:27,1957.3,2107.3,79.4,80.5,1.1,None,9995.21,971.04,"LINESTRING (4.4009 51.2639, -8.8631 37.9543)"
LEG00171-3,SHP00171,3,PORT_P005,Port of Sines,Port,Portugal,37.9543,-8.8631,FAC_F007,Sines Energy Project Site,Project Site,Portugal,37.956,-8.868,Road,CAR004,V012,2024-04-06T18:58:25,2024-04-07T01:46:30,2024-04-06T23:16:25,2024-04-07T08:29:33,0.5,0.5,4.3,6.7,2.4,None,672.35,0.91,"LINESTRING (-8.8631 37.9543, -8.868 37.956)"
LEG00172-1,SHP00172,1,FAC_F010,Milan Valve Plant,Vendor,Italy,45.4642,9.19,PORT_P010,Port of Genoa,Port,Italy,44.41,8.925,Road,CAR010,V014,2025-09-24T13:00:00,2025-09-24T12:01:08,2025-09-24T20:42:00,2025-09-25T12:19:22,153.5,157.8,7.7,24.3,16.6,Customs hold,1210.56,490.06,"LINESTRING (9.19 45.4642, 8.925 44.41)"
LEG00172-2,SHP00172,2,PORT_P010,Port of Genoa,Port,Italy,44.41,8.925,PORT_P018,Port of Dammam,Port,Saudi Arabia,26.498,50.184,Sea Breakbulk,CAR010,V014,2025-09-25T10:16:13,2025-09-26T04:48:06,2025-10-03T02:34:13,2025-10-05T02:19:11,4655.4,4720.0,184.3,213.5,29.2,Port congestion,13564.65,3703.12,"LINESTRING (8.925 44.41, 50.184 26.498)"
LEG00172-3,SHP00172,3,PORT_P018,Port of Dammam,Port,Saudi Arabia,26.498,50.184,FAC_F017,Dammam Gas Project Site,Project Site,Saudi Arabia,26.4207,50.0888,Road,CAR010,V014,2025-10-03T08:49:52,2025-10-05T15:00:05,2025-10-03T14:07:52,2025-10-05T22:45:32,16.5,16.9,5.3,7.8,2.5,None,515.38,52.48,"LINESTRING (50.184 26.498, 50.0888 26.4207)"
LEG00173-1,SHP00173,1,FAC_F014,Cadiz Module Yard,Module Yard,Spain,36.5271,-6.2886,PORT_P003,Port of Algeciras,Port,Spain,36.1324,-5.4479,Road,CAR005,V013,2024-12-04T13:00:00,2024-12-04T13:23:46,2024-12-04T20:00:00,2024-12-04T20:17:09,101.8,103.2,7.0,6.9,0,None,938.75,205.3,"LINESTRING (-6.2886 36.5271, -5.4479 36.1324)"
LEG00173-2,SHP00173,2,PORT_P003,Port of Algeciras,Port,Spain,36.1324,-5.4479,PORT_P018,Port of Dammam,Port,Saudi Arabia,26.498,50.184,Container Sea,CAR005,V013,2024-12-05T06:22:11,2024-12-05T08:21:13,2024-12-14T07:22:11,2024-12-14T12:10:20,5585.5,5894.9,217.0,219.8,2.8,None,7610.5,2221.91,"LINESTRING (-5.4479 36.1324, 50.184 26.498)"
LEG00173-3,SHP00173,3,PORT_P018,Port of Dammam,Port,Saudi Arabia,26.498,50.184,FAC_F017,Dammam Gas Project Site,Project Site,Saudi Arabia,26.4207,50.0888,Road,CAR005,V013,2024-12-14T12:53:17,2024-12-15T00:31:18,2024-12-14T18:29:17,2024-12-15T08:58:47,14.4,14.8,5.6,8.5,2.9,None,559.5,29.44,"LINESTRING (50.184 26.498, 50.0888 26.4207)"
LEG00174-1,SHP00174,1,FAC_F001,Zaragoza Distribution Hub,Warehouse,Spain,41.6488,-0.8891,PORT_P001,Port of Valencia,Port,Spain,39.461,-0.323,Road,CAR007,V011,2025-06-17T07:00:00,2025-06-17T09:12:48,2025-06-17T17:42:00,2025-06-17T23:52:48,279.1,293.9,10.7,14.7,4.0,None,1515.29,281.16,"LINESTRING (-0.8891 41.6488, -0.323 39.461)"
LEG00174-2,SHP00174,2,PORT_P001,Port of Valencia,Port,Spain,39.461,-0.323,PORT_P009,Port of Marseille-Fos,Port,France,43.437,4.943,Sea Breakbulk,CAR007,V011,2025-06-18T05:28:11,2025-06-18T05:36:23,2025-06-20T20:52:11,2025-06-20T19:55:46,637.3,684.6,63.4,62.3,0,None,4983.07,165.45,"LINESTRING (-0.323 39.461, 4.943 43.437)"
LEG00174-3,SHP00174,3,PORT_P009,Port of Marseille-Fos,Port,France,43.437,4.943,FAC_F018,Marseille Wind Substation Site,Project Site,France,43.2965,5.3698,Road,CAR007,V011,2025-06-21T02:52:37,2025-06-21T07:47:49,2025-06-21T08:58:37,2025-06-21T15:59:17,44.6,45.8,6.1,8.2,2.1,None,691.98,43.81,"LINESTRING (4.943 43.437, 5.3698 43.2965)"
LEG00175-1,SHP00175,1,FAC_F003,Puertollano Module Yard,Module Yard,Spain,38.6871,-4.1121,PORT_P003,Port of Algeciras,Port,Spain,36.1324,-5.4479,Road,CAR007,V011,2024-06-10T10:00:00,2024-06-10T09:11:36,2024-06-11T01:30:00,2024-06-11T02:13:31,394.4,395.9,15.5,17.0,1.5,None,6865.19,3852.07,"LINESTRING (-4.1121 38.6871, -5.4479 36.1324)"
LEG00175-2,SHP00175,2,PORT_P003,Port of Algeciras,Port,Spain,36.1324,-5.4479,PORT_P001,Port of Valencia,Port,Spain,39.461,-0.323,Sea Breakbulk,CAR007,V011,2024-06-11T13:24:13,2024-06-11T05:17:45,2024-06-14T04:48:13,2024-06-15T00:57:42,629.1,639.0,63.4,91.7,28.3,Carrier capacity,9040.77,1570.71,"LINESTRING (-5.4479 36.1324, -0.323 39.461)"
LEG00175-3,SHP00175,3,PORT_P001,Port of Valencia,Port,Spain,39.461,-0.323,FAC_F001,Zaragoza Distribution Hub,Warehouse,Spain,41.6488,-0.8891,Road,CAR007,V011,2024-06-14T16:38:09,2024-06-15T08:33:16,2024-06-15T05:56:09,2024-06-16T09:27:37,302.3,325.4,13.3,24.9,11.6,Carrier capacity,5745.24,3166.11,"LINESTRING (-0.323 39.461, -0.8891 41.6488)"
LEG00176-1,SHP00176,1,FAC_F011,Rotterdam Consolidation Hub,Consolidation Hub,Netherlands,51.9244,4.4777,PORT_P006,Port of Rotterdam,Port,Netherlands,51.947,4.142,Road,CAR006,,2025-09-30T11:00:00,2025-09-30T12:16:57,2025-09-30T20:30:00,2025-10-01T00:27:34,26.0,26.5,9.5,12.2,2.7,None,360.31,12.29,"LINESTRING (4.4777 51.9244, 4.142 51.947)"
LEG00176-2,SHP00176,2,PORT_P006,Port of Rotterdam,Port,Netherlands,51.947,4.142,PORT_P012,Port of Casablanca,Port,Morocco,33.605,-7.611,Container Sea,CAR006,,2025-10-01T10:26:42,2025-10-01T11:45:32,2025-10-06T18:20:42,2025-10-06T23:10:22,2395.4,2437.1,127.9,131.4,3.5,None,1976.12,214.07,"LINESTRING (4.142 51.947, -7.611 33.605)"
LEG00176-3,SHP00176,3,PORT_P012,Port of Casablanca,Port,Morocco,33.605,-7.611,FAC_F008,Casablanca Desalination Site,Project Site,Morocco,33.5731,-7.5898,Road,CAR006,,2025-10-07T00:46:10,2025-10-07T02:27:40,2025-10-07T04:16:10,2025-10-07T20:57:06,4.7,4.7,3.5,18.5,15.0,Carrier capacity,327.15,2.18,"LINESTRING (-7.611 33.605, -7.5898 33.5731)"
LEG00177-1,SHP00177,1,FAC_F003,Puertollano Module Yard,Module Yard,Spain,38.6871,-4.1121,PORT_P003,Port of Algeciras,Port,Spain,36.1324,-5.4479,Road,CAR007,V011,2025-09-05T09:00:00,2025-09-05T09:22:32,2025-09-05T22:06:00,2025-09-05T23:24:45,347.7,360.2,13.1,14.0,0.9,None,2193.26,1103.9,"LINESTRING (-4.1121 38.6871, -5.4479 36.1324)"
LEG00177-2,SHP00177,2,PORT_P003,Port of Algeciras,Port,Spain,36.1324,-5.4479,PORT_P012,Port of Casablanca,Port,Morocco,33.605,-7.611,Sea Breakbulk,CAR007,V011,2025-09-06T02:10:27,2025-09-06T06:41:00,2025-09-08T16:16:27,2025-09-08T19:51:03,356.4,363.9,62.1,61.2,0,None,4028.29,281.75,"LINESTRING (-5.4479 36.1324, -7.611 33.605)"
LEG00177-3,SHP00177,3,PORT_P012,Port of Casablanca,Port,Morocco,33.605,-7.611,FAC_F008,Casablanca Desalination Site,Project Site,Morocco,33.5731,-7.5898,Road,CAR007,V011,2025-09-08T23:52:50,2025-09-09T13:39:05,2025-09-09T06:22:50,2025-09-10T10:31:47,5.0,5.2,6.5,20.9,14.4,Port congestion,457.43,15.94,"LINESTRING (-7.611 33.605, -7.5898 33.5731)"
LEG00178-1,SHP00178,1,FAC_F002,Madrid Cross Dock,Cross Dock,Spain,40.4168,-3.7038,PORT_P001,Port of Valencia,Port,Spain,39.461,-0.323,Road,CAR010,V014,2024-08-20T14:00:00,2024-08-20T14:02:34,2024-08-21T07:48:00,2024-08-21T06:32:24,406.2,431.6,17.8,16.5,0,None,1664.36,511.29,"LINESTRING (-3.7038 40.4168, -0.323 39.461)"
LEG00178-2,SHP00178,2,PORT_P001,Port of Valencia,Port,Spain,39.461,-0.323,PORT_P009,Port of Marseille-Fos,Port,France,43.437,4.943,Sea Breakbulk,CAR010,V014,2024-08-21T17:50:45,2024-08-21T17:31:12,2024-08-23T13:50:45,2024-08-23T16:01:31,656.5,707.8,44.0,46.5,2.5,None,4082.15,211.83,"LINESTRING (-0.323 39.461, 4.943 43.437)"
LEG00178-3,SHP00178,3,PORT_P009,Port of Marseille-Fos,Port,France,43.437,4.943,FAC_F018,Marseille Wind Substation Site,Project Site,France,43.2965,5.3698,Road,CAR010,V014,2024-08-23T23:12:48,2024-08-24T09:38:59,2024-08-24T08:18:48,2024-08-24T19:11:46,48.5,48.5,9.1,9.5,0.4,None,570.48,57.46,"LINESTRING (4.943 43.437, 5.3698 43.2965)"
LEG00179-1,SHP00179,1,FAC_F004,Bilbao Steel Fabricator,Vendor,Spain,43.263,-2.935,PORT_P004,Port of Bilbao,Port,Spain,43.3476,-3.0443,Road,CAR004,V012,2024-12-25T08:00:00,2024-12-25T07:26:18,2024-12-25T17:18:00,2024-12-26T05:55:53,15.0,15.8,9.3,22.5,13.2,Documentation issue,754.78,100.64,"LINESTRING (-2.935 43.263, -3.0443 43.3476)"
LEG00179-2,SHP00179,2,PORT_P004,Port of Bilbao,Port,Spain,43.3476,-3.0443,PORT_P018,Port of Dammam,Port,Saudi Arabia,26.498,50.184,Sea Breakbulk,CAR004,V012,2024-12-25T23:13:23,2024-12-26T09:49:14,2025-01-05T00:01:23,2025-01-05T10:55:51,5397.4,5825.0,240.8,241.1,0.3,None,34549.91,9373.59,"LINESTRING (-3.0443 43.3476, 50.184 26.498)"
LEG00179-3,SHP00179,3,PORT_P018,Port of Dammam,Port,Saudi Arabia,26.498,50.184,FAC_F017,Dammam Gas Project Site,Project Site,Saudi Arabia,26.4207,50.0888,Road,CAR004,V012,2025-01-05T06:04:42,2025-01-06T02:03:12,2025-01-05T09:28:42,2025-01-06T06:52:38,14.4,14.7,3.4,4.8,1.4,None,742.34,93.64,"LINESTRING (50.184 26.498, 50.0888 26.4207)"
LEG00180-1,SHP00180,1,FAC_F001,Zaragoza Distribution Hub,Warehouse,Spain,41.6488,-0.8891,PORT_P001,Port of Valencia,Port,Spain,39.461,-0.323,Road,CAR007,V005,2024-10-29T13:00:00,2024-10-29T15:01:42,2024-10-30T03:00:00,2024-10-30T06:34:08,279.1,292.1,14.0,15.5,1.5,None,1189.81,271.11,"LINESTRING (-0.8891 41.6488, -0.323 39.461)"
LEG00180-2,SHP00180,2,PORT_P001,Port of Valencia,Port,Spain,39.461,-0.323,PORT_P009,Port of Marseille-Fos,Port,France,43.437,4.943,Sea Breakbulk,CAR007,V005,2024-10-30T08:30:28,2024-10-30T21:02:13,2024-11-01T21:54:28,2024-11-02T12:46:12,635.6,632.2,61.4,63.7,2.3,None,3912.28,148.24,"LINESTRING (-0.323 39.461, 4.943 43.437)"
LEG00180-3,SHP00180,3,PORT_P009,Port of Marseille-Fos,Port,France,43.437,4.943,FAC_F018,Marseille Wind Substation Site,Project Site,France,43.2965,5.3698,Road,CAR007,V005,2024-11-02T08:30:30,2024-11-02T18:24:42,2024-11-02T18:54:30,2024-11-03T03:58:32,45.4,47.9,10.4,9.6,0,Carrier capacity,556.27,44.46,"LINESTRING (4.943 43.437, 5.3698 43.2965)"
LEG00181-1,SHP00181,1,FAC_F012,Antwerp EPC Supplier Yard,Vendor,Belgium,51.2194,4.4025,PORT_P007,Port of Antwerp-Bruges,Port,Belgium,51.2639,4.4009,Road,CAR004,V001,2024-02-06T09:00:00,2024-02-06T11:28:18,2024-02-06T15:42:00,2024-02-06T16:57:35,6.2,6.3,6.7,5.5,0,None,459.6,16.88,"LINESTRING (4.4025 51.2194, 4.4009 51.2639)"
LEG00181-2,SHP00181,2,PORT_P007,Port of Antwerp-Bruges,Port,Belgium,51.2639,4.4009,PORT_P005,Port of Sines,Port,Portugal,37.9543,-8.8631,Sea Breakbulk,CAR004,V001,2024-02-06T21:42:04,2024-02-07T10:18:57,2024-02-10T19:18:04,2024-02-11T11:30:40,1921.1,1980.0,93.6,97.2,3.6,None,7053.44,1340.54,"LINESTRING (4.4009 51.2639, -8.8631 37.9543)"
LEG00181-3,SHP00181,3,PORT_P005,Port of Sines,Port,Portugal,37.9543,-8.8631,FAC_F007,Sines Energy Project Site,Project Site,Portugal,37.956,-8.868,Road,CAR004,V001,2024-02-11T01:58:00,2024-02-11T22:31:19,2024-02-11T10:52:00,2024-02-12T07:25:23,0.6,0.6,8.9,8.9,0.0,None,434.63,1.61,"LINESTRING (-8.8631 37.9543, -8.868 37.956)"
LEG00182-1,SHP00182,1,FAC_F005,Tarragona Equipment Vendor,Vendor,Spain,41.1189,1.2445,PORT_P002,Port of Barcelona,Port,Spain,41.3522,2.1686,Road,CAR010,V004,2024-02-28T12:00:00,2024-02-28T12:42:05,2024-02-28T20:24:00,2024-02-28T20:02:05,95.2,98.1,8.4,7.3,0,None,626.1,40.35,"LINESTRING (1.2445 41.1189, 2.1686 41.3522)"
LEG00182-2,SHP00182,2,PORT_P002,Port of Barcelona,Port,Spain,41.3522,2.1686,PORT_P005,Port of Sines,Port,Portugal,37.9543,-8.8631,Sea Breakbulk,CAR010,V004,2024-02-29T02:15:46,2024-02-29T00:10:17,2024-03-03T06:33:46,2024-03-03T05:35:20,1085.3,1130.7,76.3,77.4,1.1,None,4113.6,117.5,"LINESTRING (2.1686 41.3522, -8.8631 37.9543)"
LEG00182-3,SHP00182,3,PORT_P005,Port of Sines,Port,Portugal,37.9543,-8.8631,FAC_F007,Sines Energy Project Site,Project Site,Portugal,37.956,-8.868,Road,CAR010,V004,2024-03-03T21:43:34,2024-03-03T13:08:05,2024-03-04T01:49:34,2024-03-03T16:37:24,0.6,0.6,4.1,3.5,0,None,433.19,0.25,"LINESTRING (-8.8631 37.9543, -8.868 37.956)"
LEG00183-1,SHP00183,1,FAC_F010,Milan Valve Plant,Vendor,Italy,45.4642,9.19,PORT_P010,Port of Genoa,Port,Italy,44.41,8.925,Road,CAR005,V013,2025-02-17T07:00:00,2025-02-17T07:21:17,2025-02-17T16:18:00,2025-02-17T15:33:14,142.5,153.7,9.3,8.2,0,None,684.95,50.81,"LINESTRING (9.19 45.4642, 8.925 44.41)"
LEG00183-2,SHP00183,2,PORT_P010,Port of Genoa,Port,Italy,44.41,8.925,PORT_P016,Port of Alexandria,Port,Egypt,31.2001,29.9187,Container Sea,CAR005,V013,2025-02-18T08:14:22,2025-02-18T08:00:45,2025-02-23T12:26:22,2025-02-23T15:57:08,2451.3,2463.2,124.2,127.9,3.7,None,2449.33,154.29,"LINESTRING (8.925 44.41, 29.9187 31.2001)"
LEG00183-3,SHP00183,3,PORT_P016,Port of Alexandria,Port,Egypt,31.2001,29.9187,FAC_F016,Alexandria Water Project Site,Project Site,Egypt,31.2001,29.9187,Road,CAR005,V013,2025-02-23T19:26:12,2025-02-23T23:25:41,2025-02-24T03:08:12,2025-02-24T07:47:42,0.0,0.0,7.7,8.4,0.7,None,400.0,0.0,"LINESTRING (29.9187 31.2001, 29.9187 31.2001)"
LEG00184-1,SHP00184,1,FAC_F004,Bilbao Steel Fabricator,Vendor,Spain,43.263,-2.935,PORT_P004,Port of Bilbao,Port,Spain,43.3476,-3.0443,Road,CAR006,,2025-02-28T08:00:00,2025-02-28T10:41:11,2025-02-28T12:12:00,2025-02-28T14:05:49,14.6,15.2,4.2,3.4,0,None,519.17,57.96,"LINESTRING (-2.935 43.263, -3.0443 43.3476)"
LEG00184-2,SHP00184,2,PORT_P004,Port of Bilbao,Port,Spain,43.3476,-3.0443,PORT_P001,Port of Valencia,Port,Spain,39.461,-0.323,Container Sea,CAR006,,2025-02-28T18:48:47,2025-02-28T21:52:32,2025-03-03T03:42:47,2025-03-03T08:26:55,522.1,518.9,56.9,58.6,1.7,None,2248.07,374.92,"LINESTRING (-3.0443 43.3476, -0.323 39.461)"
LEG00184-3,SHP00184,3,PORT_P001,Port of Valencia,Port,Spain,39.461,-0.323,FAC_F001,Zaragoza Distribution Hub,Warehouse,Spain,41.6488,-0.8891,Road,CAR006,,2025-03-03T17:42:30,2025-03-03T14:45:30,2025-03-04T04:06:30,2025-03-04T04:20:52,282.6,295.2,10.4,13.6,3.2,None,2124.86,1125.69,"LINESTRING (-0.323 39.461, -0.8891 41.6488)"
LEG00185-1,SHP00185,1,FAC_F004,Bilbao Steel Fabricator,Vendor,Spain,43.263,-2.935,PORT_P004,Port of Bilbao,Port,Spain,43.3476,-3.0443,Road,CAR003,V010,2025-08-12T07:00:00,2025-08-12T08:19:59,2025-08-12T15:42:00,2025-08-12T15:40:19,14.5,14.7,8.7,7.3,0,None,767.01,101.5,"LINESTRING (-2.935 43.263, -3.0443 43.3476)"
LEG00185-2,SHP00185,2,PORT_P004,Port of Bilbao,Port,Spain,43.3476,-3.0443,PORT_P012,Port of Casablanca,Port,Morocco,33.605,-7.611,RoRo,CAR003,V010,2025-08-13T01:05:56,2025-08-12T21:02:38,2025-08-15T23:41:56,2025-08-15T18:42:58,1238.0,1229.4,70.6,69.7,0,None,8029.59,2680.58,"LINESTRING (-3.0443 43.3476, -7.611 33.605)"
LEG00185-3,SHP00185,3,PORT_P012,Port of Casablanca,Port,Morocco,33.605,-7.611,FAC_F008,Casablanca Desalination Site,Project Site,Morocco,33.5731,-7.5898,Road,CAR003,V010,2025-08-16T15:26:04,2025-08-16T09:02:34,2025-08-17T00:44:04,2025-08-16T16:34:57,4.8,5.0,9.3,7.5,0,None,640.97,34.52,"LINESTRING (-7.611 33.605, -7.5898 33.5731)"
LEG00186-1,SHP00186,1,FAC_F012,Antwerp EPC Supplier Yard,Vendor,Belgium,51.2194,4.4025,PORT_P007,Port of Antwerp-Bruges,Port,Belgium,51.2639,4.4009,Road,CAR010,V004,2024-05-01T08:00:00,2024-05-01T08:58:51,2024-05-01T12:00:00,2024-05-01T15:26:20,6.4,6.4,4.0,6.5,2.5,None,627.46,25.85,"LINESTRING (4.4025 51.2194, 4.4009 51.2639)"
LEG00186-2,SHP00186,2,PORT_P007,Port of Antwerp-Bruges,Port,Belgium,51.2639,4.4009,PORT_P005,Port of Sines,Port,Portugal,37.9543,-8.8631,Sea Breakbulk,CAR010,V004,2024-05-01T18:47:49,2024-05-01T20:31:22,2024-05-06T02:29:49,2024-05-07T01:40:26,1888.2,2007.3,103.7,125.2,21.5,Port congestion,11576.54,2047.93,"LINESTRING (4.4009 51.2639, -8.8631 37.9543)"
LEG00186-3,SHP00186,3,PORT_P005,Port of Sines,Port,Portugal,37.9543,-8.8631,FAC_F007,Sines Energy Project Site,Project Site,Portugal,37.956,-8.868,Road,CAR010,V004,2024-05-06T11:47:36,2024-05-07T19:21:56,2024-05-06T18:59:36,2024-05-08T05:15:16,0.6,0.6,7.2,9.9,2.7,None,580.82,2.42,"LINESTRING (-8.8631 37.9543, -8.868 37.956)"
LEG00187-1,SHP00187,1,FAC_F015,Tangier Free Zone DC,Warehouse,Morocco,35.7595,-5.834,PORT_P011,Port of Tanger Med,Port,Morocco,35.889,-5.501,Road,CAR006,,2024-01-08T13:00:00,2024-01-08T14:09:03,2024-01-08T23:42:00,2024-01-09T01:20:33,40.0,42.0,10.7,11.2,0.5,None,542.37,43.21,"LINESTRING (-5.834 35.7595, -5.501 35.889)"
LEG00187-2,SHP00187,2,PORT_P011,Port of Tanger Med,Port,Morocco,35.889,-5.501,PORT_P001,Port of Valencia,Port,Spain,39.461,-0.323,Container Sea,CAR006,,2024-01-09T08:38:05,2024-01-09T05:00:43,2024-01-11T07:32:05,2024-01-12T00:48:20,671.2,702.3,46.9,67.8,20.9,Customs hold,1970.98,136.91,"LINESTRING (-5.501 35.889, -0.323 39.461)"
LEG00187-3,SHP00187,3,PORT_P001,Port of Valencia,Port,Spain,39.461,-0.323,FAC_F001,Zaragoza Distribution Hub,Warehouse,Spain,41.6488,-0.8891,Road,CAR006,,2024-01-11T19:52:34,2024-01-12T09:57:13,2024-01-12T05:22:34,2024-01-13T04:33:56,287.0,304.5,9.5,18.6,9.1,Carrier capacity,1232.19,313.28,"LINESTRING (-0.323 39.461, -0.8891 41.6488)"
LEG00188-1,SHP00188,1,FAC_F011,Rotterdam Consolidation Hub,Consolidation Hub,Netherlands,51.9244,4.4777,PORT_P006,Port of Rotterdam,Port,Netherlands,51.947,4.142,Road,CAR005,V013,2024-03-27T12:00:00,2024-03-27T14:46:47,2024-03-27T21:42:00,2024-03-28T00:01:52,26.4,26.2,9.7,9.3,0,None,359.28,12.62,"LINESTRING (4.4777 51.9244, 4.142 51.947)"
LEG00188-2,SHP00188,2,PORT_P006,Port of Rotterdam,Port,Netherlands,51.947,4.142,PORT_P001,Port of Valencia,Port,Spain,39.461,-0.323,Container Sea,CAR005,V013,2024-03-28T13:36:42,2024-03-28T17:56:18,2024-03-31T22:00:42,2024-04-01T05:01:19,1466.4,1486.3,80.4,83.1,2.7,None,1646.96,135.64,"LINESTRING (4.142 51.947, -0.323 39.461)"
LEG00188-3,SHP00188,3,PORT_P001,Port of Valencia,Port,Spain,39.461,-0.323,FAC_F001,Zaragoza Distribution Hub,Warehouse,Spain,41.6488,-0.8891,Road,CAR005,V013,2024-04-01T08:05:54,2024-04-01T14:33:13,2024-04-01T16:29:54,2024-04-01T22:04:46,288.8,309.2,8.4,7.5,0,None,783.58,148.93,"LINESTRING (-0.323 39.461, -0.8891 41.6488)"
LEG00189-1,SHP00189,1,FAC_F005,Tarragona Equipment Vendor,Vendor,Spain,41.1189,1.2445,PORT_P002,Port of Barcelona,Port,Spain,41.3522,2.1686,Road,CAR010,V004,2024-10-22T08:00:00,2024-10-22T07:30:04,2024-10-22T18:06:00,2024-10-22T17:20:54,98.1,100.2,10.1,9.8,0,None,802.14,194.28,"LINESTRING (1.2445 41.1189, 2.1686 41.3522)"
LEG00189-2,SHP00189,2,PORT_P002,Port of Barcelona,Port,Spain,41.3522,2.1686,PORT_P018,Port of Dammam,Port,Saudi Arabia,26.498,50.184,Sea Breakbulk,CAR010,V004,2024-10-23T10:03:07,2024-10-23T00:03:38,2024-10-31T10:45:07,2024-10-31T02:11:24,4760.6,5056.1,192.7,194.1,1.4,None,11285.35,2476.68,"LINESTRING (2.1686 41.3522, 50.184 26.498)"
LEG00189-3,SHP00189,3,PORT_P018,Port of Dammam,Port,Saudi Arabia,26.498,50.184,FAC_F017,Dammam Gas Project Site,Project Site,Saudi Arabia,26.4207,50.0888,Road,CAR010,V004,2024-11-01T01:25:53,2024-10-31T08:37:47,2024-11-01T04:55:53,2024-10-31T13:29:24,14.8,15.9,3.5,4.9,1.4,None,490.73,30.83,"LINESTRING (50.184 26.498, 50.0888 26.4207)"
LEG00190-1,SHP00190,1,FAC_F014,Cadiz Module Yard,Module Yard,Spain,36.5271,-6.2886,PORT_P003,Port of Algeciras,Port,Spain,36.1324,-5.4479,Road,CAR010,V007,2025-02-05T10:00:00,2025-02-05T09:12:12,2025-02-05T19:54:00,2025-02-05T22:31:37,100.6,101.1,9.9,13.3,3.4,None,975.95,164.04,"LINESTRING (-6.2886 36.5271, -5.4479 36.1324)"
LEG00190-2,SHP00190,2,PORT_P003,Port of Algeciras,Port,Spain,36.1324,-5.4479,PORT_P006,Port of Rotterdam,Port,Netherlands,51.947,4.142,Sea Breakbulk,CAR010,V007,2025-02-06T02:13:13,2025-02-06T05:33:47,2025-02-10T11:25:13,2025-02-11T05:55:05,2108.2,2232.4,105.2,120.4,15.2,Carrier capacity,8147.89,915.11,"LINESTRING (-5.4479 36.1324, 4.142 51.947)"
LEG00190-3,SHP00190,3,PORT_P006,Port of Rotterdam,Port,Netherlands,51.947,4.142,FAC_F011,Rotterdam Consolidation Hub,Consolidation Hub,Netherlands,51.9244,4.4777,Road,CAR010,V007,2025-02-10T18:45:02,2025-02-11T10:28:03,2025-02-11T02:15:02,2025-02-11T22:43:24,26.0,26.4,7.5,12.3,4.8,Documentation issue,653.84,42.84,"LINESTRING (4.142 51.947, 4.4777 51.9244)"
LEG00191-1,SHP00191,1,FAC_F010,Milan Valve Plant,Vendor,Italy,45.4642,9.19,PORT_P010,Port of Genoa,Port,Italy,44.41,8.925,Road,CAR010,V014,2024-02-27T07:00:00,2024-02-27T08:23:44,2024-02-27T14:30:00,2024-02-27T18:42:40,139.3,149.5,7.5,10.3,2.8,None,752.16,84.5,"LINESTRING (9.19 45.4642, 8.925 44.41)"
LEG00191-2,SHP00191,2,PORT_P010,Port of Genoa,Port,Italy,44.41,8.925,PORT_P001,Port of Valencia,Port,Spain,39.461,-0.323,Sea Breakbulk,CAR010,V014,2024-02-27T20:46:40,2024-02-28T09:40:42,2024-03-02T03:46:40,2024-03-03T00:58:31,971.7,1048.2,79.0,87.3,8.3,Customs hold,4131.87,149.68,"LINESTRING (8.925 44.41, -0.323 39.461)"
LEG00191-3,SHP00191,3,PORT_P001,Port of Valencia,Port,Spain,39.461,-0.323,FAC_F001,Zaragoza Distribution Hub,Warehouse,Spain,41.6488,-0.8891,Road,CAR010,V014,2024-03-02T08:33:34,2024-03-03T18:20:44,2024-03-02T20:51:34,2024-03-04T06:52:49,326.7,325.6,12.3,12.5,0.2,None,1129.29,184.05,"LINESTRING (-0.323 39.461, -0.8891 41.6488)"
LEG00192-1,SHP00192,1,FAC_F002,Madrid Cross Dock,Cross Dock,Spain,40.4168,-3.7038,PORT_P001,Port of Valencia,Port,Spain,39.461,-0.323,Road,CAR006,,2024-01-29T09:00:00,2024-01-29T10:56:02,2024-01-29T20:18:00,2024-01-30T01:12:38,364.6,378.9,11.3,14.3,3.0,None,861.36,139.3,"LINESTRING (-3.7038 40.4168, -0.323 39.461)"
LEG00192-2,SHP00192,2,PORT_P001,Port of Valencia,Port,Spain,39.461,-0.323,PORT_P005,Port of Sines,Port,Portugal,37.9543,-8.8631,Container Sea,CAR006,,2024-01-30T07:55:39,2024-01-30T10:39:23,2024-02-01T23:43:39,2024-02-02T03:42:55,794.5,793.8,63.8,65.1,1.3,None,1401.72,55.3,"LINESTRING (-0.323 39.461, -8.8631 37.9543)"
LEG00192-3,SHP00192,3,PORT_P005,Port of Sines,Port,Portugal,37.9543,-8.8631,FAC_F007,Sines Energy Project Site,Project Site,Portugal,37.956,-8.868,Road,CAR006,,2024-02-02T11:30:46,2024-02-02T17:06:08,2024-02-02T19:06:46,2024-02-02T23:27:59,0.6,0.6,7.6,6.4,0,None,320.86,0.22,"LINESTRING (-8.8631 37.9543, -8.868 37.956)"
LEG00193-1,SHP00193,1,FAC_F013,Valencia Export Depot,Warehouse,Spain,39.4699,-0.3763,PORT_P001,Port of Valencia,Port,Spain,39.461,-0.323,Road,CAR006,,2025-05-28T11:00:00,2025-05-28T11:12:51,2025-05-28T14:42:00,2025-05-28T23:38:44,5.5,5.7,3.7,12.4,8.7,Customs hold,557.12,4.49,"LINESTRING (-0.3763 39.4699, -0.323 39.461)"
LEG00193-2,SHP00193,2,PORT_P001,Port of Valencia,Port,Spain,39.461,-0.323,PORT_P005,Port of Sines,Port,Portugal,37.9543,-8.8631,Container Sea,CAR006,,2025-05-29T05:28:52,2025-05-29T15:35:12,2025-06-01T04:16:52,2025-06-02T04:25:04,796.6,833.3,70.8,84.8,14.0,Weather disruption,2504.5,124.5,"LINESTRING (-0.323 39.461, -8.8631 37.9543)"
LEG00193-3,SHP00193,3,PORT_P005,Port of Sines,Port,Portugal,37.9543,-8.8631,FAC_F007,Sines Energy Project Site,Project Site,Portugal,37.956,-8.868,Road,CAR006,,2025-06-01T12:14:10,2025-06-02T09:24:28,2025-06-01T21:38:10,2025-06-02T18:48:38,0.6,0.6,9.4,9.4,0.0,None,541.8,0.47,"LINESTRING (-8.8631 37.9543, -8.868 37.956)"
LEG00194-1,SHP00194,1,FAC_F003,Puertollano Module Yard,Module Yard,Spain,38.6871,-4.1121,PORT_P003,Port of Algeciras,Port,Spain,36.1324,-5.4479,Road,CAR003,V010,2025-05-08T15:00:00,2025-05-08T15:14:11,2025-05-09T02:54:00,2025-05-09T05:35:35,364.3,375.8,11.9,14.4,2.5,None,3448.03,1455.53,"LINESTRING (-4.1121 38.6871, -5.4479 36.1324)"
LEG00194-2,SHP00194,2,PORT_P003,Port of Algeciras,Port,Spain,36.1324,-5.4479,PORT_P012,Port of Casablanca,Port,Morocco,33.605,-7.611,RoRo,CAR003,V010,2025-05-09T13:12:11,2025-05-09T21:00:22,2025-05-10T18:06:11,2025-05-11T09:43:39,353.2,365.2,28.9,36.7,7.8,Weather disruption,2552.38,446.68,"LINESTRING (-5.4479 36.1324, -7.611 33.605)"
LEG00194-3,SHP00194,3,PORT_P012,Port of Casablanca,Port,Morocco,33.605,-7.611,FAC_F008,Casablanca Desalination Site,Project Site,Morocco,33.5731,-7.5898,Road,CAR003,V010,2025-05-11T01:56:00,2025-05-11T15:34:09,2025-05-11T09:50:00,2025-05-11T22:18:25,4.7,4.9,7.9,6.7,0,None,577.92,18.98,"LINESTRING (-7.611 33.605, -7.5898 33.5731)"
LEG00195-1,SHP00195,1,FAC_F005,Tarragona Equipment Vendor,Vendor,Spain,41.1189,1.2445,PORT_P002,Port of Barcelona,Port,Spain,41.3522,2.1686,Road,CAR004,V008,2025-07-01T12:00:00,2025-07-01T14:09:46,2025-07-01T19:00:00,2025-07-01T23:38:54,96.6,96.9,7.0,9.5,2.5,None,2890.72,744.45,"LINESTRING (1.2445 41.1189, 2.1686 41.3522)"
LEG00195-2,SHP00195,2,PORT_P002,Port of Barcelona,Port,Spain,41.3522,2.1686,PORT_P018,Port of Dammam,Port,Saudi Arabia,26.498,50.184,Sea Breakbulk,CAR004,V008,2025-07-02T02:49:00,2025-07-02T05:59:31,2025-07-10T07:19:00,2025-07-11T00:35:04,4950.7,5155.6,196.5,210.6,14.1,Road permit delay,55775.31,10006.4,"LINESTRING (2.1686 41.3522, 50.184 26.498)"
LEG00195-3,SHP00195,3,PORT_P018,Port of Dammam,Port,Saudi Arabia,26.498,50.184,FAC_F017,Dammam Gas Project Site,Project Site,Saudi Arabia,26.4207,50.0888,Road,CAR004,V008,2025-07-10T11:30:13,2025-07-11T09:54:24,2025-07-10T20:36:13,2025-07-11T21:19:53,15.0,15.9,9.1,11.4,2.3,None,1220.63,122.15,"LINESTRING (50.184 26.498, 50.0888 26.4207)"
LEG00196-1,SHP00196,1,FAC_F004,Bilbao Steel Fabricator,Vendor,Spain,43.263,-2.935,PORT_P004,Port of Bilbao,Port,Spain,43.3476,-3.0443,Road,CAR006,,2024-06-28T12:00:00,2024-06-28T11:28:47,2024-06-28T19:24:00,2024-06-28T22:32:27,15.2,15.3,7.4,11.1,3.7,None,611.62,31.48,"LINESTRING (-2.935 43.263, -3.0443 43.3476)"
LEG00196-2,SHP00196,2,PORT_P004,Port of Bilbao,Port,Spain,43.3476,-3.0443,PORT_P018,Port of Dammam,Port,Saudi Arabia,26.498,50.184,Container Sea,CAR006,,2024-06-29T10:22:12,2024-06-29T04:45:15,2024-07-08T03:34:12,2024-07-09T03:21:44,5338.8,5704.5,209.2,238.6,29.4,Carrier capacity,8099.04,2224.07,"LINESTRING (-3.0443 43.3476, 50.184 26.498)"
LEG00196-3,SHP00196,3,PORT_P018,Port of Dammam,Port,Saudi Arabia,26.498,50.184,FAC_F017,Dammam Gas Project Site,Project Site,Saudi Arabia,26.4207,50.0888,Road,CAR006,,2024-07-08T12:34:13,2024-07-09T11:05:09,2024-07-08T19:46:13,2024-07-10T12:36:58,15.8,15.8,7.2,25.5,18.3,Carrier capacity,613.96,32.51,"LINESTRING (50.184 26.498, 50.0888 26.4207)"
LEG00197-1,SHP00197,1,FAC_F005,Tarragona Equipment Vendor,Vendor,Spain,41.1189,1.2445,PORT_P002,Port of Barcelona,Port,Spain,41.3522,2.1686,Road,CAR005,V009,2025-07-23T13:00:00,2025-07-23T13:25:43,2025-07-23T21:42:00,2025-07-24T00:12:35,93.9,94.0,8.7,10.8,2.1,None,451.23,25.36,"LINESTRING (1.2445 41.1189, 2.1686 41.3522)"
LEG00197-2,SHP00197,2,PORT_P002,Port of Barcelona,Port,Spain,41.3522,2.1686,PORT_P016,Port of Alexandria,Port,Egypt,31.2001,29.9187,Container Sea,CAR005,V009,2025-07-24T11:35:46,2025-07-24T14:35:54,2025-07-30T11:41:46,2025-07-30T17:03:55,2861.3,3047.3,144.1,146.5,2.4,None,2089.84,155.78,"LINESTRING (2.1686 41.3522, 29.9187 31.2001)"
LEG00197-3,SHP00197,3,PORT_P016,Port of Alexandria,Port,Egypt,31.2001,29.9187,FAC_F016,Alexandria Water Project Site,Project Site,Egypt,31.2001,29.9187,Road,CAR005,V009,2025-07-30T19:08:10,2025-07-30T21:45:22,2025-07-30T23:38:10,2025-07-31T04:45:47,0.0,0.0,4.5,7.0,2.5,None,320.0,0.0,"LINESTRING (29.9187 31.2001, 29.9187 31.2001)"
LEG00198-1,SHP00198,1,FAC_F010,Milan Valve Plant,Vendor,Italy,45.4642,9.19,PORT_P010,Port of Genoa,Port,Italy,44.41,8.925,Road,CAR007,V005,2024-04-30T08:00:00,2024-04-30T10:46:36,2024-04-30T14:54:00,2024-04-30T15:44:51,139.1,148.7,6.9,5.0,0,None,975.96,105.81,"LINESTRING (9.19 45.4642, 8.925 44.41)"
LEG00198-2,SHP00198,2,PORT_P010,Port of Genoa,Port,Italy,44.41,8.925,PORT_P006,Port of Rotterdam,Port,Netherlands,51.947,4.142,Sea Breakbulk,CAR007,V005,2024-04-30T23:24:59,2024-05-01T03:30:21,2024-05-03T19:06:59,2024-05-04T17:11:55,964.3,1037.2,67.7,85.7,18.0,Road permit delay,5275.13,186.45,"LINESTRING (8.925 44.41, 4.142 51.947)"
LEG00198-3,SHP00198,3,PORT_P006,Port of Rotterdam,Port,Netherlands,51.947,4.142,FAC_F011,Rotterdam Consolidation Hub,Consolidation Hub,Netherlands,51.9244,4.4777,Road,CAR007,V005,2024-05-04T03:33:00,2024-05-04T21:25:33,2024-05-04T11:39:00,2024-05-05T09:26:01,30.0,31.4,8.1,12.0,3.9,None,632.06,22.34,"LINESTRING (4.142 51.947, 4.4777 51.9244)"
LEG00199-1,SHP00199,1,FAC_F005,Tarragona Equipment Vendor,Vendor,Spain,41.1189,1.2445,PORT_P002,Port of Barcelona,Port,Spain,41.3522,2.1686,Road,CAR005,V003,2025-01-07T13:00:00,2025-01-07T15:14:46,2025-01-07T19:54:00,2025-01-08T04:00:09,93.7,95.5,6.9,12.8,5.9,Carrier capacity,472.59,51.89,"LINESTRING (1.2445 41.1189, 2.1686 41.3522)"
LEG00199-2,SHP00199,2,PORT_P002,Port of Barcelona,Port,Spain,41.3522,2.1686,PORT_P005,Port of Sines,Port,Portugal,37.9543,-8.8631,Container Sea,CAR005,V003,2025-01-08T06:29:00,2025-01-08T10:25:02,2025-01-10T20:47:00,2025-01-11T21:28:54,1061.7,1133.0,62.3,83.1,20.8,Documentation issue,1554.67,116.65,"LINESTRING (2.1686 41.3522, -8.8631 37.9543)"
LEG00199-3,SHP00199,3,PORT_P005,Port of Sines,Port,Portugal,37.9543,-8.8631,FAC_F007,Sines Energy Project Site,Project Site,Portugal,37.956,-8.868,Road,CAR005,V003,2025-01-11T12:26:01,2025-01-12T01:31:52,2025-01-11T18:44:01,2025-01-12T08:03:18,0.5,0.5,6.3,6.5,0.2,None,320.8,0.27,"LINESTRING (-8.8631 37.9543, -8.868 37.956)"
LEG00200-1,SHP00200,1,FAC_F012,Antwerp EPC Supplier Yard,Vendor,Belgium,51.2194,4.4025,PORT_P007,Port of Antwerp-Bruges,Port,Belgium,51.2639,4.4009,Road,CAR004,V012,2025-02-26T13:00:00,2025-02-26T14:20:07,2025-02-26T18:42:00,2025-02-27T21:51:20,6.1,6.5,5.7,31.5,25.8,Carrier capacity,644.77,36.57,"LINESTRING (4.4025 51.2194, 4.4009 51.2639)"
LEG00200-2,SHP00200,2,PORT_P007,Port of Antwerp-Bruges,Port,Belgium,51.2639,4.4009,PORT_P005,Port of Sines,Port,Portugal,37.9543,-8.8631,Sea Breakbulk,CAR004,V012,2025-02-27T06:11:21,2025-02-28T09:29:33,2025-03-03T12:53:21,2025-03-05T06:33:02,1994.2,2012.8,102.7,117.1,14.4,Road permit delay,14038.4,2860.75,"LINESTRING (4.4009 51.2639, -8.8631 37.9543)"
LEG00200-3,SHP00200,3,PORT_P005,Port of Sines,Port,Portugal,37.9543,-8.8631,FAC_F007,Sines Energy Project Site,Project Site,Portugal,37.956,-8.868,Road,CAR004,V012,2025-03-03T19:51:27,2025-03-05T19:37:01,2025-03-03T23:39:27,2025-03-05T23:56:20,0.6,0.6,3.8,4.3,0.5,None,582.35,3.38,"LINESTRING (-8.8631 37.9543, -8.868 37.956)"
LEG00201-1,SHP00201,1,FAC_F013,Valencia Export Depot,Warehouse,Spain,39.4699,-0.3763,PORT_P001,Port of Valencia,Port,Spain,39.461,-0.323,Road,CAR010,V007,2024-10-30T10:00:00,2024-10-30T12:38:30,2024-10-30T19:48:00,2024-10-31T11:43:24,6.2,6.4,9.8,23.1,13.3,Port congestion,448.61,5.95,"LINESTRING (-0.3763 39.4699, -0.323 39.461)"
LEG00201-2,SHP00201,2,PORT_P001,Port of Valencia,Port,Spain,39.461,-0.323,PORT_P018,Port of Dammam,Port,Saudi Arabia,26.498,50.184,Sea Breakbulk,CAR010,V007,2024-10-31T06:56:15,2024-10-31T21:30:01,2024-11-08T08:26:15,2024-11-10T04:08:19,5089.9,5433.5,193.5,222.6,29.1,Port congestion,9020.69,1275.35,"LINESTRING (-0.323 39.461, 50.184 26.498)"
LEG00201-3,SHP00201,3,PORT_P018,Port of Dammam,Port,Saudi Arabia,26.498,50.184,FAC_F017,Dammam Gas Project Site,Project Site,Saudi Arabia,26.4207,50.0888,Road,CAR010,V007,2024-11-08T19:20:12,2024-11-10T14:38:03,2024-11-09T02:20:12,2024-11-10T21:05:19,16.0,16.7,7.0,6.5,0,None,475.34,15.52,"LINESTRING (50.184 26.498, 50.0888 26.4207)"
LEG00202-1,SHP00202,1,FAC_F004,Bilbao Steel Fabricator,Vendor,Spain,43.263,-2.935,PORT_P004,Port of Bilbao,Port,Spain,43.3476,-3.0443,Road,CAR003,V006,2025-09-26T13:00:00,2025-09-26T12:42:46,2025-09-26T19:42:00,2025-09-26T19:55:49,15.9,16.4,6.7,7.2,0.5,None,1051.34,145.5,"LINESTRING (-2.935 43.263, -3.0443 43.3476)"
LEG00202-2,SHP00202,2,PORT_P004,Port of Bilbao,Port,Spain,43.3476,-3.0443,PORT_P012,Port of Casablanca,Port,Morocco,33.605,-7.611,RoRo,CAR003,V006,2025-09-27T04:02:23,2025-09-27T03:02:17,2025-09-29T17:44:23,2025-09-29T17:56:48,1284.8,1309.3,61.7,62.9,1.2,None,12775.01,3668.27,"LINESTRING (-3.0443 43.3476, -7.611 33.605)"
LEG00202-3,SHP00202,3,PORT_P012,Port of Casablanca,Port,Morocco,33.605,-7.611,FAC_F008,Casablanca Desalination Site,Project Site,Morocco,33.5731,-7.5898,Road,CAR003,V006,2025-09-30T05:14:10,2025-09-30T06:09:00,2025-09-30T12:20:10,2025-09-30T12:31:19,4.7,4.9,7.1,6.4,0,None,819.0,43.47,"LINESTRING (-7.611 33.605, -7.5898 33.5731)"
LEG00203-1,SHP00203,1,FAC_F012,Antwerp EPC Supplier Yard,Vendor,Belgium,51.2194,4.4025,PORT_P007,Port of Antwerp-Bruges,Port,Belgium,51.2639,4.4009,Road,CAR006,,2024-02-28T14:00:00,2024-02-28T15:11:32,2024-02-28T21:48:00,2024-02-28T23:56:24,5.9,6.1,7.8,8.7,0.9,None,411.01,2.4,"LINESTRING (4.4025 51.2194, 4.4009 51.2639)"
LEG00203-2,SHP00203,2,PORT_P007,Port of Antwerp-Bruges,Port,Belgium,51.2639,4.4009,PORT_P001,Port of Valencia,Port,Spain,39.461,-0.323,Container Sea,CAR006,,2024-02-29T07:15:13,2024-02-29T13:33:53,2024-03-04T06:15:13,2024-03-04T11:25:09,1452.8,1475.3,95.0,93.9,0,None,2029.17,109.94,"LINESTRING (4.4009 51.2639, -0.323 39.461)"
LEG00203-3,SHP00203,3,PORT_P001,Port of Valencia,Port,Spain,39.461,-0.323,FAC_F001,Zaragoza Distribution Hub,Warehouse,Spain,41.6488,-0.8891,Road,CAR006,,2024-03-04T12:05:55,2024-03-04T23:35:44,2024-03-04T23:29:55,2024-03-05T10:43:57,278.4,291.7,11.4,11.1,0,None,926.5,114.73,"LINESTRING (-0.323 39.461, -0.8891 41.6488)"
LEG00204-1,SHP00204,1,FAC_F012,Antwerp EPC Supplier Yard,Vendor,Belgium,51.2194,4.4025,FAC_F018,Marseille Wind Substation Site,Project Site,France,43.2965,5.3698,Road,CAR002,,2025-03-06T10:00:00,2025-03-06T10:01:50,2025-03-07T10:24:00,2025-03-07T09:31:31,1023.3,1027.7,24.4,23.5,0,None,6311.65,3854.49,"LINESTRING (4.4025 51.2194, 5.3698 43.2965)"
LEG00205-1,SHP00205,1,FAC_F004,Bilbao Steel Fabricator,Vendor,Spain,43.263,-2.935,FAC_F007,Sines Energy Project Site,Project Site,Portugal,37.956,-8.868,Road,CAR008,,2025-09-15T13:00:00,2025-09-15T13:34:40,2025-09-16T16:12:00,2025-09-16T23:02:36,1022.6,1024.0,27.2,33.5,6.3,Road permit delay,7546.74,3750.14,"LINESTRING (-2.935 43.263, -8.868 37.956)"
LEG00206-1,SHP00206,1,FAC_F013,Valencia Export Depot,Warehouse,Spain,39.4699,-0.3763,FAC_F001,Zaragoza Distribution Hub,Warehouse,Spain,41.6488,-0.8891,Road,CAR002,,2024-05-08T10:00:00,2024-05-08T12:17:50,2024-05-08T20:48:00,2024-05-09T16:38:32,294.4,291.7,10.8,28.3,17.5,Customs hold,1201.22,289.03,"LINESTRING (-0.3763 39.4699, -0.8891 41.6488)"
LEG00207-1,SHP00207,1,FAC_F009,Lyon Fabrication Partner,Vendor,France,45.764,4.8357,PORT_P009,Port of Marseille-Fos,Port,France,43.437,4.943,Road,CAR004,V001,2024-05-05T12:00:00,2024-05-05T11:40:18,2024-05-05T23:30:00,2024-05-05T22:50:38,335.9,333.6,11.5,11.2,0,None,1791.73,753.0,"LINESTRING (4.8357 45.764, 4.943 43.437)"
LEG00207-2,SHP00207,2,PORT_P009,Port of Marseille-Fos,Port,France,43.437,4.943,PORT_P012,Port of Casablanca,Port,Morocco,33.605,-7.611,Sea Breakbulk,CAR004,V001,2024-05-06T12:23:43,2024-05-06T15:05:27,2024-05-09T22:41:43,2024-05-10T02:07:32,1641.3,1647.1,82.3,83.0,0.7,None,6160.23,939.24,"LINESTRING (4.943 43.437, -7.611 33.605)"
LEG00207-3,SHP00207,3,PORT_P012,Port of Casablanca,Port,Morocco,33.605,-7.611,FAC_F008,Casablanca Desalination Site,Project Site,Morocco,33.5731,-7.5898,Road,CAR004,V001,2024-05-10T13:17:22,2024-05-10T12:22:38,2024-05-10T19:47:22,2024-05-10T20:48:08,5.2,5.3,6.5,8.4,1.9,None,453.6,11.96,"LINESTRING (-7.611 33.605, -7.5898 33.5731)"
LEG00208-1,SHP00208,1,FAC_F004,Bilbao Steel Fabricator,Vendor,Spain,43.263,-2.935,PORT_P004,Port of Bilbao,Port,Spain,43.3476,-3.0443,Road,CAR010,V007,2025-02-03T15:00:00,2025-02-03T14:19:38,2025-02-03T23:24:00,2025-02-04T00:14:32,15.7,16.3,8.4,9.9,1.5,None,866.22,170.55,"LINESTRING (-2.935 43.263, -3.0443 43.3476)"
LEG00208-2,SHP00208,2,PORT_P004,Port of Bilbao,Port,Spain,43.3476,-3.0443,PORT_P005,Port of Sines,Port,Portugal,37.9543,-8.8631,Sea Breakbulk,CAR010,V007,2025-02-04T10:08:49,2025-02-04T18:07:33,2025-02-06T23:02:49,2025-02-07T09:36:53,808.2,831.6,60.9,63.5,2.6,None,11219.46,2198.22,"LINESTRING (-3.0443 43.3476, -8.8631 37.9543)"
LEG00208-3,SHP00208,3,PORT_P005,Port of Sines,Port,Portugal,37.9543,-8.8631,FAC_F007,Sines Energy Project Site,Project Site,Portugal,37.956,-8.868,Road,CAR010,V007,2025-02-07T09:21:45,2025-02-07T20:04:50,2025-02-07T15:27:45,2025-02-08T09:14:53,0.6,0.6,6.1,13.2,7.1,Road permit delay,586.68,6.28,"LINESTRING (-8.8631 37.9543, -8.868 37.956)"
LEG00209-1,SHP00209,1,FAC_F012,Antwerp EPC Supplier Yard,Vendor,Belgium,51.2194,4.4025,PORT_P007,Port of Antwerp-Bruges,Port,Belgium,51.2639,4.4009,Road,CAR004,V008,2025-12-26T15:00:00,2025-12-26T17:49:22,2025-12-26T22:06:00,2025-12-27T08:42:53,6.4,6.7,7.1,14.9,7.8,Carrier capacity,465.07,19.8,"LINESTRING (4.4025 51.2194, 4.4009 51.2639)"
LEG00209-2,SHP00209,2,PORT_P007,Port of Antwerp-Bruges,Port,Belgium,51.2639,4.4009,PORT_P018,Port of Dammam,Port,Saudi Arabia,26.498,50.184,Sea Breakbulk,CAR004,V008,2025-12-27T04:27:09,2025-12-27T21:48:17,2026-01-05T05:09:09,2026-01-05T21:02:34,5147.1,5522.1,216.7,215.2,0,None,15291.49,4123.02,"LINESTRING (4.4009 51.2639, 50.184 26.498)"
LEG00209-3,SHP00209,3,PORT_P018,Port of Dammam,Port,Saudi Arabia,26.498,50.184,FAC_F017,Dammam Gas Project Site,Project Site,Saudi Arabia,26.4207,50.0888,Road,CAR004,V008,2026-01-05T17:30:18,2026-01-06T13:42:23,2026-01-05T23:48:18,2026-01-06T20:59:09,14.9,15.6,6.3,7.3,1.0,None,509.01,46.11,"LINESTRING (50.184 26.498, 50.0888 26.4207)"
LEG00210-1,SHP00210,1,FAC_F011,Rotterdam Consolidation Hub,Consolidation Hub,Netherlands,51.9244,4.4777,PORT_P006,Port of Rotterdam,Port,Netherlands,51.947,4.142,Road,CAR005,V003,2025-04-08T08:00:00,2025-04-08T09:33:31,2025-04-08T16:18:00,2025-04-08T21:34:59,29.9,30.5,8.3,12.0,3.7,None,364.27,9.47,"LINESTRING (4.4777 51.9244, 4.142 51.947)"
LEG00210-2,SHP00210,2,PORT_P006,Port of Rotterdam,Port,Netherlands,51.947,4.142,PORT_P005,Port of Sines,Port,Portugal,37.9543,-8.8631,Container Sea,CAR005,V003,2025-04-09T06:07:15,2025-04-09T04:48:47,2025-04-14T02:01:15,2025-04-14T04:23:07,2063.3,2172.9,115.9,119.6,3.7,None,1848.11,127.9,"LINESTRING (4.142 51.947, -8.8631 37.9543)"
LEG00210-3,SHP00210,3,PORT_P005,Port of Sines,Port,Portugal,37.9543,-8.8631,FAC_F007,Sines Energy Project Site,Project Site,Portugal,37.956,-8.868,Road,CAR005,V003,2025-04-14T10:10:17,2025-04-14T16:34:01,2025-04-14T16:46:17,2025-04-15T18:50:42,0.6,0.6,6.6,26.3,19.7,Carrier capacity,320.87,0.19,"LINESTRING (-8.8631 37.9543, -8.868 37.956)"
LEG00211-1,SHP00211,1,FAC_F005,Tarragona Equipment Vendor,Vendor,Spain,41.1189,1.2445,PORT_P002,Port of Barcelona,Port,Spain,41.3522,2.1686,Road,CAR010,V014,2024-06-17T08:00:00,2024-06-17T10:00:51,2024-06-17T18:30:00,2024-06-17T20:24:25,106.6,114.6,10.5,10.4,0,None,1467.34,460.74,"LINESTRING (1.2445 41.1189, 2.1686 41.3522)"
LEG00211-2,SHP00211,2,PORT_P002,Port of Barcelona,Port,Spain,41.3522,2.1686,PORT_P012,Port of Casablanca,Port,Morocco,33.605,-7.611,Sea Breakbulk,CAR010,V014,2024-06-18T01:23:31,2024-06-18T10:17:37,2024-06-21T21:11:31,2024-06-22T08:37:09,1354.1,1396.6,91.8,94.3,2.5,None,9202.43,1418.5,"LINESTRING (2.1686 41.3522, -7.611 33.605)"
LEG00211-3,SHP00211,3,PORT_P012,Port of Casablanca,Port,Morocco,33.605,-7.611,FAC_F008,Casablanca Desalination Site,Project Site,Morocco,33.5731,-7.5898,Road,CAR010,V014,2024-06-22T06:57:19,2024-06-23T01:32:48,2024-06-22T12:03:19,2024-06-23T07:22:24,4.6,4.9,5.1,5.8,0.7,None,614.11,19.7,"LINESTRING (-7.611 33.605, -7.5898 33.5731)"
LEG00212-1,SHP00212,1,FAC_F010,Milan Valve Plant,Vendor,Italy,45.4642,9.19,FAC_F018,Marseille Wind Substation Site,Project Site,France,43.2965,5.3698,Road,CAR008,,2025-02-27T14:00:00,2025-02-27T15:28:16,2025-02-28T06:36:00,2025-02-28T09:48:36,482.8,488.6,16.6,18.3,1.7,None,2166.76,175.92,"LINESTRING (9.19 45.4642, 5.3698 43.2965)"
LEG00213-1,SHP00213,1,FAC_F014,Cadiz Module Yard,Module Yard,Spain,36.5271,-6.2886,PORT_P003,Port of Algeciras,Port,Spain,36.1324,-5.4479,Road,CAR010,V004,2024-05-24T07:00:00,2024-05-24T09:46:17,2024-05-24T13:30:00,2024-05-24T14:40:18,106.6,105.9,6.5,4.9,0,None,666.44,59.36,"LINESTRING (-6.2886 36.5271, -5.4479 36.1324)"
LEG00213-2,SHP00213,2,PORT_P003,Port of Algeciras,Port,Spain,36.1324,-5.4479,PORT_P006,Port of Rotterdam,Port,Netherlands,51.947,4.142,Sea Breakbulk,CAR010,V004,2024-05-24T22:24:12,2024-05-25T02:43:46,2024-05-29T20:36:12,2024-05-30T11:11:35,2112.7,2182.7,118.2,128.5,10.3,Port congestion,5158.89,309.07,"LINESTRING (-5.4479 36.1324, 4.142 51.947)"
LEG00213-3,SHP00213,3,PORT_P006,Port of Rotterdam,Port,Netherlands,51.947,4.142,FAC_F011,Rotterdam Consolidation Hub,Consolidation Hub,Netherlands,51.9244,4.4777,Road,CAR010,V004,2024-05-30T03:35:16,2024-05-31T05:03:27,2024-05-30T09:29:16,2024-06-01T02:54:29,29.9,31.2,5.9,21.9,16.0,Carrier capacity,501.07,17.49,"LINESTRING (4.142 51.947, 4.4777 51.9244)"
LEG00214-1,SHP00214,1,FAC_F010,Milan Valve Plant,Vendor,Italy,45.4642,9.19,FAC_F008,Casablanca Desalination Site,Project Site,Morocco,33.5731,-7.5898,Road,CAR008,,2025-12-22T13:00:00,2025-12-22T15:47:50,2025-12-24T10:12:00,2025-12-24T14:18:37,2393.3,2387.6,45.2,46.5,1.3,None,6586.03,1374.54,"LINESTRING (9.19 45.4642, -7.5898 33.5731)"
LEG00215-1,SHP00215,1,FAC_F012,Antwerp EPC Supplier Yard,Vendor,Belgium,51.2194,4.4025,PORT_P007,Port of Antwerp-Bruges,Port,Belgium,51.2639,4.4009,Road,CAR007,V005,2025-10-30T07:00:00,2025-10-30T09:29:42,2025-10-30T14:18:00,2025-10-31T06:39:07,5.6,5.7,7.3,21.2,13.9,Road permit delay,576.47,18.15,"LINESTRING (4.4025 51.2194, 4.4009 51.2639)"
LEG00215-2,SHP00215,2,PORT_P007,Port of Antwerp-Bruges,Port,Belgium,51.2639,4.4009,PORT_P012,Port of Casablanca,Port,Morocco,33.605,-7.611,Sea Breakbulk,CAR007,V005,2025-10-30T21:36:35,2025-10-31T13:56:08,2025-11-05T04:24:35,2025-11-06T10:42:58,2282.8,2309.0,126.8,140.8,14.0,Carrier capacity,10608.9,1857.54,"LINESTRING (4.4009 51.2639, -7.611 33.605)"
LEG00215-3,SHP00215,3,PORT_P012,Port of Casablanca,Port,Morocco,33.605,-7.611,FAC_F008,Casablanca Desalination Site,Project Site,Morocco,33.5731,-7.5898,Road,CAR007,V005,2025-11-05T11:40:26,2025-11-06T20:41:11,2025-11-05T21:22:26,2025-11-07T10:09:59,4.7,4.9,9.7,13.5,3.8,None,571.35,15.6,"LINESTRING (-7.611 33.605, -7.5898 33.5731)"
LEG00216-1,SHP00216,1,FAC_F011,Rotterdam Consolidation Hub,Consolidation Hub,Netherlands,51.9244,4.4777,PORT_P006,Port of Rotterdam,Port,Netherlands,51.947,4.142,Road,CAR010,V014,2024-02-06T13:00:00,2024-02-06T12:59:02,2024-02-06T22:00:00,2024-02-06T23:54:14,27.5,29.6,9.0,10.9,1.9,None,600.18,2.33,"LINESTRING (4.4777 51.9244, 4.142 51.947)"
LEG00216-2,SHP00216,2,PORT_P006,Port of Rotterdam,Port,Netherlands,51.947,4.142,PORT_P005,Port of Sines,Port,Portugal,37.9543,-8.8631,Sea Breakbulk,CAR010,V014,2024-02-07T06:54:34,2024-02-07T09:07:47,2024-02-10T21:00:34,2024-02-11T02:45:57,2036.9,2174.0,86.1,89.6,3.5,None,5690.2,43.31,"LINESTRING (4.142 51.947, -8.8631 37.9543)"
LEG00216-3,SHP00216,3,PORT_P005,Port of Sines,Port,Portugal,37.9543,-8.8631,FAC_F007,Sines Energy Project Site,Project Site,Portugal,37.956,-8.868,Road,CAR010,V014,2024-02-11T11:55:38,2024-02-11T17:35:18,2024-02-11T15:07:38,2024-02-11T22:28:27,0.6,0.6,3.2,4.9,1.7,None,541.22,0.05,"LINESTRING (-8.8631 37.9543, -8.868 37.956)"
LEG00217-1,SHP00217,1,FAC_F004,Bilbao Steel Fabricator,Vendor,Spain,43.263,-2.935,PORT_P004,Port of Bilbao,Port,Spain,43.3476,-3.0443,Road,CAR003,V002,2025-11-10T07:00:00,2025-11-10T06:09:53,2025-11-10T10:54:00,2025-11-10T11:55:36,14.5,14.8,3.9,5.8,1.9,None,746.8,87.79,"LINESTRING (-2.935 43.263, -3.0443 43.3476)"
LEG00217-2,SHP00217,2,PORT_P004,Port of Bilbao,Port,Spain,43.3476,-3.0443,PORT_P012,Port of Casablanca,Port,Morocco,33.605,-7.611,RoRo,CAR003,V002,2025-11-10T19:09:03,2025-11-10T19:17:37,2025-11-13T11:09:03,2025-11-13T13:28:44,1228.2,1255.1,64.0,66.2,2.2,None,7385.72,2351.05,"LINESTRING (-3.0443 43.3476, -7.611 33.605)"
LEG00217-3,SHP00217,3,PORT_P012,Port of Casablanca,Port,Morocco,33.605,-7.611,FAC_F008,Casablanca Desalination Site,Project Site,Morocco,33.5731,-7.5898,Road,CAR003,V002,2025-11-13T16:29:33,2025-11-14T00:37:21,2025-11-13T20:53:33,2025-11-14T03:29:05,5.1,5.1,4.4,2.9,0,None,634.86,30.25,"LINESTRING (-7.611 33.605, -7.5898 33.5731)"
LEG00218-1,SHP00218,1,FAC_F013,Valencia Export Depot,Warehouse,Spain,39.4699,-0.3763,PORT_P001,Port of Valencia,Port,Spain,39.461,-0.323,Road,CAR006,,2024-12-10T11:00:00,2024-12-10T12:51:33,2024-12-10T17:06:00,2024-12-11T15:59:34,5.9,5.8,6.1,27.1,21.0,Customs hold,695.8,7.25,"LINESTRING (-0.3763 39.4699, -0.323 39.461)"
LEG00218-2,SHP00218,2,PORT_P001,Port of Valencia,Port,Spain,39.461,-0.323,PORT_P018,Port of Dammam,Port,Saudi Arabia,26.498,50.184,Container Sea,CAR006,,2024-12-10T23:11:28,2024-12-12T01:49:30,2024-12-21T11:59:28,2024-12-22T14:27:52,5399.6,5718.9,252.8,252.6,0,None,8292.72,1354.69,"LINESTRING (-0.323 39.461, 50.184 26.498)"
LEG00218-3,SHP00218,3,PORT_P018,Port of Dammam,Port,Saudi Arabia,26.498,50.184,FAC_F017,Dammam Gas Project Site,Project Site,Saudi Arabia,26.4207,50.0888,Road,CAR006,,2024-12-21T22:26:50,2024-12-22T20:23:27,2024-12-22T05:14:50,2024-12-23T12:24:20,15.1,15.3,6.8,16.0,9.2,Port congestion,738.72,19.13,"LINESTRING (50.184 26.498, 50.0888 26.4207)"
LEG00219-1,SHP00219,1,FAC_F012,Antwerp EPC Supplier Yard,Vendor,Belgium,51.2194,4.4025,PORT_P007,Port of Antwerp-Bruges,Port,Belgium,51.2639,4.4009,Road,CAR005,V013,2025-06-04T11:00:00,2025-06-04T10:57:46,2025-06-04T20:06:00,2025-06-04T19:59:48,6.4,6.9,9.1,9.0,0,None,417.14,6.78,"LINESTRING (4.4025 51.2194, 4.4009 51.2639)"
LEG00219-2,SHP00219,2,PORT_P007,Port of Antwerp-Bruges,Port,Belgium,51.2639,4.4009,PORT_P012,Port of Casablanca,Port,Morocco,33.605,-7.611,Container Sea,CAR005,V013,2025-06-05T10:07:00,2025-06-05T03:06:49,2025-06-09T21:43:00,2025-06-09T13:55:23,2298.8,2373.8,107.6,106.8,0,None,2773.17,441.81,"LINESTRING (4.4009 51.2639, -7.611 33.605)"
LEG00219-3,SHP00219,3,PORT_P012,Port of Casablanca,Port,Morocco,33.605,-7.611,FAC_F008,Casablanca Desalination Site,Project Site,Morocco,33.5731,-7.5898,Road,CAR005,V013,2025-06-10T07:13:15,2025-06-10T01:23:20,2025-06-10T15:25:15,2025-06-11T00:29:21,4.6,5.0,8.2,23.1,14.9,Port congestion,412.42,4.91,"LINESTRING (-7.611 33.605, -7.5898 33.5731)"
LEG00220-1,SHP00220,1,FAC_F001,Zaragoza Distribution Hub,Warehouse,Spain,41.6488,-0.8891,PORT_P001,Port of Valencia,Port,Spain,39.461,-0.323,Road,CAR010,V004,2025-12-04T08:00:00,2025-12-04T07:47:20,2025-12-04T21:42:00,2025-12-04T23:20:30,322.2,320.0,13.7,15.6,1.9,None,1106.58,136.8,"LINESTRING (-0.8891 41.6488, -0.323 39.461)"
LEG00220-2,SHP00220,2,PORT_P001,Port of Valencia,Port,Spain,39.461,-0.323,PORT_P009,Port of Marseille-Fos,Port,France,43.437,4.943,Sea Breakbulk,CAR010,V004,2025-12-05T12:09:39,2025-12-05T16:48:35,2025-12-07T16:39:39,2025-12-08T08:14:40,636.7,661.6,52.5,63.4,10.9,Carrier capacity,3785.69,71.45,"LINESTRING (-0.323 39.461, 4.943 43.437)"
LEG00220-3,SHP00220,3,PORT_P009,Port of Marseille-Fos,Port,France,43.437,4.943,FAC_F018,Marseille Wind Substation Site,Project Site,France,43.2965,5.3698,Road,CAR010,V004,2025-12-08T06:22:21,2025-12-08T23:53:11,2025-12-08T11:46:21,2025-12-09T07:27:30,49.4,48.9,5.4,7.6,2.2,None,535.08,20.9,"LINESTRING (4.943 43.437, 5.3698 43.2965)"
LEG00221-1,SHP00221,1,FAC_F012,Antwerp EPC Supplier Yard,Vendor,Belgium,51.2194,4.4025,PORT_P007,Port of Antwerp-Bruges,Port,Belgium,51.2639,4.4009,Road,CAR004,V012,2025-06-17T13:00:00,2025-06-17T15:40:28,2025-06-17T21:30:00,2025-06-17T22:23:03,5.8,6.0,8.5,6.7,0,None,449.87,7.5,"LINESTRING (4.4025 51.2194, 4.4009 51.2639)"
LEG00221-2,SHP00221,2,PORT_P007,Port of Antwerp-Bruges,Port,Belgium,51.2639,4.4009,PORT_P005,Port of Sines,Port,Portugal,37.9543,-8.8631,Sea Breakbulk,CAR004,V012,2025-06-18T13:18:20,2025-06-18T02:56:02,2025-06-22T17:54:20,2025-06-22T11:12:50,1876.9,2019.2,100.6,104.3,3.7,None,5754.62,637.74,"LINESTRING (4.4009 51.2639, -8.8631 37.9543)"
LEG00221-3,SHP00221,3,PORT_P005,Port of Sines,Port,Portugal,37.9543,-8.8631,FAC_F007,Sines Energy Project Site,Project Site,Portugal,37.956,-8.868,Road,CAR004,V012,2025-06-23T05:41:32,2025-06-22T16:15:06,2025-06-23T13:29:32,2025-06-23T03:21:45,0.5,0.5,7.8,11.1,3.3,None,433.49,0.63,"LINESTRING (-8.8631 37.9543, -8.868 37.956)"
LEG00222-1,SHP00222,1,FAC_F003,Puertollano Module Yard,Module Yard,Spain,38.6871,-4.1121,FAC_F001,Zaragoza Distribution Hub,Warehouse,Spain,41.6488,-0.8891,Road,CAR001,,2024-06-18T07:00:00,2024-06-18T08:54:37,2024-06-19T01:54:00,2024-06-19T14:04:51,547.5,572.6,18.9,29.2,10.3,Road permit delay,12825.62,4584.58,"LINESTRING (-4.1121 38.6871, -0.8891 41.6488)"
LEG00223-1,SHP00223,1,FAC_F010,Milan Valve Plant,Vendor,Italy,45.4642,9.19,PORT_P010,Port of Genoa,Port,Italy,44.41,8.925,Road,CAR010,V004,2025-07-27T07:00:00,2025-07-27T09:55:09,2025-07-27T12:54:00,2025-07-27T15:10:00,152.4,163.8,5.9,5.2,0,None,851.29,145.5,"LINESTRING (9.19 45.4642, 8.925 44.41)"
LEG00223-2,SHP00223,2,PORT_P010,Port of Genoa,Port,Italy,44.41,8.925,PORT_P018,Port of Dammam,Port,Saudi Arabia,26.498,50.184,Sea Breakbulk,CAR010,V004,2025-07-27T19:30:33,2025-07-28T08:23:16,2025-08-05T09:36:33,2025-08-06T01:10:48,4456.1,4697.9,206.1,208.8,2.7,None,8154.76,1054.21,"LINESTRING (8.925 44.41, 50.184 26.498)"
LEG00223-3,SHP00223,3,PORT_P018,Port of Dammam,Port,Saudi Arabia,26.498,50.184,FAC_F017,Dammam Gas Project Site,Project Site,Saudi Arabia,26.4207,50.0888,Road,CAR010,V004,2025-08-05T21:24:50,2025-08-06T10:43:49,2025-08-06T03:24:50,2025-08-07T07:50:22,14.5,15.1,6.0,21.1,15.1,Weather disruption,470.65,13.41,"LINESTRING (50.184 26.498, 50.0888 26.4207)"
LEG00224-1,SHP00224,1,FAC_F012,Antwerp EPC Supplier Yard,Vendor,Belgium,51.2194,4.4025,PORT_P007,Port of Antwerp-Bruges,Port,Belgium,51.2639,4.4009,Road,CAR006,,2024-08-06T12:00:00,2024-08-06T14:32:47,2024-08-06T15:30:00,2024-08-06T18:55:40,6.4,6.6,3.5,4.4,0.9,None,453.99,10.88,"LINESTRING (4.4025 51.2194, 4.4009 51.2639)"
LEG00224-2,SHP00224,2,PORT_P007,Port of Antwerp-Bruges,Port,Belgium,51.2639,4.4009,PORT_P005,Port of Sines,Port,Portugal,37.9543,-8.8631,Container Sea,CAR006,,2024-08-06T23:09:13,2024-08-07T01:11:43,2024-08-11T04:51:13,2024-08-11T17:10:16,2022.5,2080.2,101.7,112.0,10.3,Port congestion,3142.71,650.02,"LINESTRING (4.4009 51.2639, -8.8631 37.9543)"
LEG00224-3,SHP00224,3,PORT_P005,Port of Sines,Port,Portugal,37.9543,-8.8631,FAC_F007,Sines Energy Project Site,Project Site,Portugal,37.956,-8.868,Road,CAR006,,2024-08-11T09:07:45,2024-08-12T03:34:16,2024-08-11T14:01:45,2024-08-12T09:52:10,0.6,0.6,4.9,6.3,1.4,None,434.0,0.99,"LINESTRING (-8.8631 37.9543, -8.868 37.956)"
LEG00225-1,SHP00225,1,FAC_F014,Cadiz Module Yard,Module Yard,Spain,36.5271,-6.2886,PORT_P003,Port of Algeciras,Port,Spain,36.1324,-5.4479,Road,CAR004,V012,2025-03-21T08:00:00,2025-03-21T09:44:27,2025-03-21T17:18:00,2025-03-21T22:04:29,109.2,109.3,9.3,12.3,3.0,None,905.7,260.0,"LINESTRING (-6.2886 36.5271, -5.4479 36.1324)"
LEG00225-2,SHP00225,2,PORT_P003,Port of Algeciras,Port,Spain,36.1324,-5.4479,PORT_P018,Port of Dammam,Port,Saudi Arabia,26.498,50.184,Sea Breakbulk,CAR004,V012,2025-03-22T08:01:48,2025-03-22T10:35:18,2025-04-02T11:13:48,2025-04-03T06:51:29,5784.1,5731.4,267.2,284.3,17.1,Weather disruption,14080.22,3444.34,"LINESTRING (-5.4479 36.1324, 50.184 26.498)"
LEG00225-3,SHP00225,3,PORT_P018,Port of Dammam,Port,Saudi Arabia,26.498,50.184,FAC_F017,Dammam Gas Project Site,Project Site,Saudi Arabia,26.4207,50.0888,Road,CAR004,V012,2025-04-02T23:10:09,2025-04-03T22:23:53,2025-04-03T06:16:09,2025-04-04T19:14:19,16.8,17.9,7.1,20.8,13.7,Carrier capacity,509.58,42.58,"LINESTRING (50.184 26.498, 50.0888 26.4207)"
LEG00226-1,SHP00226,1,FAC_F005,Tarragona Equipment Vendor,Vendor,Spain,41.1189,1.2445,FAC_F007,Sines Energy Project Site,Project Site,Portugal,37.956,-8.868,Road,CAR011,,2025-11-05T10:00:00,2025-11-05T12:48:31,2025-11-06T13:36:00,2025-11-06T17:53:29,1096.2,1095.4,27.6,29.1,1.5,None,2068.33,567.14,"LINESTRING (1.2445 41.1189, -8.868 37.956)"
LEG00227-1,SHP00227,1,FAC_F012,Antwerp EPC Supplier Yard,Vendor,Belgium,51.2194,4.4025,PORT_P007,Port of Antwerp-Bruges,Port,Belgium,51.2639,4.4009,Road,CAR004,V008,2025-10-26T10:00:00,2025-10-26T09:09:52,2025-10-26T13:12:00,2025-10-26T15:22:20,6.5,6.9,3.2,6.2,3.0,None,451.4,7.54,"LINESTRING (4.4025 51.2194, 4.4009 51.2639)"
LEG00227-2,SHP00227,2,PORT_P007,Port of Antwerp-Bruges,Port,Belgium,51.2639,4.4009,PORT_P005,Port of Sines,Port,Portugal,37.9543,-8.8631,Sea Breakbulk,CAR004,V008,2025-10-27T03:59:31,2025-10-26T22:40:26,2025-10-31T15:41:31,2025-10-31T08:55:28,1898.0,2032.1,107.7,106.3,0,None,5607.53,560.86,"LINESTRING (4.4009 51.2639, -8.8631 37.9543)"
LEG00227-3,SHP00227,3,PORT_P005,Port of Sines,Port,Portugal,37.9543,-8.8631,FAC_F007,Sines Energy Project Site,Project Site,Portugal,37.956,-8.868,Road,CAR004,V008,2025-11-01T03:12:16,2025-10-31T19:41:21,2025-11-01T08:36:16,2025-10-31T23:05:26,0.6,0.6,5.4,3.4,0,None,433.69,0.66,"LINESTRING (-8.8631 37.9543, -8.868 37.956)"
LEG00228-1,SHP00228,1,FAC_F012,Antwerp EPC Supplier Yard,Vendor,Belgium,51.2194,4.4025,PORT_P007,Port of Antwerp-Bruges,Port,Belgium,51.2639,4.4009,Road,CAR004,V012,2024-06-26T12:00:00,2024-06-26T11:56:28,2024-06-26T18:00:00,2024-06-26T17:01:25,6.3,6.5,6.0,5.1,0,None,623.96,24.3,"LINESTRING (4.4025 51.2194, 4.4009 51.2639)"
LEG00228-2,SHP00228,2,PORT_P007,Port of Antwerp-Bruges,Port,Belgium,51.2639,4.4009,PORT_P005,Port of Sines,Port,Portugal,37.9543,-8.8631,Sea Breakbulk,CAR004,V012,2024-06-26T22:27:18,2024-06-27T00:30:02,2024-06-30T16:15:18,2024-07-01T12:36:42,1953.9,2082.8,89.8,108.1,18.3,Documentation issue,11202.12,1967.5,"LINESTRING (4.4009 51.2639, -8.8631 37.9543)"
LEG00228-3,SHP00228,3,PORT_P005,Port of Sines,Port,Portugal,37.9543,-8.8631,FAC_F007,Sines Energy Project Site,Project Site,Portugal,37.956,-8.868,Road,CAR004,V012,2024-07-01T02:24:57,2024-07-01T19:33:30,2024-07-01T11:54:57,2024-07-02T05:58:28,0.6,0.6,9.5,10.4,0.9,None,580.43,2.24,"LINESTRING (-8.8631 37.9543, -8.868 37.956)"
LEG00229-1,SHP00229,1,FAC_F004,Bilbao Steel Fabricator,Vendor,Spain,43.263,-2.935,PORT_P004,Port of Bilbao,Port,Spain,43.3476,-3.0443,Road,CAR004,V012,2024-09-13T13:00:00,2024-09-13T15:07:22,2024-09-13T19:54:00,2024-09-14T00:38:04,14.8,15.7,6.9,9.5,2.6,None,808.43,59.06,"LINESTRING (-2.935 43.263, -3.0443 43.3476)"
LEG00229-2,SHP00229,2,PORT_P004,Port of Bilbao,Port,Spain,43.3476,-3.0443,PORT_P018,Port of Dammam,Port,Saudi Arabia,26.498,50.184,Sea Breakbulk,CAR004,V012,2024-09-14T00:29:11,2024-09-14T06:31:43,2024-09-23T18:05:11,2024-09-24T03:13:21,5244.0,5352.7,233.6,236.7,3.1,None,26225.01,5087.21,"LINESTRING (-3.0443 43.3476, 50.184 26.498)"
LEG00229-3,SHP00229,3,PORT_P018,Port of Dammam,Port,Saudi Arabia,26.498,50.184,FAC_F017,Dammam Gas Project Site,Project Site,Saudi Arabia,26.4207,50.0888,Road,CAR004,V012,2024-09-24T03:04:26,2024-09-24T14:25:29,2024-09-24T07:58:26,2024-09-24T20:48:52,14.5,15.0,4.9,6.4,1.5,None,802.24,56.43,"LINESTRING (50.184 26.498, 50.0888 26.4207)"
LEG00230-1,SHP00230,1,FAC_F012,Antwerp EPC Supplier Yard,Vendor,Belgium,51.2194,4.4025,FAC_F007,Sines Energy Project Site,Project Site,Portugal,37.956,-8.868,Road,CAR008,,2024-06-04T12:00:00,2024-06-04T12:37:53,2024-06-06T09:54:00,2024-06-06T12:55:33,2370.7,2549.0,45.9,48.3,2.4,None,15063.28,10017.95,"LINESTRING (4.4025 51.2194, -8.868 37.956)"
LEG00231-1,SHP00231,1,FAC_F002,Madrid Cross Dock,Cross Dock,Spain,40.4168,-3.7038,FAC_F001,Zaragoza Distribution Hub,Warehouse,Spain,41.6488,-0.8891,Road,CAR008,,2024-01-07T14:00:00,2024-01-07T15:31:54,2024-01-08T03:48:00,2024-01-08T04:43:13,362.5,366.0,13.8,13.2,0,None,1695.26,661.67,"LINESTRING (-3.7038 40.4168, -0.8891 41.6488)"
LEG00232-1,SHP00232,1,FAC_F012,Antwerp EPC Supplier Yard,Vendor,Belgium,51.2194,4.4025,PORT_P007,Port of Antwerp-Bruges,Port,Belgium,51.2639,4.4009,Road,CAR007,V011,2025-08-29T13:00:00,2025-08-29T14:42:49,2025-08-29T21:42:00,2025-08-30T01:50:42,6.1,6.1,8.7,11.1,2.4,None,635.57,32.54,"LINESTRING (4.4025 51.2194, 4.4009 51.2639)"
LEG00232-2,SHP00232,2,PORT_P007,Port of Antwerp-Bruges,Port,Belgium,51.2639,4.4009,PORT_P009,Port of Marseille-Fos,Port,France,43.437,4.943,Sea Breakbulk,CAR007,V011,2025-08-30T09:52:40,2025-08-30T09:47:44,2025-09-02T08:46:40,2025-09-02T12:39:14,949.6,1001.1,70.9,74.9,4.0,None,8772.11,1349.08,"LINESTRING (4.4009 51.2639, 4.943 43.437)"
LEG00232-3,SHP00232,3,PORT_P009,Port of Marseille-Fos,Port,France,43.437,4.943,FAC_F018,Marseille Wind Substation Site,Project Site,France,43.2965,5.3698,Road,CAR007,V011,2025-09-02T18:51:24,2025-09-02T19:04:48,2025-09-03T00:51:24,2025-09-03T12:49:23,48.3,50.9,6.0,17.7,11.7,Road permit delay,1073.09,271.51,"LINESTRING (4.943 43.437, 5.3698 43.2965)"
LEG00233-1,SHP00233,1,FAC_F004,Bilbao Steel Fabricator,Vendor,Spain,43.263,-2.935,PORT_P004,Port of Bilbao,Port,Spain,43.3476,-3.0443,Road,CAR003,V002,2025-08-24T07:00:00,2025-08-24T06:35:03,2025-08-24T14:48:00,2025-08-24T18:06:00,16.0,16.4,7.8,11.5,3.7,None,742.44,83.21,"LINESTRING (-2.935 43.263, -3.0443 43.3476)"
LEG00233-2,SHP00233,2,PORT_P004,Port of Bilbao,Port,Spain,43.3476,-3.0443,PORT_P012,Port of Casablanca,Port,Morocco,33.605,-7.611,RoRo,CAR003,V002,2025-08-25T03:56:43,2025-08-25T10:38:02,2025-08-27T19:08:43,2025-08-28T23:01:31,1209.4,1241.8,63.2,84.4,21.2,Carrier capacity,6587.81,1989.74,"LINESTRING (-3.0443 43.3476, -7.611 33.605)"
LEG00233-3,SHP00233,3,PORT_P012,Port of Casablanca,Port,Morocco,33.605,-7.611,FAC_F008,Casablanca Desalination Site,Project Site,Morocco,33.5731,-7.5898,Road,CAR003,V002,2025-08-28T10:37:03,2025-08-29T13:51:45,2025-08-28T18:13:03,2025-08-30T11:57:21,5.2,5.6,7.6,22.1,14.5,Documentation issue,632.83,28.41,"LINESTRING (-7.611 33.605, -7.5898 33.5731)"
LEG00234-1,SHP00234,1,FAC_F010,Milan Valve Plant,Vendor,Italy,45.4642,9.19,PORT_P010,Port of Genoa,Port,Italy,44.41,8.925,Road,CAR007,V005,2025-12-17T12:00:00,2025-12-17T14:37:28,2025-12-17T18:00:00,2025-12-17T23:02:08,135.9,144.0,6.0,8.4,2.4,None,759.59,83.04,"LINESTRING (9.19 45.4642, 8.925 44.41)"
LEG00234-2,SHP00234,2,PORT_P010,Port of Genoa,Port,Italy,44.41,8.925,PORT_P018,Port of Dammam,Port,Saudi Arabia,26.498,50.184,Sea Breakbulk,CAR007,V005,2025-12-18T04:57:07,2025-12-18T05:09:16,2025-12-26T02:15:07,2025-12-26T12:49:47,4475.4,4757.5,189.3,199.7,10.4,Customs hold,7545.07,693.07,"LINESTRING (8.925 44.41, 50.184 26.498)"
LEG00234-3,SHP00234,3,PORT_P018,Port of Dammam,Port,Saudi Arabia,26.498,50.184,FAC_F017,Dammam Gas Project Site,Project Site,Saudi Arabia,26.4207,50.0888,Road,CAR007,V005,2025-12-26T07:56:01,2025-12-27T01:03:51,2025-12-26T17:14:01,2025-12-27T22:02:13,14.7,15.6,9.3,21.0,11.7,Carrier capacity,467.49,9.0,"LINESTRING (50.184 26.498, 50.0888 26.4207)"
LEG00235-1,SHP00235,1,FAC_F005,Tarragona Equipment Vendor,Vendor,Spain,41.1189,1.2445,FAC_F001,Zaragoza Distribution Hub,Warehouse,Spain,41.6488,-0.8891,Road,CAR011,,2025-10-20T11:00:00,2025-10-20T10:59:46,2025-10-20T18:42:00,2025-10-20T22:04:36,228.4,240.6,7.7,11.1,3.4,None,1526.3,671.77,"LINESTRING (1.2445 41.1189, -0.8891 41.6488)"
LEG00236-1,SHP00236,1,FAC_F011,Rotterdam Consolidation Hub,Consolidation Hub,Netherlands,51.9244,4.4777,PORT_P006,Port of Rotterdam,Port,Netherlands,51.947,4.142,Road,CAR004,V001,2025-05-20T07:00:00,2025-05-20T09:59:25,2025-05-20T11:24:00,2025-05-20T16:26:00,30.5,30.4,4.4,6.4,2.0,None,449.91,5.31,"LINESTRING (4.4777 51.9244, 4.142 51.947)"
LEG00236-2,SHP00236,2,PORT_P006,Port of Rotterdam,Port,Netherlands,51.947,4.142,PORT_P016,Port of Alexandria,Port,Egypt,31.2001,29.9187,Sea Breakbulk,CAR004,V001,2025-05-20T16:20:20,2025-05-21T07:07:29,2025-05-26T11:20:20,2025-05-27T01:26:31,3430.7,3512.3,139.0,138.3,0,None,5176.87,155.1,"LINESTRING (4.142 51.947, 29.9187 31.2001)"
LEG00236-3,SHP00236,3,PORT_P016,Port of Alexandria,Port,Egypt,31.2001,29.9187,FAC_F016,Alexandria Water Project Site,Project Site,Egypt,31.2001,29.9187,Road,CAR004,V001,2025-05-27T02:01:49,2025-05-27T05:41:27,2025-05-27T05:55:49,2025-05-27T10:17:18,0.0,0.0,3.9,4.6,0.7,None,400.0,0.0,"LINESTRING (29.9187 31.2001, 29.9187 31.2001)"
LEG00237-1,SHP00237,1,FAC_F001,Zaragoza Distribution Hub,Warehouse,Spain,41.6488,-0.8891,PORT_P001,Port of Valencia,Port,Spain,39.461,-0.323,Road,CAR007,V011,2024-03-22T12:00:00,2024-03-22T12:33:04,2024-03-22T23:12:00,2024-03-23T12:32:57,310.4,313.7,11.2,24.0,12.8,Weather disruption,1437.27,505.73,"LINESTRING (-0.8891 41.6488, -0.323 39.461)"
LEG00237-2,SHP00237,2,PORT_P001,Port of Valencia,Port,Spain,39.461,-0.323,PORT_P006,Port of Rotterdam,Port,Netherlands,51.947,4.142,Sea Breakbulk,CAR007,V011,2024-03-23T12:26:30,2024-03-23T23:44:55,2024-03-27T04:08:30,2024-03-27T16:54:37,1493.4,1564.9,87.7,89.2,1.5,None,5373.88,637.35,"LINESTRING (-0.323 39.461, 4.142 51.947)"
LEG00237-3,SHP00237,3,PORT_P006,Port of Rotterdam,Port,Netherlands,51.947,4.142,FAC_F011,Rotterdam Consolidation Hub,Consolidation Hub,Netherlands,51.9244,4.4777,Road,CAR007,V011,2024-03-27T09:36:58,2024-03-28T05:50:23,2024-03-27T15:12:58,2024-03-28T11:13:55,26.8,28.6,5.6,5.4,0,None,523.65,46.11,"LINESTRING (4.142 51.947, 4.4777 51.9244)"
LEG00238-1,SHP00238,1,FAC_F003,Puertollano Module Yard,Module Yard,Spain,38.6871,-4.1121,PORT_P003,Port of Algeciras,Port,Spain,36.1324,-5.4479,Road,CAR004,V008,2024-09-03T10:00:00,2024-09-03T10:32:44,2024-09-03T21:24:00,2024-09-03T21:43:21,399.7,396.0,11.4,11.2,0,None,1821.36,694.09,"LINESTRING (-4.1121 38.6871, -5.4479 36.1324)"
LEG00238-2,SHP00238,2,PORT_P003,Port of Algeciras,Port,Spain,36.1324,-5.4479,PORT_P005,Port of Sines,Port,Portugal,37.9543,-8.8631,Sea Breakbulk,CAR004,V008,2024-09-04T13:04:43,2024-09-04T15:30:43,2024-09-06T16:28:43,2024-09-06T21:38:19,377.3,391.1,51.4,54.1,2.7,None,3827.15,173.18,"LINESTRING (-5.4479 36.1324, -8.8631 37.9543)"
LEG00238-3,SHP00238,3,PORT_P005,Port of Sines,Port,Portugal,37.9543,-8.8631,FAC_F007,Sines Energy Project Site,Project Site,Portugal,37.956,-8.868,Road,CAR004,V008,2024-09-06T20:42:23,2024-09-07T04:40:37,2024-09-07T00:36:23,2024-09-07T21:06:32,0.6,0.6,3.9,16.4,12.5,Carrier capacity,434.11,1.05,"LINESTRING (-8.8631 37.9543, -8.868 37.956)"
LEG00239-1,SHP00239,1,FAC_F010,Milan Valve Plant,Vendor,Italy,45.4642,9.19,PORT_P010,Port of Genoa,Port,Italy,44.41,8.925,Road,CAR006,,2024-01-04T11:00:00,2024-01-04T10:49:27,2024-01-04T19:30:00,2024-01-05T09:13:25,144.4,143.0,8.5,22.4,13.9,Documentation issue,759.53,101.48,"LINESTRING (9.19 45.4642, 8.925 44.41)"
LEG00239-2,SHP00239,2,PORT_P010,Port of Genoa,Port,Italy,44.41,8.925,PORT_P001,Port of Valencia,Port,Spain,39.461,-0.323,Container Sea,CAR006,,2024-01-04T23:41:38,2024-01-06T02:59:04,2024-01-07T12:41:38,2024-01-08T14:12:05,975.2,1017.4,61.0,59.2,0,None,2076.34,136.8,"LINESTRING (8.925 44.41, -0.323 39.461)"
LEG00239-3,SHP00239,3,PORT_P001,Port of Valencia,Port,Spain,39.461,-0.323,FAC_F001,Zaragoza Distribution Hub,Warehouse,Spain,41.6488,-0.8891,Road,CAR006,,2024-01-07T18:38:50,2024-01-09T02:59:30,2024-01-08T03:14:50,2024-01-10T08:53:04,307.3,325.5,8.6,29.9,21.3,Road permit delay,1177.53,230.99,"LINESTRING (-0.323 39.461, -0.8891 41.6488)"
LEG00240-1,SHP00240,1,FAC_F014,Cadiz Module Yard,Module Yard,Spain,36.5271,-6.2886,FAC_F001,Zaragoza Distribution Hub,Warehouse,Spain,41.6488,-0.8891,Road,CAR002,,2024-09-03T15:00:00,2024-09-03T14:48:22,2024-09-04T12:48:00,2024-09-04T13:33:08,963.9,997.5,21.8,22.7,0.9,None,3439.06,1333.31,"LINESTRING (-6.2886 36.5271, -0.8891 41.6488)"
LEG00241-1,SHP00241,1,FAC_F012,Antwerp EPC Supplier Yard,Vendor,Belgium,51.2194,4.4025,PORT_P007,Port of Antwerp-Bruges,Port,Belgium,51.2639,4.4009,Road,CAR010,V007,2024-12-09T14:00:00,2024-12-09T15:07:26,2024-12-09T21:12:00,2024-12-10T09:06:11,6.1,6.1,7.2,18.0,10.8,Customs hold,331.08,4.9,"LINESTRING (4.4025 51.2194, 4.4009 51.2639)"
LEG00241-2,SHP00241,2,PORT_P007,Port of Antwerp-Bruges,Port,Belgium,51.2639,4.4009,PORT_P018,Port of Dammam,Port,Saudi Arabia,26.498,50.184,Sea Breakbulk,CAR010,V007,2024-12-10T02:48:23,2024-12-10T19:07:31,2024-12-18T20:30:23,2024-12-19T16:14:26,4977.2,5291.9,209.7,213.1,3.4,None,6301.08,1074.47,"LINESTRING (4.4009 51.2639, 50.184 26.498)"
LEG00241-3,SHP00241,3,PORT_P018,Port of Dammam,Port,Saudi Arabia,26.498,50.184,FAC_F017,Dammam Gas Project Site,Project Site,Saudi Arabia,26.4207,50.0888,Road,CAR010,V007,2024-12-19T10:57:49,2024-12-20T00:13:00,2024-12-19T15:57:49,2024-12-20T05:55:12,16.0,17.1,5.0,5.7,0.7,None,351.05,13.74,"LINESTRING (50.184 26.498, 50.0888 26.4207)"
LEG00242-1,SHP00242,1,FAC_F014,Cadiz Module Yard,Module Yard,Spain,36.5271,-6.2886,PORT_P003,Port of Algeciras,Port,Spain,36.1324,-5.4479,Road,CAR010,V004,2024-04-01T13:00:00,2024-04-01T15:55:24,2024-04-01T19:48:00,2024-04-01T22:25:11,105.2,106.2,6.8,6.5,0,None,657.62,53.88,"LINESTRING (-6.2886 36.5271, -5.4479 36.1324)"
LEG00242-2,SHP00242,2,PORT_P003,Port of Algeciras,Port,Spain,36.1324,-5.4479,PORT_P006,Port of Rotterdam,Port,Netherlands,51.947,4.142,Sea Breakbulk,CAR010,V004,2024-04-02T05:42:55,2024-04-02T11:47:27,2024-04-07T02:42:55,2024-04-07T09:16:43,2086.0,2135.9,117.0,117.5,0.5,None,5031.8,273.74,"LINESTRING (-5.4479 36.1324, 4.142 51.947)"
LEG00242-3,SHP00242,3,PORT_P006,Port of Rotterdam,Port,Netherlands,51.947,4.142,FAC_F011,Rotterdam Consolidation Hub,Consolidation Hub,Netherlands,51.9244,4.4777,Road,CAR010,V004,2024-04-07T17:30:03,2024-04-07T12:43:07,2024-04-07T21:06:03,2024-04-07T17:58:58,30.7,31.3,3.6,5.3,1.7,None,498.5,15.88,"LINESTRING (4.142 51.947, 4.4777 51.9244)"
LEG00243-1,SHP00243,1,FAC_F012,Antwerp EPC Supplier Yard,Vendor,Belgium,51.2194,4.4025,PORT_P007,Port of Antwerp-Bruges,Port,Belgium,51.2639,4.4009,Road,CAR004,V001,2025-03-26T07:00:00,2025-03-26T09:44:48,2025-03-26T10:18:00,2025-03-26T12:45:27,6.5,6.7,3.3,3.0,0,None,467.4,21.56,"LINESTRING (4.4025 51.2194, 4.4009 51.2639)"
LEG00243-2,SHP00243,2,PORT_P007,Port of Antwerp-Bruges,Port,Belgium,51.2639,4.4009,PORT_P012,Port of Casablanca,Port,Morocco,33.605,-7.611,Sea Breakbulk,CAR004,V001,2025-03-26T16:55:56,2025-03-26T19:22:37,2025-03-31T09:07:56,2025-03-31T12:30:17,2439.8,2586.7,112.2,113.1,0.9,None,9310.65,2103.3,"LINESTRING (4.4009 51.2639, -7.611 33.605)"
LEG00243-3,SHP00243,3,PORT_P012,Port of Casablanca,Port,Morocco,33.605,-7.611,FAC_F008,Casablanca Desalination Site,Project Site,Morocco,33.5731,-7.5898,Road,CAR004,V001,2025-03-31T16:57:53,2025-04-01T03:23:09,2025-03-31T23:21:53,2025-04-01T13:15:20,5.2,5.3,6.4,9.9,3.5,None,460.0,17.06,"LINESTRING (-7.611 33.605, -7.5898 33.5731)"
LEG00244-1,SHP00244,1,FAC_F014,Cadiz Module Yard,Module Yard,Spain,36.5271,-6.2886,PORT_P003,Port of Algeciras,Port,Spain,36.1324,-5.4479,Road,CAR004,V008,2024-02-02T08:00:00,2024-02-02T10:16:55,2024-02-02T18:18:00,2024-02-03T03:49:34,107.0,110.8,10.3,17.5,7.2,Weather disruption,1878.39,760.82,"LINESTRING (-6.2886 36.5271, -5.4479 36.1324)"
LEG00244-2,SHP00244,2,PORT_P003,Port of Algeciras,Port,Spain,36.1324,-5.4479,PORT_P005,Port of Sines,Port,Portugal,37.9543,-8.8631,Sea Breakbulk,CAR004,V008,2024-02-03T03:09:37,2024-02-03T14:21:46,2024-02-04T14:09:37,2024-02-05T03:58:12,407.6,406.1,35.0,37.6,2.6,None,6515.37,704.47,"LINESTRING (-5.4479 36.1324, -8.8631 37.9543)"
LEG00244-3,SHP00244,3,PORT_P005,Port of Sines,Port,Portugal,37.9543,-8.8631,FAC_F007,Sines Energy Project Site,Project Site,Portugal,37.956,-8.868,Road,CAR004,V008,2024-02-05T03:52:59,2024-02-05T19:35:40,2024-02-05T09:28:59,2024-02-06T00:59:42,0.6,0.6,5.6,5.4,0,None,583.05,4.12,"LINESTRING (-8.8631 37.9543, -8.868 37.956)"
LEG00245-1,SHP00245,1,FAC_F012,Antwerp EPC Supplier Yard,Vendor,Belgium,51.2194,4.4025,PORT_P007,Port of Antwerp-Bruges,Port,Belgium,51.2639,4.4009,Road,CAR007,V005,2024-05-27T08:00:00,2024-05-27T09:05:23,2024-05-27T16:24:00,2024-05-27T21:27:42,6.0,6.2,8.4,12.4,4.0,None,698.24,74.5,"LINESTRING (4.4025 51.2194, 4.4009 51.2639)"
LEG00245-2,SHP00245,2,PORT_P007,Port of Antwerp-Bruges,Port,Belgium,51.2639,4.4009,PORT_P009,Port of Marseille-Fos,Port,France,43.437,4.943,Sea Breakbulk,CAR007,V005,2024-05-28T06:42:07,2024-05-28T01:59:20,2024-05-31T14:30:07,2024-06-01T06:36:33,927.2,928.9,79.8,100.6,20.8,Documentation issue,12883.39,2819.92,"LINESTRING (4.4009 51.2639, 4.943 43.437)"
LEG00245-3,SHP00245,3,PORT_P009,Port of Marseille-Fos,Port,France,43.437,4.943,FAC_F018,Marseille Wind Substation Site,Project Site,France,43.2965,5.3698,Road,CAR007,V005,2024-06-01T05:17:25,2024-06-01T13:11:33,2024-06-01T11:59:25,2024-06-02T11:40:02,48.3,51.1,6.7,22.5,15.8,Weather disruption,1583.47,614.05,"LINESTRING (4.943 43.437, 5.3698 43.2965)"
LEG00246-1,SHP00246,1,FAC_F003,Puertollano Module Yard,Module Yard,Spain,38.6871,-4.1121,PORT_P003,Port of Algeciras,Port,Spain,36.1324,-5.4479,Road,CAR003,V002,2025-01-13T08:00:00,2025-01-13T08:09:33,2025-01-13T19:30:00,2025-01-13T17:47:54,369.6,398.3,11.5,9.6,0,None,7544.63,2968.43,"LINESTRING (-4.1121 38.6871, -5.4479 36.1324)"
LEG00246-2,SHP00246,2,PORT_P003,Port of Algeciras,Port,Spain,36.1324,-5.4479,PORT_P012,Port of Casablanca,Port,Morocco,33.605,-7.611,RoRo,CAR003,V002,2025-01-14T08:11:29,2025-01-13T22:39:51,2025-01-15T08:23:29,2025-01-14T22:46:59,371.6,368.5,24.2,24.1,0,None,4489.19,867.26,"LINESTRING (-5.4479 36.1324, -7.611 33.605)"
LEG00246-3,SHP00246,3,PORT_P012,Port of Casablanca,Port,Morocco,33.605,-7.611,FAC_F008,Casablanca Desalination Site,Project Site,Morocco,33.5731,-7.5898,Road,CAR003,V002,2025-01-15T13:44:53,2025-01-15T09:46:14,2025-01-15T18:50:53,2025-01-15T15:41:27,4.6,4.8,5.1,5.9,0.8,None,802.25,35.77,"LINESTRING (-7.611 33.605, -7.5898 33.5731)"
LEG00247-1,SHP00247,1,FAC_F001,Zaragoza Distribution Hub,Warehouse,Spain,41.6488,-0.8891,PORT_P001,Port of Valencia,Port,Spain,39.461,-0.323,Road,CAR010,V014,2025-03-25T07:00:00,2025-03-25T07:22:42,2025-03-25T17:18:00,2025-03-25T18:19:25,297.5,315.6,10.3,10.9,0.6,None,909.58,244.65,"LINESTRING (-0.8891 41.6488, -0.323 39.461)"
LEG00247-2,SHP00247,2,PORT_P001,Port of Valencia,Port,Spain,39.461,-0.323,PORT_P018,Port of Dammam,Port,Saudi Arabia,26.498,50.184,Sea Breakbulk,CAR010,V014,2025-03-26T06:48:20,2025-03-26T01:28:43,2025-04-04T02:12:20,2025-04-03T23:50:38,5422.3,5508.6,211.4,214.4,3.0,None,6568.6,1078.8,"LINESTRING (-0.323 39.461, 50.184 26.498)"
LEG00247-3,SHP00247,3,PORT_P018,Port of Dammam,Port,Saudi Arabia,26.498,50.184,FAC_F017,Dammam Gas Project Site,Project Site,Saudi Arabia,26.4207,50.0888,Road,CAR010,V014,2025-04-04T09:25:14,2025-04-04T03:27:12,2025-04-04T15:19:14,2025-04-04T13:18:21,14.5,15.0,5.9,9.9,4.0,None,348.02,11.63,"LINESTRING (50.184 26.498, 50.0888 26.4207)"
LEG00248-1,SHP00248,1,FAC_F001,Zaragoza Distribution Hub,Warehouse,Spain,41.6488,-0.8891,FAC_F008,Casablanca Desalination Site,Project Site,Morocco,33.5731,-7.5898,Road,CAR008,,2024-06-06T10:00:00,2024-06-06T12:23:44,2024-06-07T15:00:00,2024-06-07T19:45:55,1232.6,1284.4,29.0,31.4,2.4,None,3463.16,973.7,"LINESTRING (-0.8891 41.6488, -7.5898 33.5731)"
LEG00249-1,SHP00249,1,FAC_F012,Antwerp EPC Supplier Yard,Vendor,Belgium,51.2194,4.4025,PORT_P007,Port of Antwerp-Bruges,Port,Belgium,51.2639,4.4009,Road,CAR004,V001,2025-07-17T15:00:00,2025-07-17T17:57:45,2025-07-18T01:00:00,2025-07-18T05:08:14,6.1,6.0,10.0,11.2,1.2,None,576.6,18.08,"LINESTRING (4.4025 51.2194, 4.4009 51.2639)"
LEG00249-2,SHP00249,2,PORT_P007,Port of Antwerp-Bruges,Port,Belgium,51.2639,4.4009,PORT_P018,Port of Dammam,Port,Saudi Arabia,26.498,50.184,Sea Breakbulk,CAR004,V001,2025-07-18T14:55:07,2025-07-18T10:40:19,2025-07-28T19:31:07,2025-07-28T13:45:49,5229.1,5360.0,244.6,243.1,0,None,18519.92,4080.46,"LINESTRING (4.4009 51.2639, 50.184 26.498)"
LEG00249-3,SHP00249,3,PORT_P018,Port of Dammam,Port,Saudi Arabia,26.498,50.184,FAC_F017,Dammam Gas Project Site,Project Site,Saudi Arabia,26.4207,50.0888,Road,CAR004,V001,2025-07-29T10:02:18,2025-07-28T21:55:33,2025-07-29T14:44:18,2025-07-29T02:59:41,14.7,15.5,4.7,5.1,0.4,None,634.54,46.71,"LINESTRING (50.184 26.498, 50.0888 26.4207)"
LEG00250-1,SHP00250,1,FAC_F012,Antwerp EPC Supplier Yard,Vendor,Belgium,51.2194,4.4025,PORT_P007,Port of Antwerp-Bruges,Port,Belgium,51.2639,4.4009,Road,CAR010,V014,2024-05-06T09:00:00,2024-05-06T08:00:24,2024-05-06T12:36:00,2024-05-06T15:23:32,6.3,6.3,3.6,7.4,3.8,None,470.81,26.18,"LINESTRING (4.4025 51.2194, 4.4009 51.2639)"
LEG00250-2,SHP00250,2,PORT_P007,Port of Antwerp-Bruges,Port,Belgium,51.2639,4.4009,PORT_P005,Port of Sines,Port,Portugal,37.9543,-8.8631,Sea Breakbulk,CAR010,V014,2024-05-06T21:57:06,2024-05-07T07:22:52,2024-05-10T20:15:06,2024-05-11T07:28:56,1921.8,1957.5,94.3,96.1,1.8,None,8668.86,2055.38,"LINESTRING (4.4009 51.2639, -8.8631 37.9543)"
LEG00250-3,SHP00250,3,PORT_P005,Port of Sines,Port,Portugal,37.9543,-8.8631,FAC_F007,Sines Energy Project Site,Project Site,Portugal,37.956,-8.868,Road,CAR010,V014,2024-05-11T04:49:50,2024-05-11T11:30:33,2024-05-11T11:01:50,2024-05-11T20:16:52,0.6,0.6,6.2,8.8,2.6,None,435.7,2.49,"LINESTRING (-8.8631 37.9543, -8.868 37.956)"
LEG00251-1,SHP00251,1,FAC_F013,Valencia Export Depot,Warehouse,Spain,39.4699,-0.3763,PORT_P001,Port of Valencia,Port,Spain,39.461,-0.323,Road,CAR007,V005,2024-12-26T15:00:00,2024-12-26T14:29:22,2024-12-26T20:12:00,2024-12-26T23:13:13,6.0,5.9,5.2,8.7,3.5,None,451.26,9.17,"LINESTRING (-0.3763 39.4699, -0.323 39.461)"
LEG00251-2,SHP00251,2,PORT_P001,Port of Valencia,Port,Spain,39.461,-0.323,PORT_P016,Port of Alexandria,Port,Egypt,31.2001,29.9187,Sea Breakbulk,CAR007,V005,2024-12-27T02:06:50,2024-12-27T10:11:48,2024-12-31T20:00:50,2025-01-01T07:06:56,2960.9,3181.8,113.9,116.9,3.0,None,7649.4,1249.3,"LINESTRING (-0.323 39.461, 29.9187 31.2001)"
LEG00251-3,SHP00251,3,PORT_P016,Port of Alexandria,Port,Egypt,31.2001,29.9187,FAC_F016,Alexandria Water Project Site,Project Site,Egypt,31.2001,29.9187,Road,CAR007,V005,2025-01-01T11:10:51,2025-01-01T18:22:26,2025-01-01T14:22:51,2025-01-01T20:03:53,0.0,0.0,3.2,1.7,0,None,432.0,0.0,"LINESTRING (29.9187 31.2001, 29.9187 31.2001)"
LEG00252-1,SHP00252,1,FAC_F012,Antwerp EPC Supplier Yard,Vendor,Belgium,51.2194,4.4025,PORT_P007,Port of Antwerp-Bruges,Port,Belgium,51.2639,4.4009,Road,CAR010,V004,2024-06-26T08:00:00,2024-06-26T09:47:48,2024-06-26T15:24:00,2024-06-26T15:17:20,5.8,6.2,7.4,5.5,0,None,468.85,25.57,"LINESTRING (4.4025 51.2194, 4.4009 51.2639)"
LEG00252-2,SHP00252,2,PORT_P007,Port of Antwerp-Bruges,Port,Belgium,51.2639,4.4009,PORT_P006,Port of Rotterdam,Port,Netherlands,51.947,4.142,Sea Breakbulk,CAR010,V004,2024-06-27T02:41:29,2024-06-27T02:42:06,2024-06-29T00:53:29,2024-06-29T02:45:37,81.6,85.6,46.2,48.1,1.9,None,3468.97,89.18,"LINESTRING (4.4009 51.2639, 4.142 51.947)"
LEG00252-3,SHP00252,3,PORT_P006,Port of Rotterdam,Port,Netherlands,51.947,4.142,FAC_F011,Rotterdam Consolidation Hub,Consolidation Hub,Netherlands,51.9244,4.4777,Road,CAR010,V004,2024-06-29T05:28:34,2024-06-29T17:21:05,2024-06-29T12:04:34,2024-06-30T00:48:06,26.5,27.0,6.6,7.5,0.9,None,592.48,111.35,"LINESTRING (4.142 51.947, 4.4777 51.9244)"
LEG00253-1,SHP00253,1,FAC_F005,Tarragona Equipment Vendor,Vendor,Spain,41.1189,1.2445,PORT_P002,Port of Barcelona,Port,Spain,41.3522,2.1686,Road,CAR004,V012,2024-10-13T15:00:00,2024-10-13T15:41:05,2024-10-14T01:54:00,2024-10-14T03:32:41,102.5,105.1,10.9,11.9,1.0,None,1429.93,435.62,"LINESTRING (1.2445 41.1189, 2.1686 41.3522)"
LEG00253-2,SHP00253,2,PORT_P002,Port of Barcelona,Port,Spain,41.3522,2.1686,PORT_P018,Port of Dammam,Port,Saudi Arabia,26.498,50.184,Sea Breakbulk,CAR004,V012,2024-10-14T06:57:26,2024-10-14T15:41:36,2024-10-24T05:21:26,2024-10-24T16:36:36,5206.5,5243.4,238.4,240.9,2.5,None,23497.44,5490.47,"LINESTRING (2.1686 41.3522, 50.184 26.498)"
LEG00253-3,SHP00253,3,PORT_P018,Port of Dammam,Port,Saudi Arabia,26.498,50.184,FAC_F017,Dammam Gas Project Site,Project Site,Saudi Arabia,26.4207,50.0888,Road,CAR004,V012,2024-10-24T10:08:04,2024-10-25T06:08:30,2024-10-24T13:26:04,2024-10-25T11:48:44,16.5,16.4,3.3,5.7,2.4,None,709.25,67.98,"LINESTRING (50.184 26.498, 50.0888 26.4207)"
LEG00254-1,SHP00254,1,FAC_F009,Lyon Fabrication Partner,Vendor,France,45.764,4.8357,PORT_P009,Port of Marseille-Fos,Port,France,43.437,4.943,Road,CAR004,V008,2024-02-27T13:00:00,2024-02-27T15:17:53,2024-02-28T00:30:00,2024-02-28T21:31:30,317.5,336.3,11.5,30.2,18.7,Documentation issue,1370.81,396.48,"LINESTRING (4.8357 45.764, 4.943 43.437)"
LEG00254-2,SHP00254,2,PORT_P009,Port of Marseille-Fos,Port,France,43.437,4.943,PORT_P005,Port of Sines,Port,Portugal,37.9543,-8.8631,Sea Breakbulk,CAR004,V008,2024-02-28T08:05:32,2024-02-29T15:17:21,2024-03-02T04:17:32,2024-03-03T20:53:54,1456.9,1462.0,68.2,77.6,9.4,Customs hold,4940.11,435.44,"LINESTRING (4.943 43.437, -8.8631 37.9543)"
LEG00254-3,SHP00254,3,PORT_P005,Port of Sines,Port,Portugal,37.9543,-8.8631,FAC_F007,Sines Energy Project Site,Project Site,Portugal,37.956,-8.868,Road,CAR004,V008,2024-03-02T09:09:30,2024-03-04T09:30:43,2024-03-02T18:15:30,2024-03-04T16:40:00,0.6,0.6,9.1,7.2,0,None,433.67,0.71,"LINESTRING (-8.8631 37.9543, -8.868 37.956)"
LEG00255-1,SHP00255,1,FAC_F012,Antwerp EPC Supplier Yard,Vendor,Belgium,51.2194,4.4025,PORT_P007,Port of Antwerp-Bruges,Port,Belgium,51.2639,4.4009,Road,CAR010,V007,2024-10-08T15:00:00,2024-10-08T16:03:23,2024-10-08T19:36:00,2024-10-08T21:48:38,5.8,6.0,4.6,5.8,1.2,None,872.49,75.37,"LINESTRING (4.4025 51.2194, 4.4009 51.2639)"
LEG00255-2,SHP00255,2,PORT_P007,Port of Antwerp-Bruges,Port,Belgium,51.2639,4.4009,PORT_P016,Port of Alexandria,Port,Egypt,31.2001,29.9187,Sea Breakbulk,CAR010,V007,2024-10-09T04:08:19,2024-10-09T06:57:26,2024-10-15T19:32:19,2024-10-16T00:41:35,3363.0,3433.9,159.4,161.7,2.3,None,46250.46,10896.73,"LINESTRING (4.4009 51.2639, 29.9187 31.2001)"
LEG00255-3,SHP00255,3,PORT_P016,Port of Alexandria,Port,Egypt,31.2001,29.9187,FAC_F016,Alexandria Water Project Site,Project Site,Egypt,31.2001,29.9187,Road,CAR010,V007,2024-10-16T00:18:07,2024-10-16T10:01:37,2024-10-16T08:00:07,2024-10-16T21:32:09,0.0,0.0,7.7,11.5,3.8,Documentation issue,720.0,0.0,"LINESTRING (29.9187 31.2001, 29.9187 31.2001)"
LEG00256-1,SHP00256,1,FAC_F014,Cadiz Module Yard,Module Yard,Spain,36.5271,-6.2886,PORT_P003,Port of Algeciras,Port,Spain,36.1324,-5.4479,Road,CAR003,V002,2024-07-29T13:00:00,2024-07-29T13:28:32,2024-07-29T19:42:00,2024-07-29T22:08:20,112.0,111.9,6.7,8.7,2.0,None,1844.09,655.26,"LINESTRING (-6.2886 36.5271, -5.4479 36.1324)"
LEG00256-2,SHP00256,2,PORT_P003,Port of Algeciras,Port,Spain,36.1324,-5.4479,PORT_P012,Port of Casablanca,Port,Morocco,33.605,-7.611,RoRo,CAR003,V002,2024-07-30T05:50:22,2024-07-30T07:50:02,2024-07-31T10:20:22,2024-07-31T10:32:18,362.2,377.2,28.5,26.7,0,None,3257.06,697.52,"LINESTRING (-5.4479 36.1324, -7.611 33.605)"
LEG00256-3,SHP00256,3,PORT_P012,Port of Casablanca,Port,Morocco,33.605,-7.611,FAC_F008,Casablanca Desalination Site,Project Site,Morocco,33.5731,-7.5898,Road,CAR003,V002,2024-07-31T14:35:57,2024-08-01T02:28:19,2024-07-31T21:59:57,2024-08-02T01:49:59,5.0,5.3,7.4,23.4,16.0,Port congestion,636.06,31.04,"LINESTRING (-7.611 33.605, -7.5898 33.5731)"
LEG00257-1,SHP00257,1,FAC_F005,Tarragona Equipment Vendor,Vendor,Spain,41.1189,1.2445,FAC_F001,Zaragoza Distribution Hub,Warehouse,Spain,41.6488,-0.8891,Road,CAR008,,2024-02-29T10:00:00,2024-02-29T11:34:38,2024-02-29T23:30:00,2024-03-01T02:15:20,233.1,247.4,13.5,14.7,1.2,None,3982.48,2064.27,"LINESTRING (1.2445 41.1189, -0.8891 41.6488)"
LEG00258-1,SHP00258,1,FAC_F014,Cadiz Module Yard,Module Yard,Spain,36.5271,-6.2886,FAC_F001,Zaragoza Distribution Hub,Warehouse,Spain,41.6488,-0.8891,Road,CAR012,,2024-01-09T14:00:00,2024-01-09T16:17:46,2024-01-10T09:06:00,2024-01-10T13:41:31,933.5,993.2,19.1,21.4,2.3,None,3676.5,1621.95,"LINESTRING (-6.2886 36.5271, -0.8891 41.6488)"
LEG00259-1,SHP00259,1,FAC_F011,Rotterdam Consolidation Hub,Consolidation Hub,Netherlands,51.9244,4.4777,PORT_P006,Port of Rotterdam,Port,Netherlands,51.947,4.142,Road,CAR005,V013,2024-05-06T14:00:00,2024-05-06T14:28:31,2024-05-06T18:30:00,2024-05-06T22:29:25,28.1,29.0,4.5,8.0,3.5,None,361.8,9.17,"LINESTRING (4.4777 51.9244, 4.142 51.947)"
LEG00259-2,SHP00259,2,PORT_P006,Port of Rotterdam,Port,Netherlands,51.947,4.142,PORT_P012,Port of Casablanca,Port,Morocco,33.605,-7.611,Container Sea,CAR005,V013,2024-05-07T03:29:16,2024-05-07T16:25:34,2024-05-12T13:53:16,2024-05-13T02:58:38,2402.0,2548.4,130.4,130.6,0.2,None,1963.35,152.75,"LINESTRING (4.142 51.947, -7.611 33.605)"
LEG00259-3,SHP00259,3,PORT_P012,Port of Casablanca,Port,Morocco,33.605,-7.611,FAC_F008,Casablanca Desalination Site,Project Site,Morocco,33.5731,-7.5898,Road,CAR005,V013,2024-05-13T03:01:07,2024-05-13T14:10:18,2024-05-13T09:55:07,2024-05-14T00:50:44,5.2,5.3,6.9,10.7,3.8,None,327.64,1.68,"LINESTRING (-7.611 33.605, -7.5898 33.5731)"
LEG00260-1,SHP00260,1,FAC_F012,Antwerp EPC Supplier Yard,Vendor,Belgium,51.2194,4.4025,PORT_P007,Port of Antwerp-Bruges,Port,Belgium,51.2639,4.4009,Road,CAR010,V014,2024-07-30T11:00:00,2024-07-30T11:23:15,2024-07-30T20:06:00,2024-07-30T23:32:24,6.5,6.8,9.1,12.2,3.1,Customs hold,446.01,3.16,"LINESTRING (4.4025 51.2194, 4.4009 51.2639)"
LEG00260-2,SHP00260,2,PORT_P007,Port of Antwerp-Bruges,Port,Belgium,51.2639,4.4009,PORT_P009,Port of Marseille-Fos,Port,France,43.437,4.943,Sea Breakbulk,CAR010,V014,2024-07-31T02:27:53,2024-07-31T07:12:59,2024-08-02T15:09:53,2024-08-02T20:40:23,969.0,963.0,60.7,61.5,0.8,None,4019.85,113.02,"LINESTRING (4.4009 51.2639, 4.943 43.437)"
LEG00260-3,SHP00260,3,PORT_P009,Port of Marseille-Fos,Port,France,43.437,4.943,FAC_F018,Marseille Wind Substation Site,Project Site,France,43.2965,5.3698,Road,CAR010,V014,2024-08-03T00:51:42,2024-08-03T07:56:04,2024-08-03T08:09:42,2024-08-04T21:43:23,46.0,48.6,7.3,37.8,30.5,Road permit delay,532.15,22.58,"LINESTRING (4.943 43.437, 5.3698 43.2965)"
LEG00261-1,SHP00261,1,FAC_F001,Zaragoza Distribution Hub,Warehouse,Spain,41.6488,-0.8891,PORT_P001,Port of Valencia,Port,Spain,39.461,-0.323,Road,CAR004,V012,2025-12-26T10:00:00,2025-12-26T11:05:08,2025-12-26T18:42:00,2025-12-26T21:33:40,318.2,342.0,8.7,10.5,1.8,None,1223.84,209.56,"LINESTRING (-0.8891 41.6488, -0.323 39.461)"
LEG00261-2,SHP00261,2,PORT_P001,Port of Valencia,Port,Spain,39.461,-0.323,PORT_P018,Port of Dammam,Port,Saudi Arabia,26.498,50.184,Sea Breakbulk,CAR004,V012,2025-12-26T23:59:37,2025-12-27T14:08:28,2026-01-04T01:47:37,2026-01-04T18:56:09,5186.3,5392.8,193.8,196.8,3.0,None,8224.5,834.81,"LINESTRING (-0.323 39.461, 50.184 26.498)"
LEG00261-3,SHP00261,3,PORT_P018,Port of Dammam,Port,Saudi Arabia,26.498,50.184,FAC_F017,Dammam Gas Project Site,Project Site,Saudi Arabia,26.4207,50.0888,Road,CAR004,V012,2026-01-04T07:16:17,2026-01-05T02:59:34,2026-01-04T12:40:17,2026-01-05T23:30:15,16.6,17.0,5.4,20.5,15.1,Documentation issue,471.36,10.42,"LINESTRING (50.184 26.498, 50.0888 26.4207)"
LEG00262-1,SHP00262,1,FAC_F011,Rotterdam Consolidation Hub,Consolidation Hub,Netherlands,51.9244,4.4777,PORT_P006,Port of Rotterdam,Port,Netherlands,51.947,4.142,Road,CAR004,V008,2025-12-15T09:00:00,2025-12-15T10:53:29,2025-12-15T15:48:00,2025-12-15T18:35:22,28.7,30.1,6.8,7.7,0.9,None,455.52,9.75,"LINESTRING (4.4777 51.9244, 4.142 51.947)"
LEG00262-2,SHP00262,2,PORT_P006,Port of Rotterdam,Port,Netherlands,51.947,4.142,PORT_P018,Port of Dammam,Port,Saudi Arabia,26.498,50.184,Sea Breakbulk,CAR004,V008,2025-12-16T07:31:12,2025-12-16T10:34:28,2025-12-26T06:13:12,2025-12-26T12:58:10,5226.4,5377.2,238.7,242.4,3.7,None,6829.72,440.07,"LINESTRING (4.142 51.947, 50.184 26.498)"
LEG00262-3,SHP00262,3,PORT_P018,Port of Dammam,Port,Saudi Arabia,26.498,50.184,FAC_F017,Dammam Gas Project Site,Project Site,Saudi Arabia,26.4207,50.0888,Road,CAR004,V008,2025-12-26T14:01:08,2025-12-26T20:44:03,2025-12-26T20:31:08,2025-12-27T03:39:45,16.3,17.5,6.5,6.9,0.4,None,432.28,5.67,"LINESTRING (50.184 26.498, 50.0888 26.4207)"
LEG00263-1,SHP00263,1,FAC_F004,Bilbao Steel Fabricator,Vendor,Spain,43.263,-2.935,PORT_P004,Port of Bilbao,Port,Spain,43.3476,-3.0443,Road,CAR007,V011,2025-02-16T15:00:00,2025-02-16T14:07:05,2025-02-16T22:24:00,2025-02-16T22:42:18,14.5,15.5,7.4,8.6,1.2,None,650.14,56.07,"LINESTRING (-2.935 43.263, -3.0443 43.3476)"
LEG00263-2,SHP00263,2,PORT_P004,Port of Bilbao,Port,Spain,43.3476,-3.0443,PORT_P012,Port of Casablanca,Port,Morocco,33.605,-7.611,Sea Breakbulk,CAR007,V011,2025-02-17T14:05:32,2025-02-17T02:32:18,2025-02-20T01:05:32,2025-02-20T09:59:05,1235.1,1324.4,59.0,79.4,20.4,Port congestion,8257.11,1210.4,"LINESTRING (-3.0443 43.3476, -7.611 33.605)"
LEG00263-3,SHP00263,3,PORT_P012,Port of Casablanca,Port,Morocco,33.605,-7.611,FAC_F008,Casablanca Desalination Site,Project Site,Morocco,33.5731,-7.5898,Road,CAR007,V011,2025-02-20T09:05:01,2025-02-20T14:20:57,2025-02-20T15:11:01,2025-02-20T19:38:25,4.8,4.8,6.1,5.3,0,None,574.11,17.36,"LINESTRING (-7.611 33.605, -7.5898 33.5731)"
LEG00264-1,SHP00264,1,FAC_F009,Lyon Fabrication Partner,Vendor,France,45.764,4.8357,PORT_P009,Port of Marseille-Fos,Port,France,43.437,4.943,Road,CAR004,V001,2024-01-08T15:00:00,2024-01-08T14:15:06,2024-01-09T05:06:00,2024-01-09T06:35:32,332.1,356.1,14.1,16.3,2.2,None,1955.37,923.55,"LINESTRING (4.8357 45.764, 4.943 43.437)"
LEG00264-2,SHP00264,2,PORT_P009,Port of Marseille-Fos,Port,France,43.437,4.943,PORT_P001,Port of Valencia,Port,Spain,39.461,-0.323,Sea Breakbulk,CAR004,V001,2024-01-09T11:15:54,2024-01-09T17:50:42,2024-01-12T06:45:54,2024-01-12T16:53:07,660.9,702.7,67.5,71.0,3.5,None,4558.83,460.41,"LINESTRING (4.943 43.437, -0.323 39.461)"
LEG00264-3,SHP00264,3,PORT_P001,Port of Valencia,Port,Spain,39.461,-0.323,FAC_F001,Zaragoza Distribution Hub,Warehouse,Spain,41.6488,-0.8891,Road,CAR004,V001,2024-01-12T19:42:41,2024-01-13T04:55:22,2024-01-13T05:12:41,2024-01-13T16:52:26,303.5,323.2,9.5,12.0,2.5,None,1814.63,838.22,"LINESTRING (-0.323 39.461, -0.8891 41.6488)"
LEG00265-1,SHP00265,1,FAC_F011,Rotterdam Consolidation Hub,Consolidation Hub,Netherlands,51.9244,4.4777,PORT_P006,Port of Rotterdam,Port,Netherlands,51.947,4.142,Road,CAR010,V007,2024-09-26T14:00:00,2024-09-26T14:24:47,2024-09-26T20:00:00,2024-09-26T21:16:04,26.8,28.7,6.0,6.9,0.9,None,556.86,6.68,"LINESTRING (4.4777 51.9244, 4.142 51.947)"
LEG00265-2,SHP00265,2,PORT_P006,Port of Rotterdam,Port,Netherlands,51.947,4.142,PORT_P016,Port of Alexandria,Port,Egypt,31.2001,29.9187,Sea Breakbulk,CAR010,V007,2024-09-27T11:01:29,2024-09-27T02:45:56,2024-10-02T23:07:29,2024-10-02T18:41:25,3231.3,3200.3,132.1,135.9,3.8,None,6305.7,188.18,"LINESTRING (4.142 51.947, 29.9187 31.2001)"
LEG00265-3,SHP00265,3,PORT_P016,Port of Alexandria,Port,Egypt,31.2001,29.9187,FAC_F016,Alexandria Water Project Site,Project Site,Egypt,31.2001,29.9187,Road,CAR010,V007,2024-10-03T13:59:20,2024-10-03T01:30:23,2024-10-03T19:35:20,2024-10-03T13:31:40,0.0,0.0,5.6,12.0,6.4,Carrier capacity,496.0,0.0,"LINESTRING (29.9187 31.2001, 29.9187 31.2001)"
LEG00266-1,SHP00266,1,FAC_F011,Rotterdam Consolidation Hub,Consolidation Hub,Netherlands,51.9244,4.4777,PORT_P006,Port of Rotterdam,Port,Netherlands,51.947,4.142,Road,CAR005,V009,2025-04-23T12:00:00,2025-04-23T12:16:13,2025-04-23T17:30:00,2025-04-23T15:49:10,26.6,28.7,5.5,3.5,0,None,461.36,17.97,"LINESTRING (4.4777 51.9244, 4.142 51.947)"
LEG00266-2,SHP00266,2,PORT_P006,Port of Rotterdam,Port,Netherlands,51.947,4.142,PORT_P018,Port of Dammam,Port,Saudi Arabia,26.498,50.184,Container Sea,CAR005,V009,2025-04-24T05:15:52,2025-04-23T20:21:37,2025-05-03T19:09:52,2025-05-03T10:08:16,5189.7,5414.6,229.9,229.8,0,None,4032.75,642.28,"LINESTRING (4.142 51.947, 50.184 26.498)"
LEG00266-3,SHP00266,3,PORT_P018,Port of Dammam,Port,Saudi Arabia,26.498,50.184,FAC_F017,Dammam Gas Project Site,Project Site,Saudi Arabia,26.4207,50.0888,Road,CAR005,V009,2025-05-04T02:44:43,2025-05-03T16:37:06,2025-05-04T07:14:43,2025-05-03T22:13:53,15.7,16.5,4.5,5.6,1.1,None,435.28,10.33,"LINESTRING (50.184 26.498, 50.0888 26.4207)"
LEG00267-1,SHP00267,1,FAC_F012,Antwerp EPC Supplier Yard,Vendor,Belgium,51.2194,4.4025,PORT_P007,Port of Antwerp-Bruges,Port,Belgium,51.2639,4.4009,Road,CAR004,V008,2024-10-30T08:00:00,2024-10-30T08:03:50,2024-10-30T13:18:00,2024-10-30T14:43:13,6.3,6.5,5.3,6.7,1.4,None,453.36,10.16,"LINESTRING (4.4025 51.2194, 4.4009 51.2639)"
LEG00267-2,SHP00267,2,PORT_P007,Port of Antwerp-Bruges,Port,Belgium,51.2639,4.4009,PORT_P001,Port of Valencia,Port,Spain,39.461,-0.323,Sea Breakbulk,CAR004,V008,2024-10-30T18:31:16,2024-10-31T01:38:23,2024-11-03T10:49:16,2024-11-03T21:39:56,1486.2,1491.6,88.3,92.0,3.7,None,5321.18,589.24,"LINESTRING (4.4009 51.2639, -0.323 39.461)"
LEG00267-3,SHP00267,3,PORT_P001,Port of Valencia,Port,Spain,39.461,-0.323,FAC_F001,Zaragoza Distribution Hub,Warehouse,Spain,41.6488,-0.8891,Road,CAR004,V008,2024-11-04T01:36:51,2024-11-04T09:44:13,2024-11-04T14:06:51,2024-11-04T22:42:03,305.5,311.7,12.5,13.0,0.5,None,1456.17,487.41,"LINESTRING (-0.323 39.461, -0.8891 41.6488)"
LEG00268-1,SHP00268,1,FAC_F012,Antwerp EPC Supplier Yard,Vendor,Belgium,51.2194,4.4025,PORT_P007,Port of Antwerp-Bruges,Port,Belgium,51.2639,4.4009,Road,CAR006,,2024-03-21T08:00:00,2024-03-21T07:16:29,2024-03-21T12:30:00,2024-03-21T14:44:44,6.2,6.3,4.5,7.5,3.0,None,447.62,5.28,"LINESTRING (4.4025 51.2194, 4.4009 51.2639)"
LEG00268-2,SHP00268,2,PORT_P007,Port of Antwerp-Bruges,Port,Belgium,51.2639,4.4009,PORT_P012,Port of Casablanca,Port,Morocco,33.605,-7.611,Container Sea,CAR006,,2024-03-21T20:12:20,2024-03-22T07:58:32,2024-03-26T02:18:20,2024-03-26T15:08:27,2355.0,2515.5,102.1,103.2,1.1,None,2960.19,399.81,"LINESTRING (4.4009 51.2639, -7.611 33.605)"
LEG00268-3,SHP00268,3,PORT_P012,Port of Casablanca,Port,Morocco,33.605,-7.611,FAC_F008,Casablanca Desalination Site,Project Site,Morocco,33.5731,-7.5898,Road,CAR006,,2024-03-26T07:34:40,2024-03-27T06:09:25,2024-03-26T11:22:40,2024-03-27T09:26:25,5.2,5.5,3.8,3.3,0,None,445.64,4.61,"LINESTRING (-7.611 33.605, -7.5898 33.5731)"
LEG00269-1,SHP00269,1,FAC_F011,Rotterdam Consolidation Hub,Consolidation Hub,Netherlands,51.9244,4.4777,PORT_P006,Port of Rotterdam,Port,Netherlands,51.947,4.142,Road,CAR005,V013,2025-12-29T11:00:00,2025-12-29T13:27:39,2025-12-29T18:06:00,2025-12-29T22:41:42,29.6,30.7,7.1,9.2,2.1,None,365.69,10.41,"LINESTRING (4.4777 51.9244, 4.142 51.947)"
LEG00269-2,SHP00269,2,PORT_P006,Port of Rotterdam,Port,Netherlands,51.947,4.142,PORT_P012,Port of Casablanca,Port,Morocco,33.605,-7.611,Container Sea,CAR005,V013,2025-12-29T23:48:24,2025-12-30T15:57:26,2026-01-04T13:30:24,2026-01-06T02:58:08,2332.0,2370.0,133.7,155.0,21.3,Port congestion,1931.86,152.3,"LINESTRING (4.142 51.947, -7.611 33.605)"
LEG00269-3,SHP00269,3,PORT_P012,Port of Casablanca,Port,Morocco,33.605,-7.611,FAC_F008,Casablanca Desalination Site,Project Site,Morocco,33.5731,-7.5898,Road,CAR005,V013,2026-01-04T18:25:30,2026-01-06T11:34:35,2026-01-05T03:49:30,2026-01-06T19:47:23,5.4,5.8,9.4,8.2,0,None,328.63,1.97,"LINESTRING (-7.611 33.605, -7.5898 33.5731)"
LEG00270-1,SHP00270,1,FAC_F012,Antwerp EPC Supplier Yard,Vendor,Belgium,51.2194,4.4025,PORT_P007,Port of Antwerp-Bruges,Port,Belgium,51.2639,4.4009,Road,CAR010,V014,2025-08-13T13:00:00,2025-08-13T14:51:10,2025-08-13T22:06:00,2025-08-14T00:30:00,6.3,6.8,9.1,9.6,0.5,None,572.57,14.25,"LINESTRING (4.4025 51.2194, 4.4009 51.2639)"
LEG00270-2,SHP00270,2,PORT_P007,Port of Antwerp-Bruges,Port,Belgium,51.2639,4.4009,PORT_P016,Port of Alexandria,Port,Egypt,31.2001,29.9187,Sea Breakbulk,CAR010,V014,2025-08-14T06:11:44,2025-08-14T15:39:31,2025-08-20T11:17:44,2025-08-20T20:44:24,3245.9,3280.7,149.1,149.1,0,None,10852.42,1736.93,"LINESTRING (4.4009 51.2639, 29.9187 31.2001)"
LEG00270-3,SHP00270,3,PORT_P016,Port of Alexandria,Port,Egypt,31.2001,29.9187,FAC_F016,Alexandria Water Project Site,Project Site,Egypt,31.2001,29.9187,Road,CAR010,V014,2025-08-20T20:41:24,2025-08-21T07:43:46,2025-08-21T01:35:24,2025-08-22T12:16:35,0.0,0.0,4.9,28.5,23.6,Customs hold,540.0,0.0,"LINESTRING (29.9187 31.2001, 29.9187 31.2001)"
LEG00271-1,SHP00271,1,FAC_F001,Zaragoza Distribution Hub,Warehouse,Spain,41.6488,-0.8891,PORT_P001,Port of Valencia,Port,Spain,39.461,-0.323,Road,CAR005,V013,2024-05-15T12:00:00,2024-05-15T11:15:38,2024-05-15T22:18:00,2024-05-15T20:47:08,322.2,343.6,10.3,9.5,0,None,737.51,13.06,"LINESTRING (-0.8891 41.6488, -0.323 39.461)"
LEG00271-2,SHP00271,2,PORT_P001,Port of Valencia,Port,Spain,39.461,-0.323,PORT_P006,Port of Rotterdam,Port,Netherlands,51.947,4.142,Container Sea,CAR005,V013,2024-05-16T02:19:00,2024-05-16T01:07:09,2024-05-19T04:55:00,2024-05-19T02:44:00,1523.3,1524.9,74.6,73.6,0,None,1553.87,10.98,"LINESTRING (-0.323 39.461, 4.142 51.947)"
LEG00271-3,SHP00271,3,PORT_P006,Port of Rotterdam,Port,Netherlands,51.947,4.142,FAC_F011,Rotterdam Consolidation Hub,Consolidation Hub,Netherlands,51.9244,4.4777,Road,CAR005,V013,2024-05-19T11:23:21,2024-05-19T16:35:34,2024-05-19T21:29:21,2024-05-20T05:35:26,29.3,29.8,10.1,13.0,2.9,None,356.21,1.13,"LINESTRING (4.142 51.947, 4.4777 51.9244)"
LEG00272-1,SHP00272,1,FAC_F013,Valencia Export Depot,Warehouse,Spain,39.4699,-0.3763,PORT_P001,Port of Valencia,Port,Spain,39.461,-0.323,Road,CAR010,V004,2025-11-03T10:00:00,2025-11-03T12:34:39,2025-11-03T16:30:00,2025-11-03T17:36:15,6.1,6.5,6.5,5.0,0,None,699.02,7.81,"LINESTRING (-0.3763 39.4699, -0.323 39.461)"
LEG00272-2,SHP00272,2,PORT_P001,Port of Valencia,Port,Spain,39.461,-0.323,PORT_P018,Port of Dammam,Port,Saudi Arabia,26.498,50.184,Sea Breakbulk,CAR010,V004,2025-11-03T21:58:32,2025-11-04T03:13:17,2025-11-12T20:16:32,2025-11-13T03:43:50,5439.1,5395.3,214.3,216.5,2.2,None,15207.2,1636.72,"LINESTRING (-0.323 39.461, 50.184 26.498)"
LEG00272-3,SHP00272,3,PORT_P018,Port of Dammam,Port,Saudi Arabia,26.498,50.184,FAC_F017,Dammam Gas Project Site,Project Site,Saudi Arabia,26.4207,50.0888,Road,CAR010,V004,2025-11-13T07:48:38,2025-11-13T14:01:32,2025-11-13T17:00:38,2025-11-14T00:08:31,16.9,17.2,9.2,10.1,0.9,None,747.45,20.65,"LINESTRING (50.184 26.498, 50.0888 26.4207)"
LEG00273-1,SHP00273,1,FAC_F005,Tarragona Equipment Vendor,Vendor,Spain,41.1189,1.2445,PORT_P002,Port of Barcelona,Port,Spain,41.3522,2.1686,Road,CAR004,V008,2024-01-22T14:00:00,2024-01-22T14:43:25,2024-01-22T20:36:00,2024-01-23T18:43:25,96.0,103.2,6.6,28.0,21.4,Carrier capacity,924.84,316.28,"LINESTRING (1.2445 41.1189, 2.1686 41.3522)"
LEG00273-2,SHP00273,2,PORT_P002,Port of Barcelona,Port,Spain,41.3522,2.1686,PORT_P005,Port of Sines,Port,Portugal,37.9543,-8.8631,Sea Breakbulk,CAR004,V008,2024-01-23T08:52:37,2024-01-24T02:50:23,2024-01-26T02:10:37,2024-01-26T19:00:21,1125.8,1152.5,65.3,64.2,0,None,5678.34,892.31,"LINESTRING (2.1686 41.3522, -8.8631 37.9543)"
LEG00273-3,SHP00273,3,PORT_P005,Port of Sines,Port,Portugal,37.9543,-8.8631,FAC_F007,Sines Energy Project Site,Project Site,Portugal,37.956,-8.868,Road,CAR004,V008,2024-01-26T06:44:53,2024-01-27T08:54:59,2024-01-26T14:08:53,2024-01-27T18:26:07,0.5,0.5,7.4,9.5,2.1,None,434.39,1.53,"LINESTRING (-8.8631 37.9543, -8.868 37.956)"
LEG00274-1,SHP00274,1,FAC_F010,Milan Valve Plant,Vendor,Italy,45.4642,9.19,PORT_P010,Port of Genoa,Port,Italy,44.41,8.925,Road,CAR004,V008,2024-02-23T15:00:00,2024-02-23T15:47:32,2024-02-23T21:00:00,2024-02-24T00:34:39,148.6,152.0,6.0,8.8,2.8,None,927.59,71.33,"LINESTRING (9.19 45.4642, 8.925 44.41)"
LEG00274-2,SHP00274,2,PORT_P010,Port of Genoa,Port,Italy,44.41,8.925,PORT_P012,Port of Casablanca,Port,Morocco,33.605,-7.611,Sea Breakbulk,CAR004,V008,2024-02-24T02:43:46,2024-02-24T04:47:04,2024-02-28T06:13:46,2024-02-28T18:01:43,1960.6,2105.4,99.5,109.2,9.7,Port congestion,6160.86,249.62,"LINESTRING (8.925 44.41, -7.611 33.605)"
LEG00274-3,SHP00274,3,PORT_P012,Port of Casablanca,Port,Morocco,33.605,-7.611,FAC_F008,Casablanca Desalination Site,Project Site,Morocco,33.5731,-7.5898,Road,CAR004,V008,2024-02-28T17:34:57,2024-02-29T02:30:55,2024-02-28T23:04:57,2024-02-29T06:14:03,4.6,4.6,5.5,3.7,0,None,551.73,2.16,"LINESTRING (-7.611 33.605, -7.5898 33.5731)"
LEG00275-1,SHP00275,1,FAC_F010,Milan Valve Plant,Vendor,Italy,45.4642,9.19,PORT_P010,Port of Genoa,Port,Italy,44.41,8.925,Road,CAR006,,2024-04-29T07:00:00,2024-04-29T08:06:46,2024-04-29T13:54:00,2024-04-29T16:23:26,144.9,155.6,6.9,8.3,1.4,None,715.42,90.17,"LINESTRING (9.19 45.4642, 8.925 44.41)"
LEG00275-2,SHP00275,2,PORT_P010,Port of Genoa,Port,Italy,44.41,8.925,PORT_P006,Port of Rotterdam,Port,Netherlands,51.947,4.142,Container Sea,CAR006,,2024-04-29T22:25:16,2024-04-29T23:10:17,2024-05-03T05:55:16,2024-05-03T13:39:50,972.3,999.9,79.5,86.5,7.0,Customs hold,1891.17,109.79,"LINESTRING (8.925 44.41, 4.142 51.947)"
LEG00275-3,SHP00275,3,PORT_P006,Port of Rotterdam,Port,Netherlands,51.947,4.142,FAC_F011,Rotterdam Consolidation Hub,Consolidation Hub,Netherlands,51.9244,4.4777,Road,CAR006,,2024-05-03T17:10:12,2024-05-04T06:52:10,2024-05-04T01:04:12,2024-05-04T14:52:46,28.8,30.5,7.9,8.0,0.1,None,461.83,17.67,"LINESTRING (4.142 51.947, 4.4777 51.9244)"
LEG00276-1,SHP00276,1,FAC_F014,Cadiz Module Yard,Module Yard,Spain,36.5271,-6.2886,PORT_P003,Port of Algeciras,Port,Spain,36.1324,-5.4479,Road,CAR004,V012,2025-11-24T09:00:00,2025-11-24T08:09:55,2025-11-24T14:24:00,2025-11-24T12:11:26,104.7,104.0,5.4,4.0,0,None,3801.79,1129.48,"LINESTRING (-6.2886 36.5271, -5.4479 36.1324)"
LEG00276-2,SHP00276,2,PORT_P003,Port of Algeciras,Port,Spain,36.1324,-5.4479,PORT_P009,Port of Marseille-Fos,Port,France,43.437,4.943,Sea Breakbulk,CAR004,V012,2025-11-25T05:39:23,2025-11-25T00:49:26,2025-11-28T05:09:23,2025-11-28T23:20:58,1328.1,1382.7,71.5,94.5,23.0,Customs hold,24735.3,3793.69,"LINESTRING (-5.4479 36.1324, 4.943 43.437)"
LEG00276-3,SHP00276,3,PORT_P009,Port of Marseille-Fos,Port,France,43.437,4.943,FAC_F018,Marseille Wind Substation Site,Project Site,France,43.2965,5.3698,Road,CAR004,V012,2025-11-28T18:50:14,2025-11-29T10:09:09,2025-11-29T01:50:14,2025-11-29T18:20:39,43.8,47.0,7.0,8.2,1.2,None,2207.44,510.44,"LINESTRING (4.943 43.437, 5.3698 43.2965)"
LEG00277-1,SHP00277,1,FAC_F004,Bilbao Steel Fabricator,Vendor,Spain,43.263,-2.935,PORT_P004,Port of Bilbao,Port,Spain,43.3476,-3.0443,Road,CAR003,V002,2025-12-30T15:00:00,2025-12-30T14:38:28,2025-12-30T19:42:00,2025-12-31T04:24:04,15.4,16.5,4.7,13.8,9.1,Documentation issue,517.83,47.59,"LINESTRING (-2.935 43.263, -3.0443 43.3476)"
LEG00277-2,SHP00277,2,PORT_P004,Port of Bilbao,Port,Spain,43.3476,-3.0443,PORT_P012,Port of Casablanca,Port,Morocco,33.605,-7.611,RoRo,CAR003,V002,2025-12-31T06:07:46,2025-12-31T21:39:09,2026-01-02T23:13:46,2026-01-03T16:57:59,1240.1,1255.9,65.1,67.3,2.2,None,3685.93,1143.87,"LINESTRING (-3.0443 43.3476, -7.611 33.605)"
LEG00277-3,SHP00277,3,PORT_P012,Port of Casablanca,Port,Morocco,33.605,-7.611,FAC_F008,Casablanca Desalination Site,Project Site,Morocco,33.5731,-7.5898,Road,CAR003,V002,2026-01-03T03:53:19,2026-01-04T09:56:50,2026-01-03T13:23:19,2026-01-05T01:43:18,5.1,5.4,9.5,15.8,6.3,Road permit delay,460.09,15.57,"LINESTRING (-7.611 33.605, -7.5898 33.5731)"
LEG00278-1,SHP00278,1,FAC_F003,Puertollano Module Yard,Module Yard,Spain,38.6871,-4.1121,PORT_P003,Port of Algeciras,Port,Spain,36.1324,-5.4479,Road,CAR010,V014,2025-10-29T07:00:00,2025-10-29T09:10:16,2025-10-29T19:48:00,2025-10-30T05:42:48,400.0,422.2,12.8,20.5,7.7,Port congestion,3334.22,943.76,"LINESTRING (-4.1121 38.6871, -5.4479 36.1324)"
LEG00278-2,SHP00278,2,PORT_P003,Port of Algeciras,Port,Spain,36.1324,-5.4479,PORT_P018,Port of Dammam,Port,Saudi Arabia,26.498,50.184,Sea Breakbulk,CAR010,V014,2025-10-30T01:42:50,2025-10-30T19:04:31,2025-11-08T00:12:50,2025-11-08T18:46:07,5545.0,5716.1,214.5,215.7,1.2,None,20704.66,3228.0,"LINESTRING (-5.4479 36.1324, 50.184 26.498)"
LEG00278-3,SHP00278,3,PORT_P018,Port of Dammam,Port,Saudi Arabia,26.498,50.184,FAC_F017,Dammam Gas Project Site,Project Site,Saudi Arabia,26.4207,50.0888,Road,CAR010,V014,2025-11-08T09:35:24,2025-11-09T10:57:49,2025-11-08T18:47:24,2025-11-09T19:46:21,14.8,14.9,9.2,8.8,0,None,763.64,33.31,"LINESTRING (50.184 26.498, 50.0888 26.4207)"
LEG00279-1,SHP00279,1,FAC_F004,Bilbao Steel Fabricator,Vendor,Spain,43.263,-2.935,PORT_P004,Port of Bilbao,Port,Spain,43.3476,-3.0443,Road,CAR004,V008,2025-07-08T14:00:00,2025-07-08T13:48:26,2025-07-08T22:06:00,2025-07-09T01:50:58,15.4,15.7,8.1,12.0,3.9,None,519.32,57.12,"LINESTRING (-2.935 43.263, -3.0443 43.3476)"
LEG00279-2,SHP00279,2,PORT_P004,Port of Bilbao,Port,Spain,43.3476,-3.0443,PORT_P018,Port of Dammam,Port,Saudi Arabia,26.498,50.184,Sea Breakbulk,CAR004,V008,2025-07-09T04:30:50,2025-07-09T14:41:45,2025-07-18T23:30:50,2025-07-19T07:56:52,5371.1,5469.0,235.0,233.3,0,None,16842.64,5027.1,"LINESTRING (-3.0443 43.3476, 50.184 26.498)"
LEG00279-3,SHP00279,3,PORT_P018,Port of Dammam,Port,Saudi Arabia,26.498,50.184,FAC_F017,Dammam Gas Project Site,Project Site,Saudi Arabia,26.4207,50.0888,Road,CAR004,V008,2025-07-19T08:02:21,2025-07-19T15:17:38,2025-07-19T12:14:21,2025-07-19T21:53:59,16.0,16.0,4.2,6.6,2.4,None,520.99,58.22,"LINESTRING (50.184 26.498, 50.0888 26.4207)"
LEG00280-1,SHP00280,1,FAC_F011,Rotterdam Consolidation Hub,Consolidation Hub,Netherlands,51.9244,4.4777,PORT_P006,Port of Rotterdam,Port,Netherlands,51.947,4.142,Road,CAR005,V003,2024-09-11T08:00:00,2024-09-11T09:40:04,2024-09-11T17:24:00,2024-09-11T18:09:23,29.0,29.2,9.4,8.5,0,None,365.0,13.04,"LINESTRING (4.4777 51.9244, 4.142 51.947)"
LEG00280-2,SHP00280,2,PORT_P006,Port of Rotterdam,Port,Netherlands,51.947,4.142,PORT_P012,Port of Casablanca,Port,Morocco,33.605,-7.611,Container Sea,CAR005,V003,2024-09-12T08:39:57,2024-09-12T07:09:33,2024-09-16T20:39:57,2024-09-16T17:33:11,2436.3,2575.0,108.0,106.4,0,None,2033.74,217.84,"LINESTRING (4.142 51.947, -7.611 33.605)"
LEG00280-3,SHP00280,3,PORT_P012,Port of Casablanca,Port,Morocco,33.605,-7.611,FAC_F008,Casablanca Desalination Site,Project Site,Morocco,33.5731,-7.5898,Road,CAR005,V003,2024-09-17T10:58:42,2024-09-17T08:15:25,2024-09-17T20:46:42,2024-09-17T19:43:03,4.8,4.9,9.8,11.5,1.7,None,327.55,2.19,"LINESTRING (-7.611 33.605, -7.5898 33.5731)"
LEG00281-1,SHP00281,1,FAC_F003,Puertollano Module Yard,Module Yard,Spain,38.6871,-4.1121,PORT_P003,Port of Algeciras,Port,Spain,36.1324,-5.4479,Road,CAR004,V008,2024-06-17T13:00:00,2024-06-17T12:19:09,2024-06-18T05:54:00,2024-06-18T21:59:48,404.5,416.9,16.9,33.7,16.8,Port congestion,8850.57,3008.04,"LINESTRING (-4.1121 38.6871, -5.4479 36.1324)"
LEG00281-2,SHP00281,2,PORT_P003,Port of Algeciras,Port,Spain,36.1324,-5.4479,PORT_P006,Port of Rotterdam,Port,Netherlands,51.947,4.142,Sea Breakbulk,CAR004,V008,2024-06-18T15:37:57,2024-06-19T13:18:47,2024-06-22T20:19:57,2024-06-23T21:06:38,1998.3,2051.1,100.7,103.8,3.1,None,24733.76,3738.75,"LINESTRING (-5.4479 36.1324, 4.142 51.947)"
LEG00281-3,SHP00281,3,PORT_P006,Port of Rotterdam,Port,Netherlands,51.947,4.142,FAC_F011,Rotterdam Consolidation Hub,Consolidation Hub,Netherlands,51.9244,4.4777,Road,CAR004,V008,2024-06-23T06:29:10,2024-06-24T06:08:20,2024-06-23T14:53:10,2024-06-24T23:34:01,28.0,28.5,8.4,17.4,9.0,Documentation issue,1436.81,205.63,"LINESTRING (4.142 51.947, 4.4777 51.9244)"
LEG00282-1,SHP00282,1,FAC_F009,Lyon Fabrication Partner,Vendor,France,45.764,4.8357,PORT_P009,Port of Marseille-Fos,Port,France,43.437,4.943,Road,CAR010,V014,2025-02-24T10:00:00,2025-02-24T11:21:47,2025-02-24T19:12:00,2025-02-24T21:35:49,304.6,325.7,9.2,10.2,1.0,None,1525.74,501.87,"LINESTRING (4.8357 45.764, 4.943 43.437)"
LEG00282-2,SHP00282,2,PORT_P009,Port of Marseille-Fos,Port,France,43.437,4.943,PORT_P018,Port of Dammam,Port,Saudi Arabia,26.498,50.184,Sea Breakbulk,CAR010,V014,2025-02-25T09:47:04,2025-02-25T05:53:50,2025-03-06T05:05:04,2025-03-06T01:07:08,4713.7,4682.3,211.3,211.2,0,None,9910.32,1822.73,"LINESTRING (4.943 43.437, 50.184 26.498)"
LEG00282-3,SHP00282,3,PORT_P018,Port of Dammam,Port,Saudi Arabia,26.498,50.184,FAC_F017,Dammam Gas Project Site,Project Site,Saudi Arabia,26.4207,50.0888,Road,CAR010,V014,2025-03-06T11:11:09,2025-03-06T10:05:27,2025-03-06T20:29:09,2025-03-07T11:33:24,16.0,17.1,9.3,25.5,16.2,Carrier capacity,489.42,26.35,"LINESTRING (50.184 26.498, 50.0888 26.4207)"
LEG00283-1,SHP00283,1,FAC_F001,Zaragoza Distribution Hub,Warehouse,Spain,41.6488,-0.8891,PORT_P001,Port of Valencia,Port,Spain,39.461,-0.323,Road,CAR004,V008,2024-05-21T08:00:00,2024-05-21T09:45:20,2024-05-21T19:30:00,2024-05-21T20:25:20,292.8,292.0,11.5,10.7,0,None,1114.06,196.12,"LINESTRING (-0.8891 41.6488, -0.323 39.461)"
LEG00283-2,SHP00283,2,PORT_P001,Port of Valencia,Port,Spain,39.461,-0.323,PORT_P009,Port of Marseille-Fos,Port,France,43.437,4.943,Sea Breakbulk,CAR004,V008,2024-05-22T10:53:21,2024-05-22T05:02:24,2024-05-24T11:29:21,2024-05-24T17:32:36,639.3,664.8,48.6,60.5,11.9,Port congestion,3863.38,112.8,"LINESTRING (-0.323 39.461, 4.943 43.437)"
LEG00283-3,SHP00283,3,PORT_P009,Port of Marseille-Fos,Port,France,43.437,4.943,FAC_F018,Marseille Wind Substation Site,Project Site,France,43.2965,5.3698,Road,CAR004,V008,2024-05-25T01:15:23,2024-05-25T04:54:43,2024-05-25T10:39:23,2024-05-25T16:43:29,48.6,50.0,9.4,11.8,2.4,None,548.79,33.58,"LINESTRING (4.943 43.437, 5.3698 43.2965)"
LEG00284-1,SHP00284,1,FAC_F004,Bilbao Steel Fabricator,Vendor,Spain,43.263,-2.935,PORT_P004,Port of Bilbao,Port,Spain,43.3476,-3.0443,Road,CAR006,,2025-09-17T12:00:00,2025-09-17T12:14:11,2025-09-17T19:36:00,2025-09-17T19:37:42,16.3,16.3,7.6,7.4,0,None,493.77,34.02,"LINESTRING (-2.935 43.263, -3.0443 43.3476)"
LEG00284-2,SHP00284,2,PORT_P004,Port of Bilbao,Port,Spain,43.3476,-3.0443,PORT_P005,Port of Sines,Port,Portugal,37.9543,-8.8631,Container Sea,CAR006,,2025-09-18T08:57:25,2025-09-18T05:09:25,2025-09-21T02:51:25,2025-09-21T09:59:33,865.5,928.9,65.9,76.8,10.9,Road permit delay,2364.64,367.34,"LINESTRING (-3.0443 43.3476, -8.8631 37.9543)"
LEG00284-3,SHP00284,3,PORT_P005,Port of Sines,Port,Portugal,37.9543,-8.8631,FAC_F007,Sines Energy Project Site,Project Site,Portugal,37.956,-8.868,Road,CAR006,,2025-09-21T11:06:14,2025-09-21T17:04:20,2025-09-21T17:12:14,2025-09-22T16:05:51,0.6,0.6,6.1,23.0,16.9,Documentation issue,434.27,1.25,"LINESTRING (-8.8631 37.9543, -8.868 37.956)"
LEG00285-1,SHP00285,1,FAC_F004,Bilbao Steel Fabricator,Vendor,Spain,43.263,-2.935,PORT_P004,Port of Bilbao,Port,Spain,43.3476,-3.0443,Road,CAR003,V002,2024-05-23T15:00:00,2024-05-23T15:31:05,2024-05-23T20:30:00,2024-05-23T22:29:38,14.9,16.0,5.5,7.0,1.5,None,594.42,14.64,"LINESTRING (-2.935 43.263, -3.0443 43.3476)"
LEG00285-2,SHP00285,2,PORT_P004,Port of Bilbao,Port,Spain,43.3476,-3.0443,PORT_P012,Port of Casablanca,Port,Morocco,33.605,-7.611,RoRo,CAR003,V002,2024-05-24T09:50:54,2024-05-24T07:41:04,2024-05-26T18:50:54,2024-05-26T17:53:47,1278.3,1328.8,57.0,58.2,1.2,None,3047.22,383.89,"LINESTRING (-3.0443 43.3476, -7.611 33.605)"
LEG00285-3,SHP00285,3,PORT_P012,Port of Casablanca,Port,Morocco,33.605,-7.611,FAC_F008,Casablanca Desalination Site,Project Site,Morocco,33.5731,-7.5898,Road,CAR003,V002,2024-05-27T04:16:17,2024-05-27T03:55:05,2024-05-27T13:28:17,2024-05-27T13:04:28,5.3,5.6,9.2,9.2,0,None,559.05,5.12,"LINESTRING (-7.611 33.605, -7.5898 33.5731)"
LEG00286-1,SHP00286,1,FAC_F014,Cadiz Module Yard,Module Yard,Spain,36.5271,-6.2886,PORT_P003,Port of Algeciras,Port,Spain,36.1324,-5.4479,Road,CAR006,,2024-02-01T08:00:00,2024-02-01T08:06:12,2024-02-01T19:18:00,2024-02-01T19:15:41,103.0,103.7,11.3,11.2,0,None,888.68,282.34,"LINESTRING (-6.2886 36.5271, -5.4479 36.1324)"
LEG00286-2,SHP00286,2,PORT_P003,Port of Algeciras,Port,Spain,36.1324,-5.4479,PORT_P005,Port of Sines,Port,Portugal,37.9543,-8.8631,Container Sea,CAR006,,2024-02-02T02:49:54,2024-02-02T04:58:44,2024-02-03T15:37:54,2024-02-04T10:34:48,403.9,419.2,36.8,53.6,16.8,Weather disruption,1981.01,216.26,"LINESTRING (-5.4479 36.1324, -8.8631 37.9543)"
LEG00286-3,SHP00286,3,PORT_P005,Port of Sines,Port,Portugal,37.9543,-8.8631,FAC_F007,Sines Energy Project Site,Project Site,Portugal,37.956,-8.868,Road,CAR006,,2024-02-03T21:57:16,2024-02-04T18:48:07,2024-02-04T03:57:16,2024-02-05T17:24:13,0.6,0.6,6.0,22.6,16.6,Customs hold,434.64,1.63,"LINESTRING (-8.8631 37.9543, -8.868 37.956)"
LEG00287-1,SHP00287,1,FAC_F002,Madrid Cross Dock,Cross Dock,Spain,40.4168,-3.7038,PORT_P001,Port of Valencia,Port,Spain,39.461,-0.323,Road,CAR005,V009,2025-09-03T10:00:00,2025-09-03T11:30:42,2025-09-03T23:48:00,2025-09-04T01:51:16,384.8,394.7,13.8,14.3,0.5,None,805.51,31.12,"LINESTRING (-3.7038 40.4168, -0.323 39.461)"
LEG00287-2,SHP00287,2,PORT_P001,Port of Valencia,Port,Spain,39.461,-0.323,PORT_P009,Port of Marseille-Fos,Port,France,43.437,4.943,Container Sea,CAR005,V009,2025-09-04T12:50:38,2025-09-04T11:55:04,2025-09-07T17:32:38,2025-09-07T15:53:20,660.4,710.1,76.7,76.0,0,None,1340.9,10.61,"LINESTRING (-0.323 39.461, 4.943 43.437)"
LEG00287-3,SHP00287,3,PORT_P009,Port of Marseille-Fos,Port,France,43.437,4.943,FAC_F018,Marseille Wind Substation Site,Project Site,France,43.2965,5.3698,Road,CAR005,V009,2025-09-07T23:51:58,2025-09-07T19:15:36,2025-09-08T03:51:58,2025-09-09T03:01:27,47.2,46.9,4.0,31.8,27.8,Customs hold,377.69,3.7,"LINESTRING (4.943 43.437, 5.3698 43.2965)"
LEG00288-1,SHP00288,1,FAC_F003,Puertollano Module Yard,Module Yard,Spain,38.6871,-4.1121,PORT_P003,Port of Algeciras,Port,Spain,36.1324,-5.4479,Road,CAR005,V003,2025-08-28T13:00:00,2025-08-28T13:31:59,2025-08-29T00:06:00,2025-08-28T22:48:33,385.3,396.7,11.1,9.3,0,None,1936.45,960.63,"LINESTRING (-4.1121 38.6871, -5.4479 36.1324)"
LEG00288-2,SHP00288,2,PORT_P003,Port of Algeciras,Port,Spain,36.1324,-5.4479,PORT_P009,Port of Marseille-Fos,Port,France,43.437,4.943,Container Sea,CAR005,V003,2025-08-29T09:45:24,2025-08-29T09:38:19,2025-09-02T07:21:24,2025-09-02T06:01:51,1331.5,1326.1,93.6,92.4,0,None,2626.55,608.44,"LINESTRING (-5.4479 36.1324, 4.943 43.437)"
LEG00288-3,SHP00288,3,PORT_P009,Port of Marseille-Fos,Port,France,43.437,4.943,FAC_F018,Marseille Wind Substation Site,Project Site,France,43.2965,5.3698,Road,CAR005,V003,2025-09-02T12:29:27,2025-09-02T19:32:07,2025-09-02T21:47:27,2025-09-03T03:11:33,47.2,50.0,9.3,7.7,0,None,593.65,121.08,"LINESTRING (4.943 43.437, 5.3698 43.2965)"
LEG00289-1,SHP00289,1,FAC_F004,Bilbao Steel Fabricator,Vendor,Spain,43.263,-2.935,PORT_P004,Port of Bilbao,Port,Spain,43.3476,-3.0443,Road,CAR004,V012,2024-06-25T11:00:00,2024-06-25T13:39:25,2024-06-25T20:24:00,2024-06-26T01:50:22,14.7,15.7,9.4,12.2,2.8,None,621.28,38.18,"LINESTRING (-2.935 43.263, -3.0443 43.3476)"
LEG00289-2,SHP00289,2,PORT_P004,Port of Bilbao,Port,Spain,43.3476,-3.0443,PORT_P012,Port of Casablanca,Port,Morocco,33.605,-7.611,Sea Breakbulk,CAR004,V012,2024-06-26T05:14:04,2024-06-26T06:23:16,2024-06-28T13:38:04,2024-06-28T16:52:04,1179.8,1216.3,56.4,58.5,2.1,None,6801.76,747.29,"LINESTRING (-3.0443 43.3476, -7.611 33.605)"
LEG00289-3,SHP00289,3,PORT_P012,Port of Casablanca,Port,Morocco,33.605,-7.611,FAC_F008,Casablanca Desalination Site,Project Site,Morocco,33.5731,-7.5898,Road,CAR004,V012,2024-06-28T17:43:12,2024-06-29T04:25:46,2024-06-29T01:49:12,2024-06-29T11:10:05,5.0,5.1,8.1,6.7,0,None,566.4,12.4,"LINESTRING (-7.611 33.605, -7.5898 33.5731)"
LEG00290-1,SHP00290,1,FAC_F001,Zaragoza Distribution Hub,Warehouse,Spain,41.6488,-0.8891,PORT_P001,Port of Valencia,Port,Spain,39.461,-0.323,Road,CAR007,V005,2025-09-01T15:00:00,2025-09-01T17:10:14,2025-09-02T03:18:00,2025-09-02T07:21:01,295.9,315.8,12.3,14.2,1.9,None,1918.96,285.31,"LINESTRING (-0.8891 41.6488, -0.323 39.461)"
LEG00290-2,SHP00290,2,PORT_P001,Port of Valencia,Port,Spain,39.461,-0.323,PORT_P018,Port of Dammam,Port,Saudi Arabia,26.498,50.184,Sea Breakbulk,CAR007,V005,2025-09-02T16:08:04,2025-09-02T12:35:43,2025-09-11T07:32:04,2025-09-11T02:32:45,5347.2,5602.3,207.4,206.0,0,None,14090.39,1278.67,"LINESTRING (-0.323 39.461, 50.184 26.498)"
LEG00290-3,SHP00290,3,PORT_P018,Port of Dammam,Port,Saudi Arabia,26.498,50.184,FAC_F017,Dammam Gas Project Site,Project Site,Saudi Arabia,26.4207,50.0888,Road,CAR007,V005,2025-09-11T19:00:43,2025-09-11T09:16:41,2025-09-12T01:36:43,2025-09-11T14:16:23,16.6,17.9,6.6,5.0,0,None,740.42,16.17,"LINESTRING (50.184 26.498, 50.0888 26.4207)"
LEG00291-1,SHP00291,1,FAC_F003,Puertollano Module Yard,Module Yard,Spain,38.6871,-4.1121,PORT_P003,Port of Algeciras,Port,Spain,36.1324,-5.4479,Road,CAR010,V004,2025-05-14T09:00:00,2025-05-14T08:28:10,2025-05-15T01:06:00,2025-05-15T01:02:41,396.6,394.6,16.1,16.6,0.5,None,2653.31,602.79,"LINESTRING (-4.1121 38.6871, -5.4479 36.1324)"
LEG00291-2,SHP00291,2,PORT_P003,Port of Algeciras,Port,Spain,36.1324,-5.4479,PORT_P005,Port of Sines,Port,Portugal,37.9543,-8.8631,Sea Breakbulk,CAR010,V004,2025-05-15T10:42:03,2025-05-15T07:28:52,2025-05-17T23:18:03,2025-05-17T18:57:33,402.6,415.5,60.6,59.5,0,None,5907.58,160.35,"LINESTRING (-5.4479 36.1324, -8.8631 37.9543)"
LEG00291-3,SHP00291,3,PORT_P005,Port of Sines,Port,Portugal,37.9543,-8.8631,FAC_F007,Sines Energy Project Site,Project Site,Portugal,37.956,-8.868,Road,CAR010,V004,2025-05-18T08:36:05,2025-05-18T00:33:28,2025-05-18T16:54:05,2025-05-18T12:22:56,0.6,0.6,8.3,11.8,3.5,None,672.62,0.92,"LINESTRING (-8.8631 37.9543, -8.868 37.956)"
LEG00292-1,SHP00292,1,FAC_F004,Bilbao Steel Fabricator,Vendor,Spain,43.263,-2.935,FAC_F011,Rotterdam Consolidation Hub,Consolidation Hub,Netherlands,51.9244,4.4777,Road,CAR012,,2024-03-28T07:00:00,2024-03-28T07:36:49,2024-03-29T16:06:00,2024-03-30T19:04:47,1464.8,1470.9,33.1,59.5,26.4,Carrier capacity,4802.84,1903.2,"LINESTRING (-2.935 43.263, 4.4777 51.9244)"
LEG00293-1,SHP00293,1,FAC_F009,Lyon Fabrication Partner,Vendor,France,45.764,4.8357,PORT_P009,Port of Marseille-Fos,Port,France,43.437,4.943,Road,CAR007,V005,2025-09-09T09:00:00,2025-09-09T08:19:01,2025-09-09T21:54:00,2025-09-10T08:26:55,322.9,330.9,12.9,24.1,11.2,Port congestion,1910.61,531.89,"LINESTRING (4.8357 45.764, 4.943 43.437)"
LEG00293-2,SHP00293,2,PORT_P009,Port of Marseille-Fos,Port,France,43.437,4.943,PORT_P018,Port of Dammam,Port,Saudi Arabia,26.498,50.184,Sea Breakbulk,CAR007,V005,2025-09-10T08:56:31,2025-09-10T16:52:20,2025-09-19T10:50:31,2025-09-19T21:28:54,4889.9,5038.0,217.9,220.6,2.7,None,12927.82,2045.83,"LINESTRING (4.943 43.437, 50.184 26.498)"
LEG00293-3,SHP00293,3,PORT_P018,Port of Dammam,Port,Saudi Arabia,26.498,50.184,FAC_F017,Dammam Gas Project Site,Project Site,Saudi Arabia,26.4207,50.0888,Road,CAR007,V005,2025-09-19T17:08:52,2025-09-20T04:45:41,2025-09-19T21:56:52,2025-09-20T15:22:58,14.6,15.3,4.8,10.6,5.8,Road permit delay,603.37,24.59,"LINESTRING (50.184 26.498, 50.0888 26.4207)"
LEG00294-1,SHP00294,1,FAC_F005,Tarragona Equipment Vendor,Vendor,Spain,41.1189,1.2445,PORT_P002,Port of Barcelona,Port,Spain,41.3522,2.1686,Road,CAR005,V013,2024-07-14T13:00:00,2024-07-14T15:24:01,2024-07-14T23:54:00,2024-07-15T04:14:34,104.7,111.1,10.9,12.8,1.9,None,496.8,60.69,"LINESTRING (1.2445 41.1189, 2.1686 41.3522)"
LEG00294-2,SHP00294,2,PORT_P002,Port of Barcelona,Port,Spain,41.3522,2.1686,PORT_P005,Port of Sines,Port,Portugal,37.9543,-8.8631,Container Sea,CAR005,V013,2024-07-15T15:49:10,2024-07-15T18:45:31,2024-07-18T15:13:10,2024-07-18T17:06:26,1040.0,1105.0,71.4,70.3,0,None,1543.12,114.37,"LINESTRING (2.1686 41.3522, -8.8631 37.9543)"
LEG00294-3,SHP00294,3,PORT_P005,Port of Sines,Port,Portugal,37.9543,-8.8631,FAC_F007,Sines Energy Project Site,Project Site,Portugal,37.956,-8.868,Road,CAR005,V013,2024-07-19T00:57:49,2024-07-19T06:46:06,2024-07-19T08:33:49,2024-07-19T17:08:43,0.6,0.6,7.6,10.4,2.8,None,320.95,0.33,"LINESTRING (-8.8631 37.9543, -8.868 37.956)"
LEG00295-1,SHP00295,1,FAC_F011,Rotterdam Consolidation Hub,Consolidation Hub,Netherlands,51.9244,4.4777,FAC_F008,Casablanca Desalination Site,Project Site,Morocco,33.5731,-7.5898,Road,CAR001,,2024-11-05T08:00:00,2024-11-05T07:14:45,2024-11-08T01:30:00,2024-11-08T00:34:00,2910.6,3125.0,65.5,65.3,0,None,4620.74,917.34,"LINESTRING (4.4777 51.9244, -7.5898 33.5731)"
LEG00296-1,SHP00296,1,FAC_F002,Madrid Cross Dock,Cross Dock,Spain,40.4168,-3.7038,PORT_P001,Port of Valencia,Port,Spain,39.461,-0.323,Road,CAR005,V013,2025-11-06T12:00:00,2025-11-06T12:51:05,2025-11-07T04:24:00,2025-11-07T21:47:06,352.2,377.3,16.4,32.9,16.5,Weather disruption,865.08,120.08,"LINESTRING (-3.7038 40.4168, -0.323 39.461)"
LEG00296-2,SHP00296,2,PORT_P001,Port of Valencia,Port,Spain,39.461,-0.323,PORT_P005,Port of Sines,Port,Portugal,37.9543,-8.8631,Container Sea,CAR005,V013,2025-11-07T09:52:21,2025-11-08T09:15:10,2025-11-10T01:28:21,2025-11-10T22:51:22,801.8,845.4,63.6,61.6,0,None,1420.46,50.98,"LINESTRING (-0.323 39.461, -8.8631 37.9543)"
LEG00296-3,SHP00296,3,PORT_P005,Port of Sines,Port,Portugal,37.9543,-8.8631,FAC_F007,Sines Energy Project Site,Project Site,Portugal,37.956,-8.868,Road,CAR005,V013,2025-11-10T10:53:25,2025-11-11T14:52:59,2025-11-10T14:41:25,2025-11-12T14:23:19,0.5,0.5,3.8,23.5,19.7,Customs hold,320.72,0.16,"LINESTRING (-8.8631 37.9543, -8.868 37.956)"
LEG00297-1,SHP00297,1,FAC_F013,Valencia Export Depot,Warehouse,Spain,39.4699,-0.3763,PORT_P001,Port of Valencia,Port,Spain,39.461,-0.323,Road,CAR006,,2025-10-29T11:00:00,2025-10-29T12:27:21,2025-10-29T20:18:00,2025-10-30T07:58:58,6.1,6.0,9.3,19.5,10.2,Port congestion,337.75,13.64,"LINESTRING (-0.3763 39.4699, -0.323 39.461)"
LEG00297-2,SHP00297,2,PORT_P001,Port of Valencia,Port,Spain,39.461,-0.323,PORT_P018,Port of Dammam,Port,Saudi Arabia,26.498,50.184,Container Sea,CAR006,,2025-10-30T11:46:50,2025-10-30T15:50:24,2025-11-08T03:52:50,2025-11-08T10:55:44,5059.9,5155.9,208.1,211.1,3.0,None,4675.31,2220.85,"LINESTRING (-0.323 39.461, 50.184 26.498)"
LEG00297-3,SHP00297,3,PORT_P018,Port of Dammam,Port,Saudi Arabia,26.498,50.184,FAC_F017,Dammam Gas Project Site,Project Site,Saudi Arabia,26.4207,50.0888,Road,CAR006,,2025-11-08T18:12:35,2025-11-09T00:20:54,2025-11-08T23:48:35,2025-11-09T07:01:33,15.9,16.7,5.6,6.7,1.1,None,369.39,37.96,"LINESTRING (50.184 26.498, 50.0888 26.4207)"
LEG00298-1,SHP00298,1,FAC_F013,Valencia Export Depot,Warehouse,Spain,39.4699,-0.3763,PORT_P001,Port of Valencia,Port,Spain,39.461,-0.323,Road,CAR004,V012,2025-02-05T12:00:00,2025-02-05T11:27:51,2025-02-05T16:36:00,2025-02-05T14:51:27,5.4,5.8,4.6,3.4,0,None,449.51,7.19,"LINESTRING (-0.3763 39.4699, -0.323 39.461)"
LEG00298-2,SHP00298,2,PORT_P001,Port of Valencia,Port,Spain,39.461,-0.323,PORT_P006,Port of Rotterdam,Port,Netherlands,51.947,4.142,Sea Breakbulk,CAR004,V012,2025-02-06T04:55:26,2025-02-06T02:53:20,2025-02-09T16:37:26,2025-02-09T12:38:30,1598.5,1613.3,83.7,81.8,0,None,5276.2,504.9,"LINESTRING (-0.323 39.461, 4.142 51.947)"
LEG00298-3,SHP00298,3,PORT_P006,Port of Rotterdam,Port,Netherlands,51.947,4.142,FAC_F011,Rotterdam Consolidation Hub,Consolidation Hub,Netherlands,51.9244,4.4777,Road,CAR004,V012,2025-02-09T20:47:57,2025-02-10T05:37:02,2025-02-10T04:17:57,2025-02-10T15:14:52,26.5,26.5,7.5,9.6,2.1,None,512.02,32.83,"LINESTRING (4.142 51.947, 4.4777 51.9244)"
LEG00299-1,SHP00299,1,FAC_F014,Cadiz Module Yard,Module Yard,Spain,36.5271,-6.2886,PORT_P003,Port of Algeciras,Port,Spain,36.1324,-5.4479,Road,CAR003,V002,2024-04-29T07:00:00,2024-04-29T09:22:50,2024-04-29T17:42:00,2024-04-29T19:47:08,107.9,107.9,10.7,10.4,0,None,2039.92,538.97,"LINESTRING (-6.2886 36.5271, -5.4479 36.1324)"
LEG00299-2,SHP00299,2,PORT_P003,Port of Algeciras,Port,Spain,36.1324,-5.4479,PORT_P012,Port of Casablanca,Port,Morocco,33.605,-7.611,RoRo,CAR003,V002,2024-04-30T07:24:50,2024-04-30T01:59:04,2024-05-01T05:48:50,2024-05-01T04:05:38,360.2,373.8,22.4,26.1,3.7,None,3746.19,589.63,"LINESTRING (-5.4479 36.1324, -7.611 33.605)"
LEG00299-3,SHP00299,3,PORT_P012,Port of Casablanca,Port,Morocco,33.605,-7.611,FAC_F008,Casablanca Desalination Site,Project Site,Morocco,33.5731,-7.5898,Road,CAR003,V002,2024-05-01T19:21:17,2024-05-01T19:19:00,2024-05-02T05:21:17,2024-05-03T03:14:08,5.2,5.4,10.0,31.9,21.9,Port congestion,786.06,26.97,"LINESTRING (-7.611 33.605, -7.5898 33.5731)"
LEG00300-1,SHP00300,1,FAC_F005,Tarragona Equipment Vendor,Vendor,Spain,41.1189,1.2445,PORT_P002,Port of Barcelona,Port,Spain,41.3522,2.1686,Road,CAR007,V005,2025-12-22T10:00:00,2025-12-22T12:54:33,2025-12-22T21:12:00,2025-12-23T04:02:32,99.7,106.9,11.2,15.1,3.9,None,1455.04,433.54,"LINESTRING (1.2445 41.1189, 2.1686 41.3522)"
LEG00300-2,SHP00300,2,PORT_P002,Port of Barcelona,Port,Spain,41.3522,2.1686,PORT_P018,Port of Dammam,Port,Saudi Arabia,26.498,50.184,Sea Breakbulk,CAR007,V005,2025-12-23T02:31:56,2025-12-23T21:41:59,2025-12-31T01:25:56,2026-01-01T00:21:49,5188.1,5548.9,190.9,194.7,3.8,None,24837.66,5685.18,"LINESTRING (2.1686 41.3522, 50.184 26.498)"
LEG00300-3,SHP00300,3,PORT_P018,Port of Dammam,Port,Saudi Arabia,26.498,50.184,FAC_F017,Dammam Gas Project Site,Project Site,Saudi Arabia,26.4207,50.0888,Road,CAR007,V005,2025-12-31T11:15:37,2026-01-01T08:51:28,2025-12-31T14:51:37,2026-01-01T15:43:46,16.7,17.6,3.6,6.9,3.3,None,720.72,71.38,"LINESTRING (50.184 26.498, 50.0888 26.4207)"
LEG00301-1,SHP00301,1,FAC_F012,Antwerp EPC Supplier Yard,Vendor,Belgium,51.2194,4.4025,FAC_F007,Sines Energy Project Site,Project Site,Portugal,37.956,-8.868,Road,CAR001,,2024-02-19T15:00:00,2024-02-19T17:03:24,2024-02-21T15:30:00,2024-02-21T19:08:21,2199.2,2372.1,48.5,50.1,1.6,None,6207.61,2025.89,"LINESTRING (4.4025 51.2194, -8.868 37.956)"
LEG00302-1,SHP00302,1,FAC_F010,Milan Valve Plant,Vendor,Italy,45.4642,9.19,PORT_P010,Port of Genoa,Port,Italy,44.41,8.925,Road,CAR006,,2025-02-05T10:00:00,2025-02-05T10:44:26,2025-02-05T17:18:00,2025-02-05T16:13:49,147.2,147.6,7.3,5.5,0,None,790.62,114.56,"LINESTRING (9.19 45.4642, 8.925 44.41)"
LEG00302-2,SHP00302,2,PORT_P010,Port of Genoa,Port,Italy,44.41,8.925,PORT_P012,Port of Casablanca,Port,Morocco,33.605,-7.611,Container Sea,CAR006,,2025-02-06T00:58:36,2025-02-05T20:28:24,2025-02-10T11:04:36,2025-02-10T05:05:09,2056.4,2162.4,106.1,104.6,0,None,2735.95,318.0,"LINESTRING (8.925 44.41, -7.611 33.605)"
LEG00302-3,SHP00302,3,PORT_P012,Port of Casablanca,Port,Morocco,33.605,-7.611,FAC_F008,Casablanca Desalination Site,Project Site,Morocco,33.5731,-7.5898,Road,CAR006,,2025-02-10T22:50:07,2025-02-10T20:46:11,2025-02-11T03:50:07,2025-02-11T12:23:34,5.3,5.7,5.0,15.6,10.6,Port congestion,445.85,4.42,"LINESTRING (-7.611 33.605, -7.5898 33.5731)"
LEG00303-1,SHP00303,1,FAC_F004,Bilbao Steel Fabricator,Vendor,Spain,43.263,-2.935,PORT_P004,Port of Bilbao,Port,Spain,43.3476,-3.0443,Road,CAR006,,2025-09-30T07:00:00,2025-09-30T09:37:14,2025-09-30T15:42:00,2025-09-30T16:28:47,15.4,15.5,8.7,6.9,0,None,756.38,29.77,"LINESTRING (-2.935 43.263, -3.0443 43.3476)"
LEG00303-2,SHP00303,2,PORT_P004,Port of Bilbao,Port,Spain,43.3476,-3.0443,PORT_P005,Port of Sines,Port,Portugal,37.9543,-8.8631,Container Sea,CAR006,,2025-10-01T04:16:33,2025-10-01T01:30:48,2025-10-04T03:58:33,2025-10-04T04:33:13,817.5,875.5,71.7,75.0,3.3,None,3534.92,318.65,"LINESTRING (-3.0443 43.3476, -8.8631 37.9543)"
LEG00303-3,SHP00303,3,PORT_P005,Port of Sines,Port,Portugal,37.9543,-8.8631,FAC_F007,Sines Energy Project Site,Project Site,Portugal,37.956,-8.868,Road,CAR006,,2025-10-04T18:05:09,2025-10-04T21:41:44,2025-10-05T00:17:09,2025-10-05T06:38:58,0.6,0.6,6.2,9.0,2.8,None,672.96,1.15,"LINESTRING (-8.8631 37.9543, -8.868 37.956)"
LEG00304-1,SHP00304,1,FAC_F010,Milan Valve Plant,Vendor,Italy,45.4642,9.19,PORT_P010,Port of Genoa,Port,Italy,44.41,8.925,Road,CAR007,V011,2024-02-20T08:00:00,2024-02-20T08:54:13,2024-02-20T17:18:00,2024-02-20T16:23:29,139.2,142.3,9.3,7.5,0,None,822.08,161.01,"LINESTRING (9.19 45.4642, 8.925 44.41)"
LEG00304-2,SHP00304,2,PORT_P010,Port of Genoa,Port,Italy,44.41,8.925,PORT_P005,Port of Sines,Port,Portugal,37.9543,-8.8631,Sea Breakbulk,CAR007,V011,2024-02-21T04:00:37,2024-02-21T05:08:48,2024-02-24T12:54:37,2024-02-24T12:39:09,1834.1,1938.4,80.9,79.5,0,None,5447.29,554.07,"LINESTRING (8.925 44.41, -8.8631 37.9543)"
LEG00304-3,SHP00304,3,PORT_P005,Port of Sines,Port,Portugal,37.9543,-8.8631,FAC_F007,Sines Energy Project Site,Project Site,Portugal,37.956,-8.868,Road,CAR007,V011,2024-02-25T04:48:11,2024-02-25T06:20:42,2024-02-25T08:54:11,2024-02-25T09:12:46,0.6,0.6,4.1,2.9,0,None,433.64,0.68,"LINESTRING (-8.8631 37.9543, -8.868 37.956)"
LEG00305-1,SHP00305,1,FAC_F012,Antwerp EPC Supplier Yard,Vendor,Belgium,51.2194,4.4025,PORT_P007,Port of Antwerp-Bruges,Port,Belgium,51.2639,4.4009,Road,CAR010,V007,2024-08-30T12:00:00,2024-08-30T13:56:19,2024-08-30T21:18:00,2024-08-31T02:12:02,5.8,5.8,9.3,12.3,3.0,None,644.75,39.25,"LINESTRING (4.4025 51.2194, 4.4009 51.2639)"
LEG00305-2,SHP00305,2,PORT_P007,Port of Antwerp-Bruges,Port,Belgium,51.2639,4.4009,PORT_P018,Port of Dammam,Port,Saudi Arabia,26.498,50.184,Sea Breakbulk,CAR010,V007,2024-08-31T09:17:06,2024-08-31T06:50:24,2024-09-09T15:23:06,2024-09-09T16:25:13,4928.7,5078.0,222.1,225.6,3.5,None,31987.49,8680.94,"LINESTRING (4.4009 51.2639, 50.184 26.498)"
LEG00305-3,SHP00305,3,PORT_P018,Port of Dammam,Port,Saudi Arabia,26.498,50.184,FAC_F017,Dammam Gas Project Site,Project Site,Saudi Arabia,26.4207,50.0888,Road,CAR010,V007,2024-09-10T02:10:50,2024-09-10T08:56:51,2024-09-10T10:10:50,2024-09-10T17:05:31,14.9,15.4,8.0,8.1,0.1,None,758.54,104.21,"LINESTRING (50.184 26.498, 50.0888 26.4207)"
LEG00306-1,SHP00306,1,FAC_F005,Tarragona Equipment Vendor,Vendor,Spain,41.1189,1.2445,PORT_P002,Port of Barcelona,Port,Spain,41.3522,2.1686,Road,CAR004,V001,2024-10-04T07:00:00,2024-10-04T07:06:05,2024-10-04T15:36:00,2024-10-04T15:23:29,100.9,101.8,8.6,8.3,0,None,2692.1,652.02,"LINESTRING (1.2445 41.1189, 2.1686 41.3522)"
LEG00306-2,SHP00306,2,PORT_P002,Port of Barcelona,Port,Spain,41.3522,2.1686,PORT_P005,Port of Sines,Port,Portugal,37.9543,-8.8631,Sea Breakbulk,CAR004,V001,2024-10-05T05:24:47,2024-10-05T06:32:12,2024-10-07T18:12:47,2024-10-07T21:13:14,1108.4,1192.1,60.8,62.7,1.9,None,16361.55,1928.91,"LINESTRING (2.1686 41.3522, -8.8631 37.9543)"
LEG00306-3,SHP00306,3,PORT_P005,Port of Sines,Port,Portugal,37.9543,-8.8631,FAC_F007,Sines Energy Project Site,Project Site,Portugal,37.956,-8.868,Road,CAR004,V001,2024-10-08T01:39:17,2024-10-08T09:20:33,2024-10-08T07:09:17,2024-10-08T14:56:37,0.5,0.5,5.5,5.6,0.1,None,901.64,3.2,"LINESTRING (-8.8631 37.9543, -8.868 37.956)"
LEG00307-1,SHP00307,1,FAC_F013,Valencia Export Depot,Warehouse,Spain,39.4699,-0.3763,PORT_P001,Port of Valencia,Port,Spain,39.461,-0.323,Road,CAR007,V005,2024-08-12T11:00:00,2024-08-12T10:15:22,2024-08-12T14:48:00,2024-08-12T21:36:47,5.3,5.6,3.8,11.4,7.6,Road permit delay,556.37,3.96,"LINESTRING (-0.3763 39.4699, -0.323 39.461)"
LEG00307-2,SHP00307,2,PORT_P001,Port of Valencia,Port,Spain,39.461,-0.323,PORT_P006,Port of Rotterdam,Port,Netherlands,51.947,4.142,Sea Breakbulk,CAR007,V005,2024-08-12T22:15:55,2024-08-13T12:33:37,2024-08-16T05:57:55,2024-08-16T18:41:17,1492.4,1487.1,79.7,78.1,0,None,5800.8,265.54,"LINESTRING (-0.323 39.461, 4.142 51.947)"
LEG00307-3,SHP00307,3,PORT_P006,Port of Rotterdam,Port,Netherlands,51.947,4.142,FAC_F011,Rotterdam Consolidation Hub,Consolidation Hub,Netherlands,51.9244,4.4777,Road,CAR007,V005,2024-08-16T18:05:25,2024-08-17T02:15:04,2024-08-17T04:23:25,2024-08-17T10:45:37,28.9,31.1,10.3,8.5,0,None,630.92,21.98,"LINESTRING (4.142 51.947, 4.4777 51.9244)"
LEG00308-1,SHP00308,1,FAC_F001,Zaragoza Distribution Hub,Warehouse,Spain,41.6488,-0.8891,PORT_P001,Port of Valencia,Port,Spain,39.461,-0.323,Road,CAR004,V008,2024-06-27T09:00:00,2024-06-27T08:46:20,2024-06-27T19:36:00,2024-06-27T21:54:11,307.5,310.1,10.6,13.1,2.5,None,1611.23,352.92,"LINESTRING (-0.8891 41.6488, -0.323 39.461)"
LEG00308-2,SHP00308,2,PORT_P001,Port of Valencia,Port,Spain,39.461,-0.323,PORT_P005,Port of Sines,Port,Portugal,37.9543,-8.8631,Sea Breakbulk,CAR004,V008,2024-06-28T11:23:43,2024-06-28T03:55:51,2024-07-01T04:35:43,2024-06-30T22:24:41,785.6,817.4,65.2,66.5,1.3,Port congestion,5223.42,235.02,"LINESTRING (-0.323 39.461, -8.8631 37.9543)"
LEG00308-3,SHP00308,3,PORT_P005,Port of Sines,Port,Portugal,37.9543,-8.8631,FAC_F007,Sines Energy Project Site,Project Site,Portugal,37.956,-8.868,Road,CAR004,V008,2024-07-01T10:06:41,2024-07-01T06:22:11,2024-07-01T17:18:41,2024-07-01T15:42:34,0.6,0.6,7.2,9.3,2.1,None,542.07,0.68,"LINESTRING (-8.8631 37.9543, -8.868 37.956)"
LEG00309-1,SHP00309,1,FAC_F004,Bilbao Steel Fabricator,Vendor,Spain,43.263,-2.935,PORT_P004,Port of Bilbao,Port,Spain,43.3476,-3.0443,Road,CAR006,,2024-10-29T11:00:00,2024-10-29T10:00:22,2024-10-29T14:18:00,2024-10-29T16:33:49,14.5,14.5,3.3,6.6,3.3,None,477.45,20.66,"LINESTRING (-2.935 43.263, -3.0443 43.3476)"
LEG00309-2,SHP00309,2,PORT_P004,Port of Bilbao,Port,Spain,43.3476,-3.0443,PORT_P006,Port of Rotterdam,Port,Netherlands,51.947,4.142,Container Sea,CAR006,,2024-10-29T18:20:39,2024-10-29T22:13:45,2024-11-02T04:02:39,2024-11-02T09:05:40,1210.9,1247.5,81.7,82.9,1.2,None,2446.27,336.82,"LINESTRING (-3.0443 43.3476, 4.142 51.947)"
LEG00309-3,SHP00309,3,PORT_P006,Port of Rotterdam,Port,Netherlands,51.947,4.142,FAC_F011,Rotterdam Consolidation Hub,Consolidation Hub,Netherlands,51.9244,4.4777,Road,CAR006,,2024-11-02T13:30:09,2024-11-02T17:41:39,2024-11-02T23:06:09,2024-11-03T06:33:34,26.7,26.8,9.6,12.9,3.3,None,516.0,38.19,"LINESTRING (4.142 51.947, 4.4777 51.9244)"
LEG00310-1,SHP00310,1,FAC_F005,Tarragona Equipment Vendor,Vendor,Spain,41.1189,1.2445,PORT_P002,Port of Barcelona,Port,Spain,41.3522,2.1686,Road,CAR007,V005,2024-09-30T09:00:00,2024-09-30T08:03:57,2024-09-30T20:18:00,2024-09-30T21:01:03,105.1,105.3,11.3,13.0,1.7,None,914.74,288.2,"LINESTRING (1.2445 41.1189, 2.1686 41.3522)"
LEG00310-2,SHP00310,2,PORT_P002,Port of Barcelona,Port,Spain,41.3522,2.1686,PORT_P009,Port of Marseille-Fos,Port,France,43.437,4.943,Sea Breakbulk,CAR007,V005,2024-10-01T03:34:30,2024-10-01T09:33:24,2024-10-02T18:46:30,2024-10-02T23:58:07,340.9,367.3,39.2,38.4,0,None,3981.11,253.97,"LINESTRING (2.1686 41.3522, 4.943 43.437)"
LEG00310-3,SHP00310,3,PORT_P009,Port of Marseille-Fos,Port,France,43.437,4.943,FAC_F018,Marseille Wind Substation Site,Project Site,France,43.2965,5.3698,Road,CAR007,V005,2024-10-03T04:39:06,2024-10-03T12:46:28,2024-10-03T10:03:06,2024-10-03T21:00:55,45.9,48.5,5.4,8.2,2.8,None,654.34,132.74,"LINESTRING (4.943 43.437, 5.3698 43.2965)"
LEG00311-1,SHP00311,1,FAC_F010,Milan Valve Plant,Vendor,Italy,45.4642,9.19,PORT_P010,Port of Genoa,Port,Italy,44.41,8.925,Road,CAR006,,2025-08-20T15:00:00,2025-08-20T14:50:43,2025-08-20T22:24:00,2025-08-21T02:11:54,138.2,141.9,7.4,11.4,4.0,None,757.51,99.49,"LINESTRING (9.19 45.4642, 8.925 44.41)"
LEG00311-2,SHP00311,2,PORT_P010,Port of Genoa,Port,Italy,44.41,8.925,PORT_P016,Port of Alexandria,Port,Egypt,31.2001,29.9187,Container Sea,CAR006,,2025-08-21T13:05:12,2025-08-21T14:18:57,2025-08-26T07:59:12,2025-08-26T22:31:45,2406.3,2466.7,114.9,128.2,13.3,Port congestion,2824.16,327.68,"LINESTRING (8.925 44.41, 29.9187 31.2001)"
LEG00311-3,SHP00311,3,PORT_P016,Port of Alexandria,Port,Egypt,31.2001,29.9187,FAC_F016,Alexandria Water Project Site,Project Site,Egypt,31.2001,29.9187,Road,CAR006,,2025-08-26T12:25:12,2025-08-27T12:22:26,2025-08-26T21:25:12,2025-08-27T22:44:03,0.0,0.0,9.0,10.4,1.4,None,432.0,0.0,"LINESTRING (29.9187 31.2001, 29.9187 31.2001)"
LEG00312-1,SHP00312,1,FAC_F004,Bilbao Steel Fabricator,Vendor,Spain,43.263,-2.935,PORT_P004,Port of Bilbao,Port,Spain,43.3476,-3.0443,Road,CAR003,V002,2025-02-24T07:00:00,2025-02-24T07:48:21,2025-02-24T13:54:00,2025-02-24T18:05:23,14.7,15.6,6.9,10.3,3.4,None,619.74,30.17,"LINESTRING (-2.935 43.263, -3.0443 43.3476)"
LEG00312-2,SHP00312,2,PORT_P004,Port of Bilbao,Port,Spain,43.3476,-3.0443,PORT_P012,Port of Casablanca,Port,Morocco,33.605,-7.611,RoRo,CAR003,V002,2025-02-24T22:21:37,2025-02-25T10:53:54,2025-02-27T04:21:37,2025-02-27T19:52:08,1248.5,1330.5,54.0,57.0,3.0,None,4004.13,812.67,"LINESTRING (-3.0443 43.3476, -7.611 33.605)"
LEG00312-3,SHP00312,3,PORT_P012,Port of Casablanca,Port,Morocco,33.605,-7.611,FAC_F008,Casablanca Desalination Site,Project Site,Morocco,33.5731,-7.5898,Road,CAR003,V002,2025-02-27T14:08:25,2025-02-28T04:56:55,2025-02-27T21:50:25,2025-02-28T12:32:28,5.2,5.2,7.7,7.6,0,None,566.58,10.06,"LINESTRING (-7.611 33.605, -7.5898 33.5731)"
LEG00313-1,SHP00313,1,FAC_F013,Valencia Export Depot,Warehouse,Spain,39.4699,-0.3763,PORT_P001,Port of Valencia,Port,Spain,39.461,-0.323,Road,CAR003,V006,2025-09-01T12:00:00,2025-09-01T12:34:57,2025-09-01T20:48:00,2025-09-01T22:43:59,5.3,5.6,8.8,10.2,1.4,None,334.08,8.03,"LINESTRING (-0.3763 39.4699, -0.323 39.461)"
LEG00313-2,SHP00313,2,PORT_P001,Port of Valencia,Port,Spain,39.461,-0.323,PORT_P012,Port of Casablanca,Port,Morocco,33.605,-7.611,RoRo,CAR003,V006,2025-09-02T05:31:07,2025-09-02T10:43:35,2025-09-04T04:19:07,2025-09-04T10:45:29,964.4,968.7,46.8,48.0,1.2,None,1749.46,438.82,"LINESTRING (-0.323 39.461, -7.611 33.605)"
LEG00313-3,SHP00313,3,PORT_P012,Port of Casablanca,Port,Morocco,33.605,-7.611,FAC_F008,Casablanca Desalination Site,Project Site,Morocco,33.5731,-7.5898,Road,CAR003,V006,2025-09-04T16:14:34,2025-09-04T21:31:46,2025-09-04T21:20:34,2025-09-05T12:40:10,4.6,4.7,5.1,15.1,10.0,Road permit delay,331.81,6.74,"LINESTRING (-7.611 33.605, -7.5898 33.5731)"
LEG00314-1,SHP00314,1,FAC_F012,Antwerp EPC Supplier Yard,Vendor,Belgium,51.2194,4.4025,PORT_P007,Port of Antwerp-Bruges,Port,Belgium,51.2639,4.4009,Road,CAR007,V005,2024-08-30T10:00:00,2024-08-30T10:05:10,2024-08-30T13:18:00,2024-08-30T14:23:16,5.9,6.1,3.3,4.3,1.0,None,449.59,7.38,"LINESTRING (4.4025 51.2194, 4.4009 51.2639)"
LEG00314-2,SHP00314,2,PORT_P007,Port of Antwerp-Bruges,Port,Belgium,51.2639,4.4009,PORT_P016,Port of Alexandria,Port,Egypt,31.2001,29.9187,Sea Breakbulk,CAR007,V005,2024-08-30T23:39:22,2024-08-30T22:32:00,2024-09-05T15:03:22,2024-09-05T12:35:36,3410.5,3538.5,135.4,134.1,0,None,7497.25,1081.93,"LINESTRING (4.4009 51.2639, 29.9187 31.2001)"
LEG00314-3,SHP00314,3,PORT_P016,Port of Alexandria,Port,Egypt,31.2001,29.9187,FAC_F016,Alexandria Water Project Site,Project Site,Egypt,31.2001,29.9187,Road,CAR007,V005,2024-09-06T05:51:16,2024-09-06T00:17:37,2024-09-06T12:33:16,2024-09-06T18:11:55,0.0,0.0,6.7,17.9,11.2,Carrier capacity,432.0,0.0,"LINESTRING (29.9187 31.2001, 29.9187 31.2001)"
LEG00315-1,SHP00315,1,FAC_F004,Bilbao Steel Fabricator,Vendor,Spain,43.263,-2.935,FAC_F007,Sines Energy Project Site,Project Site,Portugal,37.956,-8.868,Road,CAR008,,2024-05-16T13:00:00,2024-05-16T12:29:00,2024-05-17T18:06:00,2024-05-17T20:02:25,994.0,1006.6,29.1,31.6,2.5,None,14404.83,6154.55,"LINESTRING (-2.935 43.263, -8.868 37.956)"
LEG00316-1,SHP00316,1,FAC_F004,Bilbao Steel Fabricator,Vendor,Spain,43.263,-2.935,PORT_P004,Port of Bilbao,Port,Spain,43.3476,-3.0443,Road,CAR003,V002,2024-03-27T10:00:00,2024-03-27T10:10:04,2024-03-27T17:30:00,2024-03-28T03:11:40,15.4,15.8,7.5,17.0,9.5,Weather disruption,661.34,62.28,"LINESTRING (-2.935 43.263, -3.0443 43.3476)"
LEG00316-2,SHP00316,2,PORT_P004,Port of Bilbao,Port,Spain,43.3476,-3.0443,PORT_P012,Port of Casablanca,Port,Morocco,33.605,-7.611,RoRo,CAR003,V002,2024-03-28T03:00:38,2024-03-28T17:48:06,2024-03-30T17:18:38,2024-03-31T09:15:24,1254.1,1287.2,62.3,63.5,1.2,None,5348.89,1602.18,"LINESTRING (-3.0443 43.3476, -7.611 33.605)"
LEG00316-3,SHP00316,3,PORT_P012,Port of Casablanca,Port,Morocco,33.605,-7.611,FAC_F008,Casablanca Desalination Site,Project Site,Morocco,33.5731,-7.5898,Road,CAR003,V002,2024-03-31T06:10:16,2024-04-01T02:11:39,2024-03-31T11:52:16,2024-04-02T10:11:09,5.2,5.4,5.7,32.0,26.3,Customs hold,581.47,21.28,"LINESTRING (-7.611 33.605, -7.5898 33.5731)"
LEG00317-1,SHP00317,1,FAC_F004,Bilbao Steel Fabricator,Vendor,Spain,43.263,-2.935,PORT_P004,Port of Bilbao,Port,Spain,43.3476,-3.0443,Road,CAR006,,2024-09-13T07:00:00,2024-09-13T07:40:09,2024-09-13T13:36:00,2024-09-13T16:45:13,14.5,15.2,6.6,9.1,2.5,None,1232.4,130.12,"LINESTRING (-2.935 43.263, -3.0443 43.3476)"
LEG00317-2,SHP00317,2,PORT_P004,Port of Bilbao,Port,Spain,43.3476,-3.0443,PORT_P018,Port of Dammam,Port,Saudi Arabia,26.498,50.184,Container Sea,CAR006,,2024-09-14T04:13:26,2024-09-14T01:31:25,2024-09-23T15:49:26,2024-09-23T14:47:16,5441.4,5788.4,227.6,229.3,1.7,None,33821.22,9388.67,"LINESTRING (-3.0443 43.3476, 50.184 26.498)"
LEG00317-3,SHP00317,3,PORT_P018,Port of Dammam,Port,Saudi Arabia,26.498,50.184,FAC_F017,Dammam Gas Project Site,Project Site,Saudi Arabia,26.4207,50.0888,Road,CAR006,,2024-09-24T01:04:47,2024-09-24T03:55:20,2024-09-24T08:22:47,2024-09-24T12:35:06,14.6,14.8,7.3,8.7,1.4,None,1223.46,126.69,"LINESTRING (50.184 26.498, 50.0888 26.4207)"
LEG00318-1,SHP00318,1,FAC_F003,Puertollano Module Yard,Module Yard,Spain,38.6871,-4.1121,PORT_P003,Port of Algeciras,Port,Spain,36.1324,-5.4479,Road,CAR010,V004,2025-05-20T07:00:00,2025-05-20T07:07:13,2025-05-20T17:18:00,2025-05-20T18:52:08,370.1,387.1,10.3,11.7,1.4,None,2262.61,1120.52,"LINESTRING (-4.1121 38.6871, -5.4479 36.1324)"
LEG00318-2,SHP00318,2,PORT_P003,Port of Algeciras,Port,Spain,36.1324,-5.4479,PORT_P009,Port of Marseille-Fos,Port,France,43.437,4.943,Sea Breakbulk,CAR010,V004,2025-05-21T07:48:34,2025-05-21T01:46:54,2025-05-24T12:18:34,2025-05-24T04:51:58,1266.3,1294.9,76.5,75.1,0,None,5944.03,946.93,"LINESTRING (-5.4479 36.1324, 4.943 43.437)"
LEG00318-3,SHP00318,3,PORT_P009,Port of Marseille-Fos,Port,France,43.437,4.943,FAC_F018,Marseille Wind Substation Site,Project Site,France,43.2965,5.3698,Road,CAR010,V004,2025-05-24T21:01:31,2025-05-24T12:06:23,2025-05-25T01:55:31,2025-05-24T15:44:16,46.6,47.8,4.9,3.6,0,None,658.05,138.36,"LINESTRING (4.943 43.437, 5.3698 43.2965)"
LEG00319-1,SHP00319,1,FAC_F004,Bilbao Steel Fabricator,Vendor,Spain,43.263,-2.935,PORT_P004,Port of Bilbao,Port,Spain,43.3476,-3.0443,Road,CAR006,,2024-09-30T08:00:00,2024-09-30T09:05:23,2024-09-30T13:18:00,2024-09-30T13:00:32,15.8,15.9,5.3,3.9,0,None,506.59,45.95,"LINESTRING (-2.935 43.263, -3.0443 43.3476)"
LEG00319-2,SHP00319,2,PORT_P004,Port of Bilbao,Port,Spain,43.3476,-3.0443,PORT_P006,Port of Rotterdam,Port,Netherlands,51.947,4.142,Container Sea,CAR006,,2024-09-30T21:50:32,2024-09-30T19:30:54,2024-10-03T10:08:32,2024-10-04T07:06:28,1181.5,1174.8,60.3,83.6,23.3,Customs hold,2833.35,643.27,"LINESTRING (-3.0443 43.3476, 4.142 51.947)"
LEG00319-3,SHP00319,3,PORT_P006,Port of Rotterdam,Port,Netherlands,51.947,4.142,FAC_F011,Rotterdam Consolidation Hub,Consolidation Hub,Netherlands,51.9244,4.4777,Road,CAR006,,2024-10-03T22:11:02,2024-10-04T16:50:00,2024-10-04T06:41:02,2024-10-05T04:38:55,29.0,28.8,8.5,11.8,3.3,None,567.1,83.23,"LINESTRING (4.142 51.947, 4.4777 51.9244)"
LEG00320-1,SHP00320,1,FAC_F004,Bilbao Steel Fabricator,Vendor,Spain,43.263,-2.935,PORT_P004,Port of Bilbao,Port,Spain,43.3476,-3.0443,Road,CAR004,V001,2025-09-19T11:00:00,2025-09-19T12:17:28,2025-09-19T19:42:00,2025-09-19T20:51:18,16.2,16.1,8.7,8.6,0,None,755.29,27.67,"LINESTRING (-2.935 43.263, -3.0443 43.3476)"
LEG00320-2,SHP00320,2,PORT_P004,Port of Bilbao,Port,Spain,43.3476,-3.0443,PORT_P016,Port of Alexandria,Port,Egypt,31.2001,29.9187,Sea Breakbulk,CAR004,V001,2025-09-20T04:28:55,2025-09-20T08:55:13,2025-09-26T16:46:55,2025-09-26T23:13:49,3286.3,3334.3,156.3,158.3,2.0,None,12605.95,1447.62,"LINESTRING (-3.0443 43.3476, 29.9187 31.2001)"
LEG00320-3,SHP00320,3,PORT_P016,Port of Alexandria,Port,Egypt,31.2001,29.9187,FAC_F016,Alexandria Water Project Site,Project Site,Egypt,31.2001,29.9187,Road,CAR004,V001,2025-09-27T02:03:44,2025-09-27T06:38:01,2025-09-27T11:33:44,2025-09-27T14:10:25,0.0,0.0,9.5,7.5,0,None,669.6,0.0,"LINESTRING (29.9187 31.2001, 29.9187 31.2001)"
LEG00321-1,SHP00321,1,FAC_F010,Milan Valve Plant,Vendor,Italy,45.4642,9.19,PORT_P010,Port of Genoa,Port,Italy,44.41,8.925,Road,CAR010,V007,2024-08-28T07:00:00,2024-08-28T07:54:33,2024-08-28T13:00:00,2024-08-28T15:40:44,145.7,153.0,6.0,7.8,1.8,None,872.48,184.59,"LINESTRING (9.19 45.4642, 8.925 44.41)"
LEG00321-2,SHP00321,2,PORT_P010,Port of Genoa,Port,Italy,44.41,8.925,PORT_P005,Port of Sines,Port,Portugal,37.9543,-8.8631,Sea Breakbulk,CAR010,V007,2024-08-28T17:55:11,2024-08-29T03:29:10,2024-09-02T06:19:11,2024-09-03T17:55:57,1810.6,1884.7,108.4,134.4,26.0,Carrier capacity,5503.81,574.46,"LINESTRING (8.925 44.41, -8.8631 37.9543)"
LEG00321-3,SHP00321,3,PORT_P005,Port of Sines,Port,Portugal,37.9543,-8.8631,FAC_F007,Sines Energy Project Site,Project Site,Portugal,37.956,-8.868,Road,CAR010,V007,2024-09-02T20:49:33,2024-09-04T07:42:53,2024-09-03T04:07:33,2024-09-04T16:53:51,0.6,0.6,7.3,9.2,1.9,None,433.73,0.72,"LINESTRING (-8.8631 37.9543, -8.868 37.956)"
LEG00322-1,SHP00322,1,FAC_F012,Antwerp EPC Supplier Yard,Vendor,Belgium,51.2194,4.4025,PORT_P007,Port of Antwerp-Bruges,Port,Belgium,51.2639,4.4009,Road,CAR004,V008,2024-04-29T12:00:00,2024-04-29T11:29:42,2024-04-29T19:30:00,2024-04-29T21:48:10,6.1,6.3,7.5,10.3,2.8,None,455.49,12.54,"LINESTRING (4.4025 51.2194, 4.4009 51.2639)"
LEG00322-2,SHP00322,2,PORT_P007,Port of Antwerp-Bruges,Port,Belgium,51.2639,4.4009,PORT_P005,Port of Sines,Port,Portugal,37.9543,-8.8631,Sea Breakbulk,CAR004,V008,2024-04-30T00:53:45,2024-04-30T04:19:41,2024-05-04T14:29:45,2024-05-05T02:48:29,2000.2,2100.3,109.6,118.5,8.9,Documentation issue,6619.17,1056.03,"LINESTRING (4.4009 51.2639, -8.8631 37.9543)"
LEG00322-3,SHP00322,3,PORT_P005,Port of Sines,Port,Portugal,37.9543,-8.8631,FAC_F007,Sines Energy Project Site,Project Site,Portugal,37.956,-8.868,Road,CAR004,V008,2024-05-04T20:47:35,2024-05-05T18:33:23,2024-05-05T06:11:35,2024-05-06T02:32:21,0.6,0.6,9.4,8.0,0,None,434.24,1.19,"LINESTRING (-8.8631 37.9543, -8.868 37.956)"
LEG00323-1,SHP00323,1,FAC_F004,Bilbao Steel Fabricator,Vendor,Spain,43.263,-2.935,PORT_P004,Port of Bilbao,Port,Spain,43.3476,-3.0443,Road,CAR007,V005,2025-07-01T13:00:00,2025-07-01T13:09:04,2025-07-01T16:54:00,2025-07-01T18:54:59,16.6,17.0,3.9,5.8,1.9,None,1175.65,225.68,"LINESTRING (-2.935 43.263, -3.0443 43.3476)"
LEG00323-2,SHP00323,2,PORT_P004,Port of Bilbao,Port,Spain,43.3476,-3.0443,PORT_P009,Port of Marseille-Fos,Port,France,43.437,4.943,Sea Breakbulk,CAR007,V005,2025-07-02T02:39:15,2025-07-02T12:00:15,2025-07-03T20:57:15,2025-07-04T15:53:07,666.5,711.4,42.3,51.9,9.6,Weather disruption,14335.99,2385.86,"LINESTRING (-3.0443 43.3476, 4.943 43.437)"
LEG00323-3,SHP00323,3,PORT_P009,Port of Marseille-Fos,Port,France,43.437,4.943,FAC_F018,Marseille Wind Substation Site,Project Site,France,43.2965,5.3698,Road,CAR007,V005,2025-07-04T04:54:53,2025-07-04T23:08:45,2025-07-04T13:00:53,2025-07-05T09:08:26,47.4,49.4,8.1,10.0,1.9,None,2044.06,655.8,"LINESTRING (4.943 43.437, 5.3698 43.2965)"
LEG00324-1,SHP00324,1,FAC_F013,Valencia Export Depot,Warehouse,Spain,39.4699,-0.3763,PORT_P001,Port of Valencia,Port,Spain,39.461,-0.323,Road,CAR010,V014,2025-08-04T07:00:00,2025-08-04T08:42:25,2025-08-04T16:30:00,2025-08-04T17:26:22,6.1,6.2,9.5,8.7,0,None,692.93,4.92,"LINESTRING (-0.3763 39.4699, -0.323 39.461)"
LEG00324-2,SHP00324,2,PORT_P001,Port of Valencia,Port,Spain,39.461,-0.323,PORT_P018,Port of Dammam,Port,Saudi Arabia,26.498,50.184,Sea Breakbulk,CAR010,V014,2025-08-04T21:42:55,2025-08-04T22:33:04,2025-08-13T19:36:55,2025-08-13T19:58:05,5367.0,5537.2,213.9,213.4,0,None,13475.64,1110.98,"LINESTRING (-0.323 39.461, 50.184 26.498)"
LEG00324-3,SHP00324,3,PORT_P018,Port of Dammam,Port,Saudi Arabia,26.498,50.184,FAC_F017,Dammam Gas Project Site,Project Site,Saudi Arabia,26.4207,50.0888,Road,CAR010,V014,2025-08-14T06:33:05,2025-08-13T23:46:11,2025-08-14T11:39:05,2025-08-14T02:57:25,16.3,16.5,5.1,3.2,0,None,731.69,13.1,"LINESTRING (50.184 26.498, 50.0888 26.4207)"
LEG00325-1,SHP00325,1,FAC_F013,Valencia Export Depot,Warehouse,Spain,39.4699,-0.3763,PORT_P001,Port of Valencia,Port,Spain,39.461,-0.323,Road,CAR007,V005,2025-12-14T13:00:00,2025-12-14T15:51:03,2025-12-14T19:24:00,2025-12-15T00:36:01,5.4,5.8,6.4,8.7,2.3,None,508.62,1.37,"LINESTRING (-0.3763 39.4699, -0.323 39.461)"
LEG00325-2,SHP00325,2,PORT_P001,Port of Valencia,Port,Spain,39.461,-0.323,PORT_P018,Port of Dammam,Port,Saudi Arabia,26.498,50.184,Sea Breakbulk,CAR007,V005,2025-12-15T06:08:12,2025-12-15T05:01:57,2025-12-24T03:20:12,2025-12-25T08:19:33,5405.7,5786.5,213.2,243.3,30.1,Carrier capacity,8518.49,345.8,"LINESTRING (-0.323 39.461, 50.184 26.498)"
LEG00325-3,SHP00325,3,PORT_P018,Port of Dammam,Port,Saudi Arabia,26.498,50.184,FAC_F017,Dammam Gas Project Site,Project Site,Saudi Arabia,26.4207,50.0888,Road,CAR007,V005,2025-12-24T08:18:54,2025-12-25T21:30:20,2025-12-24T12:06:54,2025-12-26T00:19:14,15.2,15.9,3.8,2.8,0,None,530.58,3.76,"LINESTRING (50.184 26.498, 50.0888 26.4207)"
LEG00326-1,SHP00326,1,FAC_F011,Rotterdam Consolidation Hub,Consolidation Hub,Netherlands,51.9244,4.4777,PORT_P006,Port of Rotterdam,Port,Netherlands,51.947,4.142,Road,CAR006,,2024-12-11T08:00:00,2024-12-11T09:53:39,2024-12-11T15:18:00,2024-12-12T16:09:07,30.2,30.1,7.3,30.3,23.0,Carrier capacity,356.57,2.0,"LINESTRING (4.4777 51.9244, 4.142 51.947)"
LEG00326-2,SHP00326,2,PORT_P006,Port of Rotterdam,Port,Netherlands,51.947,4.142,PORT_P005,Port of Sines,Port,Portugal,37.9543,-8.8631,Container Sea,CAR006,,2024-12-12T06:19:35,2024-12-12T22:16:56,2024-12-17T00:49:35,2024-12-18T19:29:41,2042.5,2023.1,114.5,141.2,26.7,Carrier capacity,1686.73,25.49,"LINESTRING (4.142 51.947, -8.8631 37.9543)"
LEG00326-3,SHP00326,3,PORT_P005,Port of Sines,Port,Portugal,37.9543,-8.8631,FAC_F007,Sines Energy Project Site,Project Site,Portugal,37.956,-8.868,Road,CAR006,,2024-12-17T13:12:04,2024-12-18T23:08:04,2024-12-17T17:54:04,2024-12-19T05:15:40,0.6,0.6,4.7,6.1,1.4,None,320.73,0.04,"LINESTRING (-8.8631 37.9543, -8.868 37.956)"
LEG00327-1,SHP00327,1,FAC_F014,Cadiz Module Yard,Module Yard,Spain,36.5271,-6.2886,FAC_F007,Sines Energy Project Site,Project Site,Portugal,37.956,-8.868,Road,CAR008,,2024-04-16T14:00:00,2024-04-16T13:04:49,2024-04-17T02:42:00,2024-04-17T00:49:27,320.2,321.3,12.7,11.7,0,None,3318.0,1121.13,"LINESTRING (-6.2886 36.5271, -8.868 37.956)"
LEG00328-1,SHP00328,1,FAC_F014,Cadiz Module Yard,Module Yard,Spain,36.5271,-6.2886,PORT_P003,Port of Algeciras,Port,Spain,36.1324,-5.4479,Road,CAR006,,2025-04-30T11:00:00,2025-04-30T11:03:15,2025-04-30T19:12:00,2025-04-30T20:25:49,103.8,109.0,8.2,9.4,1.2,None,1391.87,396.8,"LINESTRING (-6.2886 36.5271, -5.4479 36.1324)"
LEG00328-2,SHP00328,2,PORT_P003,Port of Algeciras,Port,Spain,36.1324,-5.4479,PORT_P005,Port of Sines,Port,Portugal,37.9543,-8.8631,Container Sea,CAR006,,2025-05-01T08:50:16,2025-05-01T09:02:03,2025-05-04T00:14:16,2025-05-03T23:48:41,393.7,395.6,63.4,62.8,0,None,2761.53,272.87,"LINESTRING (-5.4479 36.1324, -8.8631 37.9543)"
LEG00328-3,SHP00328,3,PORT_P005,Port of Sines,Port,Portugal,37.9543,-8.8631,FAC_F007,Sines Energy Project Site,Project Site,Portugal,37.956,-8.868,Road,CAR006,,2025-05-04T06:09:46,2025-05-04T08:43:45,2025-05-04T09:33:46,2025-05-04T22:19:46,0.6,0.6,3.4,13.6,10.2,Carrier capacity,580.49,2.18,"LINESTRING (-8.8631 37.9543, -8.868 37.956)"
LEG00329-1,SHP00329,1,FAC_F012,Antwerp EPC Supplier Yard,Vendor,Belgium,51.2194,4.4025,PORT_P007,Port of Antwerp-Bruges,Port,Belgium,51.2639,4.4009,Road,CAR006,,2024-11-25T13:00:00,2024-11-25T15:10:02,2024-11-25T16:12:00,2024-11-25T21:19:45,5.6,5.7,3.2,6.2,3.0,None,509.45,2.73,"LINESTRING (4.4025 51.2194, 4.4009 51.2639)"
LEG00329-2,SHP00329,2,PORT_P007,Port of Antwerp-Bruges,Port,Belgium,51.2639,4.4009,PORT_P006,Port of Rotterdam,Port,Netherlands,51.947,4.142,Container Sea,CAR006,,2024-11-25T21:55:32,2024-11-26T03:19:46,2024-11-26T21:19:32,2024-11-27T01:29:53,83.7,83.6,23.4,22.2,0,None,1826.47,7.58,"LINESTRING (4.4009 51.2639, 4.142 51.947)"
LEG00329-3,SHP00329,3,PORT_P006,Port of Rotterdam,Port,Netherlands,51.947,4.142,FAC_F011,Rotterdam Consolidation Hub,Consolidation Hub,Netherlands,51.9244,4.4777,Road,CAR006,,2024-11-27T02:55:38,2024-11-27T06:33:10,2024-11-27T08:13:38,2024-11-27T10:27:22,26.1,26.3,5.3,3.9,0,None,558.04,12.59,"LINESTRING (4.142 51.947, 4.4777 51.9244)"
LEG00330-1,SHP00330,1,FAC_F004,Bilbao Steel Fabricator,Vendor,Spain,43.263,-2.935,PORT_P004,Port of Bilbao,Port,Spain,43.3476,-3.0443,Road,CAR006,,2024-10-31T10:00:00,2024-10-31T09:07:22,2024-10-31T19:54:00,2024-10-31T17:44:04,15.4,15.3,9.9,8.6,0,None,1110.19,74.42,"LINESTRING (-2.935 43.263, -3.0443 43.3476)"
LEG00330-2,SHP00330,2,PORT_P004,Port of Bilbao,Port,Spain,43.3476,-3.0443,PORT_P009,Port of Marseille-Fos,Port,France,43.437,4.943,Container Sea,CAR006,,2024-11-01T11:33:38,2024-11-01T08:46:20,2024-11-04T05:09:38,2024-11-04T03:34:36,690.9,691.0,65.6,66.8,1.2,None,5513.7,636.83,"LINESTRING (-3.0443 43.3476, 4.943 43.437)"
LEG00330-3,SHP00330,3,PORT_P009,Port of Marseille-Fos,Port,France,43.437,4.943,FAC_F018,Marseille Wind Substation Site,Project Site,France,43.2965,5.3698,Road,CAR006,,2024-11-04T12:49:42,2024-11-04T20:19:08,2024-11-04T20:37:42,2024-11-05T06:27:24,47.0,47.4,7.8,10.1,2.3,None,1566.29,230.55,"LINESTRING (4.943 43.437, 5.3698 43.2965)"
LEG00331-1,SHP00331,1,FAC_F013,Valencia Export Depot,Warehouse,Spain,39.4699,-0.3763,PORT_P001,Port of Valencia,Port,Spain,39.461,-0.323,Road,CAR010,V004,2025-08-01T14:00:00,2025-08-01T14:47:22,2025-08-01T19:06:00,2025-08-01T19:29:03,6.0,6.0,5.1,4.7,0,None,448.54,6.59,"LINESTRING (-0.3763 39.4699, -0.323 39.461)"
LEG00331-2,SHP00331,2,PORT_P001,Port of Valencia,Port,Spain,39.461,-0.323,PORT_P009,Port of Marseille-Fos,Port,France,43.437,4.943,Sea Breakbulk,CAR010,V004,2025-08-02T00:22:52,2025-08-01T23:15:34,2025-08-04T02:46:52,2025-08-04T01:49:28,691.4,723.7,50.4,50.6,0.2,None,4067.08,200.96,"LINESTRING (-0.323 39.461, 4.943 43.437)"
LEG00331-3,SHP00331,3,PORT_P009,Port of Marseille-Fos,Port,France,43.437,4.943,FAC_F018,Marseille Wind Substation Site,Project Site,France,43.2965,5.3698,Road,CAR010,V004,2025-08-04T09:13:51,2025-08-04T05:46:57,2025-08-04T18:01:51,2025-08-04T13:06:47,44.6,45.9,8.8,7.3,0,None,558.53,50.45,"LINESTRING (4.943 43.437, 5.3698 43.2965)"
LEG00332-1,SHP00332,1,FAC_F009,Lyon Fabrication Partner,Vendor,France,45.764,4.8357,PORT_P009,Port of Marseille-Fos,Port,France,43.437,4.943,Road,CAR006,,2024-05-10T14:00:00,2024-05-10T13:47:29,2024-05-11T03:30:00,2024-05-11T01:25:15,297.5,295.7,13.5,11.6,0,None,1615.22,667.45,"LINESTRING (4.8357 45.764, 4.943 43.437)"
LEG00332-2,SHP00332,2,PORT_P009,Port of Marseille-Fos,Port,France,43.437,4.943,PORT_P005,Port of Sines,Port,Portugal,37.9543,-8.8631,Container Sea,CAR006,,2024-05-11T18:07:48,2024-05-11T10:07:55,2024-05-15T07:49:48,2024-05-15T02:07:28,1392.4,1446.9,85.7,88.0,2.3,None,2890.68,618.81,"LINESTRING (4.943 43.437, -8.8631 37.9543)"
LEG00332-3,SHP00332,3,PORT_P005,Port of Sines,Port,Portugal,37.9543,-8.8631,FAC_F007,Sines Energy Project Site,Project Site,Portugal,37.956,-8.868,Road,CAR006,,2024-05-15T20:50:53,2024-05-15T05:44:28,2024-05-16T05:08:53,2024-05-15T12:07:05,0.6,0.6,8.3,6.4,0,None,434.4,1.35,"LINESTRING (-8.8631 37.9543, -8.868 37.956)"
LEG00333-1,SHP00333,1,FAC_F001,Zaragoza Distribution Hub,Warehouse,Spain,41.6488,-0.8891,PORT_P001,Port of Valencia,Port,Spain,39.461,-0.323,Road,CAR004,V008,2025-09-08T13:00:00,2025-09-08T13:27:46,2025-09-09T03:36:00,2025-09-09T02:36:47,298.9,315.1,14.6,13.2,0,None,1263.12,309.52,"LINESTRING (-0.8891 41.6488, -0.323 39.461)"
LEG00333-2,SHP00333,2,PORT_P001,Port of Valencia,Port,Spain,39.461,-0.323,PORT_P018,Port of Dammam,Port,Saudi Arabia,26.498,50.184,Sea Breakbulk,CAR004,V008,2025-09-09T17:17:52,2025-09-09T10:45:16,2025-09-17T20:17:52,2025-09-17T13:31:10,5277.5,5340.3,195.0,194.8,0,None,9035.55,1325.25,"LINESTRING (-0.323 39.461, 50.184 26.498)"
LEG00333-3,SHP00333,3,PORT_P018,Port of Dammam,Port,Saudi Arabia,26.498,50.184,FAC_F017,Dammam Gas Project Site,Project Site,Saudi Arabia,26.4207,50.0888,Road,CAR004,V008,2025-09-18T03:57:13,2025-09-18T05:12:03,2025-09-18T10:09:13,2025-09-18T10:21:01,16.9,18.1,6.2,5.1,0,None,479.74,17.78,"LINESTRING (50.184 26.498, 50.0888 26.4207)"
LEG00334-1,SHP00334,1,FAC_F003,Puertollano Module Yard,Module Yard,Spain,38.6871,-4.1121,FAC_F001,Zaragoza Distribution Hub,Warehouse,Spain,41.6488,-0.8891,Road,CAR002,,2025-05-01T15:00:00,2025-05-01T17:51:05,2025-05-02T09:00:00,2025-05-02T14:40:53,561.0,587.7,18.0,20.8,2.8,None,2385.17,969.23,"LINESTRING (-4.1121 38.6871, -0.8891 41.6488)"
LEG00335-1,SHP00335,1,FAC_F010,Milan Valve Plant,Vendor,Italy,45.4642,9.19,PORT_P010,Port of Genoa,Port,Italy,44.41,8.925,Road,CAR006,,2024-11-14T13:00:00,2024-11-14T14:15:07,2024-11-14T20:54:00,2024-11-15T17:58:24,155.8,163.0,7.9,27.7,19.8,Port congestion,1209.73,495.21,"LINESTRING (9.19 45.4642, 8.925 44.41)"
LEG00335-2,SHP00335,2,PORT_P010,Port of Genoa,Port,Italy,44.41,8.925,PORT_P009,Port of Marseille-Fos,Port,France,43.437,4.943,Container Sea,CAR006,,2024-11-15T06:22:08,2024-11-16T08:54:53,2024-11-17T10:04:08,2024-11-18T15:53:23,369.0,374.4,51.7,55.0,3.3,None,1968.15,215.52,"LINESTRING (8.925 44.41, 4.943 43.437)"
LEG00335-3,SHP00335,3,PORT_P009,Port of Marseille-Fos,Port,France,43.437,4.943,FAC_F018,Marseille Wind Substation Site,Project Site,France,43.2965,5.3698,Road,CAR006,,2024-11-17T22:34:21,2024-11-19T02:24:43,2024-11-18T06:10:21,2024-11-19T08:57:26,45.6,48.5,7.6,6.5,0,None,663.41,147.35,"LINESTRING (4.943 43.437, 5.3698 43.2965)"
LEG00336-1,SHP00336,1,FAC_F005,Tarragona Equipment Vendor,Vendor,Spain,41.1189,1.2445,PORT_P002,Port of Barcelona,Port,Spain,41.3522,2.1686,Road,CAR007,V005,2024-05-13T11:00:00,2024-05-13T10:11:46,2024-05-13T21:00:00,2024-05-14T06:42:13,102.0,105.0,10.0,20.5,10.5,Road permit delay,1525.12,495.66,"LINESTRING (1.2445 41.1189, 2.1686 41.3522)"
LEG00336-2,SHP00336,2,PORT_P002,Port of Barcelona,Port,Spain,41.3522,2.1686,PORT_P009,Port of Marseille-Fos,Port,France,43.437,4.943,Sea Breakbulk,CAR007,V005,2024-05-14T07:25:03,2024-05-14T13:41:20,2024-05-15T18:13:03,2024-05-16T18:53:52,343.2,369.9,34.8,53.2,18.4,Carrier capacity,5834.44,441.13,"LINESTRING (2.1686 41.3522, 4.943 43.437)"
LEG00336-3,SHP00336,3,PORT_P009,Port of Marseille-Fos,Port,France,43.437,4.943,FAC_F018,Marseille Wind Substation Site,Project Site,France,43.2965,5.3698,Road,CAR007,V005,2024-05-16T01:36:38,2024-05-17T00:26:40,2024-05-16T12:12:38,2024-05-17T09:19:52,49.8,50.7,10.6,8.9,0,None,1034.29,239.33,"LINESTRING (4.943 43.437, 5.3698 43.2965)"
LEG00337-1,SHP00337,1,FAC_F005,Tarragona Equipment Vendor,Vendor,Spain,41.1189,1.2445,PORT_P002,Port of Barcelona,Port,Spain,41.3522,2.1686,Road,CAR006,,2025-10-24T11:00:00,2025-10-24T12:57:03,2025-10-24T22:24:00,2025-10-24T23:53:06,97.9,105.4,11.4,10.9,0,Customs hold,752.51,55.17,"LINESTRING (1.2445 41.1189, 2.1686 41.3522)"
LEG00337-2,SHP00337,2,PORT_P002,Port of Barcelona,Port,Spain,41.3522,2.1686,PORT_P016,Port of Alexandria,Port,Egypt,31.2001,29.9187,Container Sea,CAR006,,2025-10-25T07:20:38,2025-10-25T05:11:30,2025-10-30T16:08:38,2025-10-30T16:06:00,3035.5,3262.1,128.8,130.9,2.1,None,3555.83,323.54,"LINESTRING (2.1686 41.3522, 29.9187 31.2001)"
LEG00337-3,SHP00337,3,PORT_P016,Port of Alexandria,Port,Egypt,31.2001,29.9187,FAC_F016,Alexandria Water Project Site,Project Site,Egypt,31.2001,29.9187,Road,CAR006,,2025-10-30T22:44:05,2025-10-31T03:06:26,2025-10-31T07:56:05,2025-10-31T11:04:47,0.0,0.0,9.2,8.0,0,None,496.0,0.0,"LINESTRING (29.9187 31.2001, 29.9187 31.2001)"
LEG00338-1,SHP00338,1,FAC_F012,Antwerp EPC Supplier Yard,Vendor,Belgium,51.2194,4.4025,FAC_F011,Rotterdam Consolidation Hub,Consolidation Hub,Netherlands,51.9244,4.4777,Road,CAR008,,2025-07-02T14:00:00,2025-07-02T15:14:54,2025-07-02T23:00:00,2025-07-03T18:32:42,88.8,92.2,9.0,27.3,18.3,Weather disruption,792.03,50.19,"LINESTRING (4.4025 51.2194, 4.4777 51.9244)"
LEG00339-1,SHP00339,1,FAC_F003,Puertollano Module Yard,Module Yard,Spain,38.6871,-4.1121,PORT_P003,Port of Algeciras,Port,Spain,36.1324,-5.4479,Road,CAR010,V014,2025-12-17T12:00:00,2025-12-17T13:03:13,2025-12-17T22:00:00,2025-12-18T00:12:25,388.1,386.8,10.0,11.2,1.2,None,5783.23,2927.19,"LINESTRING (-4.1121 38.6871, -5.4479 36.1324)"
LEG00339-2,SHP00339,2,PORT_P003,Port of Algeciras,Port,Spain,36.1324,-5.4479,PORT_P009,Port of Marseille-Fos,Port,France,43.437,4.943,Sea Breakbulk,CAR010,V014,2025-12-18T10:15:28,2025-12-18T13:26:23,2025-12-22T00:21:28,2025-12-22T20:45:13,1327.8,1376.6,86.1,103.3,17.2,Road permit delay,12872.11,2631.84,"LINESTRING (-5.4479 36.1324, 4.943 43.437)"
LEG00339-3,SHP00339,3,PORT_P009,Port of Marseille-Fos,Port,France,43.437,4.943,FAC_F018,Marseille Wind Substation Site,Project Site,France,43.2965,5.3698,Road,CAR010,V014,2025-12-22T11:08:46,2025-12-23T06:52:35,2025-12-22T21:38:46,2025-12-23T19:59:11,49.0,49.4,10.5,13.1,2.6,None,1241.04,373.84,"LINESTRING (4.943 43.437, 5.3698 43.2965)"
LEG00340-1,SHP00340,1,FAC_F009,Lyon Fabrication Partner,Vendor,France,45.764,4.8357,PORT_P009,Port of Marseille-Fos,Port,France,43.437,4.943,Road,CAR007,V011,2024-10-24T10:00:00,2024-10-24T12:18:55,2024-10-25T01:12:00,2024-10-25T04:21:54,334.9,336.9,15.2,16.0,0.8,None,2009.7,959.52,"LINESTRING (4.8357 45.764, 4.943 43.437)"
LEG00340-2,SHP00340,2,PORT_P009,Port of Marseille-Fos,Port,France,43.437,4.943,PORT_P005,Port of Sines,Port,Portugal,37.9543,-8.8631,Sea Breakbulk,CAR007,V011,2024-10-25T08:42:52,2024-10-25T19:55:54,2024-10-28T17:54:52,2024-10-29T08:14:46,1380.6,1481.4,81.2,84.3,3.1,None,6300.5,1065.9,"LINESTRING (4.943 43.437, -8.8631 37.9543)"
LEG00340-3,SHP00340,3,PORT_P005,Port of Sines,Port,Portugal,37.9543,-8.8631,FAC_F007,Sines Energy Project Site,Project Site,Portugal,37.956,-8.868,Road,CAR007,V011,2024-10-29T05:15:06,2024-10-29T17:58:08,2024-10-29T10:15:06,2024-10-30T02:41:02,0.6,0.6,5.0,8.7,3.7,None,434.81,1.71,"LINESTRING (-8.8631 37.9543, -8.868 37.956)"
LEG00341-1,SHP00341,1,FAC_F005,Tarragona Equipment Vendor,Vendor,Spain,41.1189,1.2445,FAC_F001,Zaragoza Distribution Hub,Warehouse,Spain,41.6488,-0.8891,Road,CAR002,,2024-04-26T09:00:00,2024-04-26T09:41:09,2024-04-26T21:06:00,2024-04-26T22:16:26,237.7,252.1,12.1,12.6,0.5,None,702.31,112.8,"LINESTRING (1.2445 41.1189, -0.8891 41.6488)"
LEG00342-1,SHP00342,1,FAC_F012,Antwerp EPC Supplier Yard,Vendor,Belgium,51.2194,4.4025,FAC_F001,Zaragoza Distribution Hub,Warehouse,Spain,41.6488,-0.8891,Road,CAR008,,2024-05-28T07:00:00,2024-05-28T06:43:25,2024-05-29T17:42:00,2024-05-29T16:55:23,1459.9,1458.0,34.7,34.2,0,None,6448.58,1336.62,"LINESTRING (4.4025 51.2194, -0.8891 41.6488)"
LEG00343-1,SHP00343,1,FAC_F014,Cadiz Module Yard,Module Yard,Spain,36.5271,-6.2886,PORT_P003,Port of Algeciras,Port,Spain,36.1324,-5.4479,Road,CAR006,,2024-05-16T11:00:00,2024-05-16T11:50:30,2024-05-16T22:00:00,2024-05-16T22:36:49,102.3,110.2,11.0,10.8,0,None,715.49,102.6,"LINESTRING (-6.2886 36.5271, -5.4479 36.1324)"
LEG00343-2,SHP00343,2,PORT_P003,Port of Algeciras,Port,Spain,36.1324,-5.4479,PORT_P009,Port of Marseille-Fos,Port,France,43.437,4.943,Container Sea,CAR006,,2024-05-17T07:57:31,2024-05-17T13:13:22,2024-05-20T16:39:31,2024-05-20T20:04:44,1327.2,1409.3,80.7,78.9,0,None,2372.61,248.6,"LINESTRING (-5.4479 36.1324, 4.943 43.437)"
LEG00343-3,SHP00343,3,PORT_P009,Port of Marseille-Fos,Port,France,43.437,4.943,FAC_F018,Marseille Wind Substation Site,Project Site,France,43.2965,5.3698,Road,CAR006,,2024-05-21T00:20:24,2024-05-21T07:14:02,2024-05-21T06:02:24,2024-05-22T07:24:43,50.2,53.5,5.7,24.2,18.5,Road permit delay,569.63,49.81,"LINESTRING (4.943 43.437, 5.3698 43.2965)"
LEG00344-1,SHP00344,1,FAC_F003,Puertollano Module Yard,Module Yard,Spain,38.6871,-4.1121,FAC_F011,Rotterdam Consolidation Hub,Consolidation Hub,Netherlands,51.9244,4.4777,Road,CAR012,,2024-05-27T09:00:00,2024-05-27T10:26:46,2024-05-29T00:48:00,2024-05-29T04:03:07,2095.5,2231.3,39.8,41.6,1.8,None,38023.21,22816.83,"LINESTRING (-4.1121 38.6871, 4.4777 51.9244)"
LEG00345-1,SHP00345,1,FAC_F005,Tarragona Equipment Vendor,Vendor,Spain,41.1189,1.2445,PORT_P002,Port of Barcelona,Port,Spain,41.3522,2.1686,Road,CAR003,V006,2025-04-11T08:00:00,2025-04-11T09:14:59,2025-04-11T19:00:00,2025-04-11T18:19:59,94.0,101.5,11.0,9.1,0,None,478.24,31.63,"LINESTRING (1.2445 41.1189, 2.1686 41.3522)"
LEG00345-2,SHP00345,2,PORT_P002,Port of Barcelona,Port,Spain,41.3522,2.1686,PORT_P012,Port of Casablanca,Port,Morocco,33.605,-7.611,RoRo,CAR003,V006,2025-04-12T01:11:05,2025-04-12T11:35:25,2025-04-14T19:29:05,2025-04-15T04:35:24,1329.2,1321.1,66.3,65.0,0,None,1535.97,130.0,"LINESTRING (2.1686 41.3522, -7.611 33.605)"
LEG00345-3,SHP00345,3,PORT_P012,Port of Casablanca,Port,Morocco,33.605,-7.611,FAC_F008,Casablanca Desalination Site,Project Site,Morocco,33.5731,-7.5898,Road,CAR003,V006,2025-04-15T04:59:22,2025-04-15T22:02:38,2025-04-15T10:17:22,2025-04-16T01:47:04,5.2,5.5,5.3,3.7,0,None,328.57,1.71,"LINESTRING (-7.611 33.605, -7.5898 33.5731)"
LEG00346-1,SHP00346,1,FAC_F005,Tarragona Equipment Vendor,Vendor,Spain,41.1189,1.2445,PORT_P002,Port of Barcelona,Port,Spain,41.3522,2.1686,Road,CAR010,V014,2025-11-27T08:00:00,2025-11-27T08:07:19,2025-11-27T16:48:00,2025-11-27T16:00:16,98.7,106.2,8.8,7.9,0,None,1508.21,337.68,"LINESTRING (1.2445 41.1189, 2.1686 41.3522)"
LEG00346-2,SHP00346,2,PORT_P002,Port of Barcelona,Port,Spain,41.3522,2.1686,PORT_P018,Port of Dammam,Port,Saudi Arabia,26.498,50.184,Sea Breakbulk,CAR010,V014,2025-11-28T03:40:32,2025-11-28T09:13:06,2025-12-08T05:22:32,2025-12-08T12:54:11,5156.6,5154.8,241.7,243.7,2.0,None,23092.48,4140.75,"LINESTRING (2.1686 41.3522, 50.184 26.498)"
LEG00346-3,SHP00346,3,PORT_P018,Port of Dammam,Port,Saudi Arabia,26.498,50.184,FAC_F017,Dammam Gas Project Site,Project Site,Saudi Arabia,26.4207,50.0888,Road,CAR010,V014,2025-12-08T14:19:34,2025-12-08T20:07:08,2025-12-08T21:55:34,2025-12-09T06:08:55,15.8,16.0,7.6,10.0,2.4,None,795.94,50.87,"LINESTRING (50.184 26.498, 50.0888 26.4207)"
LEG00347-1,SHP00347,1,FAC_F004,Bilbao Steel Fabricator,Vendor,Spain,43.263,-2.935,FAC_F008,Casablanca Desalination Site,Project Site,Morocco,33.5731,-7.5898,Road,CAR002,,2025-11-24T13:00:00,2025-11-24T12:04:18,2025-11-26T00:06:00,2025-11-25T21:46:27,1335.9,1402.2,35.1,33.7,0,None,15571.24,8262.95,"LINESTRING (-2.935 43.263, -7.5898 33.5731)"
LEG00348-1,SHP00348,1,FAC_F005,Tarragona Equipment Vendor,Vendor,Spain,41.1189,1.2445,PORT_P002,Port of Barcelona,Port,Spain,41.3522,2.1686,Road,CAR005,V003,2025-06-25T09:00:00,2025-06-25T11:03:02,2025-06-25T18:24:00,2025-06-25T21:03:15,99.9,107.1,9.4,10.0,0.6,None,778.88,67.97,"LINESTRING (1.2445 41.1189, 2.1686 41.3522)"
LEG00348-2,SHP00348,2,PORT_P002,Port of Barcelona,Port,Spain,41.3522,2.1686,PORT_P009,Port of Marseille-Fos,Port,France,43.437,4.943,Container Sea,CAR005,V003,2025-06-26T00:27:25,2025-06-26T04:38:41,2025-06-28T03:03:25,2025-06-28T06:28:08,333.4,340.2,50.6,49.8,0,None,1984.01,40.91,"LINESTRING (2.1686 41.3522, 4.943 43.437)"
LEG00348-3,SHP00348,3,PORT_P009,Port of Marseille-Fos,Port,France,43.437,4.943,FAC_F018,Marseille Wind Substation Site,Project Site,France,43.2965,5.3698,Road,CAR005,V003,2025-06-28T10:51:32,2025-06-28T16:45:35,2025-06-28T17:45:32,2025-06-28T23:40:14,49.6,49.8,6.9,6.9,0.0,None,627.54,31.6,"LINESTRING (4.943 43.437, 5.3698 43.2965)"
LEG00349-1,SHP00349,1,FAC_F011,Rotterdam Consolidation Hub,Consolidation Hub,Netherlands,51.9244,4.4777,PORT_P006,Port of Rotterdam,Port,Netherlands,51.947,4.142,Road,CAR006,,2024-05-30T11:00:00,2024-05-30T11:22:25,2024-05-30T18:48:00,2024-05-30T20:31:11,29.6,32.0,7.8,9.1,1.3,None,463.15,16.69,"LINESTRING (4.4777 51.9244, 4.142 51.947)"
LEG00349-2,SHP00349,2,PORT_P006,Port of Rotterdam,Port,Netherlands,51.947,4.142,PORT_P012,Port of Casablanca,Port,Morocco,33.605,-7.611,Container Sea,CAR006,,2024-05-31T09:44:43,2024-05-31T11:19:03,2024-06-06T00:56:43,2024-06-06T16:38:28,2431.3,2527.2,135.2,149.3,14.1,Carrier capacity,2551.46,249.74,"LINESTRING (4.142 51.947, -7.611 33.605)"
LEG00349-3,SHP00349,3,PORT_P012,Port of Casablanca,Port,Morocco,33.605,-7.611,FAC_F008,Casablanca Desalination Site,Project Site,Morocco,33.5731,-7.5898,Road,CAR006,,2024-06-06T12:20:46,2024-06-07T01:30:33,2024-06-06T18:14:46,2024-06-07T06:15:47,4.8,4.8,5.9,4.8,0,None,409.47,2.5,"LINESTRING (-7.611 33.605, -7.5898 33.5731)"
LEG00350-1,SHP00350,1,FAC_F011,Rotterdam Consolidation Hub,Consolidation Hub,Netherlands,51.9244,4.4777,PORT_P006,Port of Rotterdam,Port,Netherlands,51.947,4.142,Road,CAR010,V004,2025-01-23T13:00:00,2025-01-23T14:39:02,2025-01-23T18:12:00,2025-01-24T06:56:34,26.8,28.0,5.2,16.3,11.1,Carrier capacity,557.23,75.33,"LINESTRING (4.4777 51.9244, 4.142 51.947)"
LEG00350-2,SHP00350,2,PORT_P006,Port of Rotterdam,Port,Netherlands,51.947,4.142,PORT_P016,Port of Alexandria,Port,Egypt,31.2001,29.9187,Sea Breakbulk,CAR010,V004,2025-01-24T07:24:33,2025-01-24T22:37:31,2025-01-30T12:06:33,2025-01-31T06:03:47,3267.1,3370.1,148.7,151.4,2.7,None,9867.38,2290.59,"LINESTRING (4.142 51.947, 29.9187 31.2001)"
LEG00350-3,SHP00350,3,PORT_P016,Port of Alexandria,Port,Egypt,31.2001,29.9187,FAC_F016,Alexandria Water Project Site,Project Site,Egypt,31.2001,29.9187,Road,CAR010,V004,2025-01-31T00:59:35,2025-01-31T14:31:21,2025-01-31T04:47:35,2025-01-31T19:18:58,0.0,0.0,3.8,4.8,1.0,None,432.0,0.0,"LINESTRING (29.9187 31.2001, 29.9187 31.2001)"
LEG00351-1,SHP00351,1,FAC_F003,Puertollano Module Yard,Module Yard,Spain,38.6871,-4.1121,PORT_P003,Port of Algeciras,Port,Spain,36.1324,-5.4479,Road,CAR006,,2025-01-08T10:00:00,2025-01-08T09:26:08,2025-01-09T00:36:00,2025-01-09T03:26:40,357.3,376.9,14.6,18.0,3.4,None,1938.2,853.6,"LINESTRING (-4.1121 38.6871, -5.4479 36.1324)"
LEG00351-2,SHP00351,2,PORT_P003,Port of Algeciras,Port,Spain,36.1324,-5.4479,PORT_P018,Port of Dammam,Port,Saudi Arabia,26.498,50.184,Container Sea,CAR006,,2025-01-09T04:53:03,2025-01-09T16:33:04,2025-01-18T07:05:03,2025-01-19T07:04:15,5750.2,5710.7,218.2,230.5,12.3,Port congestion,6827.72,2450.58,"LINESTRING (-5.4479 36.1324, 50.184 26.498)"
LEG00351-3,SHP00351,3,PORT_P018,Port of Dammam,Port,Saudi Arabia,26.498,50.184,FAC_F017,Dammam Gas Project Site,Project Site,Saudi Arabia,26.4207,50.0888,Road,CAR006,,2025-01-18T19:18:19,2025-01-19T22:39:53,2025-01-19T04:42:19,2025-01-20T06:55:58,14.8,15.9,9.4,8.3,0,None,495.54,36.01,"LINESTRING (50.184 26.498, 50.0888 26.4207)"
LEG00352-1,SHP00352,1,FAC_F014,Cadiz Module Yard,Module Yard,Spain,36.5271,-6.2886,FAC_F018,Marseille Wind Substation Site,Project Site,France,43.2965,5.3698,Road,CAR008,,2024-08-21T14:00:00,2024-08-21T13:25:06,2024-08-22T16:42:00,2024-08-22T16:11:45,1503.6,1521.4,26.7,26.8,0.1,None,5208.89,2235.93,"LINESTRING (-6.2886 36.5271, 5.3698 43.2965)"
LEG00353-1,SHP00353,1,FAC_F005,Tarragona Equipment Vendor,Vendor,Spain,41.1189,1.2445,PORT_P002,Port of Barcelona,Port,Spain,41.3522,2.1686,Road,CAR005,V003,2025-12-23T08:00:00,2025-12-23T09:35:39,2025-12-23T12:42:00,2025-12-23T12:43:25,91.4,93.2,4.7,3.1,0,None,572.2,30.46,"LINESTRING (1.2445 41.1189, 2.1686 41.3522)"
LEG00353-2,SHP00353,2,PORT_P002,Port of Barcelona,Port,Spain,41.3522,2.1686,PORT_P018,Port of Dammam,Port,Saudi Arabia,26.498,50.184,Container Sea,CAR005,V003,2025-12-23T20:11:50,2025-12-23T18:13:40,2026-01-01T10:29:50,2026-01-01T06:40:59,5102.1,5202.7,206.3,204.5,0,None,3566.99,322.15,"LINESTRING (2.1686 41.3522, 50.184 26.498)"
LEG00353-3,SHP00353,3,PORT_P018,Port of Dammam,Port,Saudi Arabia,26.498,50.184,FAC_F017,Dammam Gas Project Site,Project Site,Saudi Arabia,26.4207,50.0888,Road,CAR005,V003,2026-01-01T15:22:24,2026-01-01T11:48:36,2026-01-02T00:46:24,2026-01-01T19:17:13,16.2,16.6,9.4,7.5,0,None,430.67,5.42,"LINESTRING (50.184 26.498, 50.0888 26.4207)"
LEG00354-1,SHP00354,1,FAC_F014,Cadiz Module Yard,Module Yard,Spain,36.5271,-6.2886,PORT_P003,Port of Algeciras,Port,Spain,36.1324,-5.4479,Road,CAR010,V007,2025-11-11T15:00:00,2025-11-11T15:42:56,2025-11-11T20:12:00,2025-11-11T23:34:11,108.2,109.2,5.2,7.9,2.7,None,2477.3,1138.65,"LINESTRING (-6.2886 36.5271, -5.4479 36.1324)"
LEG00354-2,SHP00354,2,PORT_P003,Port of Algeciras,Port,Spain,36.1324,-5.4479,PORT_P001,Port of Valencia,Port,Spain,39.461,-0.323,Sea Breakbulk,CAR010,V007,2025-11-12T08:25:37,2025-11-12T13:02:56,2025-11-15T02:13:37,2025-11-15T21:23:12,645.8,668.8,65.8,80.3,14.5,Carrier capacity,9745.58,1761.78,"LINESTRING (-5.4479 36.1324, -0.323 39.461)"
LEG00354-3,SHP00354,3,PORT_P001,Port of Valencia,Port,Spain,39.461,-0.323,FAC_F001,Zaragoza Distribution Hub,Warehouse,Spain,41.6488,-0.8891,Road,CAR010,V007,2025-11-15T08:56:33,2025-11-16T13:23:42,2025-11-15T22:20:33,2025-11-17T16:46:45,328.2,351.2,13.4,27.4,14.0,Customs hold,6690.81,3662.03,"LINESTRING (-0.323 39.461, -0.8891 41.6488)"
LEG00355-1,SHP00355,1,FAC_F003,Puertollano Module Yard,Module Yard,Spain,38.6871,-4.1121,PORT_P003,Port of Algeciras,Port,Spain,36.1324,-5.4479,Road,CAR010,V007,2024-11-06T13:00:00,2024-11-06T12:44:19,2024-11-06T23:06:00,2024-11-07T02:26:31,379.1,390.0,10.1,13.7,3.6,None,1665.85,557.97,"LINESTRING (-4.1121 38.6871, -5.4479 36.1324)"
LEG00355-2,SHP00355,2,PORT_P003,Port of Algeciras,Port,Spain,36.1324,-5.4479,PORT_P018,Port of Dammam,Port,Saudi Arabia,26.498,50.184,Sea Breakbulk,CAR010,V007,2024-11-07T07:27:38,2024-11-07T18:26:18,2024-11-16T20:51:38,2024-11-17T10:12:06,5758.7,5864.6,229.4,231.8,2.4,None,11071.5,2119.7,"LINESTRING (-5.4479 36.1324, 50.184 26.498)"
LEG00355-3,SHP00355,3,PORT_P018,Port of Dammam,Port,Saudi Arabia,26.498,50.184,FAC_F017,Dammam Gas Project Site,Project Site,Saudi Arabia,26.4207,50.0888,Road,CAR010,V007,2024-11-17T03:48:10,2024-11-17T13:23:57,2024-11-17T09:36:10,2024-11-17T22:46:15,14.7,15.6,5.8,9.4,3.6,None,481.35,22.32,"LINESTRING (50.184 26.498, 50.0888 26.4207)"
LEG00356-1,SHP00356,1,FAC_F001,Zaragoza Distribution Hub,Warehouse,Spain,41.6488,-0.8891,PORT_P001,Port of Valencia,Port,Spain,39.461,-0.323,Road,CAR010,V014,2025-02-07T14:00:00,2025-02-07T15:32:04,2025-02-08T02:18:00,2025-02-08T06:21:11,324.4,326.0,12.3,14.8,2.5,None,1905.39,500.17,"LINESTRING (-0.8891 41.6488, -0.323 39.461)"
LEG00356-2,SHP00356,2,PORT_P001,Port of Valencia,Port,Spain,39.461,-0.323,PORT_P006,Port of Rotterdam,Port,Netherlands,51.947,4.142,Sea Breakbulk,CAR010,V014,2025-02-08T17:39:33,2025-02-08T20:39:13,2025-02-13T07:09:33,2025-02-13T13:41:10,1565.5,1604.5,109.5,113.0,3.5,None,6900.01,621.9,"LINESTRING (-0.323 39.461, 4.142 51.947)"
LEG00356-3,SHP00356,3,PORT_P006,Port of Rotterdam,Port,Netherlands,51.947,4.142,FAC_F011,Rotterdam Consolidation Hub,Consolidation Hub,Netherlands,51.9244,4.4777,Road,CAR010,V014,2025-02-13T15:14:51,2025-02-14T05:53:39,2025-02-13T19:32:51,2025-02-14T13:19:18,28.0,28.7,4.3,7.4,3.1,None,660.2,44.03,"LINESTRING (4.142 51.947, 4.4777 51.9244)"
LEG00357-1,SHP00357,1,FAC_F012,Antwerp EPC Supplier Yard,Vendor,Belgium,51.2194,4.4025,PORT_P007,Port of Antwerp-Bruges,Port,Belgium,51.2639,4.4009,Road,CAR005,V013,2024-08-07T15:00:00,2024-08-07T17:37:38,2024-08-08T00:36:00,2024-08-08T03:29:00,6.2,6.2,9.6,9.9,0.3,None,329.4,2.7,"LINESTRING (4.4025 51.2194, 4.4009 51.2639)"
LEG00357-2,SHP00357,2,PORT_P007,Port of Antwerp-Bruges,Port,Belgium,51.2639,4.4009,PORT_P006,Port of Rotterdam,Port,Netherlands,51.947,4.142,Container Sea,CAR005,V013,2024-08-08T15:04:24,2024-08-08T07:10:44,2024-08-10T11:46:24,2024-08-10T06:19:35,82.1,84.9,44.7,47.1,2.4,None,1178.64,7.01,"LINESTRING (4.4009 51.2639, 4.142 51.947)"
LEG00357-3,SHP00357,3,PORT_P006,Port of Rotterdam,Port,Netherlands,51.947,4.142,FAC_F011,Rotterdam Consolidation Hub,Consolidation Hub,Netherlands,51.9244,4.4777,Road,CAR005,V013,2024-08-11T01:25:26,2024-08-10T20:02:02,2024-08-11T05:13:26,2024-08-10T22:18:16,26.3,26.1,3.8,2.3,0,None,359.56,11.38,"LINESTRING (4.142 51.947, 4.4777 51.9244)"
LEG00358-1,SHP00358,1,FAC_F004,Bilbao Steel Fabricator,Vendor,Spain,43.263,-2.935,PORT_P004,Port of Bilbao,Port,Spain,43.3476,-3.0443,Road,CAR010,V007,2024-11-19T14:00:00,2024-11-19T16:01:33,2024-11-19T18:54:00,2024-11-19T21:53:39,15.6,15.7,4.9,5.9,1.0,None,894.74,72.82,"LINESTRING (-2.935 43.263, -3.0443 43.3476)"
LEG00358-2,SHP00358,2,PORT_P004,Port of Bilbao,Port,Spain,43.3476,-3.0443,PORT_P006,Port of Rotterdam,Port,Netherlands,51.947,4.142,Sea Breakbulk,CAR010,V007,2024-11-20T07:52:58,2024-11-20T10:50:10,2024-11-23T20:04:58,2024-11-24T02:20:30,1137.5,1221.3,84.2,87.5,3.3,None,11551.66,1430.97,"LINESTRING (-3.0443 43.3476, 4.142 51.947)"
LEG00358-3,SHP00358,3,PORT_P006,Port of Rotterdam,Port,Netherlands,51.947,4.142,FAC_F011,Rotterdam Consolidation Hub,Consolidation Hub,Netherlands,51.9244,4.4777,Road,CAR010,V007,2024-11-24T05:58:05,2024-11-24T16:50:28,2024-11-24T13:34:05,2024-11-25T00:55:03,30.5,32.4,7.6,8.1,0.5,None,1080.61,150.27,"LINESTRING (4.142 51.947, 4.4777 51.9244)"
LEG00359-1,SHP00359,1,FAC_F013,Valencia Export Depot,Warehouse,Spain,39.4699,-0.3763,PORT_P001,Port of Valencia,Port,Spain,39.461,-0.323,Road,CAR006,,2024-04-08T08:00:00,2024-04-08T07:45:40,2024-04-08T13:12:00,2024-04-08T14:20:12,6.1,6.1,5.2,6.6,1.4,None,453.14,10.78,"LINESTRING (-0.3763 39.4699, -0.323 39.461)"
LEG00359-2,SHP00359,2,PORT_P001,Port of Valencia,Port,Spain,39.461,-0.323,PORT_P006,Port of Rotterdam,Port,Netherlands,51.947,4.142,Container Sea,CAR006,,2024-04-08T19:37:04,2024-04-09T03:38:07,2024-04-11T20:43:04,2024-04-12T03:48:46,1595.8,1642.5,73.1,72.2,0,None,2860.66,549.91,"LINESTRING (-0.323 39.461, 4.142 51.947)"
LEG00359-3,SHP00359,3,PORT_P006,Port of Rotterdam,Port,Netherlands,51.947,4.142,FAC_F011,Rotterdam Consolidation Hub,Consolidation Hub,Netherlands,51.9244,4.4777,Road,CAR006,,2024-04-12T10:16:15,2024-04-12T09:18:23,2024-04-12T20:22:15,2024-04-12T22:08:50,29.7,30.9,10.1,12.8,2.7,Customs hold,539.1,54.6,"LINESTRING (4.142 51.947, 4.4777 51.9244)"
LEG00360-1,SHP00360,1,FAC_F009,Lyon Fabrication Partner,Vendor,France,45.764,4.8357,PORT_P009,Port of Marseille-Fos,Port,France,43.437,4.943,Road,CAR007,V011,2025-08-19T12:00:00,2025-08-19T11:43:54,2025-08-19T20:54:00,2025-08-20T10:14:30,297.9,301.9,8.9,22.5,13.6,Documentation issue,2288.47,528.58,"LINESTRING (4.8357 45.764, 4.943 43.437)"
LEG00360-2,SHP00360,2,PORT_P009,Port of Marseille-Fos,Port,France,43.437,4.943,PORT_P016,Port of Alexandria,Port,Egypt,31.2001,29.9187,Sea Breakbulk,CAR007,V011,2025-08-20T01:16:35,2025-08-20T20:05:31,2025-08-25T06:10:35,2025-08-26T04:49:04,2799.6,2781.2,124.9,128.7,3.8,None,11403.1,1230.18,"LINESTRING (4.943 43.437, 29.9187 31.2001)"
LEG00360-3,SHP00360,3,PORT_P016,Port of Alexandria,Port,Egypt,31.2001,29.9187,FAC_F016,Alexandria Water Project Site,Project Site,Egypt,31.2001,29.9187,Road,CAR007,V011,2025-08-25T16:45:21,2025-08-26T18:04:53,2025-08-25T20:39:21,2025-08-26T22:07:13,0.0,0.0,3.9,4.0,0.1,None,669.6,0.0,"LINESTRING (29.9187 31.2001, 29.9187 31.2001)"
LEG00361-1,SHP00361,1,FAC_F012,Antwerp EPC Supplier Yard,Vendor,Belgium,51.2194,4.4025,PORT_P007,Port of Antwerp-Bruges,Port,Belgium,51.2639,4.4009,Road,CAR004,V012,2024-03-27T15:00:00,2024-03-27T16:18:03,2024-03-27T23:42:00,2024-03-28T04:47:37,6.6,6.8,8.7,12.5,3.8,None,453.2,10.39,"LINESTRING (4.4025 51.2194, 4.4009 51.2639)"
LEG00361-2,SHP00361,2,PORT_P007,Port of Antwerp-Bruges,Port,Belgium,51.2639,4.4009,PORT_P006,Port of Rotterdam,Port,Netherlands,51.947,4.142,Sea Breakbulk,CAR004,V012,2024-03-28T04:38:33,2024-03-28T12:42:19,2024-03-29T14:50:33,2024-03-30T01:39:41,79.6,82.7,34.2,37.0,2.8,None,3349.3,31.94,"LINESTRING (4.4009 51.2639, 4.142 51.947)"
LEG00361-3,SHP00361,3,PORT_P006,Port of Rotterdam,Port,Netherlands,51.947,4.142,FAC_F011,Rotterdam Consolidation Hub,Consolidation Hub,Netherlands,51.9244,4.4777,Road,CAR004,V012,2024-03-29T20:46:18,2024-03-30T13:01:10,2024-03-30T05:10:18,2024-03-31T04:33:50,28.6,29.5,8.4,15.5,7.1,Documentation issue,523.96,45.09,"LINESTRING (4.142 51.947, 4.4777 51.9244)"
LEG00362-1,SHP00362,1,FAC_F010,Milan Valve Plant,Vendor,Italy,45.4642,9.19,PORT_P010,Port of Genoa,Port,Italy,44.41,8.925,Road,CAR007,V005,2024-10-16T14:00:00,2024-10-16T15:51:07,2024-10-16T22:36:00,2024-10-16T23:28:58,140.0,141.4,8.6,7.6,0,None,832.16,161.87,"LINESTRING (9.19 45.4642, 8.925 44.41)"
LEG00362-2,SHP00362,2,PORT_P010,Port of Genoa,Port,Italy,44.41,8.925,PORT_P018,Port of Dammam,Port,Saudi Arabia,26.498,50.184,Sea Breakbulk,CAR007,V005,2024-10-17T10:42:43,2024-10-17T03:13:47,2024-10-25T15:48:43,2024-10-25T09:33:40,4321.2,4451.5,197.1,198.3,1.2,None,8477.21,1287.37,"LINESTRING (8.925 44.41, 50.184 26.498)"
LEG00362-3,SHP00362,3,PORT_P018,Port of Dammam,Port,Saudi Arabia,26.498,50.184,FAC_F017,Dammam Gas Project Site,Project Site,Saudi Arabia,26.4207,50.0888,Road,CAR007,V005,2024-10-26T07:36:56,2024-10-26T00:19:19,2024-10-26T13:18:56,2024-10-26T09:56:38,15.9,16.0,5.7,9.6,3.9,None,477.28,18.32,"LINESTRING (50.184 26.498, 50.0888 26.4207)"
LEG00363-1,SHP00363,1,FAC_F009,Lyon Fabrication Partner,Vendor,France,45.764,4.8357,PORT_P009,Port of Marseille-Fos,Port,France,43.437,4.943,Road,CAR006,,2024-11-21T09:00:00,2024-11-21T10:20:30,2024-11-21T18:00:00,2024-11-21T21:11:08,294.1,292.9,9.0,10.8,1.8,None,1033.19,139.68,"LINESTRING (4.8357 45.764, 4.943 43.437)"
LEG00363-2,SHP00363,2,PORT_P009,Port of Marseille-Fos,Port,France,43.437,4.943,PORT_P018,Port of Dammam,Port,Saudi Arabia,26.498,50.184,Container Sea,CAR006,,2024-11-21T23:56:32,2024-11-22T12:48:35,2024-11-30T05:26:32,2024-12-01T18:39:58,4880.3,4917.5,197.5,221.9,24.4,Road permit delay,3803.01,444.35,"LINESTRING (4.943 43.437, 50.184 26.498)"
LEG00363-3,SHP00363,3,PORT_P018,Port of Dammam,Port,Saudi Arabia,26.498,50.184,FAC_F017,Dammam Gas Project Site,Project Site,Saudi Arabia,26.4207,50.0888,Road,CAR006,,2024-11-30T11:57:04,2024-12-02T06:25:22,2024-11-30T16:21:04,2024-12-02T13:24:47,16.5,17.5,4.4,7.0,2.6,None,467.92,8.35,"LINESTRING (50.184 26.498, 50.0888 26.4207)"
LEG00364-1,SHP00364,1,FAC_F004,Bilbao Steel Fabricator,Vendor,Spain,43.263,-2.935,PORT_P004,Port of Bilbao,Port,Spain,43.3476,-3.0443,Road,CAR004,V012,2025-07-25T09:00:00,2025-07-25T09:42:00,2025-07-25T19:06:00,2025-07-25T18:08:36,15.7,15.7,10.1,8.4,0,None,754.5,99.77,"LINESTRING (-2.935 43.263, -3.0443 43.3476)"
LEG00364-2,SHP00364,2,PORT_P004,Port of Bilbao,Port,Spain,43.3476,-3.0443,PORT_P005,Port of Sines,Port,Portugal,37.9543,-8.8631,Sea Breakbulk,CAR004,V012,2025-07-26T10:01:25,2025-07-26T08:44:42,2025-07-28T14:37:25,2025-07-28T16:58:44,844.2,850.0,52.6,56.2,3.6,None,8751.75,1364.56,"LINESTRING (-3.0443 43.3476, -8.8631 37.9543)"
LEG00364-3,SHP00364,3,PORT_P005,Port of Sines,Port,Portugal,37.9543,-8.8631,FAC_F007,Sines Energy Project Site,Project Site,Portugal,37.956,-8.868,Road,CAR004,V012,2025-07-28T21:28:48,2025-07-29T02:00:10,2025-07-29T06:28:48,2025-07-29T14:18:17,0.5,0.5,9.0,12.3,3.3,None,581.68,3.18,"LINESTRING (-8.8631 37.9543, -8.868 37.956)"
LEG00365-1,SHP00365,1,FAC_F003,Puertollano Module Yard,Module Yard,Spain,38.6871,-4.1121,PORT_P003,Port of Algeciras,Port,Spain,36.1324,-5.4479,Road,CAR007,V005,2025-11-04T15:00:00,2025-11-04T14:55:07,2025-11-05T04:06:00,2025-11-05T03:33:51,397.8,396.1,13.1,12.6,0,None,1704.02,580.62,"LINESTRING (-4.1121 38.6871, -5.4479 36.1324)"
LEG00365-2,SHP00365,2,PORT_P003,Port of Algeciras,Port,Spain,36.1324,-5.4479,PORT_P005,Port of Sines,Port,Portugal,37.9543,-8.8631,Sea Breakbulk,CAR007,V005,2025-11-05T16:54:16,2025-11-05T06:36:28,2025-11-07T19:54:16,2025-11-07T21:21:13,372.9,392.9,51.0,62.7,11.7,Documentation issue,3773.45,145.5,"LINESTRING (-5.4479 36.1324, -8.8631 37.9543)"
LEG00365-3,SHP00365,3,PORT_P005,Port of Sines,Port,Portugal,37.9543,-8.8631,FAC_F007,Sines Energy Project Site,Project Site,Portugal,37.956,-8.868,Road,CAR007,V005,2025-11-08T10:20:13,2025-11-08T01:00:03,2025-11-08T18:02:13,2025-11-08T09:32:29,0.5,0.5,7.7,8.5,0.8,None,433.61,0.73,"LINESTRING (-8.8631 37.9543, -8.868 37.956)"
LEG00366-1,SHP00366,1,FAC_F012,Antwerp EPC Supplier Yard,Vendor,Belgium,51.2194,4.4025,PORT_P007,Port of Antwerp-Bruges,Port,Belgium,51.2639,4.4009,Road,CAR004,V008,2024-08-23T07:00:00,2024-08-23T06:22:50,2024-08-23T14:06:00,2024-08-24T08:28:11,6.0,6.1,7.1,26.1,19.0,Customs hold,557.21,3.85,"LINESTRING (4.4025 51.2194, 4.4009 51.2639)"
LEG00366-2,SHP00366,2,PORT_P007,Port of Antwerp-Bruges,Port,Belgium,51.2639,4.4009,PORT_P018,Port of Dammam,Port,Saudi Arabia,26.498,50.184,Sea Breakbulk,CAR004,V008,2024-08-24T02:37:55,2024-08-24T20:56:27,2024-09-01T08:31:55,2024-09-02T01:37:21,5159.8,5271.5,197.9,196.7,0,None,9999.66,841.33,"LINESTRING (4.4009 51.2639, 50.184 26.498)"
LEG00366-3,SHP00366,3,PORT_P018,Port of Dammam,Port,Saudi Arabia,26.498,50.184,FAC_F017,Dammam Gas Project Site,Project Site,Saudi Arabia,26.4207,50.0888,Road,CAR004,V008,2024-09-01T17:35:37,2024-09-02T15:57:06,2024-09-01T21:11:37,2024-09-02T18:23:47,15.3,15.7,3.6,2.4,0,None,584.31,9.92,"LINESTRING (50.184 26.498, 50.0888 26.4207)"
LEG00367-1,SHP00367,1,FAC_F010,Milan Valve Plant,Vendor,Italy,45.4642,9.19,PORT_P010,Port of Genoa,Port,Italy,44.41,8.925,Road,CAR010,V014,2024-07-01T15:00:00,2024-07-01T16:34:22,2024-07-02T01:54:00,2024-07-02T19:00:05,143.2,151.0,10.9,26.4,15.5,Customs hold,1106.68,202.69,"LINESTRING (9.19 45.4642, 8.925 44.41)"
LEG00367-2,SHP00367,2,PORT_P010,Port of Genoa,Port,Italy,44.41,8.925,PORT_P005,Port of Sines,Port,Portugal,37.9543,-8.8631,Sea Breakbulk,CAR010,V014,2024-07-02T06:09:03,2024-07-02T23:53:06,2024-07-06T22:45:03,2024-07-08T06:10:53,1738.9,1806.8,112.6,126.3,13.7,Road permit delay,6899.69,612.72,"LINESTRING (8.925 44.41, -8.8631 37.9543)"
LEG00367-3,SHP00367,3,PORT_P005,Port of Sines,Port,Portugal,37.9543,-8.8631,FAC_F007,Sines Energy Project Site,Project Site,Portugal,37.956,-8.868,Road,CAR010,V014,2024-07-07T11:15:38,2024-07-08T12:31:20,2024-07-07T14:45:38,2024-07-08T18:26:44,0.6,0.6,3.5,5.9,2.4,None,542.25,0.81,"LINESTRING (-8.8631 37.9543, -8.868 37.956)"
LEG00368-1,SHP00368,1,FAC_F012,Antwerp EPC Supplier Yard,Vendor,Belgium,51.2194,4.4025,PORT_P007,Port of Antwerp-Bruges,Port,Belgium,51.2639,4.4009,Road,CAR004,V008,2024-03-27T13:00:00,2024-03-27T12:35:32,2024-03-27T19:18:00,2024-03-27T22:21:53,6.5,6.5,6.3,9.8,3.5,None,465.34,22.46,"LINESTRING (4.4025 51.2194, 4.4009 51.2639)"
LEG00368-2,SHP00368,2,PORT_P007,Port of Antwerp-Bruges,Port,Belgium,51.2639,4.4009,PORT_P001,Port of Valencia,Port,Spain,39.461,-0.323,Sea Breakbulk,CAR004,V008,2024-03-28T00:50:04,2024-03-28T11:50:17,2024-03-31T05:02:04,2024-03-31T18:21:38,1427.3,1436.2,76.2,78.5,2.3,None,6525.11,1253.63,"LINESTRING (4.4009 51.2639, -0.323 39.461)"
LEG00368-3,SHP00368,3,PORT_P001,Port of Valencia,Port,Spain,39.461,-0.323,FAC_F001,Zaragoza Distribution Hub,Warehouse,Spain,41.6488,-0.8891,Road,CAR004,V008,2024-03-31T15:40:13,2024-03-31T23:31:55,2024-04-01T02:34:13,2024-04-01T12:25:18,310.0,314.7,10.9,12.9,2.0,None,2046.12,1087.34,"LINESTRING (-0.323 39.461, -0.8891 41.6488)"
LEG00369-1,SHP00369,1,FAC_F011,Rotterdam Consolidation Hub,Consolidation Hub,Netherlands,51.9244,4.4777,PORT_P006,Port of Rotterdam,Port,Netherlands,51.947,4.142,Road,CAR006,,2025-09-30T15:00:00,2025-09-30T14:27:19,2025-09-30T19:30:00,2025-09-30T16:57:53,27.6,28.1,4.5,2.5,0,None,457.05,16.68,"LINESTRING (4.4777 51.9244, 4.142 51.947)"
LEG00369-2,SHP00369,2,PORT_P006,Port of Rotterdam,Port,Netherlands,51.947,4.142,PORT_P012,Port of Casablanca,Port,Morocco,33.605,-7.611,Container Sea,CAR006,,2025-10-01T02:45:06,2025-10-01T05:44:49,2025-10-05T15:33:06,2025-10-05T22:29:50,2466.3,2512.0,108.8,112.8,4.0,None,2579.57,282.6,"LINESTRING (4.142 51.947, -7.611 33.605)"
LEG00369-3,SHP00369,3,PORT_P012,Port of Casablanca,Port,Morocco,33.605,-7.611,FAC_F008,Casablanca Desalination Site,Project Site,Morocco,33.5731,-7.5898,Road,CAR006,,2025-10-06T01:09:24,2025-10-06T08:29:21,2025-10-06T06:51:24,2025-10-06T12:34:59,5.1,5.1,5.7,4.1,0,None,410.35,3.03,"LINESTRING (-7.611 33.605, -7.5898 33.5731)"
LEG00370-1,SHP00370,1,FAC_F012,Antwerp EPC Supplier Yard,Vendor,Belgium,51.2194,4.4025,PORT_P007,Port of Antwerp-Bruges,Port,Belgium,51.2639,4.4009,Road,CAR010,V004,2025-11-11T14:00:00,2025-11-11T14:17:06,2025-11-11T17:36:00,2025-11-11T16:47:36,5.7,6.0,3.6,2.5,0,None,457.69,14.64,"LINESTRING (4.4025 51.2194, 4.4009 51.2639)"
LEG00370-2,SHP00370,2,PORT_P007,Port of Antwerp-Bruges,Port,Belgium,51.2639,4.4009,PORT_P009,Port of Marseille-Fos,Port,France,43.437,4.943,Sea Breakbulk,CAR010,V004,2025-11-12T07:24:11,2025-11-11T22:20:48,2025-11-14T20:24:11,2025-11-14T12:50:50,948.7,970.2,61.0,62.5,1.5,None,5056.04,598.19,"LINESTRING (4.4009 51.2639, 4.943 43.437)"
LEG00370-3,SHP00370,3,PORT_P009,Port of Marseille-Fos,Port,France,43.437,4.943,FAC_F018,Marseille Wind Substation Site,Project Site,France,43.2965,5.3698,Road,CAR010,V004,2025-11-15T03:31:11,2025-11-15T03:03:39,2025-11-15T13:43:11,2025-11-15T12:14:08,48.2,51.0,10.2,9.2,0,None,650.4,124.47,"LINESTRING (4.943 43.437, 5.3698 43.2965)"
LEG00371-1,SHP00371,1,FAC_F005,Tarragona Equipment Vendor,Vendor,Spain,41.1189,1.2445,PORT_P002,Port of Barcelona,Port,Spain,41.3522,2.1686,Road,CAR007,V005,2024-11-20T07:00:00,2024-11-20T09:57:23,2024-11-20T12:00:00,2024-11-20T17:45:25,104.5,109.3,5.0,7.8,2.8,None,1024.65,49.84,"LINESTRING (1.2445 41.1189, 2.1686 41.3522)"
LEG00371-2,SHP00371,2,PORT_P002,Port of Barcelona,Port,Spain,41.3522,2.1686,PORT_P018,Port of Dammam,Port,Saudi Arabia,26.498,50.184,Sea Breakbulk,CAR007,V005,2024-11-21T03:54:20,2024-11-21T03:15:57,2024-11-30T07:24:20,2024-11-30T05:33:44,5003.5,5271.8,219.5,218.3,0,None,11744.92,607.31,"LINESTRING (2.1686 41.3522, 50.184 26.498)"
LEG00371-3,SHP00371,3,PORT_P018,Port of Dammam,Port,Saudi Arabia,26.498,50.184,FAC_F017,Dammam Gas Project Site,Project Site,Saudi Arabia,26.4207,50.0888,Road,CAR007,V005,2024-11-30T15:06:53,2024-11-30T14:37:35,2024-11-30T20:24:53,2024-11-30T21:47:01,14.4,15.2,5.3,7.2,1.9,None,718.98,6.93,"LINESTRING (50.184 26.498, 50.0888 26.4207)"
LEG00372-1,SHP00372,1,FAC_F012,Antwerp EPC Supplier Yard,Vendor,Belgium,51.2194,4.4025,FAC_F017,Dammam Gas Project Site,Project Site,Saudi Arabia,26.4207,50.0888,Road,CAR008,,2025-12-17T12:00:00,2025-12-17T11:17:13,2025-12-21T11:12:00,2025-12-21T10:47:01,5671.4,5743.3,95.2,95.5,0.3,None,47458.16,19249.24,"LINESTRING (4.4025 51.2194, 50.0888 26.4207)"
LEG00373-1,SHP00373,1,FAC_F013,Valencia Export Depot,Warehouse,Spain,39.4699,-0.3763,PORT_P001,Port of Valencia,Port,Spain,39.461,-0.323,Road,CAR010,V004,2025-03-19T10:00:00,2025-03-19T10:05:02,2025-03-19T18:30:00,2025-03-19T21:54:55,5.5,5.6,8.5,11.8,3.3,None,448.15,6.13,"LINESTRING (-0.3763 39.4699, -0.323 39.461)"
LEG00373-2,SHP00373,2,PORT_P001,Port of Valencia,Port,Spain,39.461,-0.323,PORT_P018,Port of Dammam,Port,Saudi Arabia,26.498,50.184,Sea Breakbulk,CAR010,V004,2025-03-20T03:35:18,2025-03-20T15:21:54,2025-03-29T07:23:18,2025-03-29T22:40:18,5045.8,5308.8,219.8,223.3,3.5,None,9585.33,1469.05,"LINESTRING (-0.323 39.461, 50.184 26.498)"
LEG00373-3,SHP00373,3,PORT_P018,Port of Dammam,Port,Saudi Arabia,26.498,50.184,FAC_F017,Dammam Gas Project Site,Project Site,Saudi Arabia,26.4207,50.0888,Road,CAR010,V004,2025-03-29T23:10:31,2025-03-30T10:09:47,2025-03-30T03:58:31,2025-03-30T15:03:11,14.8,14.9,4.8,4.9,0.1,None,474.97,16.32,"LINESTRING (50.184 26.498, 50.0888 26.4207)"
LEG00374-1,SHP00374,1,FAC_F004,Bilbao Steel Fabricator,Vendor,Spain,43.263,-2.935,PORT_P004,Port of Bilbao,Port,Spain,43.3476,-3.0443,Road,CAR003,V010,2024-08-08T12:00:00,2024-08-08T11:05:21,2024-08-08T18:24:00,2024-08-08T16:40:56,16.3,17.4,6.4,5.6,0,None,542.08,70.68,"LINESTRING (-2.935 43.263, -3.0443 43.3476)"
LEG00374-2,SHP00374,2,PORT_P004,Port of Bilbao,Port,Spain,43.3476,-3.0443,PORT_P012,Port of Casablanca,Port,Morocco,33.605,-7.611,RoRo,CAR003,V010,2024-08-09T02:23:02,2024-08-09T00:02:53,2024-08-11T10:53:02,2024-08-11T10:40:36,1222.1,1316.2,56.5,58.6,2.1,None,4450.58,1688.42,"LINESTRING (-3.0443 43.3476, -7.611 33.605)"
LEG00374-3,SHP00374,3,PORT_P012,Port of Casablanca,Port,Morocco,33.605,-7.611,FAC_F008,Casablanca Desalination Site,Project Site,Morocco,33.5731,-7.5898,Road,CAR003,V010,2024-08-11T22:53:10,2024-08-11T14:08:55,2024-08-12T08:05:10,2024-08-12T02:59:03,4.8,5.1,9.2,12.8,3.6,None,464.26,20.72,"LINESTRING (-7.611 33.605, -7.5898 33.5731)"
LEG00375-1,SHP00375,1,FAC_F013,Valencia Export Depot,Warehouse,Spain,39.4699,-0.3763,PORT_P001,Port of Valencia,Port,Spain,39.461,-0.323,Road,CAR004,V012,2025-03-21T15:00:00,2025-03-21T16:21:11,2025-03-21T20:42:00,2025-03-21T22:50:00,5.7,5.9,5.7,6.5,0.8,None,338.89,13.97,"LINESTRING (-0.3763 39.4699, -0.323 39.461)"
LEG00375-2,SHP00375,2,PORT_P001,Port of Valencia,Port,Spain,39.461,-0.323,PORT_P018,Port of Dammam,Port,Saudi Arabia,26.498,50.184,Sea Breakbulk,CAR004,V012,2025-03-22T11:06:55,2025-03-22T12:30:21,2025-03-31T05:18:55,2025-03-31T07:03:16,5379.9,5540.0,210.2,210.5,0.3,None,10138.38,3314.69,"LINESTRING (-0.323 39.461, 50.184 26.498)"
LEG00375-3,SHP00375,3,PORT_P018,Port of Dammam,Port,Saudi Arabia,26.498,50.184,FAC_F017,Dammam Gas Project Site,Project Site,Saudi Arabia,26.4207,50.0888,Road,CAR004,V012,2025-03-31T09:55:07,2025-03-31T21:02:31,2025-03-31T19:01:07,2025-04-02T03:44:01,15.5,16.4,9.1,30.7,21.6,Port congestion,372.51,38.84,"LINESTRING (50.184 26.498, 50.0888 26.4207)"
LEG00376-1,SHP00376,1,FAC_F010,Milan Valve Plant,Vendor,Italy,45.4642,9.19,PORT_P010,Port of Genoa,Port,Italy,44.41,8.925,Road,CAR007,V011,2025-06-11T08:00:00,2025-06-11T08:05:19,2025-06-11T17:00:00,2025-06-11T15:38:53,153.8,153.8,9.0,7.6,0,None,570.18,82.99,"LINESTRING (9.19 45.4642, 8.925 44.41)"
LEG00376-2,SHP00376,2,PORT_P010,Port of Genoa,Port,Italy,44.41,8.925,PORT_P016,Port of Alexandria,Port,Egypt,31.2001,29.9187,Sea Breakbulk,CAR007,V011,2025-06-12T02:04:50,2025-06-12T02:59:25,2025-06-17T03:58:50,2025-06-17T03:23:36,2560.1,2641.6,121.9,120.4,0,None,4102.64,360.1,"LINESTRING (8.925 44.41, 29.9187 31.2001)"
LEG00376-3,SHP00376,3,PORT_P016,Port of Alexandria,Port,Egypt,31.2001,29.9187,FAC_F016,Alexandria Water Project Site,Project Site,Egypt,31.2001,29.9187,Road,CAR007,V011,2025-06-17T18:59:29,2025-06-17T12:52:25,2025-06-18T03:41:29,2025-06-19T05:14:29,0.0,0.0,8.7,40.4,31.7,Port congestion,320.0,0.0,"LINESTRING (29.9187 31.2001, 29.9187 31.2001)"
LEG00377-1,SHP00377,1,FAC_F001,Zaragoza Distribution Hub,Warehouse,Spain,41.6488,-0.8891,PORT_P001,Port of Valencia,Port,Spain,39.461,-0.323,Road,CAR004,V012,2025-09-29T12:00:00,2025-09-29T12:48:59,2025-09-30T00:42:00,2025-09-29T23:48:15,318.1,318.2,12.7,11.0,0,None,1163.09,212.51,"LINESTRING (-0.8891 41.6488, -0.323 39.461)"
LEG00377-2,SHP00377,2,PORT_P001,Port of Valencia,Port,Spain,39.461,-0.323,PORT_P005,Port of Sines,Port,Portugal,37.9543,-8.8631,Sea Breakbulk,CAR004,V012,2025-09-30T05:33:28,2025-09-30T12:16:22,2025-10-03T14:27:28,2025-10-04T00:29:45,827.3,825.8,80.9,84.2,3.3,None,4001.4,139.33,"LINESTRING (-0.323 39.461, -8.8631 37.9543)"
LEG00377-3,SHP00377,3,PORT_P005,Port of Sines,Port,Portugal,37.9543,-8.8631,FAC_F007,Sines Energy Project Site,Project Site,Portugal,37.956,-8.868,Road,CAR004,V012,2025-10-04T05:26:25,2025-10-04T14:14:07,2025-10-04T09:02:25,2025-10-04T16:32:02,0.5,0.5,3.6,2.3,0,None,433.15,0.33,"LINESTRING (-8.8631 37.9543, -8.868 37.956)"
LEG00378-1,SHP00378,1,FAC_F012,Antwerp EPC Supplier Yard,Vendor,Belgium,51.2194,4.4025,PORT_P007,Port of Antwerp-Bruges,Port,Belgium,51.2639,4.4009,Road,CAR006,,2025-08-06T11:00:00,2025-08-06T11:27:44,2025-08-06T20:06:00,2025-08-06T22:07:27,6.3,6.8,9.1,10.7,1.6,None,584.67,23.71,"LINESTRING (4.4025 51.2194, 4.4009 51.2639)"
LEG00378-2,SHP00378,2,PORT_P007,Port of Antwerp-Bruges,Port,Belgium,51.2639,4.4009,PORT_P005,Port of Sines,Port,Portugal,37.9543,-8.8631,Container Sea,CAR006,,2025-08-07T01:43:39,2025-08-07T04:03:53,2025-08-10T17:31:39,2025-08-10T21:45:47,1927.9,2027.7,87.8,89.7,1.9,None,5048.61,1339.5,"LINESTRING (4.4009 51.2639, -8.8631 37.9543)"
LEG00378-3,SHP00378,3,PORT_P005,Port of Sines,Port,Portugal,37.9543,-8.8631,FAC_F007,Sines Energy Project Site,Project Site,Portugal,37.956,-8.868,Road,CAR006,,2025-08-10T23:15:51,2025-08-11T08:42:18,2025-08-11T08:57:51,2025-08-11T19:57:57,0.6,0.6,9.7,11.3,1.6,None,543.94,2.09,"LINESTRING (-8.8631 37.9543, -8.868 37.956)"
LEG00379-1,SHP00379,1,FAC_F013,Valencia Export Depot,Warehouse,Spain,39.4699,-0.3763,PORT_P001,Port of Valencia,Port,Spain,39.461,-0.323,Road,CAR006,,2024-07-26T08:00:00,2024-07-26T09:55:10,2024-07-26T16:24:00,2024-07-26T18:44:56,5.7,5.7,8.4,8.8,0.4,None,446.24,4.97,"LINESTRING (-0.3763 39.4699, -0.323 39.461)"
LEG00379-2,SHP00379,2,PORT_P001,Port of Valencia,Port,Spain,39.461,-0.323,PORT_P006,Port of Rotterdam,Port,Netherlands,51.947,4.142,Container Sea,CAR006,,2024-07-27T04:13:46,2024-07-27T00:04:30,2024-07-31T06:25:46,2024-07-31T06:00:16,1553.8,1555.8,98.2,101.9,3.7,None,2430.14,257.08,"LINESTRING (-0.323 39.461, 4.142 51.947)"
LEG00379-3,SHP00379,3,PORT_P006,Port of Rotterdam,Port,Netherlands,51.947,4.142,FAC_F011,Rotterdam Consolidation Hub,Consolidation Hub,Netherlands,51.9244,4.4777,Road,CAR006,,2024-07-31T18:34:52,2024-07-31T19:09:14,2024-07-31T22:40:52,2024-07-31T22:11:26,29.6,30.3,4.1,3.0,0,None,507.68,26.42,"LINESTRING (4.142 51.947, 4.4777 51.9244)"
LEG00380-1,SHP00380,1,FAC_F001,Zaragoza Distribution Hub,Warehouse,Spain,41.6488,-0.8891,PORT_P001,Port of Valencia,Port,Spain,39.461,-0.323,Road,CAR006,,2025-09-25T07:00:00,2025-09-25T06:32:00,2025-09-25T19:18:00,2025-09-25T22:41:35,309.3,333.3,12.3,16.2,3.9,None,1293.95,417.32,"LINESTRING (-0.8891 41.6488, -0.323 39.461)"
LEG00380-2,SHP00380,2,PORT_P001,Port of Valencia,Port,Spain,39.461,-0.323,PORT_P005,Port of Sines,Port,Portugal,37.9543,-8.8631,Container Sea,CAR006,,2025-09-26T10:36:29,2025-09-26T03:44:05,2025-09-28T19:48:29,2025-09-28T12:13:06,845.4,889.9,57.2,56.5,0,None,1981.31,211.12,"LINESTRING (-0.323 39.461, -8.8631 37.9543)"
LEG00380-3,SHP00380,3,PORT_P005,Port of Sines,Port,Portugal,37.9543,-8.8631,FAC_F007,Sines Energy Project Site,Project Site,Portugal,37.956,-8.868,Road,CAR006,,2025-09-29T04:58:12,2025-09-28T23:00:58,2025-09-29T11:52:12,2025-09-29T05:15:14,0.6,0.6,6.9,6.2,0,None,401.61,0.75,"LINESTRING (-8.8631 37.9543, -8.868 37.956)"
LEG00381-1,SHP00381,1,FAC_F011,Rotterdam Consolidation Hub,Consolidation Hub,Netherlands,51.9244,4.4777,PORT_P006,Port of Rotterdam,Port,Netherlands,51.947,4.142,Road,CAR006,,2025-08-06T11:00:00,2025-08-06T11:04:16,2025-08-06T17:42:00,2025-08-06T20:39:05,29.8,32.2,6.7,9.6,2.9,None,468.18,22.36,"LINESTRING (4.4777 51.9244, 4.142 51.947)"
LEG00381-2,SHP00381,2,PORT_P006,Port of Rotterdam,Port,Netherlands,51.947,4.142,PORT_P018,Port of Dammam,Port,Saudi Arabia,26.498,50.184,Container Sea,CAR006,,2025-08-06T21:56:51,2025-08-07T05:36:10,2025-08-15T07:38:51,2025-08-16T13:25:49,5081.3,5135.7,201.7,223.8,22.1,Carrier capacity,3880.93,675.76,"LINESTRING (4.142 51.947, 50.184 26.498)"
LEG00381-3,SHP00381,3,PORT_P018,Port of Dammam,Port,Saudi Arabia,26.498,50.184,FAC_F017,Dammam Gas Project Site,Project Site,Saudi Arabia,26.4207,50.0888,Road,CAR006,,2025-08-15T21:39:05,2025-08-17T01:08:55,2025-08-16T05:57:05,2025-08-17T12:59:53,16.1,17.2,8.3,11.8,3.5,None,436.42,11.94,"LINESTRING (50.184 26.498, 50.0888 26.4207)"
LEG00382-1,SHP00382,1,FAC_F012,Antwerp EPC Supplier Yard,Vendor,Belgium,51.2194,4.4025,PORT_P007,Port of Antwerp-Bruges,Port,Belgium,51.2639,4.4009,Road,CAR004,V001,2025-07-14T10:00:00,2025-07-14T09:08:42,2025-07-14T19:54:00,2025-07-14T21:48:22,5.9,6.2,9.9,12.7,2.8,None,647.6,40.16,"LINESTRING (4.4025 51.2194, 4.4009 51.2639)"
LEG00382-2,SHP00382,2,PORT_P007,Port of Antwerp-Bruges,Port,Belgium,51.2639,4.4009,PORT_P005,Port of Sines,Port,Portugal,37.9543,-8.8631,Sea Breakbulk,CAR004,V001,2025-07-15T06:54:17,2025-07-15T01:10:08,2025-07-19T09:06:17,2025-07-19T01:34:13,1848.2,1990.6,98.2,96.4,0,None,14870.4,3257.74,"LINESTRING (4.4009 51.2639, -8.8631 37.9543)"
LEG00382-3,SHP00382,3,PORT_P005,Port of Sines,Port,Portugal,37.9543,-8.8631,FAC_F007,Sines Energy Project Site,Project Site,Portugal,37.956,-8.868,Road,CAR004,V001,2025-07-19T21:13:08,2025-07-19T06:38:01,2025-07-20T05:37:08,2025-07-19T17:27:31,0.6,0.6,8.4,10.8,2.4,None,582.93,3.89,"LINESTRING (-8.8631 37.9543, -8.868 37.956)"
LEG00383-1,SHP00383,1,FAC_F002,Madrid Cross Dock,Cross Dock,Spain,40.4168,-3.7038,PORT_P001,Port of Valencia,Port,Spain,39.461,-0.323,Road,CAR004,V008,2024-12-24T08:00:00,2024-12-24T07:52:58,2024-12-24T18:48:00,2024-12-24T20:25:02,360.1,388.4,10.8,12.5,1.7,None,1228.78,565.65,"LINESTRING (-3.7038 40.4168, -0.323 39.461)"
LEG00383-2,SHP00383,2,PORT_P001,Port of Valencia,Port,Spain,39.461,-0.323,PORT_P018,Port of Dammam,Port,Saudi Arabia,26.498,50.184,Sea Breakbulk,CAR004,V008,2024-12-25T06:42:10,2024-12-25T09:25:50,2025-01-03T06:36:10,2025-01-03T08:12:23,5212.0,5212.7,215.9,214.8,0,None,7554.36,1917.86,"LINESTRING (-0.323 39.461, 50.184 26.498)"
LEG00383-3,SHP00383,3,PORT_P018,Port of Dammam,Port,Saudi Arabia,26.498,50.184,FAC_F017,Dammam Gas Project Site,Project Site,Saudi Arabia,26.4207,50.0888,Road,CAR004,V008,2025-01-03T18:25:38,2025-01-04T00:46:20,2025-01-04T04:07:38,2025-01-05T23:13:05,16.6,16.9,9.7,46.4,36.7,Weather disruption,359.54,24.61,"LINESTRING (50.184 26.498, 50.0888 26.4207)"
LEG00384-1,SHP00384,1,FAC_F013,Valencia Export Depot,Warehouse,Spain,39.4699,-0.3763,PORT_P001,Port of Valencia,Port,Spain,39.461,-0.323,Road,CAR010,V007,2024-09-02T15:00:00,2024-09-02T15:18:44,2024-09-02T19:48:00,2024-09-03T10:35:48,6.0,6.4,4.8,19.3,14.5,Customs hold,447.15,4.54,"LINESTRING (-0.3763 39.4699, -0.323 39.461)"
LEG00384-2,SHP00384,2,PORT_P001,Port of Valencia,Port,Spain,39.461,-0.323,PORT_P018,Port of Dammam,Port,Saudi Arabia,26.498,50.184,Sea Breakbulk,CAR010,V007,2024-09-03T08:15:50,2024-09-03T18:26:58,2024-09-11T19:15:50,2024-09-12T03:40:58,5032.7,5125.2,203.0,201.2,0,None,8126.61,917.62,"LINESTRING (-0.323 39.461, 50.184 26.498)"
LEG00384-3,SHP00384,3,PORT_P018,Port of Dammam,Port,Saudi Arabia,26.498,50.184,FAC_F017,Dammam Gas Project Site,Project Site,Saudi Arabia,26.4207,50.0888,Road,CAR010,V007,2024-09-12T03:15:22,2024-09-12T12:06:00,2024-09-12T07:03:22,2024-09-12T14:58:25,15.8,16.1,3.8,2.9,0,None,470.11,11.41,"LINESTRING (50.184 26.498, 50.0888 26.4207)"
LEG00385-1,SHP00385,1,FAC_F005,Tarragona Equipment Vendor,Vendor,Spain,41.1189,1.2445,PORT_P002,Port of Barcelona,Port,Spain,41.3522,2.1686,Road,CAR010,V014,2024-05-24T07:00:00,2024-05-24T08:10:20,2024-05-24T16:18:00,2024-05-24T21:22:03,94.8,97.5,9.3,13.2,3.9,None,1637.6,583.44,"LINESTRING (1.2445 41.1189, 2.1686 41.3522)"
LEG00385-2,SHP00385,2,PORT_P002,Port of Barcelona,Port,Spain,41.3522,2.1686,PORT_P009,Port of Marseille-Fos,Port,France,43.437,4.943,Sea Breakbulk,CAR010,V014,2024-05-24T20:48:50,2024-05-25T07:38:40,2024-05-26T17:54:50,2024-05-28T04:09:36,353.5,381.6,45.1,68.5,23.4,Road permit delay,6221.0,576.89,"LINESTRING (2.1686 41.3522, 4.943 43.437)"
LEG00385-3,SHP00385,3,PORT_P009,Port of Marseille-Fos,Port,France,43.437,4.943,FAC_F018,Marseille Wind Substation Site,Project Site,France,43.2965,5.3698,Road,CAR010,V014,2024-05-27T08:08:30,2024-05-28T16:48:04,2024-05-27T12:14:30,2024-05-28T22:08:36,45.9,48.2,4.1,5.3,1.2,None,1100.81,288.43,"LINESTRING (4.943 43.437, 5.3698 43.2965)"
LEG00386-1,SHP00386,1,FAC_F014,Cadiz Module Yard,Module Yard,Spain,36.5271,-6.2886,PORT_P003,Port of Algeciras,Port,Spain,36.1324,-5.4479,Road,CAR003,V002,2025-11-06T14:00:00,2025-11-06T14:27:08,2025-11-07T01:42:00,2025-11-07T02:03:16,98.1,97.2,11.7,11.6,0,None,859.12,223.0,"LINESTRING (-6.2886 36.5271, -5.4479 36.1324)"
LEG00386-2,SHP00386,2,PORT_P003,Port of Algeciras,Port,Spain,36.1324,-5.4479,PORT_P012,Port of Casablanca,Port,Morocco,33.605,-7.611,RoRo,CAR003,V002,2025-11-07T12:21:14,2025-11-07T18:12:14,2025-11-08T15:09:14,2025-11-08T21:28:48,380.0,390.7,26.8,27.3,0.5,None,1804.25,283.06,"LINESTRING (-5.4479 36.1324, -7.611 33.605)"
LEG00386-3,SHP00386,3,PORT_P012,Port of Casablanca,Port,Morocco,33.605,-7.611,FAC_F008,Casablanca Desalination Site,Project Site,Morocco,33.5731,-7.5898,Road,CAR003,V002,2025-11-08T19:32:39,2025-11-09T10:03:31,2025-11-09T04:08:39,2025-11-09T20:20:32,5.2,5.5,8.6,10.3,1.7,Carrier capacity,456.17,12.62,"LINESTRING (-7.611 33.605, -7.5898 33.5731)"
LEG00387-1,SHP00387,1,FAC_F001,Zaragoza Distribution Hub,Warehouse,Spain,41.6488,-0.8891,FAC_F007,Sines Energy Project Site,Project Site,Portugal,37.956,-8.868,Road,CAR008,,2025-05-06T13:00:00,2025-05-06T14:29:01,2025-05-07T14:42:00,2025-05-07T18:17:12,921.2,917.8,25.7,27.8,2.1,None,1549.0,213.62,"LINESTRING (-0.8891 41.6488, -8.868 37.956)"
LEG00388-1,SHP00388,1,FAC_F005,Tarragona Equipment Vendor,Vendor,Spain,41.1189,1.2445,PORT_P002,Port of Barcelona,Port,Spain,41.3522,2.1686,Road,CAR004,V012,2024-07-18T14:00:00,2024-07-18T15:52:29,2024-07-18T20:54:00,2024-07-19T02:03:57,94.3,93.6,6.9,10.2,3.3,Documentation issue,911.88,311.04,"LINESTRING (1.2445 41.1189, 2.1686 41.3522)"
LEG00388-2,SHP00388,2,PORT_P002,Port of Barcelona,Port,Spain,41.3522,2.1686,PORT_P018,Port of Dammam,Port,Saudi Arabia,26.498,50.184,Sea Breakbulk,CAR004,V012,2024-07-19T01:21:23,2024-07-19T05:16:22,2024-07-27T01:09:23,2024-07-27T06:04:07,5095.1,5462.4,191.8,192.8,1.0,None,15702.87,4585.79,"LINESTRING (2.1686 41.3522, 50.184 26.498)"
LEG00388-3,SHP00388,3,PORT_P018,Port of Dammam,Port,Saudi Arabia,26.498,50.184,FAC_F017,Dammam Gas Project Site,Project Site,Saudi Arabia,26.4207,50.0888,Road,CAR004,V012,2024-07-27T08:50:14,2024-07-27T22:01:23,2024-07-27T13:44:14,2024-07-28T04:34:49,17.0,16.8,4.9,6.6,1.7,None,518.13,55.83,"LINESTRING (50.184 26.498, 50.0888 26.4207)"
LEG00389-1,SHP00389,1,FAC_F013,Valencia Export Depot,Warehouse,Spain,39.4699,-0.3763,PORT_P001,Port of Valencia,Port,Spain,39.461,-0.323,Road,CAR006,,2025-04-28T15:00:00,2025-04-28T15:40:10,2025-04-29T00:42:00,2025-04-28T23:23:17,5.8,5.8,9.7,7.7,0,None,557.19,4.04,"LINESTRING (-0.3763 39.4699, -0.323 39.461)"
LEG00389-2,SHP00389,2,PORT_P001,Port of Valencia,Port,Spain,39.461,-0.323,PORT_P009,Port of Marseille-Fos,Port,France,43.437,4.943,Container Sea,CAR006,,2025-04-29T07:27:49,2025-04-29T16:16:40,2025-05-01T22:27:49,2025-05-02T08:07:15,657.9,652.7,63.0,63.8,0.8,None,2375.35,86.12,"LINESTRING (-0.323 39.461, 4.943 43.437)"
LEG00389-3,SHP00389,3,PORT_P009,Port of Marseille-Fos,Port,France,43.437,4.943,FAC_F018,Marseille Wind Substation Site,Project Site,France,43.2965,5.3698,Road,CAR006,,2025-05-02T14:25:29,2025-05-02T16:25:17,2025-05-02T21:55:29,2025-05-03T02:41:39,49.8,53.4,7.5,10.3,2.8,None,698.28,37.19,"LINESTRING (4.943 43.437, 5.3698 43.2965)"
LEG00390-1,SHP00390,1,FAC_F012,Antwerp EPC Supplier Yard,Vendor,Belgium,51.2194,4.4025,PORT_P007,Port of Antwerp-Bruges,Port,Belgium,51.2639,4.4009,Road,CAR007,V011,2024-05-30T13:00:00,2024-05-30T13:22:48,2024-05-30T22:36:00,2024-05-31T02:53:03,6.0,6.3,9.6,13.5,3.9,None,449.64,6.89,"LINESTRING (4.4025 51.2194, 4.4009 51.2639)"
LEG00390-2,SHP00390,2,PORT_P007,Port of Antwerp-Bruges,Port,Belgium,51.2639,4.4009,PORT_P012,Port of Casablanca,Port,Morocco,33.605,-7.611,Sea Breakbulk,CAR007,V011,2024-05-31T14:01:04,2024-05-31T08:05:56,2024-06-05T17:07:04,2024-06-05T14:08:27,2338.3,2366.0,123.1,126.0,2.9,None,5985.49,654.15,"LINESTRING (4.4009 51.2639, -7.611 33.605)"
LEG00390-3,SHP00390,3,PORT_P012,Port of Casablanca,Port,Morocco,33.605,-7.611,FAC_F008,Casablanca Desalination Site,Project Site,Morocco,33.5731,-7.5898,Road,CAR007,V011,2024-06-06T08:10:02,2024-06-06T02:40:39,2024-06-06T16:28:02,2024-06-06T12:06:33,4.7,4.9,8.3,9.4,1.1,None,445.72,5.36,"LINESTRING (-7.611 33.605, -7.5898 33.5731)"
LEG00391-1,SHP00391,1,FAC_F014,Cadiz Module Yard,Module Yard,Spain,36.5271,-6.2886,PORT_P003,Port of Algeciras,Port,Spain,36.1324,-5.4479,Road,CAR007,V011,2025-11-11T12:00:00,2025-11-11T11:27:39,2025-11-11T22:30:00,2025-11-11T23:06:30,99.5,107.0,10.5,11.6,1.1,None,2830.54,697.42,"LINESTRING (-6.2886 36.5271, -5.4479 36.1324)"
LEG00391-2,SHP00391,2,PORT_P003,Port of Algeciras,Port,Spain,36.1324,-5.4479,PORT_P018,Port of Dammam,Port,Saudi Arabia,26.498,50.184,Sea Breakbulk,CAR007,V011,2025-11-12T11:10:46,2025-11-12T08:25:14,2025-11-22T00:28:46,2025-11-21T20:57:18,5732.1,6008.8,229.3,228.5,0,None,56647.01,9894.33,"LINESTRING (-5.4479 36.1324, 50.184 26.498)"
LEG00391-3,SHP00391,3,PORT_P018,Port of Dammam,Port,Saudi Arabia,26.498,50.184,FAC_F017,Dammam Gas Project Site,Project Site,Saudi Arabia,26.4207,50.0888,Road,CAR007,V011,2025-11-22T04:31:14,2025-11-22T05:30:00,2025-11-22T13:55:14,2025-11-22T14:01:09,15.4,16.3,9.4,8.5,0,None,1187.99,106.24,"LINESTRING (50.184 26.498, 50.0888 26.4207)"
LEG00392-1,SHP00392,1,FAC_F012,Antwerp EPC Supplier Yard,Vendor,Belgium,51.2194,4.4025,FAC_F017,Dammam Gas Project Site,Project Site,Saudi Arabia,26.4207,50.0888,Road,CAR002,,2025-11-28T12:00:00,2025-11-28T12:12:25,2025-12-03T05:30:00,2025-12-03T08:12:00,5666.3,5922.9,113.5,116.0,2.5,None,19322.23,8682.08,"LINESTRING (4.4025 51.2194, 50.0888 26.4207)"
LEG00393-1,SHP00393,1,FAC_F003,Puertollano Module Yard,Module Yard,Spain,38.6871,-4.1121,FAC_F001,Zaragoza Distribution Hub,Warehouse,Spain,41.6488,-0.8891,Road,CAR008,,2025-10-06T12:00:00,2025-10-06T11:56:17,2025-10-07T01:42:00,2025-10-07T04:36:25,499.4,504.3,13.7,16.7,3.0,None,2312.81,1022.37,"LINESTRING (-4.1121 38.6871, -0.8891 41.6488)"
LEG00394-1,SHP00394,1,FAC_F005,Tarragona Equipment Vendor,Vendor,Spain,41.1189,1.2445,PORT_P002,Port of Barcelona,Port,Spain,41.3522,2.1686,Road,CAR003,V006,2024-06-25T13:00:00,2024-06-25T13:36:07,2024-06-25T23:30:00,2024-06-26T02:02:47,107.1,106.6,10.5,12.4,1.9,None,619.67,50.94,"LINESTRING (1.2445 41.1189, 2.1686 41.3522)"
LEG00394-2,SHP00394,2,PORT_P002,Port of Barcelona,Port,Spain,41.3522,2.1686,PORT_P012,Port of Casablanca,Port,Morocco,33.605,-7.611,RoRo,CAR003,V006,2024-06-26T04:18:19,2024-06-26T12:58:08,2024-06-28T13:42:19,2024-06-28T22:27:34,1326.5,1333.7,57.4,57.5,0.1,None,1999.98,201.26,"LINESTRING (2.1686 41.3522, -7.611 33.605)"
LEG00394-3,SHP00394,3,PORT_P012,Port of Casablanca,Port,Morocco,33.605,-7.611,FAC_F008,Casablanca Desalination Site,Project Site,Morocco,33.5731,-7.5898,Road,CAR003,V006,2024-06-28T19:32:54,2024-06-29T10:39:04,2024-06-28T23:08:54,2024-06-29T13:51:22,4.9,5.3,3.6,3.2,0,None,410.92,2.53,"LINESTRING (-7.611 33.605, -7.5898 33.5731)"
LEG00395-1,SHP00395,1,FAC_F011,Rotterdam Consolidation Hub,Consolidation Hub,Netherlands,51.9244,4.4777,FAC_F017,Dammam Gas Project Site,Project Site,Saudi Arabia,26.4207,50.0888,Road,CAR001,,2024-11-21T13:00:00,2024-11-21T13:15:24,2024-11-26T00:12:00,2024-11-25T23:55:38,5721.1,6028.5,107.2,106.7,0,None,12094.51,2204.92,"LINESTRING (4.4777 51.9244, 50.0888 26.4207)"
LEG00396-1,SHP00396,1,FAC_F004,Bilbao Steel Fabricator,Vendor,Spain,43.263,-2.935,PORT_P004,Port of Bilbao,Port,Spain,43.3476,-3.0443,Road,CAR004,V008,2024-03-26T07:00:00,2024-03-26T07:39:50,2024-03-26T14:12:00,2024-03-26T13:54:56,17.1,17.0,7.2,6.3,0,None,527.47,66.67,"LINESTRING (-2.935 43.263, -3.0443 43.3476)"
LEG00396-2,SHP00396,2,PORT_P004,Port of Bilbao,Port,Spain,43.3476,-3.0443,PORT_P005,Port of Sines,Port,Portugal,37.9543,-8.8631,Sea Breakbulk,CAR004,V008,2024-03-27T00:15:22,2024-03-27T06:25:01,2024-03-29T23:45:22,2024-03-30T07:18:30,828.1,825.5,71.5,72.9,1.4,None,5321.22,817.84,"LINESTRING (-3.0443 43.3476, -8.8631 37.9543)"
LEG00396-3,SHP00396,3,PORT_P005,Port of Sines,Port,Portugal,37.9543,-8.8631,FAC_F007,Sines Energy Project Site,Project Site,Portugal,37.956,-8.868,Road,CAR004,V008,2024-03-30T12:14:59,2024-03-31T00:31:15,2024-03-30T22:02:59,2024-03-31T10:15:01,0.6,0.6,9.8,9.7,0,None,435.37,2.35,"LINESTRING (-8.8631 37.9543, -8.868 37.956)"
LEG00397-1,SHP00397,1,FAC_F011,Rotterdam Consolidation Hub,Consolidation Hub,Netherlands,51.9244,4.4777,PORT_P006,Port of Rotterdam,Port,Netherlands,51.947,4.142,Road,CAR007,V005,2025-12-08T14:00:00,2025-12-08T15:04:14,2025-12-08T19:00:00,2025-12-08T20:41:58,29.3,30.6,5.0,5.6,0.6,None,558.08,68.11,"LINESTRING (4.4777 51.9244, 4.142 51.947)"
LEG00397-2,SHP00397,2,PORT_P006,Port of Rotterdam,Port,Netherlands,51.947,4.142,PORT_P016,Port of Alexandria,Port,Egypt,31.2001,29.9187,Sea Breakbulk,CAR007,V005,2025-12-09T08:57:16,2025-12-09T14:38:16,2025-12-15T16:33:16,2025-12-15T22:12:36,3240.2,3350.4,151.6,151.6,0,None,9239.18,1884.0,"LINESTRING (4.142 51.947, 29.9187 31.2001)"
LEG00397-3,SHP00397,3,PORT_P016,Port of Alexandria,Port,Egypt,31.2001,29.9187,FAC_F016,Alexandria Water Project Site,Project Site,Egypt,31.2001,29.9187,Road,CAR007,V005,2025-12-16T06:46:31,2025-12-16T08:07:14,2025-12-16T13:58:31,2025-12-16T17:47:58,0.0,0.0,7.2,9.7,2.5,None,432.0,0.0,"LINESTRING (29.9187 31.2001, 29.9187 31.2001)"
LEG00398-1,SHP00398,1,FAC_F005,Tarragona Equipment Vendor,Vendor,Spain,41.1189,1.2445,PORT_P002,Port of Barcelona,Port,Spain,41.3522,2.1686,Road,CAR006,,2025-11-25T13:00:00,2025-11-25T12:08:01,2025-11-25T23:48:00,2025-11-26T17:42:32,101.5,101.2,10.8,29.6,18.8,Customs hold,900.91,282.27,"LINESTRING (1.2445 41.1189, 2.1686 41.3522)"
LEG00398-2,SHP00398,2,PORT_P002,Port of Barcelona,Port,Spain,41.3522,2.1686,PORT_P016,Port of Alexandria,Port,Egypt,31.2001,29.9187,Container Sea,CAR006,,2025-11-26T07:34:27,2025-11-27T01:09:27,2025-12-02T05:10:27,2025-12-03T02:24:46,2850.9,2836.4,141.6,145.3,3.7,None,4604.77,1498.98,"LINESTRING (2.1686 41.3522, 29.9187 31.2001)"
LEG00398-3,SHP00398,3,PORT_P016,Port of Alexandria,Port,Egypt,31.2001,29.9187,FAC_F016,Alexandria Water Project Site,Project Site,Egypt,31.2001,29.9187,Road,CAR006,,2025-12-02T17:31:13,2025-12-03T09:40:57,2025-12-03T01:43:13,2025-12-03T20:38:45,0.0,0.0,8.2,11.0,2.8,None,432.0,0.0,"LINESTRING (29.9187 31.2001, 29.9187 31.2001)"
LEG00399-1,SHP00399,1,FAC_F012,Antwerp EPC Supplier Yard,Vendor,Belgium,51.2194,4.4025,PORT_P007,Port of Antwerp-Bruges,Port,Belgium,51.2639,4.4009,Road,CAR006,,2024-09-02T13:00:00,2024-09-02T12:35:43,2024-09-02T21:00:00,2024-09-02T20:30:58,6.4,6.6,8.0,7.9,0,None,731.19,27.21,"LINESTRING (4.4025 51.2194, 4.4009 51.2639)"
LEG00399-2,SHP00399,2,PORT_P007,Port of Antwerp-Bruges,Port,Belgium,51.2639,4.4009,PORT_P016,Port of Alexandria,Port,Egypt,31.2001,29.9187,Container Sea,CAR006,,2024-09-03T12:36:38,2024-09-03T12:30:14,2024-09-09T01:00:38,2024-09-09T00:53:23,3155.2,3310.7,132.4,132.4,0,None,9638.91,2585.72,"LINESTRING (4.4009 51.2639, 29.9187 31.2001)"
LEG00399-3,SHP00399,3,PORT_P016,Port of Alexandria,Port,Egypt,31.2001,29.9187,FAC_F016,Alexandria Water Project Site,Project Site,Egypt,31.2001,29.9187,Road,CAR006,,2024-09-09T08:26:55,2024-09-09T04:34:13,2024-09-09T16:50:55,2024-09-10T07:12:20,0.0,0.0,8.4,26.6,18.2,Port congestion,669.6,0.0,"LINESTRING (29.9187 31.2001, 29.9187 31.2001)"
LEG00400-1,SHP00400,1,FAC_F004,Bilbao Steel Fabricator,Vendor,Spain,43.263,-2.935,PORT_P004,Port of Bilbao,Port,Spain,43.3476,-3.0443,Road,CAR004,V012,2025-04-30T10:00:00,2025-04-30T09:40:48,2025-04-30T20:00:00,2025-04-30T21:30:39,14.7,14.7,10.0,11.8,1.8,None,889.36,70.24,"LINESTRING (-2.935 43.263, -3.0443 43.3476)"
LEG00400-2,SHP00400,2,PORT_P004,Port of Bilbao,Port,Spain,43.3476,-3.0443,PORT_P005,Port of Sines,Port,Portugal,37.9543,-8.8631,Sea Breakbulk,CAR004,V012,2025-05-01T01:58:11,2025-05-01T14:32:56,2025-05-03T18:52:11,2025-05-05T06:50:57,812.5,843.2,64.9,88.3,23.4,Carrier capacity,9802.49,1017.91,"LINESTRING (-3.0443 43.3476, -8.8631 37.9543)"
LEG00400-3,SHP00400,3,PORT_P005,Port of Sines,Port,Portugal,37.9543,-8.8631,FAC_F007,Sines Energy Project Site,Project Site,Portugal,37.956,-8.868,Road,CAR004,V012,2025-05-04T04:14:54,2025-05-05T22:45:05,2025-05-04T10:50:54,2025-05-06T08:22:48,0.6,0.6,6.6,9.6,3.0,None,726.91,2.87,"LINESTRING (-8.8631 37.9543, -8.868 37.956)"
LEG00401-1,SHP00401,1,FAC_F012,Antwerp EPC Supplier Yard,Vendor,Belgium,51.2194,4.4025,PORT_P007,Port of Antwerp-Bruges,Port,Belgium,51.2639,4.4009,Road,CAR007,V011,2024-11-04T13:00:00,2024-11-04T14:06:51,2024-11-04T21:54:00,2024-11-05T01:09:15,5.8,6.2,8.9,11.0,2.1,None,457.91,14.62,"LINESTRING (4.4025 51.2194, 4.4009 51.2639)"
LEG00401-2,SHP00401,2,PORT_P007,Port of Antwerp-Bruges,Port,Belgium,51.2639,4.4009,PORT_P006,Port of Rotterdam,Port,Netherlands,51.947,4.142,Sea Breakbulk,CAR007,V011,2024-11-05T08:45:25,2024-11-05T14:23:37,2024-11-06T12:51:25,2024-11-06T19:46:23,83.6,83.9,28.1,29.4,1.3,None,3392.95,49.98,"LINESTRING (4.4009 51.2639, 4.142 51.947)"
LEG00401-3,SHP00401,3,PORT_P006,Port of Rotterdam,Port,Netherlands,51.947,4.142,FAC_F011,Rotterdam Consolidation Hub,Consolidation Hub,Netherlands,51.9244,4.4777,Road,CAR007,V011,2024-11-07T01:13:48,2024-11-07T01:21:56,2024-11-07T09:55:48,2024-11-07T11:48:57,30.2,30.5,8.7,10.5,1.8,None,559.48,71.92,"LINESTRING (4.142 51.947, 4.4777 51.9244)"
LEG00402-1,SHP00402,1,FAC_F009,Lyon Fabrication Partner,Vendor,France,45.764,4.8357,PORT_P009,Port of Marseille-Fos,Port,France,43.437,4.943,Road,CAR010,V007,2025-05-27T07:00:00,2025-05-27T08:19:33,2025-05-27T21:42:00,2025-05-27T21:20:47,317.0,337.7,14.7,13.0,0,None,1771.68,740.76,"LINESTRING (4.8357 45.764, 4.943 43.437)"
LEG00402-2,SHP00402,2,PORT_P009,Port of Marseille-Fos,Port,France,43.437,4.943,PORT_P012,Port of Casablanca,Port,Morocco,33.605,-7.611,Sea Breakbulk,CAR010,V007,2025-05-28T07:05:27,2025-05-28T09:11:42,2025-06-01T00:17:27,2025-06-01T22:03:19,1722.6,1840.3,89.2,108.9,19.7,Customs hold,6409.88,1019.82,"LINESTRING (4.943 43.437, -7.611 33.605)"
LEG00402-3,SHP00402,3,PORT_P012,Port of Casablanca,Port,Morocco,33.605,-7.611,FAC_F008,Casablanca Desalination Site,Project Site,Morocco,33.5731,-7.5898,Road,CAR010,V007,2025-06-01T14:29:41,2025-06-02T05:59:49,2025-06-01T18:59:41,2025-06-02T11:03:47,5.1,5.4,4.5,5.1,0.6,None,453.42,11.85,"LINESTRING (-7.611 33.605, -7.5898 33.5731)"
LEG00403-1,SHP00403,1,FAC_F010,Milan Valve Plant,Vendor,Italy,45.4642,9.19,FAC_F007,Sines Energy Project Site,Project Site,Portugal,37.956,-8.868,Road,CAR012,,2024-05-16T13:00:00,2024-05-16T14:36:01,2024-05-18T14:36:00,2024-05-18T14:57:10,2241.9,2363.0,49.6,48.4,0,None,7275.21,2909.33,"LINESTRING (9.19 45.4642, -8.868 37.956)"
LEG00404-1,SHP00404,1,FAC_F002,Madrid Cross Dock,Cross Dock,Spain,40.4168,-3.7038,FAC_F001,Zaragoza Distribution Hub,Warehouse,Spain,41.6488,-0.8891,Road,CAR002,,2025-09-29T10:00:00,2025-09-29T11:11:05,2025-09-29T19:00:00,2025-09-29T22:28:53,323.9,324.7,9.0,11.3,2.3,None,777.0,103.95,"LINESTRING (-3.7038 40.4168, -0.8891 41.6488)"
LEG00405-1,SHP00405,1,FAC_F014,Cadiz Module Yard,Module Yard,Spain,36.5271,-6.2886,PORT_P003,Port of Algeciras,Port,Spain,36.1324,-5.4479,Road,CAR004,V012,2024-02-04T07:00:00,2024-02-04T06:21:49,2024-02-04T14:12:00,2024-02-04T20:34:01,112.8,117.5,7.2,14.2,7.0,Documentation issue,769.71,147.68,"LINESTRING (-6.2886 36.5271, -5.4479 36.1324)"
LEG00405-2,SHP00405,2,PORT_P003,Port of Algeciras,Port,Spain,36.1324,-5.4479,PORT_P005,Port of Sines,Port,Portugal,37.9543,-8.8631,Sea Breakbulk,CAR004,V012,2024-02-04T21:22:02,2024-02-05T06:29:03,2024-02-06T10:46:02,2024-02-06T22:08:36,390.2,410.4,37.4,39.7,2.3,None,3733.49,130.31,"LINESTRING (-5.4479 36.1324, -8.8631 37.9543)"
LEG00405-3,SHP00405,3,PORT_P005,Port of Sines,Port,Portugal,37.9543,-8.8631,FAC_F007,Sines Energy Project Site,Project Site,Portugal,37.956,-8.868,Road,CAR004,V012,2024-02-06T20:28:16,2024-02-07T03:53:44,2024-02-07T02:22:16,2024-02-07T11:47:44,0.6,0.6,5.9,7.9,2.0,None,433.72,0.75,"LINESTRING (-8.8631 37.9543, -8.868 37.956)"
LEG00406-1,SHP00406,1,FAC_F005,Tarragona Equipment Vendor,Vendor,Spain,41.1189,1.2445,PORT_P002,Port of Barcelona,Port,Spain,41.3522,2.1686,Road,CAR004,V012,2025-05-21T07:00:00,2025-05-21T09:52:26,2025-05-21T12:36:00,2025-05-21T15:18:35,107.5,115.5,5.6,5.4,0,None,2444.02,783.55,"LINESTRING (1.2445 41.1189, 2.1686 41.3522)"
LEG00406-2,SHP00406,2,PORT_P002,Port of Barcelona,Port,Spain,41.3522,2.1686,PORT_P006,Port of Rotterdam,Port,Netherlands,51.947,4.142,Sea Breakbulk,CAR004,V012,2025-05-22T04:02:50,2025-05-21T19:46:08,2025-05-25T17:32:50,2025-05-25T08:27:33,1298.2,1316.7,85.5,84.7,0,None,14435.04,2256.61,"LINESTRING (2.1686 41.3522, 4.142 51.947)"
LEG00406-3,SHP00406,3,PORT_P006,Port of Rotterdam,Port,Netherlands,51.947,4.142,FAC_F011,Rotterdam Consolidation Hub,Consolidation Hub,Netherlands,51.9244,4.4777,Road,CAR004,V012,2025-05-26T06:05:15,2025-05-25T22:37:25,2025-05-26T13:59:15,2025-05-26T06:53:29,28.9,28.9,7.9,8.3,0.4,None,1151.38,196.06,"LINESTRING (4.142 51.947, 4.4777 51.9244)"
LEG00407-1,SHP00407,1,FAC_F002,Madrid Cross Dock,Cross Dock,Spain,40.4168,-3.7038,FAC_F001,Zaragoza Distribution Hub,Warehouse,Spain,41.6488,-0.8891,Road,CAR008,,2024-03-12T08:00:00,2024-03-12T10:36:27,2024-03-12T22:54:00,2024-03-13T01:22:00,322.4,346.7,14.9,14.8,0,None,1874.49,483.18,"LINESTRING (-3.7038 40.4168, -0.8891 41.6488)"
LEG00408-1,SHP00408,1,FAC_F005,Tarragona Equipment Vendor,Vendor,Spain,41.1189,1.2445,PORT_P002,Port of Barcelona,Port,Spain,41.3522,2.1686,Road,CAR006,,2024-06-26T10:00:00,2024-06-26T11:31:34,2024-06-26T14:54:00,2024-06-27T05:01:59,95.7,101.5,4.9,17.5,12.6,Carrier capacity,601.72,56.6,"LINESTRING (1.2445 41.1189, 2.1686 41.3522)"
LEG00408-2,SHP00408,2,PORT_P002,Port of Barcelona,Port,Spain,41.3522,2.1686,PORT_P006,Port of Rotterdam,Port,Netherlands,51.947,4.142,Container Sea,CAR006,,2024-06-27T06:00:44,2024-06-27T18:25:31,2024-06-29T19:30:44,2024-06-30T11:08:12,1241.0,1265.2,61.5,64.7,3.2,None,1999.86,133.68,"LINESTRING (2.1686 41.3522, 4.142 51.947)"
LEG00408-3,SHP00408,3,PORT_P006,Port of Rotterdam,Port,Netherlands,51.947,4.142,FAC_F011,Rotterdam Consolidation Hub,Consolidation Hub,Netherlands,51.9244,4.4777,Road,CAR006,,2024-06-30T08:23:29,2024-06-30T18:13:41,2024-06-30T17:05:29,2024-07-01T03:34:25,27.5,29.5,8.7,9.3,0.6,None,458.63,16.45,"LINESTRING (4.142 51.947, 4.4777 51.9244)"
LEG00409-1,SHP00409,1,FAC_F004,Bilbao Steel Fabricator,Vendor,Spain,43.263,-2.935,PORT_P004,Port of Bilbao,Port,Spain,43.3476,-3.0443,Road,CAR010,V007,2024-10-10T10:00:00,2024-10-10T12:07:54,2024-10-10T14:12:00,2024-10-10T15:10:33,15.3,16.0,4.2,3.0,0,None,826.99,149.74,"LINESTRING (-2.935 43.263, -3.0443 43.3476)"
LEG00409-2,SHP00409,2,PORT_P004,Port of Bilbao,Port,Spain,43.3476,-3.0443,PORT_P009,Port of Marseille-Fos,Port,France,43.437,4.943,Sea Breakbulk,CAR010,V007,2024-10-10T23:02:45,2024-10-11T06:37:54,2024-10-13T06:20:45,2024-10-13T12:20:16,679.2,677.7,55.3,53.7,0,None,9258.62,1602.25,"LINESTRING (-3.0443 43.3476, 4.943 43.437)"
LEG00409-3,SHP00409,3,PORT_P009,Port of Marseille-Fos,Port,France,43.437,4.943,FAC_F018,Marseille Wind Substation Site,Project Site,France,43.2965,5.3698,Road,CAR010,V007,2024-10-13T14:00:45,2024-10-13T16:48:19,2024-10-13T20:42:45,2024-10-14T10:12:26,42.6,43.2,6.7,17.4,10.7,Customs hold,1253.69,404.29,"LINESTRING (4.943 43.437, 5.3698 43.2965)"
LEG00410-1,SHP00410,1,FAC_F004,Bilbao Steel Fabricator,Vendor,Spain,43.263,-2.935,PORT_P004,Port of Bilbao,Port,Spain,43.3476,-3.0443,Road,CAR003,V010,2024-11-27T08:00:00,2024-11-27T10:09:23,2024-11-27T12:18:00,2024-11-27T17:36:43,16.9,17.9,4.3,7.5,3.2,None,503.49,36.15,"LINESTRING (-2.935 43.263, -3.0443 43.3476)"
LEG00410-2,SHP00410,2,PORT_P004,Port of Bilbao,Port,Spain,43.3476,-3.0443,PORT_P012,Port of Casablanca,Port,Morocco,33.605,-7.611,RoRo,CAR003,V010,2024-11-27T18:38:25,2024-11-27T21:26:41,2024-11-30T04:44:25,2024-11-30T06:08:35,1179.1,1225.3,58.1,56.7,0,None,3002.57,781.5,"LINESTRING (-3.0443 43.3476, -7.611 33.605)"
LEG00410-3,SHP00410,3,PORT_P012,Port of Casablanca,Port,Morocco,33.605,-7.611,FAC_F008,Casablanca Desalination Site,Project Site,Morocco,33.5731,-7.5898,Road,CAR003,V010,2024-11-30T12:24:11,2024-11-30T10:50:55,2024-11-30T22:30:11,2024-11-30T22:47:53,4.7,4.9,10.1,11.9,1.8,None,451.57,9.9,"LINESTRING (-7.611 33.605, -7.5898 33.5731)"
LEG00411-1,SHP00411,1,FAC_F003,Puertollano Module Yard,Module Yard,Spain,38.6871,-4.1121,PORT_P003,Port of Algeciras,Port,Spain,36.1324,-5.4479,Road,CAR006,,2025-08-14T15:00:00,2025-08-14T14:11:57,2025-08-15T01:48:00,2025-08-15T03:58:57,397.2,422.3,10.8,13.8,3.0,Customs hold,2597.06,1421.4,"LINESTRING (-4.1121 38.6871, -5.4479 36.1324)"
LEG00411-2,SHP00411,2,PORT_P003,Port of Algeciras,Port,Spain,36.1324,-5.4479,PORT_P018,Port of Dammam,Port,Saudi Arabia,26.498,50.184,Container Sea,CAR006,,2025-08-15T08:47:42,2025-08-15T08:43:34,2025-08-25T18:29:42,2025-08-25T20:25:00,5908.0,6268.0,249.7,251.7,2.0,None,9045.45,3997.35,"LINESTRING (-5.4479 36.1324, 50.184 26.498)"
LEG00411-3,SHP00411,3,PORT_P018,Port of Dammam,Port,Saudi Arabia,26.498,50.184,FAC_F017,Dammam Gas Project Site,Project Site,Saudi Arabia,26.4207,50.0888,Road,CAR006,,2025-08-26T02:47:16,2025-08-26T11:01:31,2025-08-26T07:05:16,2025-08-26T15:04:23,14.9,15.2,4.3,4.0,0,None,509.93,51.16,"LINESTRING (50.184 26.498, 50.0888 26.4207)"
LEG00412-1,SHP00412,1,FAC_F012,Antwerp EPC Supplier Yard,Vendor,Belgium,51.2194,4.4025,PORT_P007,Port of Antwerp-Bruges,Port,Belgium,51.2639,4.4009,Road,CAR006,,2024-12-04T10:00:00,2024-12-04T09:49:50,2024-12-04T16:36:00,2024-12-04T19:12:14,6.4,6.9,6.6,9.4,2.8,None,461.0,16.88,"LINESTRING (4.4025 51.2194, 4.4009 51.2639)"
LEG00412-2,SHP00412,2,PORT_P007,Port of Antwerp-Bruges,Port,Belgium,51.2639,4.4009,PORT_P009,Port of Marseille-Fos,Port,France,43.437,4.943,Container Sea,CAR006,,2024-12-05T07:38:13,2024-12-05T12:38:33,2024-12-08T17:56:13,2024-12-09T00:39:53,957.1,954.2,82.3,84.0,1.7,None,2481.07,442.27,"LINESTRING (4.4009 51.2639, 4.943 43.437)"
LEG00412-3,SHP00412,3,PORT_P009,Port of Marseille-Fos,Port,France,43.437,4.943,FAC_F018,Marseille Wind Substation Site,Project Site,France,43.2965,5.3698,Road,CAR006,,2024-12-08T23:13:15,2024-12-09T16:58:07,2024-12-09T04:07:15,2024-12-09T21:50:37,46.6,46.6,4.9,4.9,0,None,627.84,114.0,"LINESTRING (4.943 43.437, 5.3698 43.2965)"
LEG00413-1,SHP00413,1,FAC_F012,Antwerp EPC Supplier Yard,Vendor,Belgium,51.2194,4.4025,PORT_P007,Port of Antwerp-Bruges,Port,Belgium,51.2639,4.4009,Road,CAR010,V014,2025-06-12T14:00:00,2025-06-12T14:03:52,2025-06-12T20:30:00,2025-06-12T21:07:50,6.5,6.8,6.5,7.1,0.6,None,468.84,23.59,"LINESTRING (4.4025 51.2194, 4.4009 51.2639)"
LEG00413-2,SHP00413,2,PORT_P007,Port of Antwerp-Bruges,Port,Belgium,51.2639,4.4009,PORT_P009,Port of Marseille-Fos,Port,France,43.437,4.943,Sea Breakbulk,CAR010,V014,2025-06-13T08:24:21,2025-06-13T07:52:55,2025-06-15T11:36:21,2025-06-15T14:04:56,934.3,992.4,51.2,54.2,3.0,None,5638.27,869.58,"LINESTRING (4.4009 51.2639, 4.943 43.437)"
LEG00413-3,SHP00413,3,PORT_P009,Port of Marseille-Fos,Port,France,43.437,4.943,FAC_F018,Marseille Wind Substation Site,Project Site,France,43.2965,5.3698,Road,CAR010,V014,2025-06-15T20:39:46,2025-06-16T02:47:29,2025-06-16T01:39:46,2025-06-17T06:17:43,49.2,52.3,5.0,27.5,22.5,Carrier capacity,715.35,181.4,"LINESTRING (4.943 43.437, 5.3698 43.2965)"
LEG00414-1,SHP00414,1,FAC_F012,Antwerp EPC Supplier Yard,Vendor,Belgium,51.2194,4.4025,PORT_P007,Port of Antwerp-Bruges,Port,Belgium,51.2639,4.4009,Road,CAR004,V012,2025-05-12T14:00:00,2025-05-12T15:09:10,2025-05-12T20:54:00,2025-05-12T20:17:04,6.2,6.6,6.9,5.1,0,None,560.74,5.65,"LINESTRING (4.4025 51.2194, 4.4009 51.2639)"
LEG00414-2,SHP00414,2,PORT_P007,Port of Antwerp-Bruges,Port,Belgium,51.2639,4.4009,PORT_P016,Port of Alexandria,Port,Egypt,31.2001,29.9187,Sea Breakbulk,CAR004,V012,2025-05-13T08:35:36,2025-05-12T23:57:04,2025-05-19T08:05:36,2025-05-19T18:13:42,3251.4,3434.4,143.5,162.3,18.8,Carrier capacity,8449.03,742.65,"LINESTRING (4.4009 51.2639, 29.9187 31.2001)"
LEG00414-3,SHP00414,3,PORT_P016,Port of Alexandria,Port,Egypt,31.2001,29.9187,FAC_F016,Alexandria Water Project Site,Project Site,Egypt,31.2001,29.9187,Road,CAR004,V012,2025-05-19T14:32:20,2025-05-20T08:00:47,2025-05-19T19:26:20,2025-05-20T13:44:51,0.0,0.0,4.9,5.7,0.8,None,540.0,0.0,"LINESTRING (29.9187 31.2001, 29.9187 31.2001)"
LEG00415-1,SHP00415,1,FAC_F005,Tarragona Equipment Vendor,Vendor,Spain,41.1189,1.2445,PORT_P002,Port of Barcelona,Port,Spain,41.3522,2.1686,Road,CAR010,V014,2025-04-21T13:00:00,2025-04-21T15:16:35,2025-04-21T19:18:00,2025-04-22T15:04:48,97.1,100.0,6.3,23.8,17.5,Weather disruption,824.89,208.72,"LINESTRING (1.2445 41.1189, 2.1686 41.3522)"
LEG00415-2,SHP00415,2,PORT_P002,Port of Barcelona,Port,Spain,41.3522,2.1686,PORT_P006,Port of Rotterdam,Port,Netherlands,51.947,4.142,Sea Breakbulk,CAR010,V014,2025-04-22T05:53:54,2025-04-23T06:02:56,2025-04-25T02:53:54,2025-04-26T01:30:39,1291.4,1326.0,69.0,67.5,0,None,5494.85,699.17,"LINESTRING (2.1686 41.3522, 4.142 51.947)"
LEG00415-3,SHP00415,3,PORT_P006,Port of Rotterdam,Port,Netherlands,51.947,4.142,FAC_F011,Rotterdam Consolidation Hub,Consolidation Hub,Netherlands,51.9244,4.4777,Road,CAR010,V014,2025-04-25T16:23:20,2025-04-26T07:14:32,2025-04-25T22:53:20,2025-04-26T17:37:25,26.7,26.7,6.5,10.4,3.9,None,536.9,55.73,"LINESTRING (4.142 51.947, 4.4777 51.9244)"
LEG00416-1,SHP00416,1,FAC_F012,Antwerp EPC Supplier Yard,Vendor,Belgium,51.2194,4.4025,PORT_P007,Port of Antwerp-Bruges,Port,Belgium,51.2639,4.4009,Road,CAR007,V011,2024-12-27T12:00:00,2024-12-27T11:56:04,2024-12-27T15:36:00,2024-12-27T16:38:48,5.9,5.8,3.6,4.7,1.1,None,571.97,15.14,"LINESTRING (4.4025 51.2194, 4.4009 51.2639)"
LEG00416-2,SHP00416,2,PORT_P007,Port of Antwerp-Bruges,Port,Belgium,51.2639,4.4009,PORT_P001,Port of Valencia,Port,Spain,39.461,-0.323,Sea Breakbulk,CAR007,V011,2024-12-27T19:42:44,2024-12-28T05:59:01,2024-12-30T19:30:44,2024-12-31T07:22:54,1445.2,1494.2,71.8,73.4,1.6,None,7664.42,985.1,"LINESTRING (4.4009 51.2639, -0.323 39.461)"
LEG00416-3,SHP00416,3,PORT_P001,Port of Valencia,Port,Spain,39.461,-0.323,FAC_F001,Zaragoza Distribution Hub,Warehouse,Spain,41.6488,-0.8891,Road,CAR007,V011,2024-12-31T10:36:18,2024-12-31T16:49:34,2024-12-31T22:18:18,2025-01-01T02:40:56,315.7,315.8,11.7,9.9,0,None,2280.58,824.13,"LINESTRING (-0.323 39.461, -0.8891 41.6488)"
LEG00417-1,SHP00417,1,FAC_F010,Milan Valve Plant,Vendor,Italy,45.4642,9.19,PORT_P010,Port of Genoa,Port,Italy,44.41,8.925,Road,CAR007,V011,2025-06-03T08:00:00,2025-06-03T09:27:35,2025-06-03T19:06:00,2025-06-04T00:15:12,155.3,164.4,11.1,14.8,3.7,None,1053.55,134.0,"LINESTRING (9.19 45.4642, 8.925 44.41)"
LEG00417-2,SHP00417,2,PORT_P010,Port of Genoa,Port,Italy,44.41,8.925,PORT_P012,Port of Casablanca,Port,Morocco,33.605,-7.611,Sea Breakbulk,CAR007,V011,2025-06-04T03:54:14,2025-06-04T11:04:28,2025-06-09T01:00:14,2025-06-09T11:42:20,1936.2,1934.6,117.1,120.6,3.5,None,6506.0,398.37,"LINESTRING (8.925 44.41, -7.611 33.605)"
LEG00417-3,SHP00417,3,PORT_P012,Port of Casablanca,Port,Morocco,33.605,-7.611,FAC_F008,Casablanca Desalination Site,Project Site,Morocco,33.5731,-7.5898,Road,CAR007,V011,2025-06-09T14:44:31,2025-06-09T19:33:11,2025-06-09T21:56:31,2025-06-11T01:25:19,4.6,4.6,7.2,29.9,22.7,Road permit delay,554.37,3.75,"LINESTRING (-7.611 33.605, -7.5898 33.5731)"
LEG00418-1,SHP00418,1,FAC_F013,Valencia Export Depot,Warehouse,Spain,39.4699,-0.3763,PORT_P001,Port of Valencia,Port,Spain,39.461,-0.323,Road,CAR003,V006,2024-03-25T09:00:00,2024-03-25T11:05:25,2024-03-25T17:12:00,2024-03-25T20:18:59,5.3,5.6,8.2,9.2,1.0,Road permit delay,565.9,10.05,"LINESTRING (-0.3763 39.4699, -0.323 39.461)"
LEG00418-2,SHP00418,2,PORT_P001,Port of Valencia,Port,Spain,39.461,-0.323,PORT_P012,Port of Casablanca,Port,Morocco,33.605,-7.611,RoRo,CAR003,V006,2024-03-26T06:04:19,2024-03-26T13:33:54,2024-03-28T10:34:19,2024-03-29T16:41:23,1024.4,1081.0,52.5,75.1,22.6,Carrier capacity,3313.09,612.6,"LINESTRING (-0.323 39.461, -7.611 33.605)"
LEG00418-3,SHP00418,3,PORT_P012,Port of Casablanca,Port,Morocco,33.605,-7.611,FAC_F008,Casablanca Desalination Site,Project Site,Morocco,33.5731,-7.5898,Road,CAR003,V006,2024-03-29T02:27:30,2024-03-30T00:18:41,2024-03-29T06:33:30,2024-03-30T19:09:24,4.7,4.7,4.1,18.8,14.7,Carrier capacity,561.74,8.43,"LINESTRING (-7.611 33.605, -7.5898 33.5731)"
LEG00419-1,SHP00419,1,FAC_F010,Milan Valve Plant,Vendor,Italy,45.4642,9.19,PORT_P010,Port of Genoa,Port,Italy,44.41,8.925,Road,CAR010,V014,2025-04-17T09:00:00,2025-04-17T10:49:38,2025-04-17T21:30:00,2025-04-18T08:41:13,144.1,153.8,12.5,21.9,9.4,Port congestion,1668.22,357.09,"LINESTRING (9.19 45.4642, 8.925 44.41)"
LEG00419-2,SHP00419,2,PORT_P010,Port of Genoa,Port,Italy,44.41,8.925,PORT_P012,Port of Casablanca,Port,Morocco,33.605,-7.611,Sea Breakbulk,CAR010,V014,2025-04-18T07:18:23,2025-04-18T18:09:47,2025-04-21T20:00:23,2025-04-22T05:27:40,2013.9,2034.1,84.7,83.3,0,None,10777.09,1193.12,"LINESTRING (8.925 44.41, -7.611 33.605)"
LEG00419-3,SHP00419,3,PORT_P012,Port of Casablanca,Port,Morocco,33.605,-7.611,FAC_F008,Casablanca Desalination Site,Project Site,Morocco,33.5731,-7.5898,Road,CAR010,V014,2025-04-22T09:09:49,2025-04-22T09:25:59,2025-04-22T13:51:49,2025-04-22T15:57:26,5.2,5.5,4.7,6.5,1.8,None,705.31,12.77,"LINESTRING (-7.611 33.605, -7.5898 33.5731)"
LEG00420-1,SHP00420,1,FAC_F010,Milan Valve Plant,Vendor,Italy,45.4642,9.19,PORT_P010,Port of Genoa,Port,Italy,44.41,8.925,Road,CAR010,V014,2024-02-22T13:00:00,2024-02-22T13:08:22,2024-02-23T01:42:00,2024-02-23T00:06:28,155.7,155.8,12.7,11.0,0,None,1287.38,580.64,"LINESTRING (9.19 45.4642, 8.925 44.41)"
LEG00420-2,SHP00420,2,PORT_P010,Port of Genoa,Port,Italy,44.41,8.925,PORT_P005,Port of Sines,Port,Portugal,37.9543,-8.8631,Sea Breakbulk,CAR010,V014,2024-02-23T13:25:07,2024-02-23T13:42:55,2024-02-27T06:19:07,2024-02-27T10:24:21,1775.1,1903.5,88.9,92.7,3.8,None,7919.24,1792.18,"LINESTRING (8.925 44.41, -8.8631 37.9543)"
LEG00420-3,SHP00420,3,PORT_P005,Port of Sines,Port,Portugal,37.9543,-8.8631,FAC_F007,Sines Energy Project Site,Project Site,Portugal,37.956,-8.868,Road,CAR010,V014,2024-02-27T17:38:54,2024-02-27T15:43:05,2024-02-28T01:38:54,2024-02-27T21:50:07,0.5,0.5,8.0,6.1,0,None,434.75,1.86,"LINESTRING (-8.8631 37.9543, -8.868 37.956)"
LEG00421-1,SHP00421,1,FAC_F003,Puertollano Module Yard,Module Yard,Spain,38.6871,-4.1121,FAC_F001,Zaragoza Distribution Hub,Warehouse,Spain,41.6488,-0.8891,Road,CAR008,,2024-01-16T11:00:00,2024-01-16T10:35:58,2024-01-17T00:06:00,2024-01-17T00:26:05,501.8,497.5,13.1,13.8,0.7,None,3390.02,935.32,"LINESTRING (-4.1121 38.6871, -0.8891 41.6488)"
LEG00422-1,SHP00422,1,FAC_F010,Milan Valve Plant,Vendor,Italy,45.4642,9.19,FAC_F008,Casablanca Desalination Site,Project Site,Morocco,33.5731,-7.5898,Road,CAR001,,2025-01-21T08:00:00,2025-01-21T09:47:00,2025-01-23T02:48:00,2025-01-23T02:47:03,2335.0,2394.7,42.8,41.0,0,None,4205.82,1396.83,"LINESTRING (9.19 45.4642, -7.5898 33.5731)"
LEG00423-1,SHP00423,1,FAC_F001,Zaragoza Distribution Hub,Warehouse,Spain,41.6488,-0.8891,PORT_P001,Port of Valencia,Port,Spain,39.461,-0.323,Road,CAR003,V006,2024-04-01T10:00:00,2024-04-01T09:52:51,2024-04-01T18:36:00,2024-04-01T19:13:05,312.7,326.1,8.6,9.3,0.7,None,1704.04,643.13,"LINESTRING (-0.8891 41.6488, -0.323 39.461)"
LEG00423-2,SHP00423,2,PORT_P001,Port of Valencia,Port,Spain,39.461,-0.323,PORT_P012,Port of Casablanca,Port,Morocco,33.605,-7.611,RoRo,CAR003,V006,2024-04-01T22:42:25,2024-04-02T08:31:00,2024-04-03T21:30:25,2024-04-04T09:37:55,1005.5,1005.4,46.8,49.1,2.3,None,2631.51,626.16,"LINESTRING (-0.323 39.461, -7.611 33.605)"
LEG00423-3,SHP00423,3,PORT_P012,Port of Casablanca,Port,Morocco,33.605,-7.611,FAC_F008,Casablanca Desalination Site,Project Site,Morocco,33.5731,-7.5898,Road,CAR003,V006,2024-04-04T11:20:21,2024-04-04T17:18:53,2024-04-04T16:38:21,2024-04-05T02:22:05,5.0,5.0,5.3,9.1,3.8,Road permit delay,451.5,9.86,"LINESTRING (-7.611 33.605, -7.5898 33.5731)"
LEG00424-1,SHP00424,1,FAC_F005,Tarragona Equipment Vendor,Vendor,Spain,41.1189,1.2445,PORT_P002,Port of Barcelona,Port,Spain,41.3522,2.1686,Road,CAR006,,2025-08-29T12:00:00,2025-08-29T14:18:45,2025-08-29T17:54:00,2025-08-30T06:26:57,92.9,98.7,5.9,16.1,10.2,Customs hold,1970.0,839.67,"LINESTRING (1.2445 41.1189, 2.1686 41.3522)"
LEG00424-2,SHP00424,2,PORT_P002,Port of Barcelona,Port,Spain,41.3522,2.1686,PORT_P005,Port of Sines,Port,Portugal,37.9543,-8.8631,Container Sea,CAR006,,2025-08-30T06:47:37,2025-08-30T22:04:21,2025-09-02T17:41:37,2025-09-03T08:55:20,1062.4,1104.2,82.9,82.8,0,None,5761.31,1779.86,"LINESTRING (2.1686 41.3522, -8.8631 37.9543)"
LEG00424-3,SHP00424,3,PORT_P005,Port of Sines,Port,Portugal,37.9543,-8.8631,FAC_F007,Sines Energy Project Site,Project Site,Portugal,37.956,-8.868,Road,CAR006,,2025-09-03T08:46:36,2025-09-03T18:42:05,2025-09-03T13:04:36,2025-09-04T05:58:06,0.6,0.6,4.3,11.3,7.0,Customs hold,584.47,5.1,"LINESTRING (-8.8631 37.9543, -8.868 37.956)"
LEG00425-1,SHP00425,1,FAC_F004,Bilbao Steel Fabricator,Vendor,Spain,43.263,-2.935,PORT_P004,Port of Bilbao,Port,Spain,43.3476,-3.0443,Road,CAR007,V011,2024-09-20T09:00:00,2024-09-20T09:49:32,2024-09-20T16:36:00,2024-09-20T18:21:07,15.1,15.7,7.6,8.5,0.9,None,692.88,57.32,"LINESTRING (-2.935 43.263, -3.0443 43.3476)"
LEG00425-2,SHP00425,2,PORT_P004,Port of Bilbao,Port,Spain,43.3476,-3.0443,PORT_P005,Port of Sines,Port,Portugal,37.9543,-8.8631,Sea Breakbulk,CAR007,V011,2024-09-20T23:02:26,2024-09-21T01:19:50,2024-09-23T17:14:26,2024-09-23T21:41:20,838.9,865.4,66.2,68.4,2.2,None,7201.52,798.18,"LINESTRING (-3.0443 43.3476, -8.8631 37.9543)"
LEG00425-3,SHP00425,3,PORT_P005,Port of Sines,Port,Portugal,37.9543,-8.8631,FAC_F007,Sines Energy Project Site,Project Site,Portugal,37.956,-8.868,Road,CAR007,V011,2024-09-23T23:47:37,2024-09-24T01:42:02,2024-09-24T08:47:37,2024-09-24T14:13:33,0.6,0.6,9.0,12.5,3.5,None,580.47,2.19,"LINESTRING (-8.8631 37.9543, -8.868 37.956)"
LEG00426-1,SHP00426,1,FAC_F013,Valencia Export Depot,Warehouse,Spain,39.4699,-0.3763,PORT_P001,Port of Valencia,Port,Spain,39.461,-0.323,Road,CAR010,V004,2024-04-16T09:00:00,2024-04-16T10:41:51,2024-04-16T16:36:00,2024-04-17T06:23:39,5.4,5.5,7.6,19.7,12.1,Port congestion,691.72,5.18,"LINESTRING (-0.3763 39.4699, -0.323 39.461)"
LEG00426-2,SHP00426,2,PORT_P001,Port of Valencia,Port,Spain,39.461,-0.323,PORT_P005,Port of Sines,Port,Portugal,37.9543,-8.8631,Sea Breakbulk,CAR010,V004,2024-04-17T06:02:06,2024-04-17T20:22:32,2024-04-20T02:32:06,2024-04-20T18:36:39,793.1,842.3,68.5,70.2,1.7,None,6412.19,200.53,"LINESTRING (-0.323 39.461, -8.8631 37.9543)"
LEG00426-3,SHP00426,3,PORT_P005,Port of Sines,Port,Portugal,37.9543,-8.8631,FAC_F007,Sines Energy Project Site,Project Site,Portugal,37.956,-8.868,Road,CAR010,V004,2024-04-20T10:00:31,2024-04-21T07:25:30,2024-04-20T17:30:31,2024-04-21T14:58:44,0.6,0.6,7.5,7.6,0.1,None,672.01,0.57,"LINESTRING (-8.8631 37.9543, -8.868 37.956)"
LEG00427-1,SHP00427,1,FAC_F011,Rotterdam Consolidation Hub,Consolidation Hub,Netherlands,51.9244,4.4777,PORT_P006,Port of Rotterdam,Port,Netherlands,51.947,4.142,Road,CAR006,,2025-11-03T11:00:00,2025-11-03T13:17:23,2025-11-03T14:54:00,2025-11-03T15:32:04,28.2,28.6,3.9,2.2,0,None,454.64,12.42,"LINESTRING (4.4777 51.9244, 4.142 51.947)"
LEG00427-2,SHP00427,2,PORT_P006,Port of Rotterdam,Port,Netherlands,51.947,4.142,PORT_P009,Port of Marseille-Fos,Port,France,43.437,4.943,Container Sea,CAR006,,2025-11-04T03:36:37,2025-11-04T03:19:57,2025-11-07T15:12:37,2025-11-07T16:23:17,1008.9,1069.0,83.6,85.1,1.5,None,1892.11,87.94,"LINESTRING (4.142 51.947, 4.943 43.437)"
LEG00427-3,SHP00427,3,PORT_P009,Port of Marseille-Fos,Port,France,43.437,4.943,FAC_F018,Marseille Wind Substation Site,Project Site,France,43.2965,5.3698,Road,CAR006,,2025-11-07T20:00:27,2025-11-08T03:02:41,2025-11-08T03:00:27,2025-11-08T09:38:17,49.7,49.6,7.0,6.6,0,None,494.77,21.53,"LINESTRING (4.943 43.437, 5.3698 43.2965)"
LEG00428-1,SHP00428,1,FAC_F012,Antwerp EPC Supplier Yard,Vendor,Belgium,51.2194,4.4025,PORT_P007,Port of Antwerp-Bruges,Port,Belgium,51.2639,4.4009,Road,CAR006,,2024-08-20T11:00:00,2024-08-20T13:43:46,2024-08-20T21:06:00,2024-08-20T23:43:37,6.5,6.5,10.1,10.0,0,None,658.28,48.05,"LINESTRING (4.4025 51.2194, 4.4009 51.2639)"
LEG00428-2,SHP00428,2,PORT_P007,Port of Antwerp-Bruges,Port,Belgium,51.2639,4.4009,PORT_P009,Port of Marseille-Fos,Port,France,43.437,4.943,Container Sea,CAR006,,2024-08-21T05:43:52,2024-08-21T17:15:44,2024-08-23T16:07:52,2024-08-25T01:15:11,906.6,920.3,58.4,80.0,21.6,Carrier capacity,4822.63,1288.95,"LINESTRING (4.4009 51.2639, 4.943 43.437)"
LEG00428-3,SHP00428,3,PORT_P009,Port of Marseille-Fos,Port,France,43.437,4.943,FAC_F018,Marseille Wind Substation Site,Project Site,France,43.2965,5.3698,Road,CAR006,,2024-08-24T00:25:08,2024-08-25T16:10:56,2024-08-24T06:49:08,2024-08-25T23:21:53,48.9,49.9,6.4,7.2,0.8,None,1207.68,368.86,"LINESTRING (4.943 43.437, 5.3698 43.2965)"
LEG00429-1,SHP00429,1,FAC_F013,Valencia Export Depot,Warehouse,Spain,39.4699,-0.3763,PORT_P001,Port of Valencia,Port,Spain,39.461,-0.323,Road,CAR005,V003,2025-12-24T08:00:00,2025-12-24T08:24:32,2025-12-24T17:18:00,2025-12-24T19:22:50,5.9,6.2,9.3,11.0,1.7,None,409.92,0.55,"LINESTRING (-0.3763 39.4699, -0.323 39.461)"
LEG00429-2,SHP00429,2,PORT_P001,Port of Valencia,Port,Spain,39.461,-0.323,PORT_P016,Port of Alexandria,Port,Egypt,31.2001,29.9187,Container Sea,CAR005,V003,2025-12-24T23:38:22,2025-12-25T05:19:14,2025-12-31T16:08:22,2025-12-31T20:52:18,3191.1,3346.5,160.5,159.6,0,None,2608.84,56.02,"LINESTRING (-0.323 39.461, 29.9187 31.2001)"
LEG00429-3,SHP00429,3,PORT_P016,Port of Alexandria,Port,Egypt,31.2001,29.9187,FAC_F016,Alexandria Water Project Site,Project Site,Egypt,31.2001,29.9187,Road,CAR005,V003,2026-01-01T04:04:24,2026-01-01T06:45:33,2026-01-01T13:10:24,2026-01-01T17:43:08,0.0,0.0,9.1,11.0,1.9,None,400.0,0.0,"LINESTRING (29.9187 31.2001, 29.9187 31.2001)"
LEG00430-1,SHP00430,1,FAC_F011,Rotterdam Consolidation Hub,Consolidation Hub,Netherlands,51.9244,4.4777,PORT_P006,Port of Rotterdam,Port,Netherlands,51.947,4.142,Road,CAR006,,2025-12-10T07:00:00,2025-12-10T08:14:35,2025-12-10T15:00:00,2025-12-10T18:38:20,29.2,29.0,8.0,10.4,2.4,None,362.86,10.69,"LINESTRING (4.4777 51.9244, 4.142 51.947)"
LEG00430-2,SHP00430,2,PORT_P006,Port of Rotterdam,Port,Netherlands,51.947,4.142,PORT_P012,Port of Casablanca,Port,Morocco,33.605,-7.611,Container Sea,CAR006,,2025-12-10T20:49:12,2025-12-10T22:33:21,2025-12-16T13:37:12,2025-12-16T18:07:36,2489.2,2642.8,136.8,139.6,2.8,None,2016.93,184.57,"LINESTRING (4.142 51.947, -7.611 33.605)"
LEG00430-3,SHP00430,3,PORT_P012,Port of Casablanca,Port,Morocco,33.605,-7.611,FAC_F008,Casablanca Desalination Site,Project Site,Morocco,33.5731,-7.5898,Road,CAR006,,2025-12-17T02:41:17,2025-12-17T09:26:53,2025-12-17T07:23:17,2025-12-18T06:48:32,5.1,5.2,4.7,21.4,16.7,Port congestion,327.69,1.92,"LINESTRING (-7.611 33.605, -7.5898 33.5731)"
LEG00431-1,SHP00431,1,FAC_F012,Antwerp EPC Supplier Yard,Vendor,Belgium,51.2194,4.4025,PORT_P007,Port of Antwerp-Bruges,Port,Belgium,51.2639,4.4009,Road,CAR007,V011,2025-10-21T14:00:00,2025-10-21T14:10:00,2025-10-21T18:30:00,2025-10-21T20:09:39,5.6,5.8,4.5,6.0,1.5,None,674.72,58.69,"LINESTRING (4.4025 51.2194, 4.4009 51.2639)"
LEG00431-2,SHP00431,2,PORT_P007,Port of Antwerp-Bruges,Port,Belgium,51.2639,4.4009,PORT_P018,Port of Dammam,Port,Saudi Arabia,26.498,50.184,Sea Breakbulk,CAR007,V011,2025-10-22T03:36:56,2025-10-22T12:15:15,2025-10-31T09:30:56,2025-10-31T16:44:02,5267.5,5340.9,221.9,220.5,0,None,46642.52,13652.62,"LINESTRING (4.4009 51.2639, 50.184 26.498)"
LEG00431-3,SHP00431,3,PORT_P018,Port of Dammam,Port,Saudi Arabia,26.498,50.184,FAC_F017,Dammam Gas Project Site,Project Site,Saudi Arabia,26.4207,50.0888,Road,CAR007,V011,2025-10-31T14:48:43,2025-11-01T01:00:22,2025-10-31T19:24:43,2025-11-02T14:41:20,16.9,17.0,4.6,37.7,33.1,Carrier capacity,865.36,172.01,"LINESTRING (50.184 26.498, 50.0888 26.4207)"
LEG00432-1,SHP00432,1,FAC_F012,Antwerp EPC Supplier Yard,Vendor,Belgium,51.2194,4.4025,PORT_P007,Port of Antwerp-Bruges,Port,Belgium,51.2639,4.4009,Road,CAR006,,2025-04-28T10:00:00,2025-04-28T10:39:02,2025-04-28T15:36:00,2025-04-28T19:12:46,6.1,6.5,5.6,8.6,3.0,None,513.74,4.56,"LINESTRING (4.4025 51.2194, 4.4009 51.2639)"
LEG00432-2,SHP00432,2,PORT_P007,Port of Antwerp-Bruges,Port,Belgium,51.2639,4.4009,PORT_P005,Port of Sines,Port,Portugal,37.9543,-8.8631,Container Sea,CAR006,,2025-04-29T04:40:10,2025-04-29T06:40:28,2025-05-03T01:58:10,2025-05-03T07:25:40,1962.3,2074.4,93.3,96.8,3.5,None,3055.15,275.94,"LINESTRING (4.4009 51.2639, -8.8631 37.9543)"
LEG00432-3,SHP00432,3,PORT_P005,Port of Sines,Port,Portugal,37.9543,-8.8631,FAC_F007,Sines Energy Project Site,Project Site,Portugal,37.956,-8.868,Road,CAR006,,2025-05-03T11:18:52,2025-05-03T21:08:07,2025-05-03T16:12:52,2025-05-04T00:29:47,0.5,0.5,4.9,3.4,0,None,497.36,0.35,"LINESTRING (-8.8631 37.9543, -8.868 37.956)"
LEG00433-1,SHP00433,1,FAC_F005,Tarragona Equipment Vendor,Vendor,Spain,41.1189,1.2445,PORT_P002,Port of Barcelona,Port,Spain,41.3522,2.1686,Road,CAR010,V007,2024-12-18T08:00:00,2024-12-18T08:26:30,2024-12-18T14:42:00,2024-12-18T17:32:12,99.3,103.4,6.7,9.1,2.4,None,997.71,44.6,"LINESTRING (1.2445 41.1189, 2.1686 41.3522)"
LEG00433-2,SHP00433,2,PORT_P002,Port of Barcelona,Port,Spain,41.3522,2.1686,PORT_P018,Port of Dammam,Port,Saudi Arabia,26.498,50.184,Sea Breakbulk,CAR010,V007,2024-12-19T02:36:35,2024-12-19T04:36:48,2024-12-28T01:42:35,2024-12-28T02:14:55,4890.0,5014.4,215.1,213.6,0,None,11250.45,546.37,"LINESTRING (2.1686 41.3522, 50.184 26.498)"
LEG00433-3,SHP00433,3,PORT_P018,Port of Dammam,Port,Saudi Arabia,26.498,50.184,FAC_F017,Dammam Gas Project Site,Project Site,Saudi Arabia,26.4207,50.0888,Road,CAR010,V007,2024-12-28T08:22:50,2024-12-28T07:34:46,2024-12-28T14:52:50,2024-12-28T18:03:02,14.7,15.9,6.5,10.5,4.0,None,720.05,6.86,"LINESTRING (50.184 26.498, 50.0888 26.4207)"
LEG00434-1,SHP00434,1,FAC_F014,Cadiz Module Yard,Module Yard,Spain,36.5271,-6.2886,FAC_F007,Sines Energy Project Site,Project Site,Portugal,37.956,-8.868,Road,CAR008,,2025-10-28T11:00:00,2025-10-28T13:26:30,2025-10-29T00:06:00,2025-10-29T03:54:02,364.9,378.2,13.1,14.5,1.4,None,4720.22,1691.18,"LINESTRING (-6.2886 36.5271, -8.868 37.956)"
LEG00435-1,SHP00435,1,FAC_F010,Milan Valve Plant,Vendor,Italy,45.4642,9.19,PORT_P010,Port of Genoa,Port,Italy,44.41,8.925,Road,CAR010,V007,2024-01-15T10:00:00,2024-01-15T10:30:17,2024-01-15T18:30:00,2024-01-15T21:27:27,140.3,148.6,8.5,11.0,2.5,None,1142.31,72.28,"LINESTRING (9.19 45.4642, 8.925 44.41)"
LEG00435-2,SHP00435,2,PORT_P010,Port of Genoa,Port,Italy,44.41,8.925,PORT_P001,Port of Valencia,Port,Spain,39.461,-0.323,Sea Breakbulk,CAR010,V007,2024-01-16T08:41:41,2024-01-16T01:21:12,2024-01-19T03:29:41,2024-01-18T19:06:29,1012.2,1039.2,66.8,65.8,0,None,6324.33,127.7,"LINESTRING (8.925 44.41, -0.323 39.461)"
LEG00435-3,SHP00435,3,PORT_P001,Port of Valencia,Port,Spain,39.461,-0.323,FAC_F001,Zaragoza Distribution Hub,Warehouse,Spain,41.6488,-0.8891,Road,CAR010,V007,2024-01-19T11:58:14,2024-01-19T03:40:32,2024-01-20T01:16:14,2024-01-20T07:03:23,311.4,319.6,13.3,27.4,14.1,Customs hold,1686.29,155.45,"LINESTRING (-0.323 39.461, -0.8891 41.6488)"
LEG00436-1,SHP00436,1,FAC_F010,Milan Valve Plant,Vendor,Italy,45.4642,9.19,PORT_P010,Port of Genoa,Port,Italy,44.41,8.925,Road,CAR007,V005,2024-01-26T07:00:00,2024-01-26T09:34:42,2024-01-26T18:00:00,2024-01-26T20:21:20,152.8,155.9,11.0,10.8,0,None,950.31,83.68,"LINESTRING (9.19 45.4642, 8.925 44.41)"
LEG00436-2,SHP00436,2,PORT_P010,Port of Genoa,Port,Italy,44.41,8.925,PORT_P005,Port of Sines,Port,Portugal,37.9543,-8.8631,Sea Breakbulk,CAR007,V005,2024-01-27T08:09:27,2024-01-27T05:18:06,2024-01-30T19:21:27,2024-01-30T17:50:36,1788.0,1834.9,83.2,84.5,1.3,None,5962.99,248.81,"LINESTRING (8.925 44.41, -8.8631 37.9543)"
LEG00436-3,SHP00436,3,PORT_P005,Port of Sines,Port,Portugal,37.9543,-8.8631,FAC_F007,Sines Energy Project Site,Project Site,Portugal,37.956,-8.868,Road,CAR007,V005,2024-01-31T11:17:43,2024-01-31T08:53:37,2024-01-31T15:29:43,2024-01-31T13:59:12,0.6,0.6,4.2,5.1,0.9,None,541.58,0.32,"LINESTRING (-8.8631 37.9543, -8.868 37.956)"
LEG00437-1,SHP00437,1,FAC_F011,Rotterdam Consolidation Hub,Consolidation Hub,Netherlands,51.9244,4.4777,PORT_P006,Port of Rotterdam,Port,Netherlands,51.947,4.142,Road,CAR006,,2025-02-11T07:00:00,2025-02-11T07:04:38,2025-02-11T15:54:00,2025-02-11T15:59:52,26.3,26.4,8.9,8.9,0.0,None,554.61,8.45,"LINESTRING (4.4777 51.9244, 4.142 51.947)"
LEG00437-2,SHP00437,2,PORT_P006,Port of Rotterdam,Port,Netherlands,51.947,4.142,PORT_P012,Port of Casablanca,Port,Morocco,33.605,-7.611,Container Sea,CAR006,,2025-02-12T04:05:34,2025-02-11T21:22:02,2025-02-17T01:41:34,2025-02-16T20:42:42,2335.4,2519.0,117.6,119.3,1.7,None,3020.93,152.8,"LINESTRING (4.142 51.947, -7.611 33.605)"
LEG00437-3,SHP00437,3,PORT_P012,Port of Casablanca,Port,Morocco,33.605,-7.611,FAC_F008,Casablanca Desalination Site,Project Site,Morocco,33.5731,-7.5898,Road,CAR006,,2025-02-17T09:01:52,2025-02-17T13:14:41,2025-02-17T17:25:52,2025-02-19T00:56:14,4.6,4.8,8.4,35.7,27.3,Road permit delay,506.66,1.54,"LINESTRING (-7.611 33.605, -7.5898 33.5731)"
LEG00438-1,SHP00438,1,FAC_F004,Bilbao Steel Fabricator,Vendor,Spain,43.263,-2.935,PORT_P004,Port of Bilbao,Port,Spain,43.3476,-3.0443,Road,CAR004,V012,2025-01-03T07:00:00,2025-01-03T06:55:45,2025-01-03T14:12:00,2025-01-03T20:50:33,16.5,17.3,7.2,13.9,6.7,Documentation issue,787.86,122.13,"LINESTRING (-2.935 43.263, -3.0443 43.3476)"
LEG00438-2,SHP00438,2,PORT_P004,Port of Bilbao,Port,Spain,43.3476,-3.0443,PORT_P016,Port of Alexandria,Port,Egypt,31.2001,29.9187,Sea Breakbulk,CAR004,V012,2025-01-04T02:44:29,2025-01-04T00:25:51,2025-01-11T03:08:29,2025-01-11T00:27:19,3432.1,3599.6,168.4,168.0,0,None,24613.52,6419.67,"LINESTRING (-3.0443 43.3476, 29.9187 31.2001)"
LEG00438-3,SHP00438,3,PORT_P016,Port of Alexandria,Port,Egypt,31.2001,29.9187,FAC_F016,Alexandria Water Project Site,Project Site,Egypt,31.2001,29.9187,Road,CAR004,V012,2025-01-11T10:49:45,2025-01-11T15:08:53,2025-01-11T16:07:45,2025-01-11T19:29:45,0.0,0.0,5.3,4.3,0,None,576.0,0.0,"LINESTRING (29.9187 31.2001, 29.9187 31.2001)"
LEG00439-1,SHP00439,1,FAC_F013,Valencia Export Depot,Warehouse,Spain,39.4699,-0.3763,PORT_P001,Port of Valencia,Port,Spain,39.461,-0.323,Road,CAR007,V011,2025-08-11T13:00:00,2025-08-11T12:00:13,2025-08-11T17:00:00,2025-08-11T14:59:06,6.2,6.6,4.0,3.0,0,None,560.97,5.94,"LINESTRING (-0.3763 39.4699, -0.323 39.461)"
LEG00439-2,SHP00439,2,PORT_P001,Port of Valencia,Port,Spain,39.461,-0.323,PORT_P012,Port of Casablanca,Port,Morocco,33.605,-7.611,Sea Breakbulk,CAR007,V011,2025-08-12T00:02:09,2025-08-11T18:02:16,2025-08-14T15:56:09,2025-08-15T02:52:18,948.3,964.4,63.9,80.8,16.9,Customs hold,5303.19,219.19,"LINESTRING (-0.323 39.461, -7.611 33.605)"
LEG00439-3,SHP00439,3,PORT_P012,Port of Casablanca,Port,Morocco,33.605,-7.611,FAC_F008,Casablanca Desalination Site,Project Site,Morocco,33.5731,-7.5898,Road,CAR007,V011,2025-08-14T22:09:37,2025-08-15T12:22:25,2025-08-15T06:27:37,2025-08-15T20:10:45,5.1,5.4,8.3,7.8,0,None,557.15,4.86,"LINESTRING (-7.611 33.605, -7.5898 33.5731)"
LEG00440-1,SHP00440,1,FAC_F010,Milan Valve Plant,Vendor,Italy,45.4642,9.19,PORT_P010,Port of Genoa,Port,Italy,44.41,8.925,Road,CAR005,V009,2025-10-14T10:00:00,2025-10-14T09:22:38,2025-10-14T18:30:00,2025-10-14T16:22:01,133.8,135.1,8.5,7.0,0,None,937.29,151.7,"LINESTRING (9.19 45.4642, 8.925 44.41)"
LEG00440-2,SHP00440,2,PORT_P010,Port of Genoa,Port,Italy,44.41,8.925,PORT_P018,Port of Dammam,Port,Saudi Arabia,26.498,50.184,Container Sea,CAR005,V009,2025-10-15T06:11:18,2025-10-14T21:23:53,2025-10-22T18:53:18,2025-10-22T08:57:14,4399.9,4366.3,180.7,179.6,0,None,5023.29,928.97,"LINESTRING (8.925 44.41, 50.184 26.498)"
LEG00440-3,SHP00440,3,PORT_P018,Port of Dammam,Port,Saudi Arabia,26.498,50.184,FAC_F017,Dammam Gas Project Site,Project Site,Saudi Arabia,26.4207,50.0888,Road,CAR005,V009,2025-10-23T08:05:29,2025-10-22T20:40:31,2025-10-23T13:17:29,2025-10-23T11:42:34,15.0,15.1,5.2,15.0,9.8,Weather disruption,545.32,16.96,"LINESTRING (50.184 26.498, 50.0888 26.4207)"
LEG00441-1,SHP00441,1,FAC_F010,Milan Valve Plant,Vendor,Italy,45.4642,9.19,PORT_P010,Port of Genoa,Port,Italy,44.41,8.925,Road,CAR006,,2025-09-30T10:00:00,2025-09-30T11:13:34,2025-09-30T21:00:00,2025-10-01T03:58:59,136.3,145.3,11.0,16.8,5.8,Documentation issue,744.2,135.96,"LINESTRING (9.19 45.4642, 8.925 44.41)"
LEG00441-2,SHP00441,2,PORT_P010,Port of Genoa,Port,Italy,44.41,8.925,PORT_P005,Port of Sines,Port,Portugal,37.9543,-8.8631,Container Sea,CAR006,,2025-10-01T11:49:34,2025-10-01T15:42:44,2025-10-04T21:31:34,2025-10-05T05:07:07,1802.4,1799.8,81.7,85.4,3.7,None,2402.05,319.1,"LINESTRING (8.925 44.41, -8.8631 37.9543)"
LEG00441-3,SHP00441,3,PORT_P005,Port of Sines,Port,Portugal,37.9543,-8.8631,FAC_F007,Sines Energy Project Site,Project Site,Portugal,37.956,-8.868,Road,CAR006,,2025-10-05T02:14:48,2025-10-05T21:46:03,2025-10-05T08:56:48,2025-10-06T06:21:45,0.5,0.5,6.7,8.6,1.9,None,401.18,0.47,"LINESTRING (-8.8631 37.9543, -8.868 37.956)"
LEG00442-1,SHP00442,1,FAC_F010,Milan Valve Plant,Vendor,Italy,45.4642,9.19,PORT_P010,Port of Genoa,Port,Italy,44.41,8.925,Road,CAR010,V014,2025-03-12T13:00:00,2025-03-12T13:19:11,2025-03-12T19:48:00,2025-03-12T18:52:50,157.4,159.4,6.8,5.6,0,None,1017.9,106.15,"LINESTRING (9.19 45.4642, 8.925 44.41)"
LEG00442-2,SHP00442,2,PORT_P010,Port of Genoa,Port,Italy,44.41,8.925,PORT_P018,Port of Dammam,Port,Saudi Arabia,26.498,50.184,Sea Breakbulk,CAR010,V014,2025-03-13T06:07:26,2025-03-13T05:54:49,2025-03-21T11:19:26,2025-03-21T11:52:20,4611.4,4648.6,197.2,198.0,0.8,None,9641.96,782.08,"LINESTRING (8.925 44.41, 50.184 26.498)"
LEG00442-3,SHP00442,3,PORT_P018,Port of Dammam,Port,Saudi Arabia,26.498,50.184,FAC_F017,Dammam Gas Project Site,Project Site,Saudi Arabia,26.4207,50.0888,Road,CAR010,V014,2025-03-21T22:20:36,2025-03-21T16:07:55,2025-03-22T03:38:36,2025-03-21T22:08:02,16.2,16.2,5.3,6.0,0.7,None,588.57,10.79,"LINESTRING (50.184 26.498, 50.0888 26.4207)"
LEG00443-1,SHP00443,1,FAC_F014,Cadiz Module Yard,Module Yard,Spain,36.5271,-6.2886,PORT_P003,Port of Algeciras,Port,Spain,36.1324,-5.4479,Road,CAR003,V010,2025-11-26T14:00:00,2025-11-26T16:58:52,2025-11-26T19:24:00,2025-11-27T08:07:26,110.9,119.6,5.4,15.1,9.7,Weather disruption,1687.58,537.42,"LINESTRING (-6.2886 36.5271, -5.4479 36.1324)"
LEG00443-2,SHP00443,2,PORT_P003,Port of Algeciras,Port,Spain,36.1324,-5.4479,PORT_P012,Port of Casablanca,Port,Morocco,33.605,-7.611,RoRo,CAR003,V010,2025-11-27T11:17:01,2025-11-27T18:35:31,2025-11-28T10:29:01,2025-11-28T18:14:21,380.4,379.5,23.2,23.6,0.4,None,2936.8,538.51,"LINESTRING (-5.4479 36.1324, -7.611 33.605)"
LEG00443-3,SHP00443,3,PORT_P012,Port of Casablanca,Port,Morocco,33.605,-7.611,FAC_F008,Casablanca Desalination Site,Project Site,Morocco,33.5731,-7.5898,Road,CAR003,V010,2025-11-28T22:58:38,2025-11-28T21:31:01,2025-11-29T06:52:38,2025-11-29T23:16:56,5.4,5.8,7.9,25.8,17.9,Weather disruption,629.91,26.06,"LINESTRING (-7.611 33.605, -7.5898 33.5731)"
LEG00444-1,SHP00444,1,FAC_F011,Rotterdam Consolidation Hub,Consolidation Hub,Netherlands,51.9244,4.4777,FAC_F001,Zaragoza Distribution Hub,Warehouse,Spain,41.6488,-0.8891,Road,CAR001,,2024-12-25T11:00:00,2024-12-25T11:49:58,2024-12-26T13:36:00,2024-12-26T15:23:24,1417.0,1456.3,26.6,27.6,1.0,None,2473.23,578.3,"LINESTRING (4.4777 51.9244, -0.8891 41.6488)"
LEG00445-1,SHP00445,1,FAC_F001,Zaragoza Distribution Hub,Warehouse,Spain,41.6488,-0.8891,PORT_P001,Port of Valencia,Port,Spain,39.461,-0.323,Road,CAR004,V001,2024-04-21T11:00:00,2024-04-21T13:19:31,2024-04-21T20:48:00,2024-04-21T22:54:39,303.1,304.8,9.8,9.6,0,None,1151.59,221.22,"LINESTRING (-0.8891 41.6488, -0.323 39.461)"
LEG00445-2,SHP00445,2,PORT_P001,Port of Valencia,Port,Spain,39.461,-0.323,PORT_P005,Port of Sines,Port,Portugal,37.9543,-8.8631,Sea Breakbulk,CAR004,V001,2024-04-22T06:49:49,2024-04-22T03:01:27,2024-04-24T07:19:49,2024-04-24T06:17:57,795.2,797.6,48.5,51.3,2.8,None,3999.59,146.25,"LINESTRING (-0.323 39.461, -8.8631 37.9543)"
LEG00445-3,SHP00445,3,PORT_P005,Port of Sines,Port,Portugal,37.9543,-8.8631,FAC_F007,Sines Energy Project Site,Project Site,Portugal,37.956,-8.868,Road,CAR004,V001,2024-04-24T12:36:57,2024-04-24T21:59:47,2024-04-24T20:42:57,2024-04-25T09:47:01,0.6,0.6,8.1,11.8,3.7,None,433.42,0.44,"LINESTRING (-8.8631 37.9543, -8.868 37.956)"
LEG00446-1,SHP00446,1,FAC_F005,Tarragona Equipment Vendor,Vendor,Spain,41.1189,1.2445,PORT_P002,Port of Barcelona,Port,Spain,41.3522,2.1686,Road,CAR004,V012,2024-12-31T14:00:00,2024-12-31T16:05:24,2024-12-31T18:30:00,2025-01-01T00:35:16,92.4,94.0,4.5,8.5,4.0,None,611.46,28.58,"LINESTRING (1.2445 41.1189, 2.1686 41.3522)"
LEG00446-2,SHP00446,2,PORT_P002,Port of Barcelona,Port,Spain,41.3522,2.1686,PORT_P005,Port of Sines,Port,Portugal,37.9543,-8.8631,Sea Breakbulk,CAR004,V012,2024-12-31T23:04:31,2025-01-01T16:11:08,2025-01-03T10:16:31,2025-01-04T23:30:30,1060.2,1107.4,59.2,79.3,20.1,Customs hold,4054.05,85.05,"LINESTRING (2.1686 41.3522, -8.8631 37.9543)"
LEG00446-3,SHP00446,3,PORT_P005,Port of Sines,Port,Portugal,37.9543,-8.8631,FAC_F007,Sines Energy Project Site,Project Site,Portugal,37.956,-8.868,Road,CAR004,V012,2025-01-03T15:41:42,2025-01-05T09:51:04,2025-01-03T20:41:42,2025-01-05T16:21:20,0.5,0.5,5.0,6.5,1.5,None,432.95,0.15,"LINESTRING (-8.8631 37.9543, -8.868 37.956)"
LEG00447-1,SHP00447,1,FAC_F004,Bilbao Steel Fabricator,Vendor,Spain,43.263,-2.935,PORT_P004,Port of Bilbao,Port,Spain,43.3476,-3.0443,Road,CAR010,V004,2024-12-03T12:00:00,2024-12-03T13:16:11,2024-12-03T17:12:00,2024-12-03T20:07:54,16.7,17.1,5.2,6.9,1.7,None,484.87,23.85,"LINESTRING (-2.935 43.263, -3.0443 43.3476)"
LEG00447-2,SHP00447,2,PORT_P004,Port of Bilbao,Port,Spain,43.3476,-3.0443,PORT_P016,Port of Alexandria,Port,Egypt,31.2001,29.9187,Sea Breakbulk,CAR010,V004,2024-12-04T04:27:02,2024-12-04T09:14:24,2024-12-10T02:15:02,2024-12-10T06:12:27,3253.6,3278.3,141.8,141.0,0,None,7510.81,1155.01,"LINESTRING (-3.0443 43.3476, 29.9187 31.2001)"
LEG00447-3,SHP00447,3,PORT_P016,Port of Alexandria,Port,Egypt,31.2001,29.9187,FAC_F016,Alexandria Water Project Site,Project Site,Egypt,31.2001,29.9187,Road,CAR010,V004,2024-12-10T16:52:25,2024-12-10T09:18:15,2024-12-11T02:10:25,2024-12-10T21:06:17,0.0,0.0,9.3,11.8,2.5,None,432.0,0.0,"LINESTRING (29.9187 31.2001, 29.9187 31.2001)"
LEG00448-1,SHP00448,1,FAC_F012,Antwerp EPC Supplier Yard,Vendor,Belgium,51.2194,4.4025,PORT_P007,Port of Antwerp-Bruges,Port,Belgium,51.2639,4.4009,Road,CAR006,,2024-12-09T10:00:00,2024-12-09T10:19:31,2024-12-09T16:06:00,2024-12-09T20:19:09,5.7,6.0,6.1,10.0,3.9,None,570.15,13.66,"LINESTRING (4.4025 51.2194, 4.4009 51.2639)"
LEG00448-2,SHP00448,2,PORT_P007,Port of Antwerp-Bruges,Port,Belgium,51.2639,4.4009,PORT_P012,Port of Casablanca,Port,Morocco,33.605,-7.611,Container Sea,CAR006,,2024-12-09T22:11:49,2024-12-10T07:31:34,2024-12-14T05:47:49,2024-12-14T15:34:45,2278.8,2363.9,103.6,104.1,0.5,None,4686.27,1019.5,"LINESTRING (4.4009 51.2639, -7.611 33.605)"
LEG00448-3,SHP00448,3,PORT_P012,Port of Casablanca,Port,Morocco,33.605,-7.611,FAC_F008,Casablanca Desalination Site,Project Site,Morocco,33.5731,-7.5898,Road,CAR006,,2024-12-14T16:29:14,2024-12-14T23:33:17,2024-12-14T20:17:14,2024-12-15T01:43:26,5.1,5.2,3.8,2.2,0,None,566.13,11.84,"LINESTRING (-7.611 33.605, -7.5898 33.5731)"
LEG00449-1,SHP00449,1,FAC_F004,Bilbao Steel Fabricator,Vendor,Spain,43.263,-2.935,PORT_P004,Port of Bilbao,Port,Spain,43.3476,-3.0443,Road,CAR007,V011,2025-07-27T10:00:00,2025-07-27T09:29:39,2025-07-27T15:42:00,2025-07-27T14:58:00,15.6,16.6,5.7,5.5,0,None,1071.25,168.88,"LINESTRING (-2.935 43.263, -3.0443 43.3476)"
LEG00449-2,SHP00449,2,PORT_P004,Port of Bilbao,Port,Spain,43.3476,-3.0443,PORT_P016,Port of Alexandria,Port,Egypt,31.2001,29.9187,Sea Breakbulk,CAR007,V011,2025-07-27T22:56:15,2025-07-27T22:08:03,2025-08-03T08:44:15,2025-08-03T11:14:46,3367.8,3596.4,153.8,157.1,3.3,None,40833.14,9243.32,"LINESTRING (-3.0443 43.3476, 29.9187 31.2001)"
LEG00449-3,SHP00449,3,PORT_P016,Port of Alexandria,Port,Egypt,31.2001,29.9187,FAC_F016,Alexandria Water Project Site,Project Site,Egypt,31.2001,29.9187,Road,CAR007,V011,2025-08-03T19:17:05,2025-08-03T15:35:55,2025-08-03T22:29:05,2025-08-03T16:53:30,0.0,0.0,3.2,1.3,0,None,720.0,0.0,"LINESTRING (29.9187 31.2001, 29.9187 31.2001)"
LEG00450-1,SHP00450,1,FAC_F009,Lyon Fabrication Partner,Vendor,France,45.764,4.8357,PORT_P009,Port of Marseille-Fos,Port,France,43.437,4.943,Road,CAR006,,2025-05-20T13:00:00,2025-05-20T12:16:30,2025-05-21T00:30:00,2025-05-21T00:28:50,294.3,311.4,11.5,12.2,0.7,None,2114.74,417.71,"LINESTRING (4.8357 45.764, 4.943 43.437)"
LEG00450-2,SHP00450,2,PORT_P009,Port of Marseille-Fos,Port,France,43.437,4.943,PORT_P005,Port of Sines,Port,Portugal,37.9543,-8.8631,Container Sea,CAR006,,2025-05-21T15:35:20,2025-05-21T15:42:28,2025-05-24T21:47:20,2025-05-24T23:36:10,1347.2,1424.3,78.2,79.9,1.7,None,3914.94,362.0,"LINESTRING (4.943 43.437, -8.8631 37.9543)"
LEG00450-3,SHP00450,3,PORT_P005,Port of Sines,Port,Portugal,37.9543,-8.8631,FAC_F007,Sines Energy Project Site,Project Site,Portugal,37.956,-8.868,Road,CAR006,,2025-05-25T06:47:44,2025-05-25T15:29:04,2025-05-25T12:23:44,2025-05-26T00:36:35,0.5,0.5,5.6,9.1,3.5,None,671.92,0.67,"LINESTRING (-8.8631 37.9543, -8.868 37.956)"
LEG00451-1,SHP00451,1,FAC_F012,Antwerp EPC Supplier Yard,Vendor,Belgium,51.2194,4.4025,PORT_P007,Port of Antwerp-Bruges,Port,Belgium,51.2639,4.4009,Road,CAR004,V012,2025-02-18T07:00:00,2025-02-18T07:07:36,2025-02-18T15:36:00,2025-02-19T02:52:49,5.6,6.0,8.6,19.8,11.2,Carrier capacity,451.25,8.45,"LINESTRING (4.4025 51.2194, 4.4009 51.2639)"
LEG00451-2,SHP00451,2,PORT_P007,Port of Antwerp-Bruges,Port,Belgium,51.2639,4.4009,PORT_P005,Port of Sines,Port,Portugal,37.9543,-8.8631,Sea Breakbulk,CAR004,V012,2025-02-18T20:56:40,2025-02-19T17:54:40,2025-02-23T17:50:40,2025-02-24T17:10:55,1926.2,1966.6,116.9,119.3,2.4,None,5900.93,699.48,"LINESTRING (4.4009 51.2639, -8.8631 37.9543)"
LEG00451-3,SHP00451,3,PORT_P005,Port of Sines,Port,Portugal,37.9543,-8.8631,FAC_F007,Sines Energy Project Site,Project Site,Portugal,37.956,-8.868,Road,CAR004,V012,2025-02-24T06:33:28,2025-02-25T02:46:18,2025-02-24T14:03:28,2025-02-26T02:00:15,0.5,0.5,7.5,23.2,15.7,Customs hold,433.6,0.7,"LINESTRING (-8.8631 37.9543, -8.868 37.956)"
LEG00452-1,SHP00452,1,FAC_F010,Milan Valve Plant,Vendor,Italy,45.4642,9.19,PORT_P010,Port of Genoa,Port,Italy,44.41,8.925,Road,CAR005,V013,2024-04-16T15:00:00,2024-04-16T17:12:16,2024-04-16T22:30:00,2024-04-17T02:07:36,138.8,137.6,7.5,8.9,1.4,None,538.11,71.77,"LINESTRING (9.19 45.4642, 8.925 44.41)"
LEG00452-2,SHP00452,2,PORT_P010,Port of Genoa,Port,Italy,44.41,8.925,PORT_P012,Port of Casablanca,Port,Morocco,33.605,-7.611,Container Sea,CAR005,V013,2024-04-17T14:08:25,2024-04-17T10:57:55,2024-04-21T15:14:25,2024-04-21T10:33:28,2007.6,2086.5,97.1,95.6,0,None,1888.71,206.19,"LINESTRING (8.925 44.41, -7.611 33.605)"
LEG00452-3,SHP00452,3,PORT_P012,Port of Casablanca,Port,Morocco,33.605,-7.611,FAC_F008,Casablanca Desalination Site,Project Site,Morocco,33.5731,-7.5898,Road,CAR005,V013,2024-04-22T03:38:14,2024-04-22T03:30:40,2024-04-22T06:50:14,2024-04-22T10:41:50,5.4,5.4,3.2,7.2,4.0,None,328.56,2.82,"LINESTRING (-7.611 33.605, -7.5898 33.5731)"
LEG00453-1,SHP00453,1,FAC_F004,Bilbao Steel Fabricator,Vendor,Spain,43.263,-2.935,PORT_P004,Port of Bilbao,Port,Spain,43.3476,-3.0443,Road,CAR010,V014,2025-12-15T09:00:00,2025-12-15T11:08:39,2025-12-15T13:42:00,2025-12-15T14:28:16,15.7,16.1,4.7,3.3,0,None,500.59,37.86,"LINESTRING (-2.935 43.263, -3.0443 43.3476)"
LEG00453-2,SHP00453,2,PORT_P004,Port of Bilbao,Port,Spain,43.3476,-3.0443,PORT_P012,Port of Casablanca,Port,Morocco,33.605,-7.611,Sea Breakbulk,CAR010,V014,2025-12-16T02:22:51,2025-12-15T20:26:44,2025-12-18T23:28:51,2025-12-18T20:11:07,1290.2,1368.3,69.1,71.7,2.6,None,5782.21,812.77,"LINESTRING (-3.0443 43.3476, -7.611 33.605)"
LEG00453-3,SHP00453,3,PORT_P012,Port of Casablanca,Port,Morocco,33.605,-7.611,FAC_F008,Casablanca Desalination Site,Project Site,Morocco,33.5731,-7.5898,Road,CAR010,V014,2025-12-19T05:58:31,2025-12-19T10:48:14,2025-12-19T15:34:31,2025-12-20T05:03:39,5.1,5.5,9.6,18.3,8.7,Port congestion,455.43,12.93,"LINESTRING (-7.611 33.605, -7.5898 33.5731)"
LEG00454-1,SHP00454,1,FAC_F005,Tarragona Equipment Vendor,Vendor,Spain,41.1189,1.2445,PORT_P002,Port of Barcelona,Port,Spain,41.3522,2.1686,Road,CAR006,,2025-04-08T13:00:00,2025-04-08T14:07:57,2025-04-08T22:12:00,2025-04-08T23:09:20,100.0,99.9,9.2,9.0,0,None,800.28,188.86,"LINESTRING (1.2445 41.1189, 2.1686 41.3522)"
LEG00454-2,SHP00454,2,PORT_P002,Port of Barcelona,Port,Spain,41.3522,2.1686,PORT_P001,Port of Valencia,Port,Spain,39.461,-0.323,Container Sea,CAR006,,2025-04-09T14:10:51,2025-04-09T08:20:57,2025-04-11T09:46:51,2025-04-11T02:59:44,328.3,350.9,43.6,42.6,0,None,1850.23,125.69,"LINESTRING (2.1686 41.3522, -0.323 39.461)"
LEG00454-3,SHP00454,3,PORT_P001,Port of Valencia,Port,Spain,39.461,-0.323,FAC_F001,Zaragoza Distribution Hub,Warehouse,Spain,41.6488,-0.8891,Road,CAR006,,2025-04-11T22:16:48,2025-04-11T17:54:18,2025-04-12T07:16:48,2025-04-12T04:33:25,302.0,305.5,9.0,10.7,1.7,None,1558.22,577.55,"LINESTRING (-0.323 39.461, -0.8891 41.6488)"
LEG00455-1,SHP00455,1,FAC_F012,Antwerp EPC Supplier Yard,Vendor,Belgium,51.2194,4.4025,PORT_P007,Port of Antwerp-Bruges,Port,Belgium,51.2639,4.4009,Road,CAR006,,2025-10-05T15:00:00,2025-10-05T17:15:57,2025-10-06T00:06:00,2025-10-06T02:23:16,6.0,6.4,9.1,9.1,0.0,None,514.06,5.37,"LINESTRING (4.4025 51.2194, 4.4009 51.2639)"
LEG00455-2,SHP00455,2,PORT_P007,Port of Antwerp-Bruges,Port,Belgium,51.2639,4.4009,PORT_P005,Port of Sines,Port,Portugal,37.9543,-8.8631,Container Sea,CAR006,,2025-10-06T13:01:57,2025-10-06T12:32:44,2025-10-10T03:13:57,2025-10-10T02:53:36,2000.2,2042.5,86.2,86.3,0.1,None,3082.86,324.63,"LINESTRING (4.4009 51.2639, -8.8631 37.9543)"
LEG00455-3,SHP00455,3,PORT_P005,Port of Sines,Port,Portugal,37.9543,-8.8631,FAC_F007,Sines Energy Project Site,Project Site,Portugal,37.956,-8.868,Road,CAR006,,2025-10-10T11:50:56,2025-10-10T16:15:40,2025-10-10T18:08:56,2025-10-10T23:48:45,0.6,0.6,6.3,7.6,1.3,None,497.69,0.5,"LINESTRING (-8.8631 37.9543, -8.868 37.956)"
LEG00456-1,SHP00456,1,FAC_F012,Antwerp EPC Supplier Yard,Vendor,Belgium,51.2194,4.4025,PORT_P007,Port of Antwerp-Bruges,Port,Belgium,51.2639,4.4009,Road,CAR004,V012,2024-03-25T11:00:00,2024-03-25T13:50:19,2024-03-25T15:48:00,2024-03-25T23:33:11,6.6,7.0,4.8,9.7,4.9,Road permit delay,452.7,9.63,"LINESTRING (4.4025 51.2194, 4.4009 51.2639)"
LEG00456-2,SHP00456,2,PORT_P007,Port of Antwerp-Bruges,Port,Belgium,51.2639,4.4009,PORT_P001,Port of Valencia,Port,Spain,39.461,-0.323,Sea Breakbulk,CAR004,V012,2024-03-25T22:54:16,2024-03-26T11:21:04,2024-03-28T23:30:16,2024-03-29T16:44:58,1481.9,1559.0,72.6,77.4,4.8,Port congestion,5180.99,541.78,"LINESTRING (4.4009 51.2639, -0.323 39.461)"
LEG00456-3,SHP00456,3,PORT_P001,Port of Valencia,Port,Spain,39.461,-0.323,FAC_F001,Zaragoza Distribution Hub,Warehouse,Spain,41.6488,-0.8891,Road,CAR004,V012,2024-03-29T07:24:05,2024-03-30T08:18:14,2024-03-29T17:24:05,2024-03-30T20:41:30,320.2,325.5,10.0,12.4,2.4,None,1394.68,447.76,"LINESTRING (-0.323 39.461, -0.8891 41.6488)"
LEG00457-1,SHP00457,1,FAC_F012,Antwerp EPC Supplier Yard,Vendor,Belgium,51.2194,4.4025,PORT_P007,Port of Antwerp-Bruges,Port,Belgium,51.2639,4.4009,Road,CAR006,,2024-04-16T10:00:00,2024-04-16T11:00:44,2024-04-16T20:00:00,2024-04-16T19:45:36,6.4,6.7,10.0,8.7,0,None,692.37,3.9,"LINESTRING (4.4025 51.2194, 4.4009 51.2639)"
LEG00457-2,SHP00457,2,PORT_P007,Port of Antwerp-Bruges,Port,Belgium,51.2639,4.4009,PORT_P012,Port of Casablanca,Port,Morocco,33.605,-7.611,Container Sea,CAR006,,2024-04-17T09:25:49,2024-04-16T23:03:21,2024-04-22T23:37:49,2024-04-23T13:45:32,2239.7,2414.7,134.2,158.7,24.5,Documentation issue,4243.15,266.44,"LINESTRING (4.4009 51.2639, -7.611 33.605)"
LEG00457-3,SHP00457,3,PORT_P012,Port of Casablanca,Port,Morocco,33.605,-7.611,FAC_F008,Casablanca Desalination Site,Project Site,Morocco,33.5731,-7.5898,Road,CAR006,,2024-04-23T07:38:23,2024-04-24T03:10:03,2024-04-23T13:02:23,2024-04-24T07:37:46,5.3,5.5,5.4,4.5,0,None,688.29,3.2,"LINESTRING (-7.611 33.605, -7.5898 33.5731)"
LEG00458-1,SHP00458,1,FAC_F009,Lyon Fabrication Partner,Vendor,France,45.764,4.8357,FAC_F018,Marseille Wind Substation Site,Project Site,France,43.2965,5.3698,Road,CAR008,,2025-05-01T12:00:00,2025-05-01T12:15:30,2025-05-01T22:48:00,2025-05-01T21:35:54,327.2,349.2,10.8,9.3,0,None,1722.46,697.32,"LINESTRING (4.8357 45.764, 5.3698 43.2965)"
LEG00459-1,SHP00459,1,FAC_F010,Milan Valve Plant,Vendor,Italy,45.4642,9.19,PORT_P010,Port of Genoa,Port,Italy,44.41,8.925,Road,CAR005,V003,2024-11-22T08:00:00,2024-11-22T07:15:49,2024-11-22T14:30:00,2024-11-22T12:25:32,146.4,155.7,6.5,5.2,0,None,565.07,75.14,"LINESTRING (9.19 45.4642, 8.925 44.41)"
LEG00459-2,SHP00459,2,PORT_P010,Port of Genoa,Port,Italy,44.41,8.925,PORT_P001,Port of Valencia,Port,Spain,39.461,-0.323,Container Sea,CAR005,V003,2024-11-23T03:42:26,2024-11-23T06:05:19,2024-11-26T06:48:26,2024-11-26T19:24:53,1043.1,1043.1,75.1,85.3,10.2,Customs hold,1516.16,95.38,"LINESTRING (8.925 44.41, -0.323 39.461)"
LEG00459-3,SHP00459,3,PORT_P001,Port of Valencia,Port,Spain,39.461,-0.323,FAC_F001,Zaragoza Distribution Hub,Warehouse,Spain,41.6488,-0.8891,Road,CAR005,V003,2024-11-26T16:13:42,2024-11-27T06:50:28,2024-11-27T06:07:42,2024-11-27T23:19:18,281.1,286.4,13.9,16.5,2.6,None,770.79,138.22,"LINESTRING (-0.323 39.461, -0.8891 41.6488)"
LEG00460-1,SHP00460,1,FAC_F012,Antwerp EPC Supplier Yard,Vendor,Belgium,51.2194,4.4025,PORT_P007,Port of Antwerp-Bruges,Port,Belgium,51.2639,4.4009,Road,CAR010,V007,2025-02-07T15:00:00,2025-02-07T14:17:45,2025-02-07T23:36:00,2025-02-07T23:31:54,6.0,6.4,8.6,9.2,0.6,None,450.19,6.91,"LINESTRING (4.4025 51.2194, 4.4009 51.2639)"
LEG00460-2,SHP00460,2,PORT_P007,Port of Antwerp-Bruges,Port,Belgium,51.2639,4.4009,PORT_P006,Port of Rotterdam,Port,Netherlands,51.947,4.142,Sea Breakbulk,CAR010,V007,2025-02-08T10:13:41,2025-02-08T05:10:06,2025-02-09T20:49:41,2025-02-09T15:16:41,87.2,88.0,34.6,34.1,0,None,3343.56,24.01,"LINESTRING (4.4009 51.2639, 4.142 51.947)"
LEG00460-3,SHP00460,3,PORT_P006,Port of Rotterdam,Port,Netherlands,51.947,4.142,FAC_F011,Rotterdam Consolidation Hub,Consolidation Hub,Netherlands,51.9244,4.4777,Road,CAR010,V007,2025-02-10T11:20:25,2025-02-10T08:59:35,2025-02-10T18:14:25,2025-02-10T16:05:25,28.7,30.4,6.9,7.1,0.2,Carrier capacity,518.4,32.84,"LINESTRING (4.142 51.947, 4.4777 51.9244)"
LEG00461-1,SHP00461,1,FAC_F003,Puertollano Module Yard,Module Yard,Spain,38.6871,-4.1121,PORT_P003,Port of Algeciras,Port,Spain,36.1324,-5.4479,Road,CAR004,V001,2024-10-14T10:00:00,2024-10-14T12:31:58,2024-10-14T20:30:00,2024-10-15T01:11:42,375.5,385.8,10.5,12.7,2.2,None,7751.43,4384.93,"LINESTRING (-4.1121 38.6871, -5.4479 36.1324)"
LEG00461-2,SHP00461,2,PORT_P003,Port of Algeciras,Port,Spain,36.1324,-5.4479,PORT_P005,Port of Sines,Port,Portugal,37.9543,-8.8631,Sea Breakbulk,CAR004,V001,2024-10-15T01:07:30,2024-10-15T14:11:50,2024-10-16T16:37:30,2024-10-17T06:44:19,372.9,390.0,39.5,40.5,1.0,None,7707.12,1119.83,"LINESTRING (-5.4479 36.1324, -8.8631 37.9543)"
LEG00461-3,SHP00461,3,PORT_P005,Port of Sines,Port,Portugal,37.9543,-8.8631,FAC_F007,Sines Energy Project Site,Project Site,Portugal,37.956,-8.868,Road,CAR004,V001,2024-10-17T01:09:20,2024-10-17T19:18:27,2024-10-17T07:39:20,2024-10-18T05:23:53,0.6,0.6,6.5,10.1,3.6,None,587.16,6.82,"LINESTRING (-8.8631 37.9543, -8.868 37.956)"
LEG00462-1,SHP00462,1,FAC_F010,Milan Valve Plant,Vendor,Italy,45.4642,9.19,FAC_F017,Dammam Gas Project Site,Project Site,Saudi Arabia,26.4207,50.0888,Road,CAR001,,2024-12-02T14:00:00,2024-12-02T14:36:48,2024-12-06T20:18:00,2024-12-06T20:45:03,5496.9,5656.7,102.3,102.1,0,None,43839.58,17626.28,"LINESTRING (9.19 45.4642, 50.0888 26.4207)"
LEG00463-1,SHP00463,1,FAC_F012,Antwerp EPC Supplier Yard,Vendor,Belgium,51.2194,4.4025,PORT_P007,Port of Antwerp-Bruges,Port,Belgium,51.2639,4.4009,Road,CAR004,V008,2024-01-22T14:00:00,2024-01-22T14:58:41,2024-01-22T23:30:00,2024-01-23T00:15:27,6.4,6.9,9.5,9.3,0,None,449.64,6.65,"LINESTRING (4.4025 51.2194, 4.4009 51.2639)"
LEG00463-2,SHP00463,2,PORT_P007,Port of Antwerp-Bruges,Port,Belgium,51.2639,4.4009,PORT_P005,Port of Sines,Port,Portugal,37.9543,-8.8631,Sea Breakbulk,CAR004,V008,2024-01-23T10:44:38,2024-01-23T13:14:32,2024-01-27T22:50:38,2024-01-28T02:46:21,1978.4,2046.5,108.1,109.5,1.4,None,5390.43,498.53,"LINESTRING (4.4009 51.2639, -8.8631 37.9543)"
LEG00463-3,SHP00463,3,PORT_P005,Port of Sines,Port,Portugal,37.9543,-8.8631,FAC_F007,Sines Energy Project Site,Project Site,Portugal,37.956,-8.868,Road,CAR004,V008,2024-01-28T05:14:15,2024-01-28T20:03:20,2024-01-28T13:08:15,2024-01-29T03:07:15,0.6,0.6,7.9,7.1,0,None,433.53,0.58,"LINESTRING (-8.8631 37.9543, -8.868 37.956)"
LEG00464-1,SHP00464,1,FAC_F011,Rotterdam Consolidation Hub,Consolidation Hub,Netherlands,51.9244,4.4777,PORT_P006,Port of Rotterdam,Port,Netherlands,51.947,4.142,Road,CAR006,,2024-07-12T13:00:00,2024-07-12T13:33:43,2024-07-12T17:36:00,2024-07-12T16:23:39,30.7,32.4,4.6,2.8,0,None,778.61,18.38,"LINESTRING (4.4777 51.9244, 4.142 51.947)"
LEG00464-2,SHP00464,2,PORT_P006,Port of Rotterdam,Port,Netherlands,51.947,4.142,PORT_P012,Port of Casablanca,Port,Morocco,33.605,-7.611,Container Sea,CAR006,,2024-07-13T02:39:35,2024-07-13T03:03:45,2024-07-18T17:33:35,2024-07-18T21:21:57,2411.1,2598.4,134.9,138.3,3.4,None,4362.18,279.22,"LINESTRING (4.142 51.947, -7.611 33.605)"
LEG00464-3,SHP00464,3,PORT_P012,Port of Casablanca,Port,Morocco,33.605,-7.611,FAC_F008,Casablanca Desalination Site,Project Site,Morocco,33.5731,-7.5898,Road,CAR006,,2024-07-19T00:28:14,2024-07-19T09:34:09,2024-07-19T07:28:14,2024-07-19T15:49:20,5.4,5.7,7.0,6.3,0,None,688.78,3.23,"LINESTRING (-7.611 33.605, -7.5898 33.5731)"
LEG00465-1,SHP00465,1,FAC_F012,Antwerp EPC Supplier Yard,Vendor,Belgium,51.2194,4.4025,PORT_P007,Port of Antwerp-Bruges,Port,Belgium,51.2639,4.4009,Road,CAR010,V007,2025-04-28T10:00:00,2025-04-28T12:46:58,2025-04-28T18:24:00,2025-04-28T21:20:49,5.8,6.1,8.4,8.6,0.2,None,1075.21,70.73,"LINESTRING (4.4025 51.2194, 4.4009 51.2639)"
LEG00465-2,SHP00465,2,PORT_P007,Port of Antwerp-Bruges,Port,Belgium,51.2639,4.4009,PORT_P018,Port of Dammam,Port,Saudi Arabia,26.498,50.184,Sea Breakbulk,CAR010,V007,2025-04-29T07:30:23,2025-04-29T00:33:10,2025-05-09T02:24:23,2025-05-08T21:34:26,5165.4,5207.1,234.9,237.0,2.1,None,79442.55,15252.64,"LINESTRING (4.4009 51.2639, 50.184 26.498)"
LEG00465-3,SHP00465,3,PORT_P018,Port of Dammam,Port,Saudi Arabia,26.498,50.184,FAC_F017,Dammam Gas Project Site,Project Site,Saudi Arabia,26.4207,50.0888,Road,CAR010,V007,2025-05-09T11:10:51,2025-05-09T12:09:10,2025-05-09T16:04:51,2025-05-09T17:01:34,14.4,15.2,4.9,4.9,0,None,1347.34,176.24,"LINESTRING (50.184 26.498, 50.0888 26.4207)"
LEG00466-1,SHP00466,1,FAC_F014,Cadiz Module Yard,Module Yard,Spain,36.5271,-6.2886,PORT_P003,Port of Algeciras,Port,Spain,36.1324,-5.4479,Road,CAR004,V008,2025-02-11T12:00:00,2025-02-11T14:23:00,2025-02-11T17:12:00,2025-02-11T23:07:13,111.1,116.2,5.2,8.7,3.5,None,1792.55,477.44,"LINESTRING (-6.2886 36.5271, -5.4479 36.1324)"
LEG00466-2,SHP00466,2,PORT_P003,Port of Algeciras,Port,Spain,36.1324,-5.4479,PORT_P018,Port of Dammam,Port,Saudi Arabia,26.498,50.184,Sea Breakbulk,CAR004,V008,2025-02-12T03:01:55,2025-02-12T16:33:19,2025-02-20T10:25:55,2025-02-22T02:54:48,5564.9,5787.2,199.4,226.4,27.0,Documentation issue,30186.9,6007.11,"LINESTRING (-5.4479 36.1324, 50.184 26.498)"
LEG00466-3,SHP00466,3,PORT_P018,Port of Dammam,Port,Saudi Arabia,26.498,50.184,FAC_F017,Dammam Gas Project Site,Project Site,Saudi Arabia,26.4207,50.0888,Road,CAR004,V008,2025-02-20T22:13:19,2025-02-22T20:21:11,2025-02-21T06:55:19,2025-02-23T06:17:22,14.6,14.5,8.7,9.9,1.2,None,809.73,59.58,"LINESTRING (50.184 26.498, 50.0888 26.4207)"
LEG00467-1,SHP00467,1,FAC_F005,Tarragona Equipment Vendor,Vendor,Spain,41.1189,1.2445,FAC_F001,Zaragoza Distribution Hub,Warehouse,Spain,41.6488,-0.8891,Road,CAR011,,2025-05-04T08:00:00,2025-05-04T10:08:10,2025-05-04T16:24:00,2025-05-04T21:52:54,221.7,230.8,8.4,11.7,3.3,None,3000.17,1362.92,"LINESTRING (1.2445 41.1189, -0.8891 41.6488)"
LEG00468-1,SHP00468,1,FAC_F010,Milan Valve Plant,Vendor,Italy,45.4642,9.19,PORT_P010,Port of Genoa,Port,Italy,44.41,8.925,Road,CAR005,V013,2024-03-14T15:00:00,2024-03-14T15:29:07,2024-03-15T03:12:00,2024-03-15T03:37:11,154.7,156.3,12.2,12.1,0,Port congestion,1128.93,300.24,"LINESTRING (9.19 45.4642, 8.925 44.41)"
LEG00468-2,SHP00468,2,PORT_P010,Port of Genoa,Port,Italy,44.41,8.925,PORT_P001,Port of Valencia,Port,Spain,39.461,-0.323,Container Sea,CAR005,V013,2024-03-15T07:55:33,2024-03-15T08:11:16,2024-03-17T15:19:33,2024-03-17T17:05:52,982.1,980.1,55.4,56.9,1.5,None,2696.33,356.72,"LINESTRING (8.925 44.41, -0.323 39.461)"
LEG00468-3,SHP00468,3,PORT_P001,Port of Valencia,Port,Spain,39.461,-0.323,FAC_F001,Zaragoza Distribution Hub,Warehouse,Spain,41.6488,-0.8891,Road,CAR005,V013,2024-03-18T06:35:31,2024-03-17T23:00:29,2024-03-18T18:23:31,2024-03-18T14:15:17,281.7,295.4,11.8,15.2,3.4,None,1692.21,567.43,"LINESTRING (-0.323 39.461, -0.8891 41.6488)"
LEG00469-1,SHP00469,1,FAC_F001,Zaragoza Distribution Hub,Warehouse,Spain,41.6488,-0.8891,PORT_P001,Port of Valencia,Port,Spain,39.461,-0.323,Road,CAR007,V011,2024-12-17T14:00:00,2024-12-17T13:13:09,2024-12-17T22:18:00,2024-12-17T23:58:19,282.7,294.5,8.3,10.8,2.5,None,1439.71,329.02,"LINESTRING (-0.8891 41.6488, -0.323 39.461)"
LEG00469-2,SHP00469,2,PORT_P001,Port of Valencia,Port,Spain,39.461,-0.323,PORT_P018,Port of Dammam,Port,Saudi Arabia,26.498,50.184,Sea Breakbulk,CAR007,V011,2024-12-18T03:27:57,2024-12-18T10:17:03,2024-12-27T09:45:57,2024-12-28T10:10:05,5297.5,5390.1,222.3,239.9,17.6,Carrier capacity,10888.71,1521.3,"LINESTRING (-0.323 39.461, 50.184 26.498)"
LEG00469-3,SHP00469,3,PORT_P018,Port of Dammam,Port,Saudi Arabia,26.498,50.184,FAC_F017,Dammam Gas Project Site,Project Site,Saudi Arabia,26.4207,50.0888,Road,CAR007,V011,2024-12-27T23:17:15,2024-12-29T00:32:59,2024-12-28T06:53:15,2024-12-29T10:34:25,14.5,15.1,7.6,10.0,2.4,None,544.39,16.87,"LINESTRING (50.184 26.498, 50.0888 26.4207)"
LEG00470-1,SHP00470,1,FAC_F013,Valencia Export Depot,Warehouse,Spain,39.4699,-0.3763,FAC_F001,Zaragoza Distribution Hub,Warehouse,Spain,41.6488,-0.8891,Road,CAR008,,2024-11-12T07:00:00,2024-11-12T06:30:49,2024-11-12T19:36:00,2024-11-12T18:19:58,290.4,311.0,12.6,11.8,0,None,1321.88,385.27,"LINESTRING (-0.3763 39.4699, -0.8891 41.6488)"
LEG00471-1,SHP00471,1,FAC_F015,Tangier Free Zone DC,Warehouse,Morocco,35.7595,-5.834,PORT_P011,Port of Tanger Med,Port,Morocco,35.889,-5.501,Road,CAR006,,2025-09-15T07:00:00,2025-09-15T09:44:55,2025-09-15T16:00:00,2025-09-15T20:03:51,38.2,40.0,9.0,10.3,1.3,None,508.61,13.38,"LINESTRING (-5.834 35.7595, -5.501 35.889)"
LEG00471-2,SHP00471,2,PORT_P011,Port of Tanger Med,Port,Morocco,35.889,-5.501,PORT_P012,Port of Casablanca,Port,Morocco,33.605,-7.611,Container Sea,CAR006,,2025-09-16T00:51:44,2025-09-16T04:26:13,2025-09-18T11:15:44,2025-09-18T16:26:44,352.2,378.9,58.4,60.0,1.6,None,1713.33,24.01,"LINESTRING (-5.501 35.889, -7.611 33.605)"
LEG00471-3,SHP00471,3,PORT_P012,Port of Casablanca,Port,Morocco,33.605,-7.611,FAC_F008,Casablanca Desalination Site,Project Site,Morocco,33.5731,-7.5898,Road,CAR006,,2025-09-18T16:36:03,2025-09-19T04:36:43,2025-09-19T02:12:03,2025-09-19T14:05:51,4.6,4.6,9.6,9.5,0,None,440.81,1.54,"LINESTRING (-7.611 33.605, -7.5898 33.5731)"
LEG00472-1,SHP00472,1,FAC_F010,Milan Valve Plant,Vendor,Italy,45.4642,9.19,PORT_P010,Port of Genoa,Port,Italy,44.41,8.925,Road,CAR004,V008,2025-08-12T09:00:00,2025-08-12T08:21:32,2025-08-12T17:42:00,2025-08-12T16:20:51,144.8,145.0,8.7,8.0,0,None,547.3,73.28,"LINESTRING (9.19 45.4642, 8.925 44.41)"
LEG00472-2,SHP00472,2,PORT_P010,Port of Genoa,Port,Italy,44.41,8.925,PORT_P018,Port of Dammam,Port,Saudi Arabia,26.498,50.184,Sea Breakbulk,CAR004,V008,2025-08-13T07:21:42,2025-08-13T08:57:11,2025-08-21T15:33:42,2025-08-22T06:56:41,4602.1,4928.7,200.2,214.0,13.8,Port congestion,5450.14,629.3,"LINESTRING (8.925 44.41, 50.184 26.498)"
LEG00472-3,SHP00472,3,PORT_P018,Port of Dammam,Port,Saudi Arabia,26.498,50.184,FAC_F017,Dammam Gas Project Site,Project Site,Saudi Arabia,26.4207,50.0888,Road,CAR004,V008,2025-08-22T01:44:36,2025-08-22T23:36:39,2025-08-22T08:44:36,2025-08-23T09:43:12,16.9,16.9,7.0,10.1,3.1,None,346.49,8.54,"LINESTRING (50.184 26.498, 50.0888 26.4207)"
LEG00473-1,SHP00473,1,FAC_F001,Zaragoza Distribution Hub,Warehouse,Spain,41.6488,-0.8891,FAC_F018,Marseille Wind Substation Site,Project Site,France,43.2965,5.3698,Road,CAR012,,2024-07-03T11:00:00,2024-07-03T11:08:14,2024-07-04T04:36:00,2024-07-04T07:59:13,626.4,664.7,17.6,20.8,3.2,None,1649.92,167.34,"LINESTRING (-0.8891 41.6488, 5.3698 43.2965)"
LEG00474-1,SHP00474,1,FAC_F015,Tangier Free Zone DC,Warehouse,Morocco,35.7595,-5.834,PORT_P011,Port of Tanger Med,Port,Morocco,35.889,-5.501,Road,CAR006,,2025-04-07T15:00:00,2025-04-07T16:52:29,2025-04-07T20:12:00,2025-04-07T21:55:58,44.3,46.8,5.2,5.1,0,None,434.74,72.47,"LINESTRING (-5.834 35.7595, -5.501 35.889)"
LEG00474-2,SHP00474,2,PORT_P011,Port of Tanger Med,Port,Morocco,35.889,-5.501,PORT_P006,Port of Rotterdam,Port,Netherlands,51.947,4.142,Container Sea,CAR006,,2025-04-08T06:26:09,2025-04-08T12:03:43,2025-04-13T12:32:09,2025-04-14T18:03:06,2113.1,2198.7,126.1,150.0,23.9,Customs hold,2384.67,645.1,"LINESTRING (-5.501 35.889, 4.142 51.947)"
LEG00474-3,SHP00474,3,PORT_P006,Port of Rotterdam,Port,Netherlands,51.947,4.142,FAC_F011,Rotterdam Consolidation Hub,Consolidation Hub,Netherlands,51.9244,4.4777,Road,CAR006,,2025-04-14T04:22:16,2025-04-15T03:31:10,2025-04-14T13:40:16,2025-04-15T15:21:39,26.6,27.3,9.3,11.8,2.5,None,386.93,42.27,"LINESTRING (4.142 51.947, 4.4777 51.9244)"
LEG00475-1,SHP00475,1,FAC_F010,Milan Valve Plant,Vendor,Italy,45.4642,9.19,PORT_P010,Port of Genoa,Port,Italy,44.41,8.925,Road,CAR010,V004,2024-07-25T13:00:00,2024-07-25T13:50:58,2024-07-25T18:36:00,2024-07-25T18:18:46,145.0,152.1,5.6,4.5,0,None,747.77,72.83,"LINESTRING (9.19 45.4642, 8.925 44.41)"
LEG00475-2,SHP00475,2,PORT_P010,Port of Genoa,Port,Italy,44.41,8.925,PORT_P018,Port of Dammam,Port,Saudi Arabia,26.498,50.184,Sea Breakbulk,CAR010,V004,2024-07-26T09:07:42,2024-07-25T22:13:07,2024-08-03T03:43:42,2024-08-02T16:59:33,4260.1,4358.2,186.6,186.8,0.2,None,6801.32,527.17,"LINESTRING (8.925 44.41, 50.184 26.498)"
LEG00475-3,SHP00475,3,PORT_P018,Port of Dammam,Port,Saudi Arabia,26.498,50.184,FAC_F017,Dammam Gas Project Site,Project Site,Saudi Arabia,26.4207,50.0888,Road,CAR010,V004,2024-08-03T14:16:24,2024-08-03T05:03:40,2024-08-03T17:40:24,2024-08-03T06:31:56,16.5,16.8,3.4,1.5,0,None,466.88,8.04,"LINESTRING (50.184 26.498, 50.0888 26.4207)"
LEG00476-1,SHP00476,1,FAC_F010,Milan Valve Plant,Vendor,Italy,45.4642,9.19,PORT_P010,Port of Genoa,Port,Italy,44.41,8.925,Road,CAR006,,2024-03-12T11:00:00,2024-03-12T10:46:40,2024-03-12T20:18:00,2024-03-12T19:28:02,141.2,148.6,9.3,8.7,0,None,843.98,164.89,"LINESTRING (9.19 45.4642, 8.925 44.41)"
LEG00476-2,SHP00476,2,PORT_P010,Port of Genoa,Port,Italy,44.41,8.925,PORT_P005,Port of Sines,Port,Portugal,37.9543,-8.8631,Container Sea,CAR006,,2024-03-13T11:10:28,2024-03-13T06:54:04,2024-03-16T15:22:28,2024-03-16T13:43:35,1783.8,1921.2,76.2,78.8,2.6,None,2762.48,403.91,"LINESTRING (8.925 44.41, -8.8631 37.9543)"
LEG00476-3,SHP00476,3,PORT_P005,Port of Sines,Port,Portugal,37.9543,-8.8631,FAC_F007,Sines Energy Project Site,Project Site,Portugal,37.956,-8.868,Road,CAR006,,2024-03-16T23:04:07,2024-03-17T05:16:03,2024-03-17T03:04:07,2024-03-17T12:13:53,0.6,0.6,4.0,7.0,3.0,None,433.66,0.67,"LINESTRING (-8.8631 37.9543, -8.868 37.956)"
LEG00477-1,SHP00477,1,FAC_F005,Tarragona Equipment Vendor,Vendor,Spain,41.1189,1.2445,FAC_F011,Rotterdam Consolidation Hub,Consolidation Hub,Netherlands,51.9244,4.4777,Road,CAR002,,2024-12-02T07:00:00,2024-12-02T07:00:31,2024-12-03T19:54:00,2024-12-03T20:39:31,1458.4,1461.7,36.9,37.7,0.8,None,2611.9,744.3,"LINESTRING (1.2445 41.1189, 4.4777 51.9244)"
LEG00478-1,SHP00478,1,FAC_F015,Tangier Free Zone DC,Warehouse,Morocco,35.7595,-5.834,FAC_F008,Casablanca Desalination Site,Project Site,Morocco,33.5731,-7.5898,Road,CAR001,,2025-05-04T12:00:00,2025-05-04T14:39:03,2025-05-05T01:06:00,2025-05-05T02:35:05,350.3,372.8,13.1,11.9,0,None,1701.22,325.12,"LINESTRING (-5.834 35.7595, -7.5898 33.5731)"
LEG00479-1,SHP00479,1,FAC_F013,Valencia Export Depot,Warehouse,Spain,39.4699,-0.3763,PORT_P001,Port of Valencia,Port,Spain,39.461,-0.323,Road,CAR006,,2025-02-07T11:00:00,2025-02-07T11:05:00,2025-02-07T19:00:00,2025-02-07T23:03:44,5.8,6.1,8.0,12.0,4.0,None,708.14,13.97,"LINESTRING (-0.3763 39.4699, -0.323 39.461)"
LEG00479-2,SHP00479,2,PORT_P001,Port of Valencia,Port,Spain,39.461,-0.323,PORT_P005,Port of Sines,Port,Portugal,37.9543,-8.8631,Container Sea,CAR006,,2025-02-08T07:41:54,2025-02-08T08:21:01,2025-02-11T10:11:54,2025-02-11T13:12:17,811.8,834.1,74.5,76.9,2.4,None,3624.91,361.83,"LINESTRING (-0.323 39.461, -8.8631 37.9543)"
LEG00479-3,SHP00479,3,PORT_P005,Port of Sines,Port,Portugal,37.9543,-8.8631,FAC_F007,Sines Energy Project Site,Project Site,Portugal,37.956,-8.868,Road,CAR006,,2025-02-12T01:57:53,2025-02-11T16:24:48,2025-02-12T05:51:53,2025-02-11T22:58:45,0.6,0.6,3.9,6.6,2.7,None,673.39,1.37,"LINESTRING (-8.8631 37.9543, -8.868 37.956)"
LEG00480-1,SHP00480,1,FAC_F011,Rotterdam Consolidation Hub,Consolidation Hub,Netherlands,51.9244,4.4777,PORT_P006,Port of Rotterdam,Port,Netherlands,51.947,4.142,Road,CAR005,V013,2024-07-22T13:00:00,2024-07-22T14:08:17,2024-07-22T17:12:00,2024-07-22T17:16:53,27.0,27.5,4.2,3.1,0,None,556.43,9.01,"LINESTRING (4.4777 51.9244, 4.142 51.947)"
LEG00480-2,SHP00480,2,PORT_P006,Port of Rotterdam,Port,Netherlands,51.947,4.142,PORT_P018,Port of Dammam,Port,Saudi Arabia,26.498,50.184,Container Sea,CAR005,V013,2024-07-23T05:29:30,2024-07-22T23:04:02,2024-08-01T09:59:30,2024-08-01T05:56:35,4923.9,4894.7,220.5,222.9,2.4,None,4165.53,303.96,"LINESTRING (4.142 51.947, 50.184 26.498)"
LEG00480-3,SHP00480,3,PORT_P018,Port of Dammam,Port,Saudi Arabia,26.498,50.184,FAC_F017,Dammam Gas Project Site,Project Site,Saudi Arabia,26.4207,50.0888,Road,CAR005,V013,2024-08-01T23:40:12,2024-08-01T12:12:56,2024-08-02T08:04:12,2024-08-01T21:24:30,16.0,17.3,8.4,9.2,0.8,None,534.02,5.67,"LINESTRING (50.184 26.498, 50.0888 26.4207)"
LEG00481-1,SHP00481,1,FAC_F001,Zaragoza Distribution Hub,Warehouse,Spain,41.6488,-0.8891,PORT_P001,Port of Valencia,Port,Spain,39.461,-0.323,Road,CAR004,V008,2025-02-14T15:00:00,2025-02-14T15:13:05,2025-02-15T06:24:00,2025-02-15T04:53:00,287.4,289.8,15.4,13.7,0,None,2375.94,560.53,"LINESTRING (-0.8891 41.6488, -0.323 39.461)"
LEG00481-2,SHP00481,2,PORT_P001,Port of Valencia,Port,Spain,39.461,-0.323,PORT_P018,Port of Dammam,Port,Saudi Arabia,26.498,50.184,Sea Breakbulk,CAR004,V008,2025-02-15T14:55:08,2025-02-15T16:56:15,2025-02-24T04:55:08,2025-02-24T10:14:31,4993.8,5375.2,206.0,209.3,3.3,None,18653.04,2626.54,"LINESTRING (-0.323 39.461, 50.184 26.498)"
LEG00481-3,SHP00481,3,PORT_P018,Port of Dammam,Port,Saudi Arabia,26.498,50.184,FAC_F017,Dammam Gas Project Site,Project Site,Saudi Arabia,26.4207,50.0888,Road,CAR004,V008,2025-02-24T19:40:56,2025-02-24T15:10:41,2025-02-25T04:10:56,2025-02-24T22:59:34,14.7,15.8,8.5,7.8,0,None,762.63,30.56,"LINESTRING (50.184 26.498, 50.0888 26.4207)"
LEG00482-1,SHP00482,1,FAC_F002,Madrid Cross Dock,Cross Dock,Spain,40.4168,-3.7038,PORT_P001,Port of Valencia,Port,Spain,39.461,-0.323,Road,CAR004,V001,2024-04-16T12:00:00,2024-04-16T13:36:50,2024-04-16T22:24:00,2024-04-17T04:37:34,385.2,407.6,10.4,15.0,4.6,Documentation issue,1248.76,565.34,"LINESTRING (-3.7038 40.4168, -0.323 39.461)"
LEG00482-2,SHP00482,2,PORT_P001,Port of Valencia,Port,Spain,39.461,-0.323,PORT_P012,Port of Casablanca,Port,Morocco,33.605,-7.611,Sea Breakbulk,CAR004,V001,2024-04-17T02:31:33,2024-04-17T21:00:56,2024-04-19T20:55:33,2024-04-21T12:07:58,942.2,1014.4,66.4,87.1,20.7,Port congestion,3373.58,355.45,"LINESTRING (-0.323 39.461, -7.611 33.605)"
LEG00482-3,SHP00482,3,PORT_P012,Port of Casablanca,Port,Morocco,33.605,-7.611,FAC_F008,Casablanca Desalination Site,Project Site,Morocco,33.5731,-7.5898,Road,CAR004,V001,2024-04-20T02:20:54,2024-04-22T01:38:43,2024-04-20T05:56:54,2024-04-22T03:50:39,5.2,5.2,3.6,2.2,0,None,331.85,7.21,"LINESTRING (-7.611 33.605, -7.5898 33.5731)"
LEG00483-1,SHP00483,1,FAC_F004,Bilbao Steel Fabricator,Vendor,Spain,43.263,-2.935,PORT_P004,Port of Bilbao,Port,Spain,43.3476,-3.0443,Road,CAR004,V012,2025-02-06T09:00:00,2025-02-06T10:46:31,2025-02-06T12:48:00,2025-02-07T06:33:41,17.0,16.9,3.8,19.8,16.0,Carrier capacity,513.66,48.28,"LINESTRING (-2.935 43.263, -3.0443 43.3476)"
LEG00483-2,SHP00483,2,PORT_P004,Port of Bilbao,Port,Spain,43.3476,-3.0443,PORT_P005,Port of Sines,Port,Portugal,37.9543,-8.8631,Sea Breakbulk,CAR004,V012,2025-02-06T17:14:56,2025-02-07T23:05:41,2025-02-09T13:02:56,2025-02-10T19:35:12,863.8,862.3,67.8,68.5,0.7,None,5078.51,622.3,"LINESTRING (-3.0443 43.3476, -8.8631 37.9543)"
LEG00483-3,SHP00483,3,PORT_P005,Port of Sines,Port,Portugal,37.9543,-8.8631,FAC_F007,Sines Energy Project Site,Project Site,Portugal,37.956,-8.868,Road,CAR004,V012,2025-02-09T17:31:04,2025-02-10T23:02:49,2025-02-10T02:49:04,2025-02-11T07:43:18,0.6,0.6,9.3,8.7,0,None,434.9,1.71,"LINESTRING (-8.8631 37.9543, -8.868 37.956)"
LEG00484-1,SHP00484,1,FAC_F011,Rotterdam Consolidation Hub,Consolidation Hub,Netherlands,51.9244,4.4777,PORT_P006,Port of Rotterdam,Port,Netherlands,51.947,4.142,Road,CAR010,V014,2024-02-02T14:00:00,2024-02-02T13:55:00,2024-02-02T22:12:00,2024-02-02T23:04:47,30.7,32.8,8.2,9.2,1.0,None,496.8,13.4,"LINESTRING (4.4777 51.9244, 4.142 51.947)"
LEG00484-2,SHP00484,2,PORT_P006,Port of Rotterdam,Port,Netherlands,51.947,4.142,PORT_P001,Port of Valencia,Port,Spain,39.461,-0.323,Sea Breakbulk,CAR010,V014,2024-02-03T05:53:03,2024-02-03T06:41:08,2024-02-07T15:59:03,2024-02-08T09:46:49,1592.6,1684.2,106.1,123.1,17.0,Weather disruption,4538.8,173.81,"LINESTRING (4.142 51.947, -0.323 39.461)"
LEG00484-3,SHP00484,3,PORT_P001,Port of Valencia,Port,Spain,39.461,-0.323,FAC_F001,Zaragoza Distribution Hub,Warehouse,Spain,41.6488,-0.8891,Road,CAR010,V014,2024-02-08T00:45:59,2024-02-08T15:11:47,2024-02-08T09:45:59,2024-02-09T00:30:38,279.1,278.8,9.0,9.3,0.3,None,982.78,113.89,"LINESTRING (-0.323 39.461, -0.8891 41.6488)"
LEG00485-1,SHP00485,1,FAC_F010,Milan Valve Plant,Vendor,Italy,45.4642,9.19,PORT_P010,Port of Genoa,Port,Italy,44.41,8.925,Road,CAR007,V011,2024-01-15T14:00:00,2024-01-15T16:34:26,2024-01-16T02:12:00,2024-01-16T08:36:34,146.3,157.1,12.2,16.0,3.8,None,1039.43,346.25,"LINESTRING (9.19 45.4642, 8.925 44.41)"
LEG00485-2,SHP00485,2,PORT_P010,Port of Genoa,Port,Italy,44.41,8.925,PORT_P001,Port of Valencia,Port,Spain,39.461,-0.323,Sea Breakbulk,CAR007,V011,2024-01-16T13:15:55,2024-01-16T16:05:00,2024-01-19T08:45:55,2024-01-19T14:53:33,971.7,1041.4,67.5,70.8,3.3,None,4988.85,579.85,"LINESTRING (8.925 44.41, -0.323 39.461)"
LEG00485-3,SHP00485,3,PORT_P001,Port of Valencia,Port,Spain,39.461,-0.323,FAC_F001,Zaragoza Distribution Hub,Warehouse,Spain,41.6488,-0.8891,Road,CAR007,V011,2024-01-19T17:20:52,2024-01-20T08:49:01,2024-01-20T05:26:52,2024-01-21T16:09:49,295.1,314.7,12.1,31.3,19.2,Road permit delay,1648.8,693.6,"LINESTRING (-0.323 39.461, -0.8891 41.6488)"
LEG00486-1,SHP00486,1,FAC_F002,Madrid Cross Dock,Cross Dock,Spain,40.4168,-3.7038,FAC_F016,Alexandria Water Project Site,Project Site,Egypt,31.2001,29.9187,Road,CAR011,,2025-12-17T14:00:00,2025-12-17T14:58:28,2025-12-20T17:24:00,2025-12-20T19:16:36,4075.3,4274.7,75.4,76.3,0.9,None,15906.41,5019.35,"LINESTRING (-3.7038 40.4168, 29.9187 31.2001)"
LEG00487-1,SHP00487,1,FAC_F012,Antwerp EPC Supplier Yard,Vendor,Belgium,51.2194,4.4025,PORT_P007,Port of Antwerp-Bruges,Port,Belgium,51.2639,4.4009,Road,CAR006,,2025-12-29T12:00:00,2025-12-29T14:46:13,2025-12-29T21:18:00,2025-12-29T22:12:06,6.3,6.5,9.3,7.4,0,None,330.35,3.31,"LINESTRING (4.4025 51.2194, 4.4009 51.2639)"
LEG00487-2,SHP00487,2,PORT_P007,Port of Antwerp-Bruges,Port,Belgium,51.2639,4.4009,PORT_P012,Port of Casablanca,Port,Morocco,33.605,-7.611,Container Sea,CAR006,,2025-12-30T01:34:09,2025-12-30T01:20:04,2026-01-03T10:40:09,2026-01-03T13:42:43,2264.8,2434.5,105.1,108.4,3.3,None,2015.12,234.88,"LINESTRING (4.4009 51.2639, -7.611 33.605)"
LEG00487-3,SHP00487,3,PORT_P012,Port of Casablanca,Port,Morocco,33.605,-7.611,FAC_F008,Casablanca Desalination Site,Project Site,Morocco,33.5731,-7.5898,Road,CAR006,,2026-01-03T19:28:10,2026-01-04T05:23:37,2026-01-04T04:10:10,2026-01-04T14:45:47,4.8,5.1,8.7,9.4,0.7,None,328.12,2.6,"LINESTRING (-7.611 33.605, -7.5898 33.5731)"
LEG00488-1,SHP00488,1,FAC_F010,Milan Valve Plant,Vendor,Italy,45.4642,9.19,PORT_P010,Port of Genoa,Port,Italy,44.41,8.925,Road,CAR006,,2025-04-07T15:00:00,2025-04-07T16:01:06,2025-04-08T01:48:00,2025-04-08T03:45:43,137.6,146.1,10.8,11.7,0.9,None,815.28,135.19,"LINESTRING (9.19 45.4642, 8.925 44.41)"
LEG00488-2,SHP00488,2,PORT_P010,Port of Genoa,Port,Italy,44.41,8.925,PORT_P012,Port of Casablanca,Port,Morocco,33.605,-7.611,Container Sea,CAR006,,2025-04-08T08:09:38,2025-04-08T11:53:38,2025-04-13T02:27:38,2025-04-14T06:04:01,1961.9,2054.0,114.3,138.2,23.9,Customs hold,2771.25,360.11,"LINESTRING (8.925 44.41, -7.611 33.605)"
LEG00488-3,SHP00488,3,PORT_P012,Port of Casablanca,Port,Morocco,33.605,-7.611,FAC_F008,Casablanca Desalination Site,Project Site,Morocco,33.5731,-7.5898,Road,CAR006,,2025-04-13T07:06:33,2025-04-14T19:18:55,2025-04-13T15:06:33,2025-04-15T04:39:47,4.6,4.8,8.0,9.3,1.3,None,444.59,4.44,"LINESTRING (-7.611 33.605, -7.5898 33.5731)"
LEG00489-1,SHP00489,1,FAC_F014,Cadiz Module Yard,Module Yard,Spain,36.5271,-6.2886,PORT_P003,Port of Algeciras,Port,Spain,36.1324,-5.4479,Road,CAR006,,2024-01-03T10:00:00,2024-01-03T12:05:29,2024-01-03T16:30:00,2024-01-03T18:09:45,103.0,106.3,6.5,6.1,0,Port congestion,1692.86,637.42,"LINESTRING (-6.2886 36.5271, -5.4479 36.1324)"
LEG00489-2,SHP00489,2,PORT_P003,Port of Algeciras,Port,Spain,36.1324,-5.4479,PORT_P001,Port of Valencia,Port,Spain,39.461,-0.323,Container Sea,CAR006,,2024-01-04T07:58:14,2024-01-04T03:08:11,2024-01-07T04:16:14,2024-01-07T14:04:17,618.3,659.8,68.3,82.9,14.6,Carrier capacity,3703.12,749.64,"LINESTRING (-5.4479 36.1324, -0.323 39.461)"
LEG00489-3,SHP00489,3,PORT_P001,Port of Valencia,Port,Spain,39.461,-0.323,FAC_F001,Zaragoza Distribution Hub,Warehouse,Spain,41.6488,-0.8891,Road,CAR006,,2024-01-07T12:28:42,2024-01-08T06:53:24,2024-01-08T00:22:42,2024-01-08T20:23:21,323.7,335.0,11.9,13.5,1.6,None,4095.74,2008.79,"LINESTRING (-0.323 39.461, -0.8891 41.6488)"
LEG00490-1,SHP00490,1,FAC_F004,Bilbao Steel Fabricator,Vendor,Spain,43.263,-2.935,PORT_P004,Port of Bilbao,Port,Spain,43.3476,-3.0443,Road,CAR004,V008,2025-12-24T13:00:00,2025-12-24T12:29:04,2025-12-24T17:30:00,2025-12-24T18:24:34,15.9,17.1,4.5,5.9,1.4,None,1027.63,140.06,"LINESTRING (-2.935 43.263, -3.0443 43.3476)"
LEG00490-2,SHP00490,2,PORT_P004,Port of Bilbao,Port,Spain,43.3476,-3.0443,PORT_P018,Port of Dammam,Port,Saudi Arabia,26.498,50.184,Sea Breakbulk,CAR004,V008,2025-12-25T07:04:37,2025-12-25T10:00:50,2026-01-03T00:04:37,2026-01-03T16:05:42,5208.9,5366.4,209.0,222.1,13.1,Port congestion,50066.79,11104.58,"LINESTRING (-3.0443 43.3476, 50.184 26.498)"
LEG00490-3,SHP00490,3,PORT_P018,Port of Dammam,Port,Saudi Arabia,26.498,50.184,FAC_F017,Dammam Gas Project Site,Project Site,Saudi Arabia,26.4207,50.0888,Road,CAR004,V008,2026-01-03T07:07:43,2026-01-04T01:51:50,2026-01-03T16:25:43,2026-01-04T09:13:18,15.0,16.0,9.3,7.4,0,None,1007.84,131.05,"LINESTRING (50.184 26.498, 50.0888 26.4207)"
LEG00491-1,SHP00491,1,FAC_F013,Valencia Export Depot,Warehouse,Spain,39.4699,-0.3763,PORT_P001,Port of Valencia,Port,Spain,39.461,-0.323,Road,CAR006,,2024-02-22T11:00:00,2024-02-22T11:42:04,2024-02-22T19:06:00,2024-02-22T19:22:02,5.3,5.6,8.1,7.7,0,None,446.36,5.47,"LINESTRING (-0.3763 39.4699, -0.323 39.461)"
LEG00491-2,SHP00491,2,PORT_P001,Port of Valencia,Port,Spain,39.461,-0.323,PORT_P005,Port of Sines,Port,Portugal,37.9543,-8.8631,Container Sea,CAR006,,2024-02-23T07:51:25,2024-02-23T03:32:41,2024-02-26T01:15:25,2024-02-26T00:47:35,833.3,849.8,65.4,69.2,3.8,None,2045.93,157.25,"LINESTRING (-0.323 39.461, -8.8631 37.9543)"
LEG00491-3,SHP00491,3,PORT_P005,Port of Sines,Port,Portugal,37.9543,-8.8631,FAC_F007,Sines Energy Project Site,Project Site,Portugal,37.956,-8.868,Road,CAR006,,2024-02-26T16:48:36,2024-02-26T17:03:20,2024-02-26T19:54:36,2024-02-26T20:18:41,0.5,0.5,3.1,3.3,0.2,None,433.28,0.49,"LINESTRING (-8.8631 37.9543, -8.868 37.956)"
LEG00492-1,SHP00492,1,FAC_F012,Antwerp EPC Supplier Yard,Vendor,Belgium,51.2194,4.4025,PORT_P007,Port of Antwerp-Bruges,Port,Belgium,51.2639,4.4009,Road,CAR010,V007,2024-04-15T12:00:00,2024-04-15T12:50:43,2024-04-15T16:24:00,2024-04-15T15:37:16,6.1,6.3,4.4,2.8,0,None,560.29,5.83,"LINESTRING (4.4025 51.2194, 4.4009 51.2639)"
LEG00492-2,SHP00492,2,PORT_P007,Port of Antwerp-Bruges,Port,Belgium,51.2639,4.4009,PORT_P005,Port of Sines,Port,Portugal,37.9543,-8.8631,Sea Breakbulk,CAR010,V007,2024-04-16T08:01:30,2024-04-15T23:11:43,2024-04-20T14:37:30,2024-04-20T08:58:14,1976.9,2107.5,102.6,105.8,3.2,None,6831.74,492.65,"LINESTRING (4.4009 51.2639, -8.8631 37.9543)"
LEG00492-3,SHP00492,3,PORT_P005,Port of Sines,Port,Portugal,37.9543,-8.8631,FAC_F007,Sines Energy Project Site,Project Site,Portugal,37.956,-8.868,Road,CAR010,V007,2024-04-21T04:10:58,2024-04-20T21:53:07,2024-04-21T07:22:58,2024-04-21T03:37:06,0.6,0.6,3.2,5.7,2.5,Road permit delay,541.93,0.56,"LINESTRING (-8.8631 37.9543, -8.868 37.956)"
LEG00493-1,SHP00493,1,FAC_F012,Antwerp EPC Supplier Yard,Vendor,Belgium,51.2194,4.4025,PORT_P007,Port of Antwerp-Bruges,Port,Belgium,51.2639,4.4009,Road,CAR005,V003,2025-06-18T14:00:00,2025-06-18T15:07:55,2025-06-18T17:24:00,2025-06-18T18:34:42,5.9,5.9,3.4,3.4,0.0,None,329.4,2.94,"LINESTRING (4.4025 51.2194, 4.4009 51.2639)"
LEG00493-2,SHP00493,2,PORT_P007,Port of Antwerp-Bruges,Port,Belgium,51.2639,4.4009,PORT_P018,Port of Dammam,Port,Saudi Arabia,26.498,50.184,Container Sea,CAR005,V003,2025-06-19T01:17:41,2025-06-19T03:40:22,2025-06-27T16:11:41,2025-06-27T18:20:30,4833.3,5175.0,206.9,206.7,0,None,2990.08,489.04,"LINESTRING (4.4009 51.2639, 50.184 26.498)"
LEG00493-3,SHP00493,3,PORT_P018,Port of Dammam,Port,Saudi Arabia,26.498,50.184,FAC_F017,Dammam Gas Project Site,Project Site,Saudi Arabia,26.4207,50.0888,Road,CAR005,V003,2025-06-28T00:11:46,2025-06-27T23:34:10,2025-06-28T07:35:46,2025-06-28T06:14:43,15.7,15.7,7.4,6.7,0,None,345.02,7.83,"LINESTRING (50.184 26.498, 50.0888 26.4207)"
LEG00494-1,SHP00494,1,FAC_F014,Cadiz Module Yard,Module Yard,Spain,36.5271,-6.2886,PORT_P003,Port of Algeciras,Port,Spain,36.1324,-5.4479,Road,CAR006,,2025-07-28T11:00:00,2025-07-28T10:09:29,2025-07-28T22:36:00,2025-07-28T20:11:15,109.3,108.4,11.6,10.0,0,None,2616.99,883.57,"LINESTRING (-6.2886 36.5271, -5.4479 36.1324)"
LEG00494-2,SHP00494,2,PORT_P003,Port of Algeciras,Port,Spain,36.1324,-5.4479,PORT_P009,Port of Marseille-Fos,Port,France,43.437,4.943,Container Sea,CAR006,,2025-07-29T02:59:09,2025-07-29T10:20:39,2025-08-01T18:47:09,2025-08-02T05:23:32,1229.0,1218.9,87.8,91.0,3.2,None,7633.73,1882.47,"LINESTRING (-5.4479 36.1324, 4.943 43.437)"
LEG00494-3,SHP00494,3,PORT_P009,Port of Marseille-Fos,Port,France,43.437,4.943,FAC_F018,Marseille Wind Substation Site,Project Site,France,43.2965,5.3698,Road,CAR006,,2025-08-02T08:37:47,2025-08-02T16:48:58,2025-08-02T16:25:47,2025-08-03T01:51:02,45.6,46.2,7.8,9.0,1.2,None,1528.5,376.58,"LINESTRING (4.943 43.437, 5.3698 43.2965)"
LEG00495-1,SHP00495,1,FAC_F013,Valencia Export Depot,Warehouse,Spain,39.4699,-0.3763,PORT_P001,Port of Valencia,Port,Spain,39.461,-0.323,Road,CAR003,V006,2024-04-08T12:00:00,2024-04-08T13:36:00,2024-04-08T16:00:00,2024-04-09T09:49:25,6.2,6.7,4.0,20.2,16.2,Documentation issue,445.75,2.32,"LINESTRING (-0.3763 39.4699, -0.323 39.461)"
LEG00495-2,SHP00495,2,PORT_P001,Port of Valencia,Port,Spain,39.461,-0.323,PORT_P012,Port of Casablanca,Port,Morocco,33.605,-7.611,RoRo,CAR003,V006,2024-04-09T04:46:25,2024-04-09T17:30:56,2024-04-11T09:10:25,2024-04-12T01:49:14,990.3,1023.6,52.4,56.3,3.9,None,1850.78,112.08,"LINESTRING (-0.323 39.461, -7.611 33.605)"
LEG00495-3,SHP00495,3,PORT_P012,Port of Casablanca,Port,Morocco,33.605,-7.611,FAC_F008,Casablanca Desalination Site,Project Site,Morocco,33.5731,-7.5898,Road,CAR003,V006,2024-04-11T15:41:23,2024-04-12T18:30:41,2024-04-11T22:23:23,2024-04-13T02:32:26,4.7,5.0,6.7,8.0,1.3,None,442.26,1.73,"LINESTRING (-7.611 33.605, -7.5898 33.5731)"
LEG00496-1,SHP00496,1,FAC_F009,Lyon Fabrication Partner,Vendor,France,45.764,4.8357,FAC_F007,Sines Energy Project Site,Project Site,Portugal,37.956,-8.868,Road,CAR011,,2024-09-13T10:00:00,2024-09-13T10:27:57,2024-09-14T23:06:00,2024-09-15T06:38:22,1683.7,1816.3,37.1,44.2,7.1,Road permit delay,5292.23,2250.03,"LINESTRING (4.8357 45.764, -8.868 37.956)"
LEG00497-1,SHP00497,1,FAC_F004,Bilbao Steel Fabricator,Vendor,Spain,43.263,-2.935,FAC_F001,Zaragoza Distribution Hub,Warehouse,Spain,41.6488,-0.8891,Road,CAR001,,2024-08-30T14:00:00,2024-08-30T13:04:27,2024-08-30T22:30:00,2024-08-30T20:32:42,278.8,290.3,8.5,7.5,0,None,1442.31,518.75,"LINESTRING (-2.935 43.263, -0.8891 41.6488)"
LEG00498-1,SHP00498,1,FAC_F005,Tarragona Equipment Vendor,Vendor,Spain,41.1189,1.2445,PORT_P002,Port of Barcelona,Port,Spain,41.3522,2.1686,Road,CAR010,V014,2025-02-10T14:00:00,2025-02-10T13:51:31,2025-02-11T01:24:00,2025-02-11T04:48:18,101.7,106.8,11.4,14.9,3.5,None,1359.04,241.47,"LINESTRING (1.2445 41.1189, 2.1686 41.3522)"
LEG00498-2,SHP00498,2,PORT_P002,Port of Barcelona,Port,Spain,41.3522,2.1686,PORT_P018,Port of Dammam,Port,Saudi Arabia,26.498,50.184,Sea Breakbulk,CAR010,V014,2025-02-11T06:35:19,2025-02-11T22:42:06,2025-02-21T05:29:19,2025-02-21T21:35:02,4994.6,5173.4,238.9,238.9,0,None,19550.44,2955.05,"LINESTRING (2.1686 41.3522, 50.184 26.498)"
LEG00498-3,SHP00498,3,PORT_P018,Port of Dammam,Port,Saudi Arabia,26.498,50.184,FAC_F017,Dammam Gas Project Site,Project Site,Saudi Arabia,26.4207,50.0888,Road,CAR010,V014,2025-02-21T19:37:52,2025-02-22T02:07:51,2025-02-22T03:55:52,2025-02-22T08:41:29,15.0,15.8,8.3,6.6,0,None,771.6,35.72,"LINESTRING (50.184 26.498, 50.0888 26.4207)"
LEG00499-1,SHP00499,1,FAC_F014,Cadiz Module Yard,Module Yard,Spain,36.5271,-6.2886,FAC_F017,Dammam Gas Project Site,Project Site,Saudi Arabia,26.4207,50.0888,Road,CAR002,,2025-01-20T09:00:00,2025-01-20T08:28:19,2025-01-25T23:00:00,2025-01-26T01:04:39,6209.2,6361.5,134.0,136.6,2.6,None,54659.9,23170.49,"LINESTRING (-6.2886 36.5271, 50.0888 26.4207)"
LEG00500-1,SHP00500,1,FAC_F014,Cadiz Module Yard,Module Yard,Spain,36.5271,-6.2886,PORT_P003,Port of Algeciras,Port,Spain,36.1324,-5.4479,Road,CAR007,V011,2024-11-12T11:00:00,2024-11-12T11:19:20,2024-11-12T21:42:00,2024-11-12T20:05:26,104.1,104.5,10.7,8.8,0,None,1539.67,507.39,"LINESTRING (-6.2886 36.5271, -5.4479 36.1324)"
LEG00500-2,SHP00500,2,PORT_P003,Port of Algeciras,Port,Spain,36.1324,-5.4479,PORT_P018,Port of Dammam,Port,Saudi Arabia,26.498,50.184,Sea Breakbulk,CAR007,V011,2024-11-13T08:39:34,2024-11-13T00:33:49,2024-11-22T12:15:34,2024-11-22T05:31:32,5810.8,5910.0,219.6,221.0,1.4,None,29036.45,7249.44,"LINESTRING (-5.4479 36.1324, 50.184 26.498)"
LEG00500-3,SHP00500,3,PORT_P018,Port of Dammam,Port,Saudi Arabia,26.498,50.184,FAC_F017,Dammam Gas Project Site,Project Site,Saudi Arabia,26.4207,50.0888,Road,CAR007,V011,2024-11-23T01:27:36,2024-11-22T09:01:28,2024-11-23T08:57:36,2024-11-22T16:47:16,16.8,17.4,7.5,7.8,0.3,None,736.46,84.48,"LINESTRING (50.184 26.498, 50.0888 26.4207)"
LEG00501-1,SHP00501,1,FAC_F005,Tarragona Equipment Vendor,Vendor,Spain,41.1189,1.2445,PORT_P002,Port of Barcelona,Port,Spain,41.3522,2.1686,Road,CAR006,,2024-09-18T08:00:00,2024-09-18T07:52:22,2024-09-18T13:06:00,2024-09-18T13:14:41,103.7,112.0,5.1,5.4,0.3,None,2023.2,842.58,"LINESTRING (1.2445 41.1189, 2.1686 41.3522)"
LEG00501-2,SHP00501,2,PORT_P002,Port of Barcelona,Port,Spain,41.3522,2.1686,PORT_P018,Port of Dammam,Port,Saudi Arabia,26.498,50.184,Container Sea,CAR006,,2024-09-18T22:14:38,2024-09-19T02:37:03,2024-09-27T10:08:38,2024-09-28T14:15:20,5133.5,5391.5,203.9,227.6,23.7,Weather disruption,18534.32,7685.15,"LINESTRING (2.1686 41.3522, 50.184 26.498)"
LEG00501-3,SHP00501,3,PORT_P018,Port of Dammam,Port,Saudi Arabia,26.498,50.184,FAC_F017,Dammam Gas Project Site,Project Site,Saudi Arabia,26.4207,50.0888,Road,CAR006,,2024-09-27T23:34:09,2024-09-28T18:37:03,2024-09-28T03:46:09,2024-09-29T02:34:00,17.0,16.9,4.2,7.9,3.7,None,794.37,127.14,"LINESTRING (50.184 26.498, 50.0888 26.4207)"
LEG00502-1,SHP00502,1,FAC_F004,Bilbao Steel Fabricator,Vendor,Spain,43.263,-2.935,PORT_P004,Port of Bilbao,Port,Spain,43.3476,-3.0443,Road,CAR006,,2025-02-04T10:00:00,2025-02-04T10:36:03,2025-02-04T16:24:00,2025-02-04T18:38:06,16.7,17.3,6.4,8.0,1.6,None,497.34,34.84,"LINESTRING (-2.935 43.263, -3.0443 43.3476)"
LEG00502-2,SHP00502,2,PORT_P004,Port of Bilbao,Port,Spain,43.3476,-3.0443,PORT_P005,Port of Sines,Port,Portugal,37.9543,-8.8631,Container Sea,CAR006,,2025-02-05T07:11:36,2025-02-05T11:19:35,2025-02-08T12:11:36,2025-02-08T16:59:18,819.1,831.4,77.0,77.7,0.7,None,2276.29,317.26,"LINESTRING (-3.0443 43.3476, -8.8631 37.9543)"
LEG00502-3,SHP00502,3,PORT_P005,Port of Sines,Port,Portugal,37.9543,-8.8631,FAC_F007,Sines Energy Project Site,Project Site,Portugal,37.956,-8.868,Road,CAR006,,2025-02-08T16:43:18,2025-02-09T03:05:21,2025-02-08T23:37:18,2025-02-10T04:28:33,0.6,0.6,6.9,25.4,18.5,Carrier capacity,434.27,1.21,"LINESTRING (-8.8631 37.9543, -8.868 37.956)"
LEG00503-1,SHP00503,1,FAC_F002,Madrid Cross Dock,Cross Dock,Spain,40.4168,-3.7038,PORT_P001,Port of Valencia,Port,Spain,39.461,-0.323,Road,CAR005,V003,2025-01-30T10:00:00,2025-01-30T12:34:25,2025-01-30T23:00:00,2025-01-31T11:30:51,407.9,438.6,13.0,22.9,9.9,Carrier capacity,999.17,211.25,"LINESTRING (-3.7038 40.4168, -0.323 39.461)"
LEG00503-2,SHP00503,2,PORT_P001,Port of Valencia,Port,Spain,39.461,-0.323,PORT_P009,Port of Marseille-Fos,Port,France,43.437,4.943,Container Sea,CAR005,V003,2025-01-31T03:08:38,2025-02-01T00:28:40,2025-02-01T21:02:38,2025-02-02T17:53:35,680.5,715.6,41.9,41.4,0,None,1397.12,65.31,"LINESTRING (-0.323 39.461, 4.943 43.437)"
LEG00503-3,SHP00503,3,PORT_P009,Port of Marseille-Fos,Port,France,43.437,4.943,FAC_F018,Marseille Wind Substation Site,Project Site,France,43.2965,5.3698,Road,CAR005,V003,2025-02-02T09:37:17,2025-02-03T00:18:08,2025-02-02T15:49:17,2025-02-03T07:22:35,42.5,43.5,6.2,7.1,0.9,None,387.36,20.95,"LINESTRING (4.943 43.437, 5.3698 43.2965)"
LEG00504-1,SHP00504,1,FAC_F012,Antwerp EPC Supplier Yard,Vendor,Belgium,51.2194,4.4025,PORT_P007,Port of Antwerp-Bruges,Port,Belgium,51.2639,4.4009,Road,CAR004,V008,2024-09-09T07:00:00,2024-09-09T06:39:54,2024-09-09T10:54:00,2024-09-09T12:52:22,6.2,6.6,3.9,6.2,2.3,None,681.85,63.01,"LINESTRING (4.4025 51.2194, 4.4009 51.2639)"
LEG00504-2,SHP00504,2,PORT_P007,Port of Antwerp-Bruges,Port,Belgium,51.2639,4.4009,PORT_P016,Port of Alexandria,Port,Egypt,31.2001,29.9187,Sea Breakbulk,CAR004,V008,2024-09-10T02:19:03,2024-09-09T21:58:11,2024-09-15T07:37:03,2024-09-15T06:57:16,3344.3,3338.4,125.3,129.0,3.7,None,29206.29,8051.42,"LINESTRING (4.4009 51.2639, 29.9187 31.2001)"
LEG00504-3,SHP00504,3,PORT_P016,Port of Alexandria,Port,Egypt,31.2001,29.9187,FAC_F016,Alexandria Water Project Site,Project Site,Egypt,31.2001,29.9187,Road,CAR004,V008,2024-09-15T15:33:06,2024-09-15T18:11:39,2024-09-15T20:15:06,2024-09-15T23:33:00,0.0,0.0,4.7,5.4,0.7,None,576.0,0.0,"LINESTRING (29.9187 31.2001, 29.9187 31.2001)"
LEG00505-1,SHP00505,1,FAC_F001,Zaragoza Distribution Hub,Warehouse,Spain,41.6488,-0.8891,PORT_P001,Port of Valencia,Port,Spain,39.461,-0.323,Road,CAR003,V006,2024-02-27T07:00:00,2024-02-27T08:02:51,2024-02-27T21:00:00,2024-02-27T22:57:39,323.4,340.4,14.0,14.9,0.9,None,1240.53,63.71,"LINESTRING (-0.8891 41.6488, -0.323 39.461)"
LEG00505-2,SHP00505,2,PORT_P001,Port of Valencia,Port,Spain,39.461,-0.323,PORT_P012,Port of Casablanca,Port,Morocco,33.605,-7.611,RoRo,CAR003,V006,2024-02-28T03:55:52,2024-02-28T14:41:00,2024-03-01T05:25:52,2024-03-01T17:51:54,982.1,1010.3,49.5,51.2,1.7,None,2037.83,59.71,"LINESTRING (-0.323 39.461, -7.611 33.605)"
LEG00505-3,SHP00505,3,PORT_P012,Port of Casablanca,Port,Morocco,33.605,-7.611,FAC_F008,Casablanca Desalination Site,Project Site,Morocco,33.5731,-7.5898,Road,CAR003,V006,2024-03-01T15:44:24,2024-03-02T09:00:31,2024-03-01T22:08:24,2024-03-02T14:39:56,5.4,5.4,6.4,5.7,0,None,507.81,1.01,"LINESTRING (-7.611 33.605, -7.5898 33.5731)"
LEG00506-1,SHP00506,1,FAC_F014,Cadiz Module Yard,Module Yard,Spain,36.5271,-6.2886,PORT_P003,Port of Algeciras,Port,Spain,36.1324,-5.4479,Road,CAR006,,2025-04-06T09:00:00,2025-04-06T10:10:54,2025-04-06T17:18:00,2025-04-06T21:34:35,104.0,103.4,8.3,11.4,3.1,None,2343.41,1052.93,"LINESTRING (-6.2886 36.5271, -5.4479 36.1324)"
LEG00506-2,SHP00506,2,PORT_P003,Port of Algeciras,Port,Spain,36.1324,-5.4479,PORT_P018,Port of Dammam,Port,Saudi Arabia,26.498,50.184,Container Sea,CAR006,,2025-04-07T06:59:49,2025-04-07T15:17:14,2025-04-15T00:17:49,2025-04-16T21:10:42,5506.5,5461.2,185.3,221.9,36.6,Port congestion,24209.4,10536.95,"LINESTRING (-5.4479 36.1324, 50.184 26.498)"
LEG00506-3,SHP00506,3,PORT_P018,Port of Dammam,Port,Saudi Arabia,26.498,50.184,FAC_F017,Dammam Gas Project Site,Project Site,Saudi Arabia,26.4207,50.0888,Road,CAR006,,2025-04-15T05:08:45,2025-04-17T07:47:51,2025-04-15T15:02:45,2025-04-18T04:55:10,15.5,16.1,9.9,21.1,11.2,Documentation issue,851.2,163.95,"LINESTRING (50.184 26.498, 50.0888 26.4207)"
LEG00507-1,SHP00507,1,FAC_F004,Bilbao Steel Fabricator,Vendor,Spain,43.263,-2.935,PORT_P004,Port of Bilbao,Port,Spain,43.3476,-3.0443,Road,CAR010,V004,2025-07-09T13:00:00,2025-07-09T12:25:47,2025-07-09T16:42:00,2025-07-09T14:18:00,15.9,16.6,3.7,1.9,0,None,499.2,37.37,"LINESTRING (-2.935 43.263, -3.0443 43.3476)"
LEG00507-2,SHP00507,2,PORT_P004,Port of Bilbao,Port,Spain,43.3476,-3.0443,PORT_P006,Port of Rotterdam,Port,Netherlands,51.947,4.142,Sea Breakbulk,CAR010,V004,2025-07-10T02:35:42,2025-07-10T01:23:24,2025-07-13T00:47:42,2025-07-12T23:40:40,1218.6,1298.7,70.2,70.3,0.1,Customs hold,5526.32,738.7,"LINESTRING (-3.0443 43.3476, 4.142 51.947)"
LEG00507-3,SHP00507,3,PORT_P006,Port of Rotterdam,Port,Netherlands,51.947,4.142,FAC_F011,Rotterdam Consolidation Hub,Consolidation Hub,Netherlands,51.9244,4.4777,Road,CAR010,V004,2025-07-13T08:24:23,2025-07-13T14:43:59,2025-07-13T17:12:23,2025-07-14T01:26:21,29.2,30.9,8.8,10.7,1.9,None,557.08,69.57,"LINESTRING (4.142 51.947, 4.4777 51.9244)"
LEG00508-1,SHP00508,1,FAC_F005,Tarragona Equipment Vendor,Vendor,Spain,41.1189,1.2445,PORT_P002,Port of Barcelona,Port,Spain,41.3522,2.1686,Road,CAR003,V002,2025-01-02T07:00:00,2025-01-02T06:24:38,2025-01-02T17:06:00,2025-01-02T17:51:45,106.4,113.1,10.1,11.5,1.4,Carrier capacity,1767.27,609.54,"LINESTRING (1.2445 41.1189, 2.1686 41.3522)"
LEG00508-2,SHP00508,2,PORT_P002,Port of Barcelona,Port,Spain,41.3522,2.1686,PORT_P012,Port of Casablanca,Port,Morocco,33.605,-7.611,RoRo,CAR003,V002,2025-01-03T07:33:09,2025-01-03T03:52:53,2025-01-05T21:57:09,2025-01-05T19:31:43,1333.9,1435.0,62.4,63.6,1.2,None,7613.52,2442.23,"LINESTRING (2.1686 41.3522, -7.611 33.605)"
LEG00508-3,SHP00508,3,PORT_P012,Port of Casablanca,Port,Morocco,33.605,-7.611,FAC_F008,Casablanca Desalination Site,Project Site,Morocco,33.5731,-7.5898,Road,CAR003,V002,2025-01-06T07:25:39,2025-01-06T10:55:06,2025-01-06T11:43:39,2025-01-06T18:46:40,5.2,5.3,4.3,7.9,3.6,None,631.82,28.56,"LINESTRING (-7.611 33.605, -7.5898 33.5731)"
LEG00509-1,SHP00509,1,FAC_F013,Valencia Export Depot,Warehouse,Spain,39.4699,-0.3763,PORT_P001,Port of Valencia,Port,Spain,39.461,-0.323,Road,CAR007,V005,2024-01-22T15:00:00,2024-01-22T15:19:28,2024-01-22T18:36:00,2024-01-22T21:46:25,5.8,5.8,3.6,6.4,2.8,None,444.6,3.48,"LINESTRING (-0.3763 39.4699, -0.323 39.461)"
LEG00509-2,SHP00509,2,PORT_P001,Port of Valencia,Port,Spain,39.461,-0.323,PORT_P005,Port of Sines,Port,Portugal,37.9543,-8.8631,Sea Breakbulk,CAR007,V005,2024-01-23T03:55:28,2024-01-23T07:29:23,2024-01-26T10:01:28,2024-01-26T12:44:17,777.6,824.6,78.1,77.2,0,None,3953.97,124.88,"LINESTRING (-0.323 39.461, -8.8631 37.9543)"
LEG00509-3,SHP00509,3,PORT_P005,Port of Sines,Port,Portugal,37.9543,-8.8631,FAC_F007,Sines Energy Project Site,Project Site,Portugal,37.956,-8.868,Road,CAR007,V005,2024-01-26T19:17:59,2024-01-27T01:03:52,2024-01-27T01:29:59,2024-01-27T08:03:39,0.6,0.6,6.2,7.0,0.8,None,433.3,0.36,"LINESTRING (-8.8631 37.9543, -8.868 37.956)"
LEG00510-1,SHP00510,1,FAC_F001,Zaragoza Distribution Hub,Warehouse,Spain,41.6488,-0.8891,PORT_P001,Port of Valencia,Port,Spain,39.461,-0.323,Road,CAR004,V012,2025-09-17T14:00:00,2025-09-17T15:23:50,2025-09-17T23:24:00,2025-09-18T00:39:26,301.5,319.0,9.4,9.3,0,None,831.83,174.25,"LINESTRING (-0.8891 41.6488, -0.323 39.461)"
LEG00510-2,SHP00510,2,PORT_P001,Port of Valencia,Port,Spain,39.461,-0.323,PORT_P018,Port of Dammam,Port,Saudi Arabia,26.498,50.184,Sea Breakbulk,CAR004,V012,2025-09-18T13:59:57,2025-09-18T13:08:59,2025-09-27T09:41:57,2025-09-27T08:34:57,5215.4,5303.8,211.7,211.4,0,None,5774.37,731.92,"LINESTRING (-0.323 39.461, 50.184 26.498)"
LEG00510-3,SHP00510,3,PORT_P018,Port of Dammam,Port,Saudi Arabia,26.498,50.184,FAC_F017,Dammam Gas Project Site,Project Site,Saudi Arabia,26.4207,50.0888,Road,CAR004,V012,2025-09-27T21:23:10,2025-09-27T13:11:57,2025-09-28T05:59:10,2025-09-27T22:46:31,14.5,15.4,8.6,9.6,1.0,None,344.71,8.41,"LINESTRING (50.184 26.498, 50.0888 26.4207)"
LEG00511-1,SHP00511,1,FAC_F004,Bilbao Steel Fabricator,Vendor,Spain,43.263,-2.935,PORT_P004,Port of Bilbao,Port,Spain,43.3476,-3.0443,Road,CAR006,,2024-05-27T11:00:00,2024-05-27T11:24:00,2024-05-27T19:00:00,2024-05-27T23:06:38,17.2,17.4,8.0,11.7,3.7,Port congestion,761.34,29.59,"LINESTRING (-2.935 43.263, -3.0443 43.3476)"
LEG00511-2,SHP00511,2,PORT_P004,Port of Bilbao,Port,Spain,43.3476,-3.0443,PORT_P006,Port of Rotterdam,Port,Netherlands,51.947,4.142,Container Sea,CAR006,,2024-05-28T03:25:23,2024-05-28T16:41:54,2024-05-30T23:19:23,2024-05-31T19:26:38,1148.6,1199.7,67.9,74.7,6.8,Road permit delay,3858.5,386.54,"LINESTRING (-3.0443 43.3476, 4.142 51.947)"
LEG00511-3,SHP00511,3,PORT_P006,Port of Rotterdam,Port,Netherlands,51.947,4.142,FAC_F011,Rotterdam Consolidation Hub,Consolidation Hub,Netherlands,51.9244,4.4777,Road,CAR006,,2024-05-31T09:07:29,2024-06-01T01:34:52,2024-05-31T14:07:29,2024-06-02T05:49:53,26.5,27.1,5.0,28.3,23.3,Road permit delay,812.49,46.08,"LINESTRING (4.142 51.947, 4.4777 51.9244)"
LEG00512-1,SHP00512,1,FAC_F012,Antwerp EPC Supplier Yard,Vendor,Belgium,51.2194,4.4025,PORT_P007,Port of Antwerp-Bruges,Port,Belgium,51.2639,4.4009,Road,CAR006,,2024-09-12T07:00:00,2024-09-12T07:58:25,2024-09-12T11:06:00,2024-09-12T10:05:57,6.1,6.1,4.1,2.1,0,None,693.39,5.34,"LINESTRING (4.4025 51.2194, 4.4009 51.2639)"
LEG00512-2,SHP00512,2,PORT_P007,Port of Antwerp-Bruges,Port,Belgium,51.2639,4.4009,PORT_P001,Port of Valencia,Port,Spain,39.461,-0.323,Container Sea,CAR006,,2024-09-12T22:57:22,2024-09-12T15:04:46,2024-09-16T23:15:22,2024-09-16T13:46:22,1445.4,1487.9,96.3,94.7,0,None,3717.19,246.66,"LINESTRING (4.4009 51.2639, -0.323 39.461)"
LEG00512-3,SHP00512,3,PORT_P001,Port of Valencia,Port,Spain,39.461,-0.323,FAC_F001,Zaragoza Distribution Hub,Warehouse,Spain,41.6488,-0.8891,Road,CAR006,,2024-09-17T05:18:54,2024-09-16T21:34:57,2024-09-17T16:06:54,2024-09-17T09:30:52,311.2,310.6,10.8,11.9,1.1,None,1881.03,271.76,"LINESTRING (-0.323 39.461, -0.8891 41.6488)"
LEG00513-1,SHP00513,1,FAC_F014,Cadiz Module Yard,Module Yard,Spain,36.5271,-6.2886,PORT_P003,Port of Algeciras,Port,Spain,36.1324,-5.4479,Road,CAR007,V011,2025-12-16T11:00:00,2025-12-16T11:24:07,2025-12-16T18:00:00,2025-12-16T19:49:02,107.8,106.8,7.0,8.4,1.4,None,2252.46,968.23,"LINESTRING (-6.2886 36.5271, -5.4479 36.1324)"
LEG00513-2,SHP00513,2,PORT_P003,Port of Algeciras,Port,Spain,36.1324,-5.4479,PORT_P016,Port of Alexandria,Port,Egypt,31.2001,29.9187,Sea Breakbulk,CAR007,V011,2025-12-17T04:13:39,2025-12-17T01:44:23,2025-12-23T00:07:39,2025-12-22T21:28:49,3503.9,3742.8,139.9,139.7,0,None,31587.21,8572.21,"LINESTRING (-5.4479 36.1324, 29.9187 31.2001)"
LEG00513-3,SHP00513,3,PORT_P016,Port of Alexandria,Port,Egypt,31.2001,29.9187,FAC_F016,Alexandria Water Project Site,Project Site,Egypt,31.2001,29.9187,Road,CAR007,V011,2025-12-23T04:34:08,2025-12-23T08:09:32,2025-12-23T11:04:08,2025-12-23T18:30:47,0.0,0.0,6.5,10.4,3.9,None,576.0,0.0,"LINESTRING (29.9187 31.2001, 29.9187 31.2001)"
LEG00514-1,SHP00514,1,FAC_F012,Antwerp EPC Supplier Yard,Vendor,Belgium,51.2194,4.4025,PORT_P007,Port of Antwerp-Bruges,Port,Belgium,51.2639,4.4009,Road,CAR007,V005,2024-05-06T10:00:00,2024-05-06T11:36:57,2024-05-06T14:54:00,2024-05-06T16:51:39,6.5,6.9,4.9,5.2,0.3,None,586.91,24.14,"LINESTRING (4.4025 51.2194, 4.4009 51.2639)"
LEG00514-2,SHP00514,2,PORT_P007,Port of Antwerp-Bruges,Port,Belgium,51.2639,4.4009,PORT_P012,Port of Casablanca,Port,Morocco,33.605,-7.611,Sea Breakbulk,CAR007,V005,2024-05-06T23:08:26,2024-05-06T22:08:36,2024-05-11T16:26:26,2024-05-11T18:08:37,2317.7,2489.1,113.3,116.0,2.7,None,11601.45,2200.17,"LINESTRING (4.4009 51.2639, -7.611 33.605)"
LEG00514-3,SHP00514,3,PORT_P012,Port of Casablanca,Port,Morocco,33.605,-7.611,FAC_F008,Casablanca Desalination Site,Project Site,Morocco,33.5731,-7.5898,Road,CAR007,V005,2024-05-12T06:28:45,2024-05-12T07:24:24,2024-05-12T09:52:45,2024-05-12T14:10:53,4.7,4.7,3.4,6.8,3.4,None,571.95,16.44,"LINESTRING (-7.611 33.605, -7.5898 33.5731)"
LEG00515-1,SHP00515,1,FAC_F014,Cadiz Module Yard,Module Yard,Spain,36.5271,-6.2886,PORT_P003,Port of Algeciras,Port,Spain,36.1324,-5.4479,Road,CAR006,,2025-03-18T14:00:00,2025-03-18T14:21:25,2025-03-18T19:54:00,2025-03-18T23:34:15,111.1,117.8,5.9,9.2,3.3,Documentation issue,2889.19,1013.01,"LINESTRING (-6.2886 36.5271, -5.4479 36.1324)"
LEG00515-2,SHP00515,2,PORT_P003,Port of Algeciras,Port,Spain,36.1324,-5.4479,PORT_P006,Port of Rotterdam,Port,Netherlands,51.947,4.142,Container Sea,CAR006,,2025-03-19T08:38:21,2025-03-19T06:28:58,2025-03-23T18:32:21,2025-03-23T17:41:43,1984.7,1976.1,105.9,107.2,1.3,None,11201.51,3219.78,"LINESTRING (-5.4479 36.1324, 4.142 51.947)"
LEG00515-3,SHP00515,3,PORT_P006,Port of Rotterdam,Port,Netherlands,51.947,4.142,FAC_F011,Rotterdam Consolidation Hub,Consolidation Hub,Netherlands,51.9244,4.4777,Road,CAR006,,2025-03-23T23:24:33,2025-03-24T00:12:20,2025-03-24T05:12:33,2025-03-24T09:11:30,27.0,27.6,5.8,9.0,3.2,None,1228.23,237.34,"LINESTRING (4.142 51.947, 4.4777 51.9244)"
LEG00516-1,SHP00516,1,FAC_F012,Antwerp EPC Supplier Yard,Vendor,Belgium,51.2194,4.4025,PORT_P007,Port of Antwerp-Bruges,Port,Belgium,51.2639,4.4009,Road,CAR010,V007,2024-10-08T13:00:00,2024-10-08T14:37:54,2024-10-08T21:24:00,2024-10-09T15:43:59,6.1,6.3,8.4,25.1,16.7,Customs hold,456.33,13.18,"LINESTRING (4.4025 51.2194, 4.4009 51.2639)"
LEG00516-2,SHP00516,2,PORT_P007,Port of Antwerp-Bruges,Port,Belgium,51.2639,4.4009,PORT_P006,Port of Rotterdam,Port,Netherlands,51.947,4.142,Sea Breakbulk,CAR010,V007,2024-10-09T12:30:40,2024-10-09T22:33:50,2024-10-11T08:18:40,2024-10-12T11:17:38,82.4,86.6,43.8,60.7,16.9,Carrier capacity,3384.76,45.79,"LINESTRING (4.4009 51.2639, 4.142 51.947)"
LEG00516-3,SHP00516,3,PORT_P006,Port of Rotterdam,Port,Netherlands,51.947,4.142,FAC_F011,Rotterdam Consolidation Hub,Consolidation Hub,Netherlands,51.9244,4.4777,Road,CAR010,V007,2024-10-11T13:47:35,2024-10-13T02:39:35,2024-10-11T19:53:35,2024-10-13T09:51:21,26.5,26.7,6.1,7.2,1.1,None,535.1,55.88,"LINESTRING (4.142 51.947, 4.4777 51.9244)"
LEG00517-1,SHP00517,1,FAC_F003,Puertollano Module Yard,Module Yard,Spain,38.6871,-4.1121,PORT_P003,Port of Algeciras,Port,Spain,36.1324,-5.4479,Road,CAR004,V008,2024-02-12T13:00:00,2024-02-12T13:20:26,2024-02-13T00:54:00,2024-02-13T02:28:35,372.7,389.4,11.9,13.1,1.2,None,2109.91,1016.94,"LINESTRING (-4.1121 38.6871, -5.4479 36.1324)"
LEG00517-2,SHP00517,2,PORT_P003,Port of Algeciras,Port,Spain,36.1324,-5.4479,PORT_P005,Port of Sines,Port,Portugal,37.9543,-8.8631,Sea Breakbulk,CAR004,V008,2024-02-13T13:47:34,2024-02-13T07:59:12,2024-02-16T00:53:34,2024-02-15T20:27:13,383.3,382.1,59.1,60.5,1.4,None,3962.63,252.09,"LINESTRING (-5.4479 36.1324, -8.8631 37.9543)"
LEG00517-3,SHP00517,3,PORT_P005,Port of Sines,Port,Portugal,37.9543,-8.8631,FAC_F007,Sines Energy Project Site,Project Site,Portugal,37.956,-8.868,Road,CAR004,V008,2024-02-16T12:04:43,2024-02-16T05:50:27,2024-02-16T20:40:43,2024-02-16T18:06:24,0.6,0.6,8.6,12.3,3.7,None,434.59,1.57,"LINESTRING (-8.8631 37.9543, -8.868 37.956)"
LEG00518-1,SHP00518,1,FAC_F003,Puertollano Module Yard,Module Yard,Spain,38.6871,-4.1121,FAC_F001,Zaragoza Distribution Hub,Warehouse,Spain,41.6488,-0.8891,Road,CAR012,,2025-11-10T10:00:00,2025-11-10T11:18:29,2025-11-11T01:54:00,2025-11-11T03:04:56,525.6,542.1,15.9,15.8,0,None,3046.83,1048.01,"LINESTRING (-4.1121 38.6871, -0.8891 41.6488)"
LEG00519-1,SHP00519,1,FAC_F012,Antwerp EPC Supplier Yard,Vendor,Belgium,51.2194,4.4025,PORT_P007,Port of Antwerp-Bruges,Port,Belgium,51.2639,4.4009,Road,CAR006,,2025-02-26T07:00:00,2025-02-26T08:21:30,2025-02-26T13:06:00,2025-02-26T17:08:58,5.8,6.1,6.1,8.8,2.7,None,468.96,25.08,"LINESTRING (4.4025 51.2194, 4.4009 51.2639)"
LEG00519-2,SHP00519,2,PORT_P007,Port of Antwerp-Bruges,Port,Belgium,51.2639,4.4009,PORT_P018,Port of Dammam,Port,Saudi Arabia,26.498,50.184,Container Sea,CAR006,,2025-02-26T17:33:43,2025-02-26T23:22:37,2025-03-07T19:33:43,2025-03-08T04:53:20,5192.8,5237.1,218.0,221.5,3.5,None,8980.68,4079.91,"LINESTRING (4.4009 51.2639, 50.184 26.498)"
LEG00519-3,SHP00519,3,PORT_P018,Port of Dammam,Port,Saudi Arabia,26.498,50.184,FAC_F017,Dammam Gas Project Site,Project Site,Saudi Arabia,26.4207,50.0888,Road,CAR006,,2025-03-08T03:50:36,2025-03-08T15:37:23,2025-03-08T07:44:36,2025-03-08T21:36:51,15.9,16.3,3.9,6.0,2.1,None,530.77,67.02,"LINESTRING (50.184 26.498, 50.0888 26.4207)"
LEG00520-1,SHP00520,1,FAC_F014,Cadiz Module Yard,Module Yard,Spain,36.5271,-6.2886,PORT_P003,Port of Algeciras,Port,Spain,36.1324,-5.4479,Road,CAR010,V007,2024-09-23T12:00:00,2024-09-23T12:25:28,2024-09-23T22:12:00,2024-09-24T07:51:45,99.6,106.8,10.2,19.4,9.2,Road permit delay,2168.48,936.98,"LINESTRING (-6.2886 36.5271, -5.4479 36.1324)"
LEG00520-2,SHP00520,2,PORT_P003,Port of Algeciras,Port,Spain,36.1324,-5.4479,PORT_P009,Port of Marseille-Fos,Port,France,43.437,4.943,Sea Breakbulk,CAR010,V007,2024-09-24T14:08:00,2024-09-24T11:57:50,2024-09-27T11:08:00,2024-09-28T18:01:06,1300.9,1344.9,69.0,102.1,33.1,Carrier capacity,13618.0,2980.84,"LINESTRING (-5.4479 36.1324, 4.943 43.437)"
LEG00520-3,SHP00520,3,PORT_P009,Port of Marseille-Fos,Port,France,43.437,4.943,FAC_F018,Marseille Wind Substation Site,Project Site,France,43.2965,5.3698,Road,CAR010,V007,2024-09-27T17:35:06,2024-09-29T07:16:37,2024-09-27T21:53:06,2024-09-30T09:03:11,50.2,50.9,4.3,25.8,21.5,Port congestion,1334.96,446.56,"LINESTRING (4.943 43.437, 5.3698 43.2965)"
LEG00521-1,SHP00521,1,FAC_F002,Madrid Cross Dock,Cross Dock,Spain,40.4168,-3.7038,FAC_F001,Zaragoza Distribution Hub,Warehouse,Spain,41.6488,-0.8891,Road,CAR008,,2025-02-10T11:00:00,2025-02-10T12:41:00,2025-02-11T00:06:00,2025-02-11T04:04:40,330.6,349.1,13.1,15.4,2.3,None,1045.36,131.99,"LINESTRING (-3.7038 40.4168, -0.8891 41.6488)"
LEG00522-1,SHP00522,1,FAC_F012,Antwerp EPC Supplier Yard,Vendor,Belgium,51.2194,4.4025,PORT_P007,Port of Antwerp-Bruges,Port,Belgium,51.2639,4.4009,Road,CAR010,V004,2025-11-13T15:00:00,2025-11-13T15:29:27,2025-11-14T00:06:00,2025-11-13T23:40:34,5.8,6.2,9.1,8.2,0,None,464.79,20.81,"LINESTRING (4.4025 51.2194, 4.4009 51.2639)"
LEG00522-2,SHP00522,2,PORT_P007,Port of Antwerp-Bruges,Port,Belgium,51.2639,4.4009,PORT_P012,Port of Casablanca,Port,Morocco,33.605,-7.611,Sea Breakbulk,CAR010,V004,2025-11-14T05:46:45,2025-11-14T12:54:10,2025-11-19T07:04:45,2025-11-19T16:10:02,2336.8,2389.8,121.3,123.3,2.0,None,8867.63,2026.36,"LINESTRING (4.4009 51.2639, -7.611 33.605)"
LEG00522-3,SHP00522,3,PORT_P012,Port of Casablanca,Port,Morocco,33.605,-7.611,FAC_F008,Casablanca Desalination Site,Project Site,Morocco,33.5731,-7.5898,Road,CAR010,V004,2025-11-19T21:44:55,2025-11-20T06:49:37,2025-11-20T02:44:55,2025-11-20T11:23:10,4.5,4.6,5.0,4.6,0,None,456.33,15.44,"LINESTRING (-7.611 33.605, -7.5898 33.5731)"
LEG00523-1,SHP00523,1,FAC_F012,Antwerp EPC Supplier Yard,Vendor,Belgium,51.2194,4.4025,PORT_P007,Port of Antwerp-Bruges,Port,Belgium,51.2639,4.4009,Road,CAR006,,2024-08-05T10:00:00,2024-08-05T12:18:27,2024-08-05T18:00:00,2024-08-06T07:44:13,6.2,6.3,8.0,19.4,11.4,Documentation issue,445.35,3.26,"LINESTRING (4.4025 51.2194, 4.4009 51.2639)"
LEG00523-2,SHP00523,2,PORT_P007,Port of Antwerp-Bruges,Port,Belgium,51.2639,4.4009,PORT_P009,Port of Marseille-Fos,Port,France,43.437,4.943,Container Sea,CAR006,,2024-08-06T07:55:05,2024-08-06T21:55:48,2024-08-08T09:19:05,2024-08-09T02:15:03,938.8,936.6,49.4,52.3,2.9,None,1995.6,91.88,"LINESTRING (4.4009 51.2639, 4.943 43.437)"
LEG00523-3,SHP00523,3,PORT_P009,Port of Marseille-Fos,Port,France,43.437,4.943,FAC_F018,Marseille Wind Substation Site,Project Site,France,43.2965,5.3698,Road,CAR006,,2024-08-08T18:25:15,2024-08-09T13:34:58,2024-08-08T23:49:15,2024-08-09T20:46:14,47.6,47.6,5.4,7.2,1.8,None,532.84,24.64,"LINESTRING (4.943 43.437, 5.3698 43.2965)"
LEG00524-1,SHP00524,1,FAC_F001,Zaragoza Distribution Hub,Warehouse,Spain,41.6488,-0.8891,PORT_P001,Port of Valencia,Port,Spain,39.461,-0.323,Road,CAR007,V011,2025-06-13T12:00:00,2025-06-13T14:16:33,2025-06-14T00:54:00,2025-06-14T03:12:16,307.8,317.7,12.9,12.9,0.0,Customs hold,1361.4,382.1,"LINESTRING (-0.8891 41.6488, -0.323 39.461)"
LEG00524-2,SHP00524,2,PORT_P001,Port of Valencia,Port,Spain,39.461,-0.323,PORT_P005,Port of Sines,Port,Portugal,37.9543,-8.8631,Sea Breakbulk,CAR007,V011,2025-06-14T09:24:29,2025-06-14T18:40:00,2025-06-16T16:24:29,2025-06-17T07:55:13,831.1,844.6,55.0,61.3,6.3,Road permit delay,4270.64,256.62,"LINESTRING (-0.323 39.461, -8.8631 37.9543)"
LEG00524-3,SHP00524,3,PORT_P005,Port of Sines,Port,Portugal,37.9543,-8.8631,FAC_F007,Sines Energy Project Site,Project Site,Portugal,37.956,-8.868,Road,CAR007,V011,2025-06-16T21:39:01,2025-06-17T14:35:59,2025-06-17T02:27:01,2025-06-17T21:26:34,0.5,0.5,4.8,6.8,2.0,None,433.46,0.6,"LINESTRING (-8.8631 37.9543, -8.868 37.956)"
LEG00525-1,SHP00525,1,FAC_F010,Milan Valve Plant,Vendor,Italy,45.4642,9.19,PORT_P010,Port of Genoa,Port,Italy,44.41,8.925,Road,CAR004,V012,2025-08-15T13:00:00,2025-08-15T13:18:04,2025-08-15T21:12:00,2025-08-16T16:08:14,143.8,147.6,8.2,26.8,18.6,Customs hold,1690.33,395.56,"LINESTRING (9.19 45.4642, 8.925 44.41)"
LEG00525-2,SHP00525,2,PORT_P010,Port of Genoa,Port,Italy,44.41,8.925,PORT_P018,Port of Dammam,Port,Saudi Arabia,26.498,50.184,Sea Breakbulk,CAR004,V012,2025-08-16T09:44:51,2025-08-16T21:01:45,2025-08-24T07:08:51,2025-08-25T16:00:26,4607.5,4847.3,189.4,211.0,21.6,Road permit delay,19757.46,3281.82,"LINESTRING (8.925 44.41, 50.184 26.498)"
LEG00525-3,SHP00525,3,PORT_P018,Port of Dammam,Port,Saudi Arabia,26.498,50.184,FAC_F017,Dammam Gas Project Site,Project Site,Saudi Arabia,26.4207,50.0888,Road,CAR004,V012,2025-08-24T13:42:26,2025-08-25T22:47:11,2025-08-24T17:48:26,2025-08-26T18:39:49,16.1,16.2,4.1,19.9,15.8,Customs hold,781.63,43.42,"LINESTRING (50.184 26.498, 50.0888 26.4207)"
LEG00526-1,SHP00526,1,FAC_F004,Bilbao Steel Fabricator,Vendor,Spain,43.263,-2.935,PORT_P004,Port of Bilbao,Port,Spain,43.3476,-3.0443,Road,CAR004,V008,2024-02-06T13:00:00,2024-02-06T13:34:11,2024-02-06T22:54:00,2024-02-06T21:29:15,14.5,14.8,9.9,7.9,0,None,862.28,59.04,"LINESTRING (-2.935 43.263, -3.0443 43.3476)"
LEG00526-2,SHP00526,2,PORT_P004,Port of Bilbao,Port,Spain,43.3476,-3.0443,PORT_P005,Port of Sines,Port,Portugal,37.9543,-8.8631,Sea Breakbulk,CAR004,V008,2024-02-07T09:32:46,2024-02-07T09:46:52,2024-02-10T15:20:46,2024-02-10T16:36:10,832.1,877.4,77.8,78.8,1.0,None,9189.69,884.21,"LINESTRING (-3.0443 43.3476, -8.8631 37.9543)"
LEG00526-3,SHP00526,3,PORT_P005,Port of Sines,Port,Portugal,37.9543,-8.8631,FAC_F007,Sines Energy Project Site,Project Site,Portugal,37.956,-8.868,Road,CAR004,V008,2024-02-11T05:36:40,2024-02-10T19:39:53,2024-02-11T09:12:40,2024-02-11T02:20:59,0.6,0.6,3.6,6.7,3.1,None,725.77,2.39,"LINESTRING (-8.8631 37.9543, -8.868 37.956)"
LEG00527-1,SHP00527,1,FAC_F014,Cadiz Module Yard,Module Yard,Spain,36.5271,-6.2886,PORT_P003,Port of Algeciras,Port,Spain,36.1324,-5.4479,Road,CAR006,,2025-02-06T11:00:00,2025-02-06T13:27:34,2025-02-06T21:12:00,2025-02-06T22:17:39,102.7,109.8,10.2,8.8,0,None,2056.03,860.14,"LINESTRING (-6.2886 36.5271, -5.4479 36.1324)"
LEG00527-2,SHP00527,2,PORT_P003,Port of Algeciras,Port,Spain,36.1324,-5.4479,PORT_P005,Port of Sines,Port,Portugal,37.9543,-8.8631,Container Sea,CAR006,,2025-02-07T12:57:56,2025-02-07T06:48:26,2025-02-09T18:09:56,2025-02-10T07:58:22,397.6,414.3,53.2,73.2,20.0,Carrier capacity,3390.48,614.94,"LINESTRING (-5.4479 36.1324, -8.8631 37.9543)"
LEG00527-3,SHP00527,3,PORT_P005,Port of Sines,Port,Portugal,37.9543,-8.8631,FAC_F007,Sines Energy Project Site,Project Site,Portugal,37.956,-8.868,Road,CAR006,,2025-02-10T00:53:22,2025-02-10T19:56:48,2025-02-10T08:17:22,2025-02-11T06:38:12,0.6,0.6,7.4,10.7,3.3,None,584.09,4.7,"LINESTRING (-8.8631 37.9543, -8.868 37.956)"
LEG00528-1,SHP00528,1,FAC_F005,Tarragona Equipment Vendor,Vendor,Spain,41.1189,1.2445,PORT_P002,Port of Barcelona,Port,Spain,41.3522,2.1686,Road,CAR010,V014,2024-05-31T10:00:00,2024-05-31T10:08:22,2024-05-31T17:48:00,2024-05-31T18:30:06,101.1,105.3,7.8,8.4,0.6,None,812.04,44.92,"LINESTRING (1.2445 41.1189, 2.1686 41.3522)"
LEG00528-2,SHP00528,2,PORT_P002,Port of Barcelona,Port,Spain,41.3522,2.1686,PORT_P006,Port of Rotterdam,Port,Netherlands,51.947,4.142,Sea Breakbulk,CAR010,V014,2024-05-31T23:27:32,2024-05-31T21:39:26,2024-06-04T03:03:32,2024-06-04T01:48:27,1280.8,1283.7,75.6,76.2,0.6,None,5347.45,138.33,"LINESTRING (2.1686 41.3522, 4.142 51.947)"
LEG00528-3,SHP00528,3,PORT_P006,Port of Rotterdam,Port,Netherlands,51.947,4.142,FAC_F011,Rotterdam Consolidation Hub,Consolidation Hub,Netherlands,51.9244,4.4777,Road,CAR010,V014,2024-06-04T13:43:21,2024-06-04T17:46:26,2024-06-04T22:01:21,2024-06-05T12:16:36,28.6,28.5,8.3,18.5,10.2,Road permit delay,613.63,12.16,"LINESTRING (4.142 51.947, 4.4777 51.9244)"
LEG00529-1,SHP00529,1,FAC_F005,Tarragona Equipment Vendor,Vendor,Spain,41.1189,1.2445,PORT_P002,Port of Barcelona,Port,Spain,41.3522,2.1686,Road,CAR003,V006,2024-05-09T09:00:00,2024-05-09T10:27:12,2024-05-09T15:48:00,2024-05-09T20:56:51,106.4,111.5,6.8,10.5,3.7,None,1827.8,655.89,"LINESTRING (1.2445 41.1189, 2.1686 41.3522)"
LEG00529-2,SHP00529,2,PORT_P002,Port of Barcelona,Port,Spain,41.3522,2.1686,PORT_P012,Port of Casablanca,Port,Morocco,33.605,-7.611,RoRo,CAR003,V006,2024-05-10T03:29:25,2024-05-10T06:10:56,2024-05-13T00:47:25,2024-05-13T04:44:03,1321.8,1360.9,69.3,70.6,1.3,None,7704.33,2528.01,"LINESTRING (2.1686 41.3522, -7.611 33.605)"
LEG00529-3,SHP00529,3,PORT_P012,Port of Casablanca,Port,Morocco,33.605,-7.611,FAC_F008,Casablanca Desalination Site,Project Site,Morocco,33.5731,-7.5898,Road,CAR003,V006,2024-05-13T04:49:23,2024-05-13T14:41:16,2024-05-13T11:01:23,2024-05-13T21:07:04,5.1,5.2,6.2,6.4,0.2,None,634.38,30.59,"LINESTRING (-7.611 33.605, -7.5898 33.5731)"
LEG00530-1,SHP00530,1,FAC_F005,Tarragona Equipment Vendor,Vendor,Spain,41.1189,1.2445,FAC_F001,Zaragoza Distribution Hub,Warehouse,Spain,41.6488,-0.8891,Road,CAR002,,2025-07-07T11:00:00,2025-07-07T13:12:09,2025-07-07T20:00:00,2025-07-07T20:31:01,244.7,258.0,9.0,7.3,0,None,4760.32,1336.53,"LINESTRING (1.2445 41.1189, -0.8891 41.6488)"
LEG00531-1,SHP00531,1,FAC_F011,Rotterdam Consolidation Hub,Consolidation Hub,Netherlands,51.9244,4.4777,PORT_P006,Port of Rotterdam,Port,Netherlands,51.947,4.142,Road,CAR004,V001,2025-12-09T13:00:00,2025-12-09T12:59:06,2025-12-09T23:24:00,2025-12-09T22:58:44,28.4,30.6,10.4,10.0,0,None,939.58,111.11,"LINESTRING (4.4777 51.9244, 4.142 51.947)"
LEG00531-2,SHP00531,2,PORT_P006,Port of Rotterdam,Port,Netherlands,51.947,4.142,PORT_P018,Port of Dammam,Port,Saudi Arabia,26.498,50.184,Sea Breakbulk,CAR004,V001,2025-12-10T03:34:29,2025-12-10T15:18:12,2025-12-19T15:40:29,2025-12-20T06:54:17,5228.9,5507.7,228.1,231.6,3.5,None,26749.81,5052.1,"LINESTRING (4.142 51.947, 50.184 26.498)"
LEG00531-3,SHP00531,3,PORT_P018,Port of Dammam,Port,Saudi Arabia,26.498,50.184,FAC_F017,Dammam Gas Project Site,Project Site,Saudi Arabia,26.4207,50.0888,Road,CAR004,V001,2025-12-19T20:22:01,2025-12-20T15:43:15,2025-12-20T03:34:01,2025-12-20T23:00:29,16.1,16.6,7.2,7.3,0.1,None,816.06,60.27,"LINESTRING (50.184 26.498, 50.0888 26.4207)"
LEG00532-1,SHP00532,1,FAC_F014,Cadiz Module Yard,Module Yard,Spain,36.5271,-6.2886,FAC_F001,Zaragoza Distribution Hub,Warehouse,Spain,41.6488,-0.8891,Road,CAR008,,2024-06-19T11:00:00,2024-06-19T11:19:01,2024-06-20T16:12:00,2024-06-20T16:05:54,961.2,995.2,29.2,28.8,0,None,4831.78,2679.38,"LINESTRING (-6.2886 36.5271, -0.8891 41.6488)"
LEG00533-1,SHP00533,1,FAC_F004,Bilbao Steel Fabricator,Vendor,Spain,43.263,-2.935,PORT_P004,Port of Bilbao,Port,Spain,43.3476,-3.0443,Road,CAR004,V001,2025-05-11T11:00:00,2025-05-11T11:33:48,2025-05-11T15:18:00,2025-05-11T18:20:57,16.3,16.2,4.3,6.8,2.5,None,794.41,50.49,"LINESTRING (-2.935 43.263, -3.0443 43.3476)"
LEG00533-2,SHP00533,2,PORT_P004,Port of Bilbao,Port,Spain,43.3476,-3.0443,PORT_P018,Port of Dammam,Port,Saudi Arabia,26.498,50.184,Sea Breakbulk,CAR004,V001,2025-05-11T19:29:31,2025-05-12T01:12:50,2025-05-22T10:05:31,2025-05-23T08:24:08,5517.8,5583.4,254.6,271.2,16.6,Weather disruption,24097.61,4396.59,"LINESTRING (-3.0443 43.3476, 50.184 26.498)"
LEG00533-3,SHP00533,3,PORT_P018,Port of Dammam,Port,Saudi Arabia,26.498,50.184,FAC_F017,Dammam Gas Project Site,Project Site,Saudi Arabia,26.4207,50.0888,Road,CAR004,V001,2025-05-23T01:48:08,2025-05-23T18:00:48,2025-05-23T09:42:08,2025-05-24T18:21:09,15.9,17.0,7.9,24.3,16.4,Carrier capacity,800.58,52.99,"LINESTRING (50.184 26.498, 50.0888 26.4207)"
LEG00534-1,SHP00534,1,FAC_F010,Milan Valve Plant,Vendor,Italy,45.4642,9.19,PORT_P010,Port of Genoa,Port,Italy,44.41,8.925,Road,CAR010,V004,2024-04-15T12:00:00,2024-04-15T13:39:03,2024-04-15T20:00:00,2024-04-15T22:41:00,140.4,149.2,8.0,9.0,1.0,None,1258.83,134.09,"LINESTRING (9.19 45.4642, 8.925 44.41)"
LEG00534-2,SHP00534,2,PORT_P010,Port of Genoa,Port,Italy,44.41,8.925,PORT_P012,Port of Casablanca,Port,Morocco,33.605,-7.611,Sea Breakbulk,CAR010,V004,2024-04-16T04:11:37,2024-04-16T08:41:30,2024-04-20T17:53:37,2024-04-21T16:16:29,2034.2,2105.8,109.7,127.6,17.9,Road permit delay,8423.49,478.1,"LINESTRING (8.925 44.41, -7.611 33.605)"
LEG00534-3,SHP00534,3,PORT_P012,Port of Casablanca,Port,Morocco,33.605,-7.611,FAC_F008,Casablanca Desalination Site,Project Site,Morocco,33.5731,-7.5898,Road,CAR010,V004,2024-04-20T23:08:47,2024-04-22T01:11:21,2024-04-21T04:50:47,2024-04-22T05:03:02,4.8,4.8,5.7,3.9,0,None,688.56,4.31,"LINESTRING (-7.611 33.605, -7.5898 33.5731)"
LEG00535-1,SHP00535,1,FAC_F011,Rotterdam Consolidation Hub,Consolidation Hub,Netherlands,51.9244,4.4777,FAC_F018,Marseille Wind Substation Site,Project Site,France,43.2965,5.3698,Road,CAR008,,2024-09-10T14:00:00,2024-09-10T14:29:47,2024-09-11T13:24:00,2024-09-11T13:06:54,1231.2,1269.0,23.4,22.6,0,None,2686.88,440.03,"LINESTRING (4.4777 51.9244, 5.3698 43.2965)"
LEG00536-1,SHP00536,1,FAC_F011,Rotterdam Consolidation Hub,Consolidation Hub,Netherlands,51.9244,4.4777,PORT_P006,Port of Rotterdam,Port,Netherlands,51.947,4.142,Road,CAR005,V009,2025-07-28T11:00:00,2025-07-28T13:30:30,2025-07-28T14:36:00,2025-07-29T06:29:28,30.3,31.2,3.6,17.0,13.4,Port congestion,463.67,17.55,"LINESTRING (4.4777 51.9244, 4.142 51.947)"
LEG00536-2,SHP00536,2,PORT_P006,Port of Rotterdam,Port,Netherlands,51.947,4.142,PORT_P009,Port of Marseille-Fos,Port,France,43.437,4.943,Container Sea,CAR005,V009,2025-07-28T20:54:18,2025-07-29T14:31:37,2025-08-01T00:30:18,2025-08-01T18:15:54,1029.1,1028.4,75.6,75.7,0.1,None,1906.97,109.59,"LINESTRING (4.142 51.947, 4.943 43.437)"
LEG00536-3,SHP00536,3,PORT_P009,Port of Marseille-Fos,Port,France,43.437,4.943,FAC_F018,Marseille Wind Substation Site,Project Site,France,43.2965,5.3698,Road,CAR005,V009,2025-08-01T08:14:48,2025-08-01T22:53:26,2025-08-01T14:20:48,2025-08-02T08:09:15,46.6,48.1,6.1,9.3,3.2,None,498.16,27.05,"LINESTRING (4.943 43.437, 5.3698 43.2965)"
LEG00537-1,SHP00537,1,FAC_F014,Cadiz Module Yard,Module Yard,Spain,36.5271,-6.2886,PORT_P003,Port of Algeciras,Port,Spain,36.1324,-5.4479,Road,CAR010,V004,2025-02-05T15:00:00,2025-02-05T15:03:20,2025-02-05T20:00:00,2025-02-05T22:25:55,102.0,109.4,5.0,7.4,2.4,None,877.5,238.31,"LINESTRING (-6.2886 36.5271, -5.4479 36.1324)"
LEG00537-2,SHP00537,2,PORT_P003,Port of Algeciras,Port,Spain,36.1324,-5.4479,PORT_P012,Port of Casablanca,Port,Morocco,33.605,-7.611,Sea Breakbulk,CAR010,V004,2025-02-06T07:42:07,2025-02-06T06:20:58,2025-02-08T23:06:07,2025-02-08T19:54:14,373.3,381.9,63.4,61.6,0,None,3914.95,210.17,"LINESTRING (-5.4479 36.1324, -7.611 33.605)"
LEG00537-3,SHP00537,3,PORT_P012,Port of Casablanca,Port,Morocco,33.605,-7.611,FAC_F008,Casablanca Desalination Site,Project Site,Morocco,33.5731,-7.5898,Road,CAR010,V004,2025-02-09T11:13:08,2025-02-09T00:30:41,2025-02-09T16:25:08,2025-02-09T06:37:53,5.2,5.4,5.2,6.1,0.9,None,453.99,11.76,"LINESTRING (-7.611 33.605, -7.5898 33.5731)"
LEG00538-1,SHP00538,1,FAC_F003,Puertollano Module Yard,Module Yard,Spain,38.6871,-4.1121,PORT_P003,Port of Algeciras,Port,Spain,36.1324,-5.4479,Road,CAR010,V004,2025-02-04T12:00:00,2025-02-04T11:39:43,2025-02-05T02:00:00,2025-02-05T03:00:24,346.7,363.4,14.0,15.3,1.3,None,1913.4,792.99,"LINESTRING (-4.1121 38.6871, -5.4479 36.1324)"
LEG00538-2,SHP00538,2,PORT_P003,Port of Algeciras,Port,Spain,36.1324,-5.4479,PORT_P005,Port of Sines,Port,Portugal,37.9543,-8.8631,Sea Breakbulk,CAR010,V004,2025-02-05T08:11:16,2025-02-05T09:04:38,2025-02-07T01:05:16,2025-02-07T03:02:35,392.5,401.3,40.9,42.0,1.1,None,3950.06,221.23,"LINESTRING (-5.4479 36.1324, -8.8631 37.9543)"
LEG00538-3,SHP00538,3,PORT_P005,Port of Sines,Port,Portugal,37.9543,-8.8631,FAC_F007,Sines Energy Project Site,Project Site,Portugal,37.956,-8.868,Road,CAR010,V004,2025-02-07T08:52:57,2025-02-07T10:56:03,2025-02-07T15:52:57,2025-02-07T20:45:45,0.6,0.6,7.0,9.8,2.8,None,434.45,1.31,"LINESTRING (-8.8631 37.9543, -8.868 37.956)"
LEG00539-1,SHP00539,1,FAC_F004,Bilbao Steel Fabricator,Vendor,Spain,43.263,-2.935,PORT_P004,Port of Bilbao,Port,Spain,43.3476,-3.0443,Road,CAR010,V004,2025-01-23T14:00:00,2025-01-23T13:22:14,2025-01-23T21:30:00,2025-01-23T20:18:46,16.1,16.2,7.5,6.9,0,None,595.22,17.36,"LINESTRING (-2.935 43.263, -3.0443 43.3476)"
LEG00539-2,SHP00539,2,PORT_P004,Port of Bilbao,Port,Spain,43.3476,-3.0443,PORT_P018,Port of Dammam,Port,Saudi Arabia,26.498,50.184,Sea Breakbulk,CAR010,V004,2025-01-24T09:05:09,2025-01-24T02:39:35,2025-02-03T00:59:09,2025-02-02T22:05:50,5466.9,5634.8,231.9,235.4,3.5,None,11998.62,1525.45,"LINESTRING (-3.0443 43.3476, 50.184 26.498)"
LEG00539-3,SHP00539,3,PORT_P018,Port of Dammam,Port,Saudi Arabia,26.498,50.184,FAC_F017,Dammam Gas Project Site,Project Site,Saudi Arabia,26.4207,50.0888,Road,CAR010,V004,2025-02-03T12:57:30,2025-02-03T14:56:03,2025-02-03T20:09:30,2025-02-03T23:30:17,15.1,16.2,7.2,8.6,1.4,None,595.22,17.36,"LINESTRING (50.184 26.498, 50.0888 26.4207)"
LEG00540-1,SHP00540,1,FAC_F010,Milan Valve Plant,Vendor,Italy,45.4642,9.19,FAC_F007,Sines Energy Project Site,Project Site,Portugal,37.956,-8.868,Road,CAR002,,2024-02-18T12:00:00,2024-02-18T14:34:37,2024-02-20T13:36:00,2024-02-20T17:55:13,2108.9,2248.1,49.6,51.3,1.7,None,4693.1,1125.51,"LINESTRING (9.19 45.4642, -8.868 37.956)"
LEG00541-1,SHP00541,1,FAC_F012,Antwerp EPC Supplier Yard,Vendor,Belgium,51.2194,4.4025,PORT_P007,Port of Antwerp-Bruges,Port,Belgium,51.2639,4.4009,Road,CAR007,V011,2025-03-17T12:00:00,2025-03-17T13:59:09,2025-03-17T21:06:00,2025-03-17T21:10:12,6.3,6.7,9.1,7.2,0,None,458.28,13.49,"LINESTRING (4.4025 51.2194, 4.4009 51.2639)"
LEG00541-2,SHP00541,2,PORT_P007,Port of Antwerp-Bruges,Port,Belgium,51.2639,4.4009,PORT_P016,Port of Alexandria,Port,Egypt,31.2001,29.9187,Sea Breakbulk,CAR007,V011,2025-03-18T09:50:26,2025-03-18T09:10:32,2025-03-24T01:14:26,2025-03-25T01:17:31,3184.4,3364.2,135.4,160.1,24.7,Documentation issue,8937.31,1711.7,"LINESTRING (4.4009 51.2639, 29.9187 31.2001)"
LEG00541-3,SHP00541,3,PORT_P016,Port of Alexandria,Port,Egypt,31.2001,29.9187,FAC_F016,Alexandria Water Project Site,Project Site,Egypt,31.2001,29.9187,Road,CAR007,V011,2025-03-24T11:06:45,2025-03-25T14:08:33,2025-03-24T20:54:45,2025-03-26T21:20:25,0.0,0.0,9.8,31.2,21.4,Customs hold,432.0,0.0,"LINESTRING (29.9187 31.2001, 29.9187 31.2001)"
LEG00542-1,SHP00542,1,FAC_F014,Cadiz Module Yard,Module Yard,Spain,36.5271,-6.2886,PORT_P003,Port of Algeciras,Port,Spain,36.1324,-5.4479,Road,CAR006,,2025-05-09T10:00:00,2025-05-09T09:58:10,2025-05-09T17:30:00,2025-05-09T20:19:21,113.0,113.2,7.5,10.4,2.9,None,1513.66,492.32,"LINESTRING (-6.2886 36.5271, -5.4479 36.1324)"
LEG00542-2,SHP00542,2,PORT_P003,Port of Algeciras,Port,Spain,36.1324,-5.4479,PORT_P006,Port of Rotterdam,Port,Netherlands,51.947,4.142,Container Sea,CAR006,,2025-05-10T03:23:54,2025-05-10T12:19:29,2025-05-14T10:11:54,2025-05-14T20:41:24,2059.2,2167.1,102.8,104.4,1.6,None,6276.31,1785.78,"LINESTRING (-5.4479 36.1324, 4.142 51.947)"
LEG00542-3,SHP00542,3,PORT_P006,Port of Rotterdam,Port,Netherlands,51.947,4.142,FAC_F011,Rotterdam Consolidation Hub,Consolidation Hub,Netherlands,51.9244,4.4777,Road,CAR006,,2025-05-15T01:52:09,2025-05-15T04:34:09,2025-05-15T12:22:09,2025-05-15T17:06:12,28.0,29.0,10.5,12.5,2.0,None,816.21,126.12,"LINESTRING (4.142 51.947, 4.4777 51.9244)"
LEG00543-1,SHP00543,1,FAC_F003,Puertollano Module Yard,Module Yard,Spain,38.6871,-4.1121,PORT_P003,Port of Algeciras,Port,Spain,36.1324,-5.4479,Road,CAR004,V008,2025-05-13T09:00:00,2025-05-13T11:13:47,2025-05-13T19:36:00,2025-05-14T01:45:19,379.4,379.7,10.6,14.5,3.9,None,6094.33,3255.09,"LINESTRING (-4.1121 38.6871, -5.4479 36.1324)"
LEG00543-2,SHP00543,2,PORT_P003,Port of Algeciras,Port,Spain,36.1324,-5.4479,PORT_P006,Port of Rotterdam,Port,Netherlands,51.947,4.142,Sea Breakbulk,CAR004,V008,2025-05-14T11:07:25,2025-05-14T11:21:31,2025-05-19T04:07:25,2025-05-19T07:08:16,2025.6,2030.7,113.0,115.8,2.8,None,17994.23,4398.01,"LINESTRING (-5.4479 36.1324, 4.142 51.947)"
LEG00543-3,SHP00543,3,PORT_P006,Port of Rotterdam,Port,Netherlands,51.947,4.142,FAC_F011,Rotterdam Consolidation Hub,Consolidation Hub,Netherlands,51.9244,4.4777,Road,CAR004,V008,2025-05-19T10:28:31,2025-05-19T19:21:35,2025-05-19T19:04:31,2025-05-20T05:06:18,28.7,30.4,8.6,9.7,1.1,None,1017.82,260.61,"LINESTRING (4.142 51.947, 4.4777 51.9244)"
LEG00544-1,SHP00544,1,FAC_F005,Tarragona Equipment Vendor,Vendor,Spain,41.1189,1.2445,FAC_F001,Zaragoza Distribution Hub,Warehouse,Spain,41.6488,-0.8891,Road,CAR012,,2025-01-27T08:00:00,2025-01-27T10:02:35,2025-01-27T19:48:00,2025-01-27T21:56:48,229.8,240.6,11.8,11.9,0.1,Customs hold,3337.58,1578.28,"LINESTRING (1.2445 41.1189, -0.8891 41.6488)"
LEG00545-1,SHP00545,1,FAC_F010,Milan Valve Plant,Vendor,Italy,45.4642,9.19,FAC_F017,Dammam Gas Project Site,Project Site,Saudi Arabia,26.4207,50.0888,Road,CAR002,,2025-11-03T08:00:00,2025-11-03T10:38:08,2025-11-07T18:06:00,2025-11-07T19:17:56,5134.0,5303.7,106.1,104.7,0,None,18996.81,5804.37,"LINESTRING (9.19 45.4642, 50.0888 26.4207)"
LEG00546-1,SHP00546,1,FAC_F011,Rotterdam Consolidation Hub,Consolidation Hub,Netherlands,51.9244,4.4777,PORT_P006,Port of Rotterdam,Port,Netherlands,51.947,4.142,Road,CAR010,V014,2025-10-10T13:00:00,2025-10-10T13:56:10,2025-10-10T23:12:00,2025-10-11T07:39:18,30.3,31.9,10.2,17.7,7.5,Port congestion,723.71,86.79,"LINESTRING (4.4777 51.9244, 4.142 51.947)"
LEG00546-2,SHP00546,2,PORT_P006,Port of Rotterdam,Port,Netherlands,51.947,4.142,PORT_P005,Port of Sines,Port,Portugal,37.9543,-8.8631,Sea Breakbulk,CAR010,V014,2025-10-11T03:48:50,2025-10-11T20:29:25,2025-10-16T00:36:50,2025-10-16T20:59:47,1920.2,1959.5,116.8,120.5,3.7,None,9014.99,1346.88,"LINESTRING (4.142 51.947, -8.8631 37.9543)"
LEG00546-3,SHP00546,3,PORT_P005,Port of Sines,Port,Portugal,37.9543,-8.8631,FAC_F007,Sines Energy Project Site,Project Site,Portugal,37.956,-8.868,Road,CAR010,V014,2025-10-16T05:26:58,2025-10-17T03:24:44,2025-10-16T09:26:58,2025-10-17T10:24:07,0.6,0.6,4.0,7.0,3.0,None,543.46,1.63,"LINESTRING (-8.8631 37.9543, -8.868 37.956)"
LEG00547-1,SHP00547,1,FAC_F014,Cadiz Module Yard,Module Yard,Spain,36.5271,-6.2886,FAC_F016,Alexandria Water Project Site,Project Site,Egypt,31.2001,29.9187,Road,CAR012,,2024-08-21T14:00:00,2024-08-21T15:54:02,2024-08-24T20:24:00,2024-08-25T00:21:57,4090.4,4417.0,78.4,80.5,2.1,None,56910.78,24988.07,"LINESTRING (-6.2886 36.5271, 29.9187 31.2001)"
LEG00548-1,SHP00548,1,FAC_F012,Antwerp EPC Supplier Yard,Vendor,Belgium,51.2194,4.4025,PORT_P007,Port of Antwerp-Bruges,Port,Belgium,51.2639,4.4009,Road,CAR007,V011,2024-12-17T10:00:00,2024-12-17T11:12:12,2024-12-17T17:36:00,2024-12-17T20:25:11,5.8,5.9,7.6,9.2,1.6,None,695.11,6.59,"LINESTRING (4.4025 51.2194, 4.4009 51.2639)"
LEG00548-2,SHP00548,2,PORT_P007,Port of Antwerp-Bruges,Port,Belgium,51.2639,4.4009,PORT_P018,Port of Dammam,Port,Saudi Arabia,26.498,50.184,Sea Breakbulk,CAR007,V011,2024-12-18T06:19:03,2024-12-18T07:53:35,2024-12-26T17:55:03,2024-12-27T21:23:48,5090.0,5415.5,203.6,229.5,25.9,Carrier capacity,14741.21,1527.17,"LINESTRING (4.4009 51.2639, 50.184 26.498)"
LEG00548-3,SHP00548,3,PORT_P018,Port of Dammam,Port,Saudi Arabia,26.498,50.184,FAC_F017,Dammam Gas Project Site,Project Site,Saudi Arabia,26.4207,50.0888,Road,CAR007,V011,2024-12-26T23:03:44,2024-12-28T09:27:42,2024-12-27T04:33:44,2024-12-28T18:41:03,15.5,15.8,5.5,9.2,3.7,None,737.93,17.64,"LINESTRING (50.184 26.498, 50.0888 26.4207)"
LEG00549-1,SHP00549,1,FAC_F003,Puertollano Module Yard,Module Yard,Spain,38.6871,-4.1121,PORT_P003,Port of Algeciras,Port,Spain,36.1324,-5.4479,Road,CAR010,V007,2025-06-18T15:00:00,2025-06-18T17:36:54,2025-06-19T02:30:00,2025-06-19T06:51:26,402.8,411.2,11.5,13.2,1.7,None,2546.13,501.58,"LINESTRING (-4.1121 38.6871, -5.4479 36.1324)"
LEG00549-2,SHP00549,2,PORT_P003,Port of Algeciras,Port,Spain,36.1324,-5.4479,PORT_P016,Port of Alexandria,Port,Egypt,31.2001,29.9187,Sea Breakbulk,CAR010,V007,2025-06-19T07:15:27,2025-06-19T19:17:25,2025-06-25T08:03:27,2025-06-25T19:22:30,3412.3,3473.8,144.8,144.1,0,None,11641.04,1070.49,"LINESTRING (-5.4479 36.1324, 29.9187 31.2001)"
LEG00549-3,SHP00549,3,PORT_P016,Port of Alexandria,Port,Egypt,31.2001,29.9187,FAC_F016,Alexandria Water Project Site,Project Site,Egypt,31.2001,29.9187,Road,CAR010,V007,2025-06-26T00:01:29,2025-06-26T08:48:20,2025-06-26T05:37:29,2025-06-26T16:49:43,0.0,0.0,5.6,8.0,2.4,None,669.6,0.0,"LINESTRING (29.9187 31.2001, 29.9187 31.2001)"
LEG00550-1,SHP00550,1,FAC_F005,Tarragona Equipment Vendor,Vendor,Spain,41.1189,1.2445,PORT_P002,Port of Barcelona,Port,Spain,41.3522,2.1686,Road,CAR010,V014,2024-12-03T10:00:00,2024-12-03T11:22:54,2024-12-03T20:54:00,2024-12-04T17:35:15,102.1,108.1,10.9,30.2,19.3,Carrier capacity,751.97,137.61,"LINESTRING (1.2445 41.1189, 2.1686 41.3522)"
LEG00550-2,SHP00550,2,PORT_P002,Port of Barcelona,Port,Spain,41.3522,2.1686,PORT_P006,Port of Rotterdam,Port,Netherlands,51.947,4.142,Sea Breakbulk,CAR010,V014,2024-12-04T04:38:49,2024-12-05T08:00:02,2024-12-07T16:56:49,2024-12-09T09:45:33,1323.7,1344.0,84.3,97.8,13.5,Road permit delay,4905.83,432.23,"LINESTRING (2.1686 41.3522, 4.142 51.947)"
LEG00550-3,SHP00550,3,PORT_P006,Port of Rotterdam,Port,Netherlands,51.947,4.142,FAC_F011,Rotterdam Consolidation Hub,Consolidation Hub,Netherlands,51.9244,4.4777,Road,CAR010,V014,2024-12-08T01:42:47,2024-12-10T02:23:27,2024-12-08T09:36:47,2024-12-10T12:23:38,28.8,30.8,7.9,10.0,2.1,None,523.17,39.21,"LINESTRING (4.142 51.947, 4.4777 51.9244)"
LEG00551-1,SHP00551,1,FAC_F010,Milan Valve Plant,Vendor,Italy,45.4642,9.19,PORT_P010,Port of Genoa,Port,Italy,44.41,8.925,Road,CAR006,,2025-11-28T11:00:00,2025-11-28T13:25:21,2025-11-28T19:12:00,2025-11-28T23:15:03,153.4,152.0,8.2,9.8,1.6,None,582.1,102.81,"LINESTRING (9.19 45.4642, 8.925 44.41)"
LEG00551-2,SHP00551,2,PORT_P010,Port of Genoa,Port,Italy,44.41,8.925,PORT_P012,Port of Casablanca,Port,Morocco,33.605,-7.611,Container Sea,CAR006,,2025-11-29T00:46:43,2025-11-29T02:36:01,2025-12-03T14:52:43,2025-12-03T18:37:21,1961.6,2105.2,110.1,112.0,1.9,None,1965.16,269.8,"LINESTRING (8.925 44.41, -7.611 33.605)"
LEG00551-3,SHP00551,3,PORT_P012,Port of Casablanca,Port,Morocco,33.605,-7.611,FAC_F008,Casablanca Desalination Site,Project Site,Morocco,33.5731,-7.5898,Road,CAR006,,2025-12-03T23:22:57,2025-12-04T02:24:12,2025-12-04T08:58:57,2025-12-04T11:10:26,5.0,5.2,9.6,8.8,0,None,328.97,3.52,"LINESTRING (-7.611 33.605, -7.5898 33.5731)"
LEG00552-1,SHP00552,1,FAC_F012,Antwerp EPC Supplier Yard,Vendor,Belgium,51.2194,4.4025,PORT_P007,Port of Antwerp-Bruges,Port,Belgium,51.2639,4.4009,Road,CAR004,V008,2024-09-23T11:00:00,2024-09-23T11:46:48,2024-09-23T16:48:00,2024-09-23T16:32:59,6.0,6.5,5.8,4.8,0,None,722.07,21.5,"LINESTRING (4.4025 51.2194, 4.4009 51.2639)"
LEG00552-2,SHP00552,2,PORT_P007,Port of Antwerp-Bruges,Port,Belgium,51.2639,4.4009,PORT_P018,Port of Dammam,Port,Saudi Arabia,26.498,50.184,Sea Breakbulk,CAR004,V008,2024-09-24T02:51:37,2024-09-24T09:15:16,2024-10-02T00:57:37,2024-10-03T18:02:55,5157.1,5271.0,190.1,224.8,34.7,Documentation issue,23950.56,4403.6,"LINESTRING (4.4009 51.2639, 50.184 26.498)"
LEG00552-3,SHP00552,3,PORT_P018,Port of Dammam,Port,Saudi Arabia,26.498,50.184,FAC_F017,Dammam Gas Project Site,Project Site,Saudi Arabia,26.4207,50.0888,Road,CAR004,V008,2024-10-02T05:52:37,2024-10-04T02:43:14,2024-10-02T15:40:37,2024-10-04T14:21:13,16.5,16.3,9.8,11.6,1.8,None,801.17,53.9,"LINESTRING (50.184 26.498, 50.0888 26.4207)"
LEG00553-1,SHP00553,1,FAC_F010,Milan Valve Plant,Vendor,Italy,45.4642,9.19,PORT_P010,Port of Genoa,Port,Italy,44.41,8.925,Road,CAR007,V005,2025-07-07T08:00:00,2025-07-07T09:57:31,2025-07-07T17:06:00,2025-07-07T19:07:44,137.5,137.7,9.1,9.2,0.1,None,1291.64,167.05,"LINESTRING (9.19 45.4642, 8.925 44.41)"
LEG00553-2,SHP00553,2,PORT_P010,Port of Genoa,Port,Italy,44.41,8.925,PORT_P018,Port of Dammam,Port,Saudi Arabia,26.498,50.184,Sea Breakbulk,CAR007,V005,2025-07-08T02:06:28,2025-07-08T02:38:55,2025-07-15T11:18:28,2025-07-16T21:45:42,4399.8,4664.7,177.2,211.1,33.9,Road permit delay,13816.93,1429.64,"LINESTRING (8.925 44.41, 50.184 26.498)"
LEG00553-3,SHP00553,3,PORT_P018,Port of Dammam,Port,Saudi Arabia,26.498,50.184,FAC_F017,Dammam Gas Project Site,Project Site,Saudi Arabia,26.4207,50.0888,Road,CAR007,V005,2025-07-15T18:42:44,2025-07-17T08:27:13,2025-07-15T22:06:44,2025-07-17T12:09:24,14.6,15.5,3.4,3.7,0.3,None,739.62,18.8,"LINESTRING (50.184 26.498, 50.0888 26.4207)"
LEG00554-1,SHP00554,1,FAC_F001,Zaragoza Distribution Hub,Warehouse,Spain,41.6488,-0.8891,PORT_P001,Port of Valencia,Port,Spain,39.461,-0.323,Road,CAR004,V001,2024-03-13T10:00:00,2024-03-13T12:27:29,2024-03-13T19:54:00,2024-03-14T00:51:10,316.4,320.6,9.9,12.4,2.5,None,1142.61,213.5,"LINESTRING (-0.8891 41.6488, -0.323 39.461)"
LEG00554-2,SHP00554,2,PORT_P001,Port of Valencia,Port,Spain,39.461,-0.323,PORT_P006,Port of Rotterdam,Port,Netherlands,51.947,4.142,Sea Breakbulk,CAR004,V001,2024-03-14T07:27:40,2024-03-14T13:41:40,2024-03-18T07:33:40,2024-03-18T17:24:37,1504.4,1617.6,96.1,99.7,3.6,None,4678.57,272.15,"LINESTRING (-0.323 39.461, 4.142 51.947)"
LEG00554-3,SHP00554,3,PORT_P006,Port of Rotterdam,Port,Netherlands,51.947,4.142,FAC_F011,Rotterdam Consolidation Hub,Consolidation Hub,Netherlands,51.9244,4.4777,Road,CAR004,V001,2024-03-18T14:54:05,2024-03-19T08:44:44,2024-03-18T21:24:05,2024-03-19T14:21:46,29.5,30.7,6.5,5.6,0,None,500.05,20.44,"LINESTRING (4.142 51.947, 4.4777 51.9244)"
LEG00555-1,SHP00555,1,FAC_F010,Milan Valve Plant,Vendor,Italy,45.4642,9.19,PORT_P010,Port of Genoa,Port,Italy,44.41,8.925,Road,CAR005,V003,2024-05-08T15:00:00,2024-05-08T16:03:49,2024-05-08T23:54:00,2024-05-09T03:17:20,144.4,155.9,8.9,11.2,2.3,None,562.17,70.79,"LINESTRING (9.19 45.4642, 8.925 44.41)"
LEG00555-2,SHP00555,2,PORT_P010,Port of Genoa,Port,Italy,44.41,8.925,PORT_P012,Port of Casablanca,Port,Morocco,33.605,-7.611,Container Sea,CAR005,V003,2024-05-09T13:46:01,2024-05-09T10:57:04,2024-05-14T10:10:01,2024-05-14T06:03:25,2081.4,2091.5,116.4,115.1,0,None,1873.73,179.95,"LINESTRING (8.925 44.41, -7.611 33.605)"
LEG00555-3,SHP00555,3,PORT_P012,Port of Casablanca,Port,Morocco,33.605,-7.611,FAC_F008,Casablanca Desalination Site,Project Site,Morocco,33.5731,-7.5898,Road,CAR005,V003,2024-05-14T19:13:37,2024-05-14T14:02:45,2024-05-15T00:37:37,2024-05-14T22:18:55,5.3,5.3,5.4,8.3,2.9,None,328.23,2.41,"LINESTRING (-7.611 33.605, -7.5898 33.5731)"
LEG00556-1,SHP00556,1,FAC_F014,Cadiz Module Yard,Module Yard,Spain,36.5271,-6.2886,PORT_P003,Port of Algeciras,Port,Spain,36.1324,-5.4479,Road,CAR010,V014,2025-05-20T08:00:00,2025-05-20T08:56:54,2025-05-20T15:30:00,2025-05-20T17:57:55,112.2,111.7,7.5,9.0,1.5,None,725.77,107.6,"LINESTRING (-6.2886 36.5271, -5.4479 36.1324)"
LEG00556-2,SHP00556,2,PORT_P003,Port of Algeciras,Port,Spain,36.1324,-5.4479,PORT_P016,Port of Alexandria,Port,Egypt,31.2001,29.9187,Sea Breakbulk,CAR010,V014,2025-05-21T03:24:25,2025-05-21T01:14:54,2025-05-26T16:00:25,2025-05-26T13:33:22,3665.2,3731.0,132.6,132.3,0,None,7272.09,907.98,"LINESTRING (-5.4479 36.1324, 29.9187 31.2001)"
LEG00556-3,SHP00556,3,PORT_P016,Port of Alexandria,Port,Egypt,31.2001,29.9187,FAC_F016,Alexandria Water Project Site,Project Site,Egypt,31.2001,29.9187,Road,CAR010,V014,2025-05-27T06:10:41,2025-05-26T16:34:00,2025-05-27T14:22:41,2025-05-26T22:52:15,0.0,0.0,8.2,6.3,0,None,432.0,0.0,"LINESTRING (29.9187 31.2001, 29.9187 31.2001)"
LEG00557-1,SHP00557,1,FAC_F003,Puertollano Module Yard,Module Yard,Spain,38.6871,-4.1121,PORT_P003,Port of Algeciras,Port,Spain,36.1324,-5.4479,Road,CAR007,V005,2024-06-21T13:00:00,2024-06-21T12:12:53,2024-06-22T02:06:00,2024-06-22T02:00:53,370.5,378.9,13.1,13.8,0.7,None,1878.98,806.66,"LINESTRING (-4.1121 38.6871, -5.4479 36.1324)"
LEG00557-2,SHP00557,2,PORT_P003,Port of Algeciras,Port,Spain,36.1324,-5.4479,PORT_P018,Port of Dammam,Port,Saudi Arabia,26.498,50.184,Sea Breakbulk,CAR007,V005,2024-06-22T07:06:59,2024-06-22T05:27:55,2024-07-02T17:12:59,2024-07-02T14:42:04,5941.8,6169.0,250.1,249.2,0,None,13449.64,3317.93,"LINESTRING (-5.4479 36.1324, 50.184 26.498)"
LEG00557-3,SHP00557,3,PORT_P018,Port of Dammam,Port,Saudi Arabia,26.498,50.184,FAC_F017,Dammam Gas Project Site,Project Site,Saudi Arabia,26.4207,50.0888,Road,CAR007,V005,2024-07-03T02:00:13,2024-07-02T20:19:42,2024-07-03T07:42:13,2024-07-04T06:43:53,16.5,17.4,5.7,34.4,28.7,Road permit delay,498.45,37.04,"LINESTRING (50.184 26.498, 50.0888 26.4207)"
LEG00558-1,SHP00558,1,FAC_F011,Rotterdam Consolidation Hub,Consolidation Hub,Netherlands,51.9244,4.4777,PORT_P006,Port of Rotterdam,Port,Netherlands,51.947,4.142,Road,CAR004,V008,2024-11-04T12:00:00,2024-11-04T14:07:38,2024-11-04T22:24:00,2024-11-05T01:24:56,30.3,30.3,10.4,11.3,0.9,None,688.29,64.13,"LINESTRING (4.4777 51.9244, 4.142 51.947)"
LEG00558-2,SHP00558,2,PORT_P006,Port of Rotterdam,Port,Netherlands,51.947,4.142,PORT_P018,Port of Dammam,Port,Saudi Arabia,26.498,50.184,Sea Breakbulk,CAR004,V008,2024-11-05T07:36:26,2024-11-05T17:33:28,2024-11-13T17:36:26,2024-11-14T08:04:44,4980.3,4963.9,202.0,206.5,4.5,Port congestion,14574.27,2654.3,"LINESTRING (4.142 51.947, 50.184 26.498)"
LEG00558-3,SHP00558,3,PORT_P018,Port of Dammam,Port,Saudi Arabia,26.498,50.184,FAC_F017,Dammam Gas Project Site,Project Site,Saudi Arabia,26.4207,50.0888,Road,CAR004,V008,2024-11-13T23:56:00,2024-11-14T22:33:54,2024-11-14T06:26:00,2024-11-15T07:33:06,15.7,15.7,6.5,9.0,2.5,None,616.84,33.23,"LINESTRING (50.184 26.498, 50.0888 26.4207)"
LEG00559-1,SHP00559,1,FAC_F004,Bilbao Steel Fabricator,Vendor,Spain,43.263,-2.935,PORT_P004,Port of Bilbao,Port,Spain,43.3476,-3.0443,Road,CAR004,V012,2024-05-16T15:00:00,2024-05-16T14:34:56,2024-05-16T23:42:00,2024-05-17T02:49:58,15.9,17.1,8.7,12.3,3.6,None,787.6,119.69,"LINESTRING (-2.935 43.263, -3.0443 43.3476)"
LEG00559-2,SHP00559,2,PORT_P004,Port of Bilbao,Port,Spain,43.3476,-3.0443,PORT_P009,Port of Marseille-Fos,Port,France,43.437,4.943,Sea Breakbulk,CAR004,V012,2024-05-17T04:01:53,2024-05-17T12:41:32,2024-05-19T00:37:53,2024-05-19T07:20:46,696.3,700.1,44.6,42.7,0,None,8307.05,1238.0,"LINESTRING (-3.0443 43.3476, 4.943 43.437)"
LEG00559-3,SHP00559,3,PORT_P009,Port of Marseille-Fos,Port,France,43.437,4.943,FAC_F018,Marseille Wind Substation Site,Project Site,France,43.2965,5.3698,Road,CAR004,V012,2024-05-19T11:59:12,2024-05-20T00:39:24,2024-05-19T21:47:12,2024-05-20T12:23:52,47.0,47.1,9.8,11.7,1.9,None,1158.83,329.68,"LINESTRING (4.943 43.437, 5.3698 43.2965)"
LEG00560-1,SHP00560,1,FAC_F013,Valencia Export Depot,Warehouse,Spain,39.4699,-0.3763,PORT_P001,Port of Valencia,Port,Spain,39.461,-0.323,Road,CAR010,V004,2024-12-31T13:00:00,2024-12-31T12:33:19,2024-12-31T18:36:00,2024-12-31T18:37:19,5.3,5.5,5.6,6.1,0.5,None,557.62,4.99,"LINESTRING (-0.3763 39.4699, -0.323 39.461)"
LEG00560-2,SHP00560,2,PORT_P001,Port of Valencia,Port,Spain,39.461,-0.323,PORT_P018,Port of Dammam,Port,Saudi Arabia,26.498,50.184,Sea Breakbulk,CAR010,V004,2025-01-01T02:59:46,2025-01-01T05:26:13,2025-01-09T08:23:46,2025-01-09T11:53:06,5183.1,5241.1,197.4,198.4,1.0,None,10922.98,1201.26,"LINESTRING (-0.323 39.461, 50.184 26.498)"
LEG00560-3,SHP00560,3,PORT_P018,Port of Dammam,Port,Saudi Arabia,26.498,50.184,FAC_F017,Dammam Gas Project Site,Project Site,Saudi Arabia,26.4207,50.0888,Road,CAR010,V004,2025-01-09T20:08:18,2025-01-10T00:15:24,2025-01-10T01:14:18,2025-01-10T08:37:23,15.3,16.4,5.1,8.4,3.3,None,592.55,14.88,"LINESTRING (50.184 26.498, 50.0888 26.4207)"
LEG00561-1,SHP00561,1,FAC_F003,Puertollano Module Yard,Module Yard,Spain,38.6871,-4.1121,PORT_P003,Port of Algeciras,Port,Spain,36.1324,-5.4479,Road,CAR003,V002,2025-12-17T09:00:00,2025-12-17T10:38:14,2025-12-17T20:42:00,2025-12-17T23:34:54,382.2,381.9,11.7,12.9,1.2,None,2327.37,1025.29,"LINESTRING (-4.1121 38.6871, -5.4479 36.1324)"
LEG00561-2,SHP00561,2,PORT_P003,Port of Algeciras,Port,Spain,36.1324,-5.4479,PORT_P012,Port of Casablanca,Port,Morocco,33.605,-7.611,RoRo,CAR003,V002,2025-12-18T05:22:12,2025-12-18T08:56:33,2025-12-19T11:52:12,2025-12-19T18:27:32,362.5,360.3,30.5,33.5,3.0,None,1838.99,305.46,"LINESTRING (-5.4479 36.1324, -7.611 33.605)"
LEG00561-3,SHP00561,3,PORT_P012,Port of Casablanca,Port,Morocco,33.605,-7.611,FAC_F008,Casablanca Desalination Site,Project Site,Morocco,33.5731,-7.5898,Road,CAR003,V002,2025-12-19T20:29:48,2025-12-20T12:00:45,2025-12-20T01:41:48,2025-12-20T19:11:38,4.8,4.9,5.2,7.2,2.0,None,456.32,13.16,"LINESTRING (-7.611 33.605, -7.5898 33.5731)"
LEG00562-1,SHP00562,1,FAC_F014,Cadiz Module Yard,Module Yard,Spain,36.5271,-6.2886,PORT_P003,Port of Algeciras,Port,Spain,36.1324,-5.4479,Road,CAR004,V008,2025-08-18T13:00:00,2025-08-18T12:22:03,2025-08-18T18:54:00,2025-08-18T19:43:56,100.3,104.5,5.9,7.4,1.5,None,2087.66,898.94,"LINESTRING (-6.2886 36.5271, -5.4479 36.1324)"
LEG00562-2,SHP00562,2,PORT_P003,Port of Algeciras,Port,Spain,36.1324,-5.4479,PORT_P016,Port of Alexandria,Port,Egypt,31.2001,29.9187,Sea Breakbulk,CAR004,V008,2025-08-19T00:55:53,2025-08-19T01:32:49,2025-08-25T15:55:53,2025-08-25T15:30:51,3687.8,3725.7,159.0,158.0,0,None,29293.63,8096.69,"LINESTRING (-5.4479 36.1324, 29.9187 31.2001)"
LEG00562-3,SHP00562,3,PORT_P016,Port of Alexandria,Port,Egypt,31.2001,29.9187,FAC_F016,Alexandria Water Project Site,Project Site,Egypt,31.2001,29.9187,Road,CAR004,V008,2025-08-26T03:17:48,2025-08-26T03:06:24,2025-08-26T08:17:48,2025-08-26T09:38:54,0.0,0.0,5.0,6.5,1.5,None,576.0,0.0,"LINESTRING (29.9187 31.2001, 29.9187 31.2001)"
LEG00563-1,SHP00563,1,FAC_F001,Zaragoza Distribution Hub,Warehouse,Spain,41.6488,-0.8891,PORT_P001,Port of Valencia,Port,Spain,39.461,-0.323,Road,CAR010,V004,2025-05-09T13:00:00,2025-05-09T14:54:02,2025-05-10T03:18:00,2025-05-10T05:21:04,306.8,316.4,14.3,14.5,0.2,None,1294.19,332.44,"LINESTRING (-0.8891 41.6488, -0.323 39.461)"
LEG00563-2,SHP00563,2,PORT_P001,Port of Valencia,Port,Spain,39.461,-0.323,PORT_P012,Port of Casablanca,Port,Morocco,33.605,-7.611,Sea Breakbulk,CAR010,V004,2025-05-10T10:58:56,2025-05-10T18:37:11,2025-05-13T01:34:56,2025-05-14T06:03:28,1004.0,1035.0,62.6,83.4,20.8,Carrier capacity,4405.71,274.73,"LINESTRING (-0.323 39.461, -7.611 33.605)"
LEG00563-3,SHP00563,3,PORT_P012,Port of Casablanca,Port,Morocco,33.605,-7.611,FAC_F008,Casablanca Desalination Site,Project Site,Morocco,33.5731,-7.5898,Road,CAR010,V004,2025-05-13T13:00:41,2025-05-14T18:01:17,2025-05-13T22:30:41,2025-05-15T07:19:07,4.7,4.9,9.5,13.3,3.8,None,445.35,5.15,"LINESTRING (-7.611 33.605, -7.5898 33.5731)"
LEG00564-1,SHP00564,1,FAC_F004,Bilbao Steel Fabricator,Vendor,Spain,43.263,-2.935,PORT_P004,Port of Bilbao,Port,Spain,43.3476,-3.0443,Road,CAR004,V008,2024-04-16T07:00:00,2024-04-16T09:55:41,2024-04-16T16:12:00,2024-04-16T17:58:33,15.9,16.7,9.2,8.0,0,None,613.65,30.14,"LINESTRING (-2.935 43.263, -3.0443 43.3476)"
LEG00564-2,SHP00564,2,PORT_P004,Port of Bilbao,Port,Spain,43.3476,-3.0443,PORT_P006,Port of Rotterdam,Port,Netherlands,51.947,4.142,Sea Breakbulk,CAR004,V008,2024-04-17T07:33:20,2024-04-16T21:25:12,2024-04-20T03:45:20,2024-04-19T21:29:08,1139.0,1212.2,68.2,72.1,3.9,None,6342.13,552.76,"LINESTRING (-3.0443 43.3476, 4.142 51.947)"
LEG00564-3,SHP00564,3,PORT_P006,Port of Rotterdam,Port,Netherlands,51.947,4.142,FAC_F011,Rotterdam Consolidation Hub,Consolidation Hub,Netherlands,51.9244,4.4777,Road,CAR004,V008,2024-04-20T18:00:04,2024-04-20T05:47:55,2024-04-21T00:48:04,2024-04-20T12:04:12,30.6,30.5,6.8,6.3,0,None,674.52,55.05,"LINESTRING (4.142 51.947, 4.4777 51.9244)"
LEG00565-1,SHP00565,1,FAC_F011,Rotterdam Consolidation Hub,Consolidation Hub,Netherlands,51.9244,4.4777,PORT_P006,Port of Rotterdam,Port,Netherlands,51.947,4.142,Road,CAR007,V011,2024-12-11T13:00:00,2024-12-11T14:13:51,2024-12-11T16:54:00,2024-12-11T20:12:48,27.1,26.9,3.9,6.0,2.1,None,355.09,4.5,"LINESTRING (4.4777 51.9244, 4.142 51.947)"
LEG00565-2,SHP00565,2,PORT_P006,Port of Rotterdam,Port,Netherlands,51.947,4.142,PORT_P016,Port of Alexandria,Port,Egypt,31.2001,29.9187,Sea Breakbulk,CAR007,V011,2024-12-11T21:55:54,2024-12-12T01:39:59,2024-12-18T04:19:54,2024-12-18T11:32:04,3299.4,3400.4,150.4,153.9,3.5,None,4072.25,143.63,"LINESTRING (4.142 51.947, 29.9187 31.2001)"
LEG00565-3,SHP00565,3,PORT_P016,Port of Alexandria,Port,Egypt,31.2001,29.9187,FAC_F016,Alexandria Water Project Site,Project Site,Egypt,31.2001,29.9187,Road,CAR007,V011,2024-12-18T11:37:22,2024-12-18T23:28:57,2024-12-18T16:01:22,2024-12-20T12:46:30,0.0,0.0,4.4,37.3,32.9,Customs hold,320.0,0.0,"LINESTRING (29.9187 31.2001, 29.9187 31.2001)"
LEG00566-1,SHP00566,1,FAC_F001,Zaragoza Distribution Hub,Warehouse,Spain,41.6488,-0.8891,FAC_F007,Sines Energy Project Site,Project Site,Portugal,37.956,-8.868,Road,CAR008,,2024-10-08T10:00:00,2024-10-08T10:33:24,2024-10-09T11:24:00,2024-10-09T13:55:25,1022.3,1065.8,25.4,27.4,2.0,None,2925.94,1681.78,"LINESTRING (-0.8891 41.6488, -8.868 37.956)"
LEG00567-1,SHP00567,1,FAC_F012,Antwerp EPC Supplier Yard,Vendor,Belgium,51.2194,4.4025,PORT_P007,Port of Antwerp-Bruges,Port,Belgium,51.2639,4.4009,Road,CAR007,V011,2025-09-30T12:00:00,2025-09-30T11:02:09,2025-09-30T17:30:00,2025-09-30T14:42:55,6.5,6.8,5.5,3.7,0,None,449.81,6.56,"LINESTRING (4.4025 51.2194, 4.4009 51.2639)"
LEG00567-2,SHP00567,2,PORT_P007,Port of Antwerp-Bruges,Port,Belgium,51.2639,4.4009,PORT_P018,Port of Dammam,Port,Saudi Arabia,26.498,50.184,Sea Breakbulk,CAR007,V011,2025-10-01T06:03:02,2025-10-01T07:51:30,2025-10-08T20:33:02,2025-10-08T22:31:08,5049.9,5377.4,182.5,182.7,0.2,None,9028.08,1311.23,"LINESTRING (4.4009 51.2639, 50.184 26.498)"
LEG00567-3,SHP00567,3,PORT_P018,Port of Dammam,Port,Saudi Arabia,26.498,50.184,FAC_F017,Dammam Gas Project Site,Project Site,Saudi Arabia,26.4207,50.0888,Road,CAR007,V011,2025-10-09T04:59:54,2025-10-09T13:01:35,2025-10-09T08:17:54,2025-10-10T00:22:44,15.0,16.1,3.3,11.4,8.1,Port congestion,474.17,15.54,"LINESTRING (50.184 26.498, 50.0888 26.4207)"
LEG00568-1,SHP00568,1,FAC_F005,Tarragona Equipment Vendor,Vendor,Spain,41.1189,1.2445,FAC_F001,Zaragoza Distribution Hub,Warehouse,Spain,41.6488,-0.8891,Road,CAR008,,2024-02-20T08:00:00,2024-02-20T09:49:50,2024-02-20T18:54:00,2024-02-20T22:31:04,249.1,263.7,10.9,12.7,1.8,None,2020.65,1123.56,"LINESTRING (1.2445 41.1189, -0.8891 41.6488)"
LEG00569-1,SHP00569,1,FAC_F012,Antwerp EPC Supplier Yard,Vendor,Belgium,51.2194,4.4025,FAC_F011,Rotterdam Consolidation Hub,Consolidation Hub,Netherlands,51.9244,4.4777,Road,CAR012,,2024-08-21T14:00:00,2024-08-21T15:26:23,2024-08-21T22:30:00,2024-08-22T03:36:17,94.9,94.7,8.5,12.2,3.7,None,774.12,36.62,"LINESTRING (4.4025 51.2194, 4.4777 51.9244)"
LEG00570-1,SHP00570,1,FAC_F014,Cadiz Module Yard,Module Yard,Spain,36.5271,-6.2886,PORT_P003,Port of Algeciras,Port,Spain,36.1324,-5.4479,Road,CAR007,V011,2025-05-12T09:00:00,2025-05-12T08:54:47,2025-05-12T20:42:00,2025-05-12T20:13:40,112.2,112.9,11.7,11.3,0,None,1038.88,393.95,"LINESTRING (-6.2886 36.5271, -5.4479 36.1324)"
LEG00570-2,SHP00570,2,PORT_P003,Port of Algeciras,Port,Spain,36.1324,-5.4479,PORT_P006,Port of Rotterdam,Port,Netherlands,51.947,4.142,Sea Breakbulk,CAR007,V011,2025-05-13T04:51:49,2025-05-13T02:17:54,2025-05-17T08:33:49,2025-05-17T06:06:21,2003.6,2092.4,99.7,99.8,0.1,None,8258.52,1844.49,"LINESTRING (-5.4479 36.1324, 4.142 51.947)"
LEG00570-3,SHP00570,3,PORT_P006,Port of Rotterdam,Port,Netherlands,51.947,4.142,FAC_F011,Rotterdam Consolidation Hub,Consolidation Hub,Netherlands,51.9244,4.4777,Road,CAR007,V011,2025-05-17T17:18:00,2025-05-17T21:47:40,2025-05-17T22:18:00,2025-05-18T04:50:40,28.7,28.7,5.0,7.1,2.1,None,586.27,100.14,"LINESTRING (4.142 51.947, 4.4777 51.9244)"
LEG00571-1,SHP00571,1,FAC_F013,Valencia Export Depot,Warehouse,Spain,39.4699,-0.3763,PORT_P001,Port of Valencia,Port,Spain,39.461,-0.323,Road,CAR010,V004,2025-01-13T12:00:00,2025-01-13T13:10:48,2025-01-13T19:42:00,2025-01-13T21:03:27,5.7,6.1,7.7,7.9,0.2,None,450.21,8.0,"LINESTRING (-0.3763 39.4699, -0.323 39.461)"
LEG00571-2,SHP00571,2,PORT_P001,Port of Valencia,Port,Spain,39.461,-0.323,PORT_P016,Port of Alexandria,Port,Egypt,31.2001,29.9187,Sea Breakbulk,CAR010,V004,2025-01-14T06:17:39,2025-01-14T06:00:05,2025-01-20T12:05:39,2025-01-20T15:30:20,3047.2,3215.3,149.8,153.5,3.7,None,7266.96,1064.91,"LINESTRING (-0.323 39.461, 29.9187 31.2001)"
LEG00571-3,SHP00571,3,PORT_P016,Port of Alexandria,Port,Egypt,31.2001,29.9187,FAC_F016,Alexandria Water Project Site,Project Site,Egypt,31.2001,29.9187,Road,CAR010,V004,2025-01-21T03:07:04,2025-01-21T09:21:25,2025-01-21T09:19:04,2025-01-21T19:18:20,0.0,0.0,6.2,9.9,3.7,None,432.0,0.0,"LINESTRING (29.9187 31.2001, 29.9187 31.2001)"
LEG00572-1,SHP00572,1,FAC_F014,Cadiz Module Yard,Module Yard,Spain,36.5271,-6.2886,FAC_F001,Zaragoza Distribution Hub,Warehouse,Spain,41.6488,-0.8891,Road,CAR012,,2024-03-15T14:00:00,2024-03-15T16:02:23,2024-03-16T07:48:00,2024-03-16T10:28:20,920.3,959.1,17.8,18.4,0.6,None,5394.41,3196.3,"LINESTRING (-6.2886 36.5271, -0.8891 41.6488)"
LEG00573-1,SHP00573,1,FAC_F005,Tarragona Equipment Vendor,Vendor,Spain,41.1189,1.2445,PORT_P002,Port of Barcelona,Port,Spain,41.3522,2.1686,Road,CAR007,V011,2025-10-13T11:00:00,2025-10-13T11:25:12,2025-10-13T18:06:00,2025-10-13T22:29:41,101.4,107.0,7.1,11.1,4.0,None,1734.63,632.06,"LINESTRING (1.2445 41.1189, 2.1686 41.3522)"
LEG00573-2,SHP00573,2,PORT_P002,Port of Barcelona,Port,Spain,41.3522,2.1686,PORT_P009,Port of Marseille-Fos,Port,France,43.437,4.943,Sea Breakbulk,CAR007,V011,2025-10-14T05:24:35,2025-10-14T06:49:31,2025-10-16T03:00:35,2025-10-16T08:11:24,341.7,365.3,45.6,49.4,3.8,None,6128.86,545.14,"LINESTRING (2.1686 41.3522, 4.943 43.437)"
LEG00573-3,SHP00573,3,PORT_P009,Port of Marseille-Fos,Port,France,43.437,4.943,FAC_F018,Marseille Wind Substation Site,Project Site,France,43.2965,5.3698,Road,CAR007,V011,2025-10-16T15:12:42,2025-10-16T22:20:10,2025-10-16T19:24:42,2025-10-17T05:39:18,46.5,47.6,4.2,7.3,3.1,None,1091.43,281.18,"LINESTRING (4.943 43.437, 5.3698 43.2965)"
LEG00574-1,SHP00574,1,FAC_F012,Antwerp EPC Supplier Yard,Vendor,Belgium,51.2194,4.4025,PORT_P007,Port of Antwerp-Bruges,Port,Belgium,51.2639,4.4009,Road,CAR007,V011,2025-01-21T11:00:00,2025-01-21T10:33:15,2025-01-21T17:54:00,2025-01-21T20:46:31,6.5,6.5,6.9,10.2,3.3,None,455.58,12.4,"LINESTRING (4.4025 51.2194, 4.4009 51.2639)"
LEG00574-2,SHP00574,2,PORT_P007,Port of Antwerp-Bruges,Port,Belgium,51.2639,4.4009,PORT_P016,Port of Alexandria,Port,Egypt,31.2001,29.9187,Sea Breakbulk,CAR007,V011,2025-01-22T07:01:56,2025-01-22T13:52:05,2025-01-28T19:13:56,2025-01-30T02:16:28,3339.4,3558.4,156.2,180.4,24.2,Customs hold,8795.67,1714.86,"LINESTRING (4.4009 51.2639, 29.9187 31.2001)"
LEG00574-3,SHP00574,3,PORT_P016,Port of Alexandria,Port,Egypt,31.2001,29.9187,FAC_F016,Alexandria Water Project Site,Project Site,Egypt,31.2001,29.9187,Road,CAR007,V011,2025-01-29T05:03:06,2025-01-30T14:04:24,2025-01-29T14:57:06,2025-01-30T23:05:54,0.0,0.0,9.9,9.0,0,None,432.0,0.0,"LINESTRING (29.9187 31.2001, 29.9187 31.2001)"
LEG00575-1,SHP00575,1,FAC_F014,Cadiz Module Yard,Module Yard,Spain,36.5271,-6.2886,PORT_P003,Port of Algeciras,Port,Spain,36.1324,-5.4479,Road,CAR004,V012,2024-09-01T10:00:00,2024-09-01T09:11:38,2024-09-01T18:30:00,2024-09-01T18:40:54,98.8,103.5,8.5,9.5,1.0,None,1199.75,332.04,"LINESTRING (-6.2886 36.5271, -5.4479 36.1324)"
LEG00575-2,SHP00575,2,PORT_P003,Port of Algeciras,Port,Spain,36.1324,-5.4479,PORT_P016,Port of Alexandria,Port,Egypt,31.2001,29.9187,Sea Breakbulk,CAR004,V012,2024-09-02T07:02:49,2024-09-02T11:05:09,2024-09-09T11:26:49,2024-09-09T19:23:42,3538.6,3767.5,172.4,176.3,3.9,None,14716.64,3053.48,"LINESTRING (-5.4479 36.1324, 29.9187 31.2001)"
LEG00575-3,SHP00575,3,PORT_P016,Port of Alexandria,Port,Egypt,31.2001,29.9187,FAC_F016,Alexandria Water Project Site,Project Site,Egypt,31.2001,29.9187,Road,CAR004,V012,2024-09-09T21:22:00,2024-09-10T01:48:41,2024-09-10T05:22:00,2024-09-10T13:39:14,0.0,0.0,8.0,11.8,3.8,None,540.0,0.0,"LINESTRING (29.9187 31.2001, 29.9187 31.2001)"
LEG00576-1,SHP00576,1,FAC_F005,Tarragona Equipment Vendor,Vendor,Spain,41.1189,1.2445,PORT_P002,Port of Barcelona,Port,Spain,41.3522,2.1686,Road,CAR010,V014,2024-11-20T10:00:00,2024-11-20T12:43:30,2024-11-20T17:24:00,2024-11-20T23:34:28,104.5,105.1,7.4,10.8,3.4,None,1095.94,252.81,"LINESTRING (1.2445 41.1189, 2.1686 41.3522)"
LEG00576-2,SHP00576,2,PORT_P002,Port of Barcelona,Port,Spain,41.3522,2.1686,PORT_P018,Port of Dammam,Port,Saudi Arabia,26.498,50.184,Sea Breakbulk,CAR010,V014,2024-11-21T01:24:17,2024-11-21T06:01:37,2024-11-29T06:30:17,2024-11-30T12:24:47,4975.1,5209.8,197.1,222.4,25.3,Weather disruption,16084.77,3165.89,"LINESTRING (2.1686 41.3522, 50.184 26.498)"
LEG00576-3,SHP00576,3,PORT_P018,Port of Dammam,Port,Saudi Arabia,26.498,50.184,FAC_F017,Dammam Gas Project Site,Project Site,Saudi Arabia,26.4207,50.0888,Road,CAR010,V014,2024-11-29T15:07:07,2024-11-30T15:37:39,2024-11-29T22:49:07,2024-11-30T21:50:05,15.1,15.2,7.7,6.2,0,None,620.4,36.56,"LINESTRING (50.184 26.498, 50.0888 26.4207)"
LEG00577-1,SHP00577,1,FAC_F012,Antwerp EPC Supplier Yard,Vendor,Belgium,51.2194,4.4025,PORT_P007,Port of Antwerp-Bruges,Port,Belgium,51.2639,4.4009,Road,CAR004,V008,2024-07-10T14:00:00,2024-07-10T15:47:07,2024-07-10T21:36:00,2024-07-10T23:42:03,6.0,6.1,7.6,7.9,0.3,None,571.23,14.41,"LINESTRING (4.4025 51.2194, 4.4009 51.2639)"
LEG00577-2,SHP00577,2,PORT_P007,Port of Antwerp-Bruges,Port,Belgium,51.2639,4.4009,PORT_P005,Port of Sines,Port,Portugal,37.9543,-8.8631,Sea Breakbulk,CAR004,V008,2024-07-11T09:55:31,2024-07-11T08:24:05,2024-07-15T01:43:31,2024-07-15T15:39:24,1906.2,1960.6,87.8,103.3,15.5,Carrier capacity,8428.48,1169.77,"LINESTRING (4.4009 51.2639, -8.8631 37.9543)"
LEG00577-3,SHP00577,3,PORT_P005,Port of Sines,Port,Portugal,37.9543,-8.8631,FAC_F007,Sines Energy Project Site,Project Site,Portugal,37.956,-8.868,Road,CAR004,V008,2024-07-15T14:32:07,2024-07-16T06:02:29,2024-07-16T00:02:07,2024-07-16T17:59:44,0.6,0.6,9.5,12.0,2.5,None,543.07,1.42,"LINESTRING (-8.8631 37.9543, -8.868 37.956)"
LEG00578-1,SHP00578,1,FAC_F010,Milan Valve Plant,Vendor,Italy,45.4642,9.19,PORT_P010,Port of Genoa,Port,Italy,44.41,8.925,Road,CAR004,V001,2025-07-07T12:00:00,2025-07-07T13:20:31,2025-07-07T18:18:00,2025-07-07T22:53:19,151.4,155.0,6.3,9.5,3.2,None,1321.2,159.32,"LINESTRING (9.19 45.4642, 8.925 44.41)"
LEG00578-2,SHP00578,2,PORT_P010,Port of Genoa,Port,Italy,44.41,8.925,PORT_P018,Port of Dammam,Port,Saudi Arabia,26.498,50.184,Sea Breakbulk,CAR004,V001,2025-07-08T09:31:43,2025-07-08T14:08:24,2025-07-15T09:13:43,2025-07-16T00:26:17,4444.7,4676.8,167.7,178.3,10.6,Carrier capacity,13136.1,1214.47,"LINESTRING (8.925 44.41, 50.184 26.498)"
LEG00578-3,SHP00578,3,PORT_P018,Port of Dammam,Port,Saudi Arabia,26.498,50.184,FAC_F017,Dammam Gas Project Site,Project Site,Saudi Arabia,26.4207,50.0888,Road,CAR004,V001,2025-07-15T13:56:00,2025-07-16T11:27:19,2025-07-15T17:32:00,2025-07-16T13:58:32,16.1,16.5,3.6,2.5,0,None,738.96,16.96,"LINESTRING (50.184 26.498, 50.0888 26.4207)"
LEG00579-1,SHP00579,1,FAC_F002,Madrid Cross Dock,Cross Dock,Spain,40.4168,-3.7038,FAC_F001,Zaragoza Distribution Hub,Warehouse,Spain,41.6488,-0.8891,Road,CAR002,,2025-10-15T15:00:00,2025-10-15T16:10:46,2025-10-16T06:24:00,2025-10-16T07:48:40,356.1,367.8,15.4,15.6,0.2,None,1279.9,102.03,"LINESTRING (-3.7038 40.4168, -0.8891 41.6488)"
LEG00580-1,SHP00580,1,FAC_F014,Cadiz Module Yard,Module Yard,Spain,36.5271,-6.2886,PORT_P003,Port of Algeciras,Port,Spain,36.1324,-5.4479,Road,CAR003,V002,2024-12-06T07:00:00,2024-12-06T09:03:37,2024-12-06T12:00:00,2024-12-06T22:03:18,101.6,105.5,5.0,13.0,8.0,Port congestion,778.42,147.43,"LINESTRING (-6.2886 36.5271, -5.4479 36.1324)"
LEG00580-2,SHP00580,2,PORT_P003,Port of Algeciras,Port,Spain,36.1324,-5.4479,PORT_P012,Port of Casablanca,Port,Morocco,33.605,-7.611,RoRo,CAR003,V002,2024-12-06T21:02:11,2024-12-07T10:11:12,2024-12-07T21:56:11,2024-12-09T13:10:29,383.9,396.5,24.9,51.0,26.1,Port congestion,1627.5,174.98,"LINESTRING (-5.4479 36.1324, -7.611 33.605)"
LEG00580-3,SHP00580,3,PORT_P012,Port of Casablanca,Port,Morocco,33.605,-7.611,FAC_F008,Casablanca Desalination Site,Project Site,Morocco,33.5731,-7.5898,Road,CAR003,V002,2024-12-08T12:24:10,2024-12-09T18:40:10,2024-12-08T20:12:10,2024-12-10T05:17:19,4.8,4.9,7.8,10.6,2.8,None,448.09,6.85,"LINESTRING (-7.611 33.605, -7.5898 33.5731)"
LEG00581-1,SHP00581,1,FAC_F003,Puertollano Module Yard,Module Yard,Spain,38.6871,-4.1121,PORT_P003,Port of Algeciras,Port,Spain,36.1324,-5.4479,Road,CAR003,V006,2024-02-07T13:00:00,2024-02-07T14:48:46,2024-02-08T03:42:00,2024-02-08T12:32:47,350.5,351.8,14.7,21.7,7.0,Road permit delay,1799.34,667.42,"LINESTRING (-4.1121 38.6871, -5.4479 36.1324)"
LEG00581-2,SHP00581,2,PORT_P003,Port of Algeciras,Port,Spain,36.1324,-5.4479,PORT_P012,Port of Casablanca,Port,Morocco,33.605,-7.611,RoRo,CAR003,V006,2024-02-08T12:03:18,2024-02-09T00:15:05,2024-02-09T10:33:18,2024-02-10T14:11:35,370.7,376.9,22.5,37.9,15.4,Carrier capacity,1700.23,225.8,"LINESTRING (-5.4479 36.1324, -7.611 33.605)"
LEG00581-3,SHP00581,3,PORT_P012,Port of Casablanca,Port,Morocco,33.605,-7.611,FAC_F008,Casablanca Desalination Site,Project Site,Morocco,33.5731,-7.5898,Road,CAR003,V006,2024-02-09T22:38:56,2024-02-11T02:31:17,2024-02-10T03:20:56,2024-02-11T07:21:40,5.2,5.2,4.7,4.8,0.1,None,452.21,9.87,"LINESTRING (-7.611 33.605, -7.5898 33.5731)"
LEG00582-1,SHP00582,1,FAC_F010,Milan Valve Plant,Vendor,Italy,45.4642,9.19,PORT_P010,Port of Genoa,Port,Italy,44.41,8.925,Road,CAR004,V012,2024-07-30T13:00:00,2024-07-30T14:15:06,2024-07-30T20:30:00,2024-07-31T14:47:42,144.8,152.4,7.5,24.5,17.0,Weather disruption,1271.11,560.3,"LINESTRING (9.19 45.4642, 8.925 44.41)"
LEG00582-2,SHP00582,2,PORT_P010,Port of Genoa,Port,Italy,44.41,8.925,PORT_P006,Port of Rotterdam,Port,Netherlands,51.947,4.142,Sea Breakbulk,CAR004,V012,2024-07-31T05:46:26,2024-07-31T23:08:03,2024-08-03T00:40:26,2024-08-03T17:53:04,962.0,967.6,66.9,66.8,0,None,5623.71,898.71,"LINESTRING (8.925 44.41, 4.142 51.947)"
LEG00582-3,SHP00582,3,PORT_P006,Port of Rotterdam,Port,Netherlands,51.947,4.142,FAC_F011,Rotterdam Consolidation Hub,Consolidation Hub,Netherlands,51.9244,4.4777,Road,CAR004,V012,2024-08-03T07:23:30,2024-08-04T09:32:35,2024-08-03T16:29:30,2024-08-04T16:43:13,27.5,27.7,9.1,7.2,0,None,584.52,101.84,"LINESTRING (4.142 51.947, 4.4777 51.9244)"
LEG00583-1,SHP00583,1,FAC_F013,Valencia Export Depot,Warehouse,Spain,39.4699,-0.3763,PORT_P001,Port of Valencia,Port,Spain,39.461,-0.323,Road,CAR010,V007,2024-04-16T13:00:00,2024-04-16T14:27:06,2024-04-16T16:30:00,2024-04-16T18:31:17,5.8,6.1,3.5,4.1,0.6,None,448.75,6.6,"LINESTRING (-0.3763 39.4699, -0.323 39.461)"
LEG00583-2,SHP00583,2,PORT_P001,Port of Valencia,Port,Spain,39.461,-0.323,PORT_P006,Port of Rotterdam,Port,Netherlands,51.947,4.142,Sea Breakbulk,CAR010,V007,2024-04-17T06:27:58,2024-04-17T04:32:39,2024-04-21T03:33:58,2024-04-21T03:13:42,1477.4,1509.4,93.1,94.7,1.6,None,4956.68,412.61,"LINESTRING (-0.323 39.461, 4.142 51.947)"
LEG00583-3,SHP00583,3,PORT_P006,Port of Rotterdam,Port,Netherlands,51.947,4.142,FAC_F011,Rotterdam Consolidation Hub,Consolidation Hub,Netherlands,51.9244,4.4777,Road,CAR010,V007,2024-04-21T13:22:33,2024-04-21T10:35:17,2024-04-21T20:58:33,2024-04-21T17:49:10,30.7,30.7,7.6,7.2,0,None,516.31,33.22,"LINESTRING (4.142 51.947, 4.4777 51.9244)"
LEG00584-1,SHP00584,1,FAC_F001,Zaragoza Distribution Hub,Warehouse,Spain,41.6488,-0.8891,PORT_P001,Port of Valencia,Port,Spain,39.461,-0.323,Road,CAR010,V007,2025-06-17T09:00:00,2025-06-17T10:16:56,2025-06-17T20:06:00,2025-06-18T03:45:47,292.7,300.0,11.1,17.5,6.4,Carrier capacity,2544.53,662.62,"LINESTRING (-0.8891 41.6488, -0.323 39.461)"
LEG00584-2,SHP00584,2,PORT_P001,Port of Valencia,Port,Spain,39.461,-0.323,PORT_P009,Port of Marseille-Fos,Port,France,43.437,4.943,Sea Breakbulk,CAR010,V007,2025-06-18T09:15:22,2025-06-18T12:37:41,2025-06-20T12:33:22,2025-06-21T18:39:22,645.0,678.9,51.3,78.0,26.7,Customs hold,6865.08,378.83,"LINESTRING (-0.323 39.461, 4.943 43.437)"
LEG00584-3,SHP00584,3,PORT_P009,Port of Marseille-Fos,Port,France,43.437,4.943,FAC_F018,Marseille Wind Substation Site,Project Site,France,43.2965,5.3698,Road,CAR010,V007,2025-06-20T22:21:59,2025-06-22T10:37:18,2025-06-21T05:51:59,2025-06-22T19:38:06,45.2,48.7,7.5,9.0,1.5,None,973.96,107.57,"LINESTRING (4.943 43.437, 5.3698 43.2965)"
LEG00585-1,SHP00585,1,FAC_F014,Cadiz Module Yard,Module Yard,Spain,36.5271,-6.2886,PORT_P003,Port of Algeciras,Port,Spain,36.1324,-5.4479,Road,CAR003,V010,2025-01-29T13:00:00,2025-01-29T14:53:47,2025-01-29T22:54:00,2025-01-29T23:45:00,102.8,102.6,9.9,8.9,0,None,1847.58,677.03,"LINESTRING (-6.2886 36.5271, -5.4479 36.1324)"
LEG00585-2,SHP00585,2,PORT_P003,Port of Algeciras,Port,Spain,36.1324,-5.4479,PORT_P012,Port of Casablanca,Port,Morocco,33.605,-7.611,RoRo,CAR003,V010,2025-01-30T13:09:45,2025-01-30T10:38:18,2025-01-31T12:51:45,2025-02-01T14:57:19,366.7,365.3,23.7,52.3,28.6,Carrier capacity,3368.65,761.21,"LINESTRING (-5.4479 36.1324, -7.611 33.605)"
LEG00585-3,SHP00585,3,PORT_P012,Port of Casablanca,Port,Morocco,33.605,-7.611,FAC_F008,Casablanca Desalination Site,Project Site,Morocco,33.5731,-7.5898,Road,CAR003,V010,2025-01-31T23:33:13,2025-02-02T02:01:39,2025-02-01T03:15:13,2025-02-02T06:47:32,5.0,5.4,3.7,4.8,1.1,None,642.93,35.63,"LINESTRING (-7.611 33.605, -7.5898 33.5731)"
LEG00586-1,SHP00586,1,FAC_F012,Antwerp EPC Supplier Yard,Vendor,Belgium,51.2194,4.4025,PORT_P007,Port of Antwerp-Bruges,Port,Belgium,51.2639,4.4009,Road,CAR010,V007,2024-08-19T08:00:00,2024-08-19T08:00:24,2024-08-19T15:06:00,2024-08-19T22:25:58,5.6,6.0,7.1,14.4,7.3,Weather disruption,464.65,21.46,"LINESTRING (4.4025 51.2194, 4.4009 51.2639)"
LEG00586-2,SHP00586,2,PORT_P007,Port of Antwerp-Bruges,Port,Belgium,51.2639,4.4009,PORT_P018,Port of Dammam,Port,Saudi Arabia,26.498,50.184,Sea Breakbulk,CAR010,V007,2024-08-20T06:29:21,2024-08-20T07:52:19,2024-08-28T01:53:21,2024-08-28T05:56:29,5251.5,5543.8,187.4,190.1,2.7,None,16717.29,5009.38,"LINESTRING (4.4009 51.2639, 50.184 26.498)"
LEG00586-3,SHP00586,3,PORT_P018,Port of Dammam,Port,Saudi Arabia,26.498,50.184,FAC_F017,Dammam Gas Project Site,Project Site,Saudi Arabia,26.4207,50.0888,Road,CAR010,V007,2024-08-28T15:51:43,2024-08-28T16:18:49,2024-08-29T01:03:43,2024-08-29T01:29:06,16.9,18.2,9.2,9.2,0,None,531.03,65.1,"LINESTRING (50.184 26.498, 50.0888 26.4207)"
LEG00587-1,SHP00587,1,FAC_F010,Milan Valve Plant,Vendor,Italy,45.4642,9.19,PORT_P010,Port of Genoa,Port,Italy,44.41,8.925,Road,CAR004,V008,2025-02-04T12:00:00,2025-02-04T12:45:00,2025-02-04T23:00:00,2025-02-05T01:15:15,151.7,152.5,11.0,12.5,1.5,None,712.93,79.54,"LINESTRING (9.19 45.4642, 8.925 44.41)"
LEG00587-2,SHP00587,2,PORT_P010,Port of Genoa,Port,Italy,44.41,8.925,PORT_P016,Port of Alexandria,Port,Egypt,31.2001,29.9187,Sea Breakbulk,CAR004,V008,2025-02-05T13:50:04,2025-02-05T08:52:25,2025-02-09T21:08:04,2025-02-09T16:43:08,2575.0,2746.8,103.3,103.8,0.5,None,5229.09,361.92,"LINESTRING (8.925 44.41, 29.9187 31.2001)"
LEG00587-3,SHP00587,3,PORT_P016,Port of Alexandria,Port,Egypt,31.2001,29.9187,FAC_F016,Alexandria Water Project Site,Project Site,Egypt,31.2001,29.9187,Road,CAR004,V008,2025-02-10T06:01:45,2025-02-09T23:00:57,2025-02-10T13:01:45,2025-02-10T07:19:30,0.0,0.0,7.0,8.3,1.3,None,400.0,0.0,"LINESTRING (29.9187 31.2001, 29.9187 31.2001)"
LEG00588-1,SHP00588,1,FAC_F014,Cadiz Module Yard,Module Yard,Spain,36.5271,-6.2886,PORT_P003,Port of Algeciras,Port,Spain,36.1324,-5.4479,Road,CAR004,V012,2025-04-09T09:00:00,2025-04-09T09:28:02,2025-04-09T20:36:00,2025-04-09T23:42:30,99.4,101.5,11.6,14.2,2.6,None,797.0,181.38,"LINESTRING (-6.2886 36.5271, -5.4479 36.1324)"
LEG00588-2,SHP00588,2,PORT_P003,Port of Algeciras,Port,Spain,36.1324,-5.4479,PORT_P018,Port of Dammam,Port,Saudi Arabia,26.498,50.184,Sea Breakbulk,CAR004,V012,2025-04-10T09:27:05,2025-04-10T13:14:28,2025-04-21T05:57:05,2025-04-22T03:17:59,5935.6,6127.9,260.5,278.1,17.6,Port congestion,12681.47,2766.38,"LINESTRING (-5.4479 36.1324, 50.184 26.498)"
LEG00588-3,SHP00588,3,PORT_P018,Port of Dammam,Port,Saudi Arabia,26.498,50.184,FAC_F017,Dammam Gas Project Site,Project Site,Saudi Arabia,26.4207,50.0888,Road,CAR004,V012,2025-04-21T17:37:34,2025-04-22T06:18:47,2025-04-22T01:31:34,2025-04-22T14:33:26,14.8,14.9,7.9,8.2,0.3,None,485.58,26.63,"LINESTRING (50.184 26.498, 50.0888 26.4207)"
LEG00589-1,SHP00589,1,FAC_F004,Bilbao Steel Fabricator,Vendor,Spain,43.263,-2.935,FAC_F008,Casablanca Desalination Site,Project Site,Morocco,33.5731,-7.5898,Road,CAR002,,2025-03-17T09:00:00,2025-03-17T08:26:44,2025-03-18T11:18:00,2025-03-18T13:44:50,1437.4,1509.3,26.3,29.3,3.0,None,5739.85,2632.52,"LINESTRING (-2.935 43.263, -7.5898 33.5731)"
LEG00590-1,SHP00590,1,FAC_F010,Milan Valve Plant,Vendor,Italy,45.4642,9.19,FAC_F001,Zaragoza Distribution Hub,Warehouse,Spain,41.6488,-0.8891,Road,CAR008,,2025-07-14T13:00:00,2025-07-14T12:40:53,2025-07-15T13:42:00,2025-07-15T11:59:26,1035.0,1041.0,24.7,23.3,0,None,2376.18,1023.56,"LINESTRING (9.19 45.4642, -0.8891 41.6488)"
LEG00591-1,SHP00591,1,FAC_F001,Zaragoza Distribution Hub,Warehouse,Spain,41.6488,-0.8891,PORT_P001,Port of Valencia,Port,Spain,39.461,-0.323,Road,CAR004,V008,2025-02-27T12:00:00,2025-02-27T12:13:14,2025-02-28T01:36:00,2025-02-28T05:47:26,285.5,298.7,13.6,17.6,4.0,None,827.06,175.93,"LINESTRING (-0.8891 41.6488, -0.323 39.461)"
LEG00591-2,SHP00591,2,PORT_P001,Port of Valencia,Port,Spain,39.461,-0.323,PORT_P018,Port of Dammam,Port,Saudi Arabia,26.498,50.184,Sea Breakbulk,CAR004,V008,2025-02-28T15:53:11,2025-02-28T13:11:17,2025-03-09T00:41:11,2025-03-08T21:56:18,5029.3,5122.3,200.8,200.8,0,None,5863.1,762.2,"LINESTRING (-0.323 39.461, 50.184 26.498)"
LEG00591-3,SHP00591,3,PORT_P018,Port of Dammam,Port,Saudi Arabia,26.498,50.184,FAC_F017,Dammam Gas Project Site,Project Site,Saudi Arabia,26.4207,50.0888,Road,CAR004,V008,2025-03-09T07:29:01,2025-03-09T02:47:24,2025-03-09T16:41:01,2025-03-09T13:51:03,16.2,16.9,9.2,11.1,1.9,None,348.69,9.95,"LINESTRING (50.184 26.498, 50.0888 26.4207)"
LEG00592-1,SHP00592,1,FAC_F013,Valencia Export Depot,Warehouse,Spain,39.4699,-0.3763,PORT_P001,Port of Valencia,Port,Spain,39.461,-0.323,Road,CAR010,V014,2024-02-13T07:00:00,2024-02-13T08:14:41,2024-02-13T16:36:00,2024-02-13T20:40:27,5.6,6.0,9.6,12.4,2.8,None,447.32,5.72,"LINESTRING (-0.3763 39.4699, -0.323 39.461)"
LEG00592-2,SHP00592,2,PORT_P001,Port of Valencia,Port,Spain,39.461,-0.323,PORT_P005,Port of Sines,Port,Portugal,37.9543,-8.8631,Sea Breakbulk,CAR010,V014,2024-02-14T06:21:49,2024-02-14T02:10:14,2024-02-16T18:03:49,2024-02-16T16:04:59,784.2,778.1,59.7,61.9,2.2,None,4055.76,187.49,"LINESTRING (-0.323 39.461, -8.8631 37.9543)"
LEG00592-3,SHP00592,3,PORT_P005,Port of Sines,Port,Portugal,37.9543,-8.8631,FAC_F007,Sines Energy Project Site,Project Site,Portugal,37.956,-8.868,Road,CAR010,V014,2024-02-17T05:13:35,2024-02-17T08:33:50,2024-02-17T13:55:35,2024-02-17T16:22:39,0.5,0.5,8.7,7.8,0,None,433.28,0.48,"LINESTRING (-8.8631 37.9543, -8.868 37.956)"
LEG00593-1,SHP00593,1,FAC_F010,Milan Valve Plant,Vendor,Italy,45.4642,9.19,PORT_P010,Port of Genoa,Port,Italy,44.41,8.925,Road,CAR004,V001,2024-02-12T11:00:00,2024-02-12T10:16:20,2024-02-12T16:42:00,2024-02-12T16:00:19,146.9,154.4,5.7,5.7,0.0,None,1682.35,637.91,"LINESTRING (9.19 45.4642, 8.925 44.41)"
LEG00593-2,SHP00593,2,PORT_P010,Port of Genoa,Port,Italy,44.41,8.925,PORT_P005,Port of Sines,Port,Portugal,37.9543,-8.8631,Sea Breakbulk,CAR004,V001,2024-02-13T05:34:23,2024-02-13T05:15:27,2024-02-18T01:58:23,2024-02-18T04:50:14,1748.0,1806.7,116.4,119.6,3.2,None,10066.27,1885.76,"LINESTRING (8.925 44.41, -8.8631 37.9543)"
LEG00593-3,SHP00593,3,PORT_P005,Port of Sines,Port,Portugal,37.9543,-8.8631,FAC_F007,Sines Energy Project Site,Project Site,Portugal,37.956,-8.868,Road,CAR004,V001,2024-02-18T11:03:43,2024-02-18T20:46:37,2024-02-18T14:21:43,2024-02-19T03:01:53,0.6,0.6,3.3,6.3,3.0,None,544.44,2.48,"LINESTRING (-8.8631 37.9543, -8.868 37.956)"
LEG00594-1,SHP00594,1,FAC_F012,Antwerp EPC Supplier Yard,Vendor,Belgium,51.2194,4.4025,PORT_P007,Port of Antwerp-Bruges,Port,Belgium,51.2639,4.4009,Road,CAR007,V005,2024-08-07T12:00:00,2024-08-07T11:35:55,2024-08-07T19:18:00,2024-08-07T17:28:39,5.7,5.9,7.3,5.9,0,None,709.99,15.51,"LINESTRING (4.4025 51.2194, 4.4009 51.2639)"
LEG00594-2,SHP00594,2,PORT_P007,Port of Antwerp-Bruges,Port,Belgium,51.2639,4.4009,PORT_P005,Port of Sines,Port,Portugal,37.9543,-8.8631,Sea Breakbulk,CAR007,V005,2024-08-08T04:58:02,2024-08-08T07:28:02,2024-08-12T10:22:02,2024-08-12T12:48:32,1847.0,1924.9,101.4,101.3,0,None,10807.47,1278.29,"LINESTRING (4.4009 51.2639, -8.8631 37.9543)"
LEG00594-3,SHP00594,3,PORT_P005,Port of Sines,Port,Portugal,37.9543,-8.8631,FAC_F007,Sines Energy Project Site,Project Site,Portugal,37.956,-8.868,Road,CAR007,V005,2024-08-12T15:53:42,2024-08-13T06:03:48,2024-08-12T20:11:42,2024-08-13T13:54:06,0.6,0.6,4.3,7.8,3.5,None,673.71,1.58,"LINESTRING (-8.8631 37.9543, -8.868 37.956)"
LEG00595-1,SHP00595,1,FAC_F003,Puertollano Module Yard,Module Yard,Spain,38.6871,-4.1121,PORT_P003,Port of Algeciras,Port,Spain,36.1324,-5.4479,Road,CAR010,V007,2025-11-03T12:00:00,2025-11-03T14:51:33,2025-11-03T23:06:00,2025-11-04T01:37:28,397.5,400.9,11.1,10.8,0,None,4065.33,1797.64,"LINESTRING (-4.1121 38.6871, -5.4479 36.1324)"
LEG00595-2,SHP00595,2,PORT_P003,Port of Algeciras,Port,Spain,36.1324,-5.4479,PORT_P018,Port of Dammam,Port,Saudi Arabia,26.498,50.184,Sea Breakbulk,CAR010,V007,2025-11-04T06:48:17,2025-11-04T14:43:43,2025-11-14T03:24:17,2025-11-14T11:43:44,5869.5,6067.7,236.6,237.0,0.4,None,28183.22,6873.49,"LINESTRING (-5.4479 36.1324, 50.184 26.498)"
LEG00595-3,SHP00595,3,PORT_P018,Port of Dammam,Port,Saudi Arabia,26.498,50.184,FAC_F017,Dammam Gas Project Site,Project Site,Saudi Arabia,26.4207,50.0888,Road,CAR010,V007,2025-11-14T12:04:32,2025-11-14T23:30:30,2025-11-14T21:52:32,2025-11-15T09:10:59,14.4,14.9,9.8,9.7,0,None,705.69,66.81,"LINESTRING (50.184 26.498, 50.0888 26.4207)"
LEG00596-1,SHP00596,1,FAC_F012,Antwerp EPC Supplier Yard,Vendor,Belgium,51.2194,4.4025,PORT_P007,Port of Antwerp-Bruges,Port,Belgium,51.2639,4.4009,Road,CAR007,V011,2025-08-28T13:00:00,2025-08-28T13:49:00,2025-08-28T17:24:00,2025-08-28T18:09:50,6.1,6.2,4.4,4.3,0,None,450.43,8.06,"LINESTRING (4.4025 51.2194, 4.4009 51.2639)"
LEG00596-2,SHP00596,2,PORT_P007,Port of Antwerp-Bruges,Port,Belgium,51.2639,4.4009,PORT_P012,Port of Casablanca,Port,Morocco,33.605,-7.611,Sea Breakbulk,CAR007,V011,2025-08-29T02:33:04,2025-08-29T10:27:08,2025-09-02T15:03:04,2025-09-02T21:47:47,2324.9,2480.5,108.5,107.3,0,None,6332.24,814.4,"LINESTRING (4.4009 51.2639, -7.611 33.605)"
LEG00596-3,SHP00596,3,PORT_P012,Port of Casablanca,Port,Morocco,33.605,-7.611,FAC_F008,Casablanca Desalination Site,Project Site,Morocco,33.5731,-7.5898,Road,CAR007,V011,2025-09-02T21:50:00,2025-09-03T02:14:49,2025-09-03T03:50:00,2025-09-03T08:41:42,5.4,5.6,6.0,6.4,0.4,None,448.65,7.28,"LINESTRING (-7.611 33.605, -7.5898 33.5731)"
LEG00597-1,SHP00597,1,FAC_F001,Zaragoza Distribution Hub,Warehouse,Spain,41.6488,-0.8891,PORT_P001,Port of Valencia,Port,Spain,39.461,-0.323,Road,CAR004,V012,2025-06-23T11:00:00,2025-06-23T11:27:12,2025-06-24T02:24:00,2025-06-24T04:55:13,303.0,314.7,15.4,17.5,2.1,None,2010.42,327.96,"LINESTRING (-0.8891 41.6488, -0.323 39.461)"
LEG00597-2,SHP00597,2,PORT_P001,Port of Valencia,Port,Spain,39.461,-0.323,PORT_P009,Port of Marseille-Fos,Port,France,43.437,4.943,Sea Breakbulk,CAR004,V012,2025-06-24T11:57:46,2025-06-24T13:13:23,2025-06-27T05:27:46,2025-06-27T08:48:43,642.4,636.9,65.5,67.6,2.1,None,6142.96,167.68,"LINESTRING (-0.323 39.461, 4.943 43.437)"
LEG00597-3,SHP00597,3,PORT_P009,Port of Marseille-Fos,Port,France,43.437,4.943,FAC_F018,Marseille Wind Substation Site,Project Site,France,43.2965,5.3698,Road,CAR004,V012,2025-06-27T18:58:21,2025-06-27T16:22:33,2025-06-28T00:10:21,2025-06-27T22:35:25,42.8,45.9,5.2,6.2,1.0,None,865.16,47.83,"LINESTRING (4.943 43.437, 5.3698 43.2965)"
LEG00598-1,SHP00598,1,FAC_F001,Zaragoza Distribution Hub,Warehouse,Spain,41.6488,-0.8891,PORT_P001,Port of Valencia,Port,Spain,39.461,-0.323,Road,CAR010,V007,2025-06-11T08:00:00,2025-06-11T07:31:43,2025-06-11T22:24:00,2025-06-11T23:31:11,299.3,313.2,14.4,16.0,1.6,None,1244.81,282.66,"LINESTRING (-0.8891 41.6488, -0.323 39.461)"
LEG00598-2,SHP00598,2,PORT_P001,Port of Valencia,Port,Spain,39.461,-0.323,PORT_P018,Port of Dammam,Port,Saudi Arabia,26.498,50.184,Sea Breakbulk,CAR010,V007,2025-06-12T08:47:15,2025-06-12T03:02:51,2025-06-22T05:05:15,2025-06-21T23:07:33,5395.0,5565.0,236.3,236.1,0,None,9148.7,1268.82,"LINESTRING (-0.323 39.461, 50.184 26.498)"
LEG00598-3,SHP00598,3,PORT_P018,Port of Dammam,Port,Saudi Arabia,26.498,50.184,FAC_F017,Dammam Gas Project Site,Project Site,Saudi Arabia,26.4207,50.0888,Road,CAR010,V007,2025-06-22T15:03:28,2025-06-22T05:17:20,2025-06-22T20:33:28,2025-06-22T15:11:15,15.1,15.0,5.5,9.9,4.4,Carrier capacity,470.93,13.54,"LINESTRING (50.184 26.498, 50.0888 26.4207)"
LEG00599-1,SHP00599,1,FAC_F013,Valencia Export Depot,Warehouse,Spain,39.4699,-0.3763,PORT_P001,Port of Valencia,Port,Spain,39.461,-0.323,Road,CAR006,,2025-05-29T14:00:00,2025-05-29T14:31:12,2025-05-29T17:42:00,2025-05-29T20:00:25,6.2,6.5,3.7,5.5,1.8,None,412.28,2.93,"LINESTRING (-0.3763 39.4699, -0.323 39.461)"
LEG00599-2,SHP00599,2,PORT_P001,Port of Valencia,Port,Spain,39.461,-0.323,PORT_P018,Port of Dammam,Port,Saudi Arabia,26.498,50.184,Container Sea,CAR006,,2025-05-30T09:18:00,2025-05-30T10:18:29,2025-06-07T16:06:00,2025-06-07T15:45:47,5279.1,5352.5,198.8,197.5,0,None,3689.95,456.68,"LINESTRING (-0.323 39.461, 50.184 26.498)"
LEG00599-3,SHP00599,3,PORT_P018,Port of Dammam,Port,Saudi Arabia,26.498,50.184,FAC_F017,Dammam Gas Project Site,Project Site,Saudi Arabia,26.4207,50.0888,Road,CAR006,,2025-06-08T00:05:18,2025-06-08T06:20:47,2025-06-08T07:47:18,2025-06-09T08:13:36,16.0,16.6,7.7,25.9,18.2,Weather disruption,431.36,7.47,"LINESTRING (50.184 26.498, 50.0888 26.4207)"
LEG00600-1,SHP00600,1,FAC_F010,Milan Valve Plant,Vendor,Italy,45.4642,9.19,PORT_P010,Port of Genoa,Port,Italy,44.41,8.925,Road,CAR010,V007,2024-08-27T11:00:00,2024-08-27T11:32:52,2024-08-27T22:06:00,2024-08-27T23:41:15,146.9,149.6,11.1,12.1,1.0,None,1365.03,197.12,"LINESTRING (9.19 45.4642, 8.925 44.41)"
LEG00600-2,SHP00600,2,PORT_P010,Port of Genoa,Port,Italy,44.41,8.925,PORT_P016,Port of Alexandria,Port,Egypt,31.2001,29.9187,Sea Breakbulk,CAR010,V007,2024-08-28T07:16:27,2024-08-28T05:24:42,2024-09-02T16:04:27,2024-09-03T05:41:10,2556.7,2691.7,128.8,144.3,15.5,Port congestion,10273.99,896.01,"LINESTRING (8.925 44.41, 29.9187 31.2001)"
LEG00600-3,SHP00600,3,PORT_P016,Port of Alexandria,Port,Egypt,31.2001,29.9187,FAC_F016,Alexandria Water Project Site,Project Site,Egypt,31.2001,29.9187,Road,CAR010,V007,2024-09-03T02:13:53,2024-09-03T12:27:09,2024-09-03T11:01:53,2024-09-03T20:17:15,0.0,0.0,8.8,7.8,0,None,669.6,0.0,"LINESTRING (29.9187 31.2001, 29.9187 31.2001)"
LEG00601-1,SHP00601,1,FAC_F004,Bilbao Steel Fabricator,Vendor,Spain,43.263,-2.935,FAC_F011,Rotterdam Consolidation Hub,Consolidation Hub,Netherlands,51.9244,4.4777,Road,CAR011,,2024-05-17T08:00:00,2024-05-17T07:26:11,2024-05-18T18:30:00,2024-05-18T17:12:02,1342.8,1357.7,34.5,33.8,0,None,5804.98,3009.14,"LINESTRING (-2.935 43.263, 4.4777 51.9244)"
LEG00602-1,SHP00602,1,FAC_F012,Antwerp EPC Supplier Yard,Vendor,Belgium,51.2194,4.4025,PORT_P007,Port of Antwerp-Bruges,Port,Belgium,51.2639,4.4009,Road,CAR007,V011,2024-08-30T09:00:00,2024-08-30T09:25:25,2024-08-30T15:48:00,2024-08-30T15:27:26,6.3,6.5,6.8,6.0,0,None,699.66,76.32,"LINESTRING (4.4025 51.2194, 4.4009 51.2639)"
LEG00602-2,SHP00602,2,PORT_P007,Port of Antwerp-Bruges,Port,Belgium,51.2639,4.4009,PORT_P001,Port of Valencia,Port,Spain,39.461,-0.323,Sea Breakbulk,CAR007,V011,2024-08-30T23:14:19,2024-08-30T20:37:30,2024-09-03T07:56:19,2024-09-04T06:36:16,1464.8,1579.8,80.7,106.0,25.3,Customs hold,18365.36,4686.32,"LINESTRING (4.4009 51.2639, -0.323 39.461)"
LEG00602-3,SHP00602,3,PORT_P001,Port of Valencia,Port,Spain,39.461,-0.323,FAC_F001,Zaragoza Distribution Hub,Warehouse,Spain,41.6488,-0.8891,Road,CAR007,V011,2024-09-03T18:18:09,2024-09-04T13:45:47,2024-09-04T07:18:09,2024-09-05T05:30:06,284.8,293.4,13.0,15.7,2.7,None,6157.69,3445.1,"LINESTRING (-0.323 39.461, -0.8891 41.6488)"
LEG00603-1,SHP00603,1,FAC_F014,Cadiz Module Yard,Module Yard,Spain,36.5271,-6.2886,PORT_P003,Port of Algeciras,Port,Spain,36.1324,-5.4479,Road,CAR004,V012,2025-05-26T12:00:00,2025-05-26T11:22:05,2025-05-26T17:54:00,2025-05-26T18:32:15,97.6,104.7,5.9,7.2,1.3,None,826.16,210.17,"LINESTRING (-6.2886 36.5271, -5.4479 36.1324)"
LEG00603-2,SHP00603,2,PORT_P003,Port of Algeciras,Port,Spain,36.1324,-5.4479,PORT_P005,Port of Sines,Port,Portugal,37.9543,-8.8631,Sea Breakbulk,CAR004,V012,2025-05-27T00:13:57,2025-05-27T03:28:11,2025-05-29T13:37:57,2025-05-29T18:17:08,385.4,394.6,61.4,62.8,1.4,None,3881.36,200.11,"LINESTRING (-5.4479 36.1324, -8.8631 37.9543)"
LEG00603-3,SHP00603,3,PORT_P005,Port of Sines,Port,Portugal,37.9543,-8.8631,FAC_F007,Sines Energy Project Site,Project Site,Portugal,37.956,-8.868,Road,CAR004,V012,2025-05-29T20:06:47,2025-05-30T10:26:14,2025-05-30T01:00:47,2025-05-30T15:32:06,0.6,0.6,4.9,5.1,0.2,None,434.26,1.2,"LINESTRING (-8.8631 37.9543, -8.868 37.956)"
LEG00604-1,SHP00604,1,FAC_F013,Valencia Export Depot,Warehouse,Spain,39.4699,-0.3763,PORT_P001,Port of Valencia,Port,Spain,39.461,-0.323,Road,CAR007,V005,2024-05-15T10:00:00,2024-05-15T11:29:25,2024-05-15T15:00:00,2024-05-15T18:16:48,5.6,6.0,5.0,6.8,1.8,None,557.85,4.28,"LINESTRING (-0.3763 39.4699, -0.323 39.461)"
LEG00604-2,SHP00604,2,PORT_P001,Port of Valencia,Port,Spain,39.461,-0.323,PORT_P005,Port of Sines,Port,Portugal,37.9543,-8.8631,Sea Breakbulk,CAR007,V005,2024-05-16T03:28:40,2024-05-16T04:47:50,2024-05-18T21:46:40,2024-05-20T03:28:54,808.2,834.0,66.3,94.7,28.4,Customs hold,5049.97,150.12,"LINESTRING (-0.323 39.461, -8.8631 37.9543)"
LEG00604-3,SHP00604,3,PORT_P005,Port of Sines,Port,Portugal,37.9543,-8.8631,FAC_F007,Sines Energy Project Site,Project Site,Portugal,37.956,-8.868,Road,CAR007,V005,2024-05-19T08:10:14,2024-05-20T16:45:26,2024-05-19T16:46:14,2024-05-21T04:58:00,0.5,0.5,8.6,12.2,3.6,None,541.49,0.36,"LINESTRING (-8.8631 37.9543, -8.868 37.956)"
LEG00605-1,SHP00605,1,FAC_F014,Cadiz Module Yard,Module Yard,Spain,36.5271,-6.2886,PORT_P003,Port of Algeciras,Port,Spain,36.1324,-5.4479,Road,CAR010,V007,2025-04-09T11:00:00,2025-04-09T10:30:54,2025-04-09T18:36:00,2025-04-09T20:13:51,110.2,113.6,7.6,9.7,2.1,None,1784.95,652.38,"LINESTRING (-6.2886 36.5271, -5.4479 36.1324)"
LEG00605-2,SHP00605,2,PORT_P003,Port of Algeciras,Port,Spain,36.1324,-5.4479,PORT_P001,Port of Valencia,Port,Spain,39.461,-0.323,Sea Breakbulk,CAR010,V007,2025-04-10T07:14:02,2025-04-10T05:37:27,2025-04-12T14:26:02,2025-04-12T17:35:59,607.5,649.6,55.2,60.0,4.8,Road permit delay,7477.77,942.44,"LINESTRING (-5.4479 36.1324, -0.323 39.461)"
LEG00605-3,SHP00605,3,PORT_P001,Port of Valencia,Port,Spain,39.461,-0.323,FAC_F001,Zaragoza Distribution Hub,Warehouse,Spain,41.6488,-0.8891,Road,CAR010,V007,2025-04-13T05:09:28,2025-04-13T06:32:38,2025-04-13T14:45:28,2025-04-13T14:51:14,280.1,299.8,9.6,8.3,0,None,3766.53,1721.68,"LINESTRING (-0.323 39.461, -0.8891 41.6488)"
LEG00606-1,SHP00606,1,FAC_F004,Bilbao Steel Fabricator,Vendor,Spain,43.263,-2.935,PORT_P004,Port of Bilbao,Port,Spain,43.3476,-3.0443,Road,CAR006,,2024-11-13T13:00:00,2024-11-13T14:49:30,2024-11-13T21:12:00,2024-11-14T01:38:04,16.1,16.0,8.2,10.8,2.6,None,483.19,24.91,"LINESTRING (-2.935 43.263, -3.0443 43.3476)"
LEG00606-2,SHP00606,2,PORT_P004,Port of Bilbao,Port,Spain,43.3476,-3.0443,PORT_P018,Port of Dammam,Port,Saudi Arabia,26.498,50.184,Container Sea,CAR006,,2024-11-14T12:32:28,2024-11-14T11:31:42,2024-11-24T03:02:28,2024-11-24T03:50:27,5340.1,5315.9,230.5,232.3,1.8,None,5448.21,1568.3,"LINESTRING (-3.0443 43.3476, 50.184 26.498)"
LEG00606-3,SHP00606,3,PORT_P018,Port of Dammam,Port,Saudi Arabia,26.498,50.184,FAC_F017,Dammam Gas Project Site,Project Site,Saudi Arabia,26.4207,50.0888,Road,CAR006,,2024-11-24T13:57:45,2024-11-24T08:13:23,2024-11-24T19:39:45,2024-11-24T15:15:24,15.0,15.0,5.7,7.0,1.3,None,479.99,23.36,"LINESTRING (50.184 26.498, 50.0888 26.4207)"
LEG00607-1,SHP00607,1,FAC_F010,Milan Valve Plant,Vendor,Italy,45.4642,9.19,FAC_F008,Casablanca Desalination Site,Project Site,Morocco,33.5731,-7.5898,Road,CAR008,,2024-10-09T12:00:00,2024-10-09T12:24:50,2024-10-11T08:24:00,2024-10-11T10:25:48,2576.7,2557.6,44.4,46.0,1.6,None,5915.69,3219.38,"LINESTRING (9.19 45.4642, -7.5898 33.5731)"
LEG00608-1,SHP00608,1,FAC_F010,Milan Valve Plant,Vendor,Italy,45.4642,9.19,PORT_P010,Port of Genoa,Port,Italy,44.41,8.925,Road,CAR004,V001,2025-06-02T13:00:00,2025-06-02T13:23:05,2025-06-02T23:24:00,2025-06-03T01:40:16,152.8,165.0,10.4,12.3,1.9,None,1273.34,292.97,"LINESTRING (9.19 45.4642, 8.925 44.41)"
LEG00608-2,SHP00608,2,PORT_P010,Port of Genoa,Port,Italy,44.41,8.925,PORT_P018,Port of Dammam,Port,Saudi Arabia,26.498,50.184,Sea Breakbulk,CAR004,V001,2025-06-03T14:37:16,2025-06-03T07:24:05,2025-06-11T01:13:16,2025-06-10T20:10:13,4553.9,4707.3,178.6,180.8,2.2,None,13010.04,2111.51,"LINESTRING (8.925 44.41, 50.184 26.498)"
LEG00608-3,SHP00608,3,PORT_P018,Port of Dammam,Port,Saudi Arabia,26.498,50.184,FAC_F017,Dammam Gas Project Site,Project Site,Saudi Arabia,26.4207,50.0888,Road,CAR004,V001,2025-06-11T13:01:07,2025-06-11T00:57:49,2025-06-11T16:49:07,2025-06-11T06:47:03,16.9,17.9,3.8,5.8,2.0,None,619.56,31.78,"LINESTRING (50.184 26.498, 50.0888 26.4207)"
LEG00609-1,SHP00609,1,FAC_F001,Zaragoza Distribution Hub,Warehouse,Spain,41.6488,-0.8891,PORT_P001,Port of Valencia,Port,Spain,39.461,-0.323,Road,CAR005,V003,2025-07-10T12:00:00,2025-07-10T11:20:43,2025-07-11T01:42:00,2025-07-10T23:19:41,316.0,333.7,13.7,12.0,0,None,1586.4,383.91,"LINESTRING (-0.8891 41.6488, -0.323 39.461)"
LEG00609-2,SHP00609,2,PORT_P001,Port of Valencia,Port,Spain,39.461,-0.323,PORT_P005,Port of Sines,Port,Portugal,37.9543,-8.8631,Container Sea,CAR005,V003,2025-07-11T09:05:32,2025-07-11T07:30:44,2025-07-13T21:17:32,2025-07-13T20:34:50,822.3,819.2,60.2,61.1,0.9,None,2391.12,178.57,"LINESTRING (-0.323 39.461, -8.8631 37.9543)"
LEG00609-3,SHP00609,3,PORT_P005,Port of Sines,Port,Portugal,37.9543,-8.8631,FAC_F007,Sines Energy Project Site,Project Site,Portugal,37.956,-8.868,Road,CAR005,V003,2025-07-14T03:51:07,2025-07-14T11:55:42,2025-07-14T11:45:07,2025-07-14T23:25:50,0.6,0.6,7.9,11.5,3.6,None,497.96,0.69,"LINESTRING (-8.8631 37.9543, -8.868 37.956)"
LEG00610-1,SHP00610,1,FAC_F014,Cadiz Module Yard,Module Yard,Spain,36.5271,-6.2886,PORT_P003,Port of Algeciras,Port,Spain,36.1324,-5.4479,Road,CAR007,V005,2024-07-25T15:00:00,2024-07-25T14:11:35,2024-07-25T22:24:00,2024-07-25T22:04:25,109.4,114.5,7.4,7.9,0.5,None,1868.34,475.56,"LINESTRING (-6.2886 36.5271, -5.4479 36.1324)"
LEG00610-2,SHP00610,2,PORT_P003,Port of Algeciras,Port,Spain,36.1324,-5.4479,PORT_P009,Port of Marseille-Fos,Port,France,43.437,4.943,Sea Breakbulk,CAR007,V005,2024-07-26T06:23:34,2024-07-26T06:01:40,2024-07-28T20:47:34,2024-07-28T20:16:55,1283.6,1306.5,62.4,62.3,0,None,11298.99,1370.88,"LINESTRING (-5.4479 36.1324, 4.943 43.437)"
LEG00610-3,SHP00610,3,PORT_P009,Port of Marseille-Fos,Port,France,43.437,4.943,FAC_F018,Marseille Wind Substation Site,Project Site,France,43.2965,5.3698,Road,CAR007,V005,2024-07-29T09:11:07,2024-07-29T11:11:46,2024-07-29T13:11:07,2024-07-29T15:05:29,47.3,49.0,4.0,3.9,0,None,1211.43,203.52,"LINESTRING (4.943 43.437, 5.3698 43.2965)"
LEG00611-1,SHP00611,1,FAC_F004,Bilbao Steel Fabricator,Vendor,Spain,43.263,-2.935,FAC_F017,Dammam Gas Project Site,Project Site,Saudi Arabia,26.4207,50.0888,Road,CAR001,,2024-11-25T07:00:00,2024-11-25T09:22:40,2024-11-29T19:24:00,2024-11-29T21:23:13,6532.3,6974.4,108.4,108.0,0,None,57287.12,29908.32,"LINESTRING (-2.935 43.263, 50.0888 26.4207)"
LEG00612-1,SHP00612,1,FAC_F003,Puertollano Module Yard,Module Yard,Spain,38.6871,-4.1121,PORT_P003,Port of Algeciras,Port,Spain,36.1324,-5.4479,Road,CAR006,,2024-10-23T13:00:00,2024-10-23T13:12:04,2024-10-23T22:42:00,2024-10-24T00:34:27,369.7,384.9,9.7,11.4,1.7,None,1548.96,466.21,"LINESTRING (-4.1121 38.6871, -5.4479 36.1324)"
LEG00612-2,SHP00612,2,PORT_P003,Port of Algeciras,Port,Spain,36.1324,-5.4479,PORT_P009,Port of Marseille-Fos,Port,France,43.437,4.943,Container Sea,CAR006,,2024-10-24T03:10:12,2024-10-24T06:15:35,2024-10-28T00:16:12,2024-10-28T03:46:44,1249.7,1326.5,93.1,93.5,0.4,None,2428.85,304.43,"LINESTRING (-5.4479 36.1324, 4.943 43.437)"
LEG00612-3,SHP00612,3,PORT_P009,Port of Marseille-Fos,Port,France,43.437,4.943,FAC_F018,Marseille Wind Substation Site,Project Site,France,43.2965,5.3698,Road,CAR006,,2024-10-28T07:25:54,2024-10-28T14:21:08,2024-10-28T14:49:54,2024-10-29T10:01:21,42.9,45.6,7.4,19.7,12.3,Port congestion,564.33,55.23,"LINESTRING (4.943 43.437, 5.3698 43.2965)"
LEG00613-1,SHP00613,1,FAC_F010,Milan Valve Plant,Vendor,Italy,45.4642,9.19,FAC_F001,Zaragoza Distribution Hub,Warehouse,Spain,41.6488,-0.8891,Road,CAR001,,2024-01-09T15:00:00,2024-01-09T16:11:08,2024-01-10T20:00:00,2024-01-10T23:59:54,1080.7,1144.6,29.0,31.8,2.8,None,6417.05,1839.83,"LINESTRING (9.19 45.4642, -0.8891 41.6488)"
LEG00614-1,SHP00614,1,FAC_F014,Cadiz Module Yard,Module Yard,Spain,36.5271,-6.2886,PORT_P003,Port of Algeciras,Port,Spain,36.1324,-5.4479,Road,CAR010,V014,2024-08-25T07:00:00,2024-08-25T07:33:37,2024-08-25T12:30:00,2024-08-25T11:21:51,100.3,107.5,5.5,3.8,0,None,761.91,148.59,"LINESTRING (-6.2886 36.5271, -5.4479 36.1324)"
LEG00614-2,SHP00614,2,PORT_P003,Port of Algeciras,Port,Spain,36.1324,-5.4479,PORT_P006,Port of Rotterdam,Port,Netherlands,51.947,4.142,Sea Breakbulk,CAR010,V014,2024-08-26T01:41:19,2024-08-25T18:31:26,2024-08-29T19:35:19,2024-08-29T13:48:42,1960.3,2040.9,89.9,91.3,1.4,None,5877.55,712.68,"LINESTRING (-5.4479 36.1324, 4.142 51.947)"
LEG00614-3,SHP00614,3,PORT_P006,Port of Rotterdam,Port,Netherlands,51.947,4.142,FAC_F011,Rotterdam Consolidation Hub,Consolidation Hub,Netherlands,51.9244,4.4777,Road,CAR010,V014,2024-08-30T05:06:37,2024-08-30T04:04:16,2024-08-30T11:42:37,2024-08-30T12:45:49,26.3,28.3,6.6,8.7,2.1,None,518.85,39.12,"LINESTRING (4.142 51.947, 4.4777 51.9244)"
LEG00615-1,SHP00615,1,FAC_F004,Bilbao Steel Fabricator,Vendor,Spain,43.263,-2.935,PORT_P004,Port of Bilbao,Port,Spain,43.3476,-3.0443,Road,CAR007,V005,2024-07-29T11:00:00,2024-07-29T13:33:32,2024-07-29T15:54:00,2024-07-29T21:36:17,16.9,17.1,4.9,8.0,3.1,None,498.55,37.14,"LINESTRING (-2.935 43.263, -3.0443 43.3476)"
LEG00615-2,SHP00615,2,PORT_P004,Port of Bilbao,Port,Spain,43.3476,-3.0443,PORT_P018,Port of Dammam,Port,Saudi Arabia,26.498,50.184,Sea Breakbulk,CAR007,V005,2024-07-29T20:46:56,2024-07-30T14:56:57,2024-08-07T09:16:56,2024-08-08T23:27:39,5705.5,5763.1,204.5,224.5,20.0,Carrier capacity,12972.51,3161.87,"LINESTRING (-3.0443 43.3476, 50.184 26.498)"
LEG00615-3,SHP00615,3,PORT_P018,Port of Dammam,Port,Saudi Arabia,26.498,50.184,FAC_F017,Dammam Gas Project Site,Project Site,Saudi Arabia,26.4207,50.0888,Road,CAR007,V005,2024-08-07T21:07:15,2024-08-09T07:51:37,2024-08-08T04:07:15,2024-08-09T18:46:27,16.4,17.1,7.0,10.9,3.9,None,498.55,37.14,"LINESTRING (50.184 26.498, 50.0888 26.4207)"
LEG00616-1,SHP00616,1,FAC_F014,Cadiz Module Yard,Module Yard,Spain,36.5271,-6.2886,PORT_P003,Port of Algeciras,Port,Spain,36.1324,-5.4479,Road,CAR003,V010,2025-12-24T09:00:00,2025-12-24T09:43:06,2025-12-24T13:54:00,2025-12-24T18:00:48,100.3,99.8,4.9,8.3,3.4,None,1031.27,354.68,"LINESTRING (-6.2886 36.5271, -5.4479 36.1324)"
LEG00616-2,SHP00616,2,PORT_P003,Port of Algeciras,Port,Spain,36.1324,-5.4479,PORT_P012,Port of Casablanca,Port,Morocco,33.605,-7.611,RoRo,CAR003,V010,2025-12-25T03:02:07,2025-12-25T04:10:16,2025-12-26T05:44:07,2025-12-26T09:13:12,352.5,374.6,26.7,29.0,2.3,None,2032.93,420.41,"LINESTRING (-5.4479 36.1324, -7.611 33.605)"
LEG00616-3,SHP00616,3,PORT_P012,Port of Casablanca,Port,Morocco,33.605,-7.611,FAC_F008,Casablanca Desalination Site,Project Site,Morocco,33.5731,-7.5898,Road,CAR003,V010,2025-12-26T14:55:43,2025-12-27T01:06:37,2025-12-26T22:19:43,2025-12-27T09:03:56,4.7,4.8,7.4,8.0,0.6,None,460.82,17.06,"LINESTRING (-7.611 33.605, -7.5898 33.5731)"
LEG00617-1,SHP00617,1,FAC_F014,Cadiz Module Yard,Module Yard,Spain,36.5271,-6.2886,PORT_P003,Port of Algeciras,Port,Spain,36.1324,-5.4479,Road,CAR007,V011,2024-07-01T08:00:00,2024-07-01T09:39:02,2024-07-01T14:00:00,2024-07-01T16:40:14,103.6,103.5,6.0,7.0,1.0,None,1750.8,670.67,"LINESTRING (-6.2886 36.5271, -5.4479 36.1324)"
LEG00617-2,SHP00617,2,PORT_P003,Port of Algeciras,Port,Spain,36.1324,-5.4479,PORT_P009,Port of Marseille-Fos,Port,France,43.437,4.943,Sea Breakbulk,CAR007,V011,2024-07-01T20:09:16,2024-07-02T04:53:32,2024-07-05T21:33:16,2024-07-06T10:13:26,1233.1,1329.4,97.4,101.3,3.9,None,11245.14,2176.28,"LINESTRING (-5.4479 36.1324, 4.943 43.437)"
LEG00617-3,SHP00617,3,PORT_P009,Port of Marseille-Fos,Port,France,43.437,4.943,FAC_F018,Marseille Wind Substation Site,Project Site,France,43.2965,5.3698,Road,CAR007,V011,2024-07-06T03:32:51,2024-07-06T14:28:53,2024-07-06T13:44:51,2024-07-07T23:25:47,46.8,46.6,10.2,32.9,22.7,Documentation issue,1104.94,301.97,"LINESTRING (4.943 43.437, 5.3698 43.2965)"
LEG00618-1,SHP00618,1,FAC_F011,Rotterdam Consolidation Hub,Consolidation Hub,Netherlands,51.9244,4.4777,FAC_F007,Sines Energy Project Site,Project Site,Portugal,37.956,-8.868,Road,CAR011,,2025-07-28T07:00:00,2025-07-28T08:41:49,2025-07-30T04:18:00,2025-07-30T06:19:30,2271.7,2296.1,45.3,45.6,0.3,None,4265.46,1529.09,"LINESTRING (4.4777 51.9244, -8.868 37.956)"
LEG00619-1,SHP00619,1,FAC_F009,Lyon Fabrication Partner,Vendor,France,45.764,4.8357,PORT_P009,Port of Marseille-Fos,Port,France,43.437,4.943,Road,CAR010,V004,2025-11-13T12:00:00,2025-11-13T12:59:16,2025-11-14T03:06:00,2025-11-14T04:28:09,313.1,316.8,15.1,15.5,0.4,None,1554.99,277.49,"LINESTRING (4.8357 45.764, 4.943 43.437)"
LEG00619-2,SHP00619,2,PORT_P009,Port of Marseille-Fos,Port,France,43.437,4.943,PORT_P012,Port of Casablanca,Port,Morocco,33.605,-7.611,Sea Breakbulk,CAR010,V004,2025-11-14T18:51:04,2025-11-14T12:59:49,2025-11-18T05:21:04,2025-11-18T22:54:46,1589.5,1649.9,82.5,105.9,23.4,Documentation issue,6208.41,365.09,"LINESTRING (4.943 43.437, -7.611 33.605)"
LEG00619-3,SHP00619,3,PORT_P012,Port of Casablanca,Port,Morocco,33.605,-7.611,FAC_F008,Casablanca Desalination Site,Project Site,Morocco,33.5731,-7.5898,Road,CAR010,V004,2025-11-18T13:39:46,2025-11-19T09:28:16,2025-11-18T18:15:46,2025-11-19T13:45:22,4.6,4.7,4.6,4.3,0,None,555.06,4.12,"LINESTRING (-7.611 33.605, -7.5898 33.5731)"
LEG00620-1,SHP00620,1,FAC_F004,Bilbao Steel Fabricator,Vendor,Spain,43.263,-2.935,PORT_P004,Port of Bilbao,Port,Spain,43.3476,-3.0443,Road,CAR004,V008,2024-07-16T14:00:00,2024-07-16T15:14:53,2024-07-17T00:18:00,2024-07-17T02:33:36,16.9,17.3,10.3,11.3,1.0,None,890.29,194.56,"LINESTRING (-2.935 43.263, -3.0443 43.3476)"
LEG00620-2,SHP00620,2,PORT_P004,Port of Bilbao,Port,Spain,43.3476,-3.0443,PORT_P005,Port of Sines,Port,Portugal,37.9543,-8.8631,Sea Breakbulk,CAR004,V008,2024-07-17T10:02:16,2024-07-17T06:23:35,2024-07-20T14:44:16,2024-07-20T12:23:52,814.0,845.0,76.7,78.0,1.3,None,11486.53,2400.75,"LINESTRING (-3.0443 43.3476, -8.8631 37.9543)"
LEG00620-3,SHP00620,3,PORT_P005,Port of Sines,Port,Portugal,37.9543,-8.8631,FAC_F007,Sines Energy Project Site,Project Site,Portugal,37.956,-8.868,Road,CAR004,V008,2024-07-21T04:47:00,2024-07-20T23:29:42,2024-07-21T10:41:00,2024-07-21T19:22:43,0.6,0.6,5.9,19.9,14.0,Weather disruption,586.9,6.75,"LINESTRING (-8.8631 37.9543, -8.868 37.956)"
LEG00621-1,SHP00621,1,FAC_F012,Antwerp EPC Supplier Yard,Vendor,Belgium,51.2194,4.4025,FAC_F001,Zaragoza Distribution Hub,Warehouse,Spain,41.6488,-0.8891,Road,CAR012,,2024-04-23T14:00:00,2024-04-23T13:22:10,2024-04-24T18:12:00,2024-04-24T15:47:28,1402.7,1506.4,28.2,26.4,0,None,5245.51,2282.57,"LINESTRING (4.4025 51.2194, -0.8891 41.6488)"
LEG00622-1,SHP00622,1,FAC_F010,Milan Valve Plant,Vendor,Italy,45.4642,9.19,PORT_P010,Port of Genoa,Port,Italy,44.41,8.925,Road,CAR005,V003,2024-03-18T14:00:00,2024-03-18T14:03:45,2024-03-19T00:54:00,2024-03-18T23:22:15,134.0,141.8,10.9,9.3,0,None,559.07,102.51,"LINESTRING (9.19 45.4642, 8.925 44.41)"
LEG00622-2,SHP00622,2,PORT_P010,Port of Genoa,Port,Italy,44.41,8.925,PORT_P001,Port of Valencia,Port,Spain,39.461,-0.323,Container Sea,CAR005,V003,2024-03-19T09:23:06,2024-03-19T06:32:49,2024-03-22T12:11:06,2024-03-23T11:23:15,979.4,998.0,74.8,100.8,26.0,Customs hold,1528.39,136.71,"LINESTRING (8.925 44.41, -0.323 39.461)"
LEG00622-3,SHP00622,3,PORT_P001,Port of Valencia,Port,Spain,39.461,-0.323,FAC_F001,Zaragoza Distribution Hub,Warehouse,Spain,41.6488,-0.8891,Road,CAR005,V003,2024-03-23T01:04:55,2024-03-24T00:14:48,2024-03-23T11:52:55,2024-03-24T10:53:55,288.2,286.8,10.8,10.7,0,None,803.53,207.34,"LINESTRING (-0.323 39.461, -0.8891 41.6488)"
LEG00623-1,SHP00623,1,FAC_F014,Cadiz Module Yard,Module Yard,Spain,36.5271,-6.2886,PORT_P003,Port of Algeciras,Port,Spain,36.1324,-5.4479,Road,CAR007,V011,2025-12-15T13:00:00,2025-12-15T14:59:46,2025-12-15T18:48:00,2025-12-15T20:57:42,103.8,109.8,5.8,6.0,0.2,None,1029.45,374.06,"LINESTRING (-6.2886 36.5271, -5.4479 36.1324)"
LEG00623-2,SHP00623,2,PORT_P003,Port of Algeciras,Port,Spain,36.1324,-5.4479,PORT_P009,Port of Marseille-Fos,Port,France,43.437,4.943,Sea Breakbulk,CAR007,V011,2025-12-16T03:59:50,2025-12-16T01:28:58,2025-12-20T07:11:50,2025-12-20T03:33:48,1266.8,1322.4,99.2,98.1,0,None,6446.49,1138.11,"LINESTRING (-5.4479 36.1324, 4.943 43.437)"
LEG00623-3,SHP00623,3,PORT_P009,Port of Marseille-Fos,Port,France,43.437,4.943,FAC_F018,Marseille Wind Substation Site,Project Site,France,43.2965,5.3698,Road,CAR007,V011,2025-12-20T15:27:48,2025-12-20T09:03:31,2025-12-21T01:09:48,2025-12-20T22:08:01,47.2,47.5,9.7,13.1,3.4,None,690.46,161.82,"LINESTRING (4.943 43.437, 5.3698 43.2965)"
LEG00624-1,SHP00624,1,FAC_F011,Rotterdam Consolidation Hub,Consolidation Hub,Netherlands,51.9244,4.4777,PORT_P006,Port of Rotterdam,Port,Netherlands,51.947,4.142,Road,CAR010,V004,2024-06-28T11:00:00,2024-06-28T13:28:08,2024-06-28T17:36:00,2024-06-28T22:08:53,28.8,29.9,6.6,8.7,2.1,None,488.86,9.83,"LINESTRING (4.4777 51.9244, 4.142 51.947)"
LEG00624-2,SHP00624,2,PORT_P006,Port of Rotterdam,Port,Netherlands,51.947,4.142,PORT_P009,Port of Marseille-Fos,Port,France,43.437,4.943,Sea Breakbulk,CAR010,V004,2024-06-29T08:39:52,2024-06-29T15:36:32,2024-07-01T22:21:52,2024-07-02T05:30:07,1029.9,1096.6,61.7,61.9,0.2,None,4045.62,91.06,"LINESTRING (4.142 51.947, 4.943 43.437)"
LEG00624-3,SHP00624,3,PORT_P009,Port of Marseille-Fos,Port,France,43.437,4.943,FAC_F018,Marseille Wind Substation Site,Project Site,France,43.2965,5.3698,Road,CAR010,V004,2024-07-02T11:12:07,2024-07-02T17:33:45,2024-07-02T20:24:07,2024-07-03T00:53:20,49.2,50.3,9.2,7.3,0,None,527.65,16.53,"LINESTRING (4.943 43.437, 5.3698 43.2965)"
LEG00625-1,SHP00625,1,FAC_F011,Rotterdam Consolidation Hub,Consolidation Hub,Netherlands,51.9244,4.4777,PORT_P006,Port of Rotterdam,Port,Netherlands,51.947,4.142,Road,CAR006,,2025-12-10T10:00:00,2025-12-10T09:52:48,2025-12-10T15:06:00,2025-12-10T13:35:51,27.9,29.0,5.1,3.7,0,None,569.45,16.28,"LINESTRING (4.4777 51.9244, 4.142 51.947)"
LEG00625-2,SHP00625,2,PORT_P006,Port of Rotterdam,Port,Netherlands,51.947,4.142,PORT_P009,Port of Marseille-Fos,Port,France,43.437,4.943,Container Sea,CAR006,,2025-12-10T23:31:15,2025-12-10T23:16:42,2025-12-13T14:49:15,2025-12-13T13:17:53,1032.8,1082.0,63.3,62.0,0,None,2395.5,115.1,"LINESTRING (4.142 51.947, 4.943 43.437)"
LEG00625-3,SHP00625,3,PORT_P009,Port of Marseille-Fos,Port,France,43.437,4.943,FAC_F018,Marseille Wind Substation Site,Project Site,France,43.2965,5.3698,Road,CAR006,,2025-12-13T21:36:47,2025-12-14T05:45:12,2025-12-14T03:06:47,2025-12-15T00:26:54,48.9,51.5,5.5,18.7,13.2,Carrier capacity,626.44,28.91,"LINESTRING (4.943 43.437, 5.3698 43.2965)"
LEG00626-1,SHP00626,1,FAC_F012,Antwerp EPC Supplier Yard,Vendor,Belgium,51.2194,4.4025,PORT_P007,Port of Antwerp-Bruges,Port,Belgium,51.2639,4.4009,Road,CAR006,,2025-08-14T10:00:00,2025-08-14T09:31:51,2025-08-14T14:54:00,2025-08-14T13:10:37,6.5,6.8,4.9,3.6,0,None,329.65,2.34,"LINESTRING (4.4025 51.2194, 4.4009 51.2639)"
LEG00626-2,SHP00626,2,PORT_P007,Port of Antwerp-Bruges,Port,Belgium,51.2639,4.4009,PORT_P012,Port of Casablanca,Port,Morocco,33.605,-7.611,Container Sea,CAR006,,2025-08-15T06:47:53,2025-08-14T17:31:41,2025-08-19T03:17:53,2025-08-18T15:02:18,2285.1,2302.9,92.5,93.5,1.0,None,1874.37,150.47,"LINESTRING (4.4009 51.2639, -7.611 33.605)"
LEG00626-3,SHP00626,3,PORT_P012,Port of Casablanca,Port,Morocco,33.605,-7.611,FAC_F008,Casablanca Desalination Site,Project Site,Morocco,33.5731,-7.5898,Road,CAR006,,2025-08-19T08:17:49,2025-08-19T06:31:36,2025-08-19T12:53:49,2025-08-19T10:06:32,4.8,5.2,4.6,3.6,0,None,327.38,1.79,"LINESTRING (-7.611 33.605, -7.5898 33.5731)"
LEG00627-1,SHP00627,1,FAC_F013,Valencia Export Depot,Warehouse,Spain,39.4699,-0.3763,PORT_P001,Port of Valencia,Port,Spain,39.461,-0.323,Road,CAR010,V004,2024-10-31T14:00:00,2024-10-31T16:44:28,2024-11-01T00:00:00,2024-11-01T04:39:03,5.3,5.7,10.0,11.9,1.9,None,327.88,1.48,"LINESTRING (-0.3763 39.4699, -0.323 39.461)"
LEG00627-2,SHP00627,2,PORT_P001,Port of Valencia,Port,Spain,39.461,-0.323,PORT_P016,Port of Alexandria,Port,Egypt,31.2001,29.9187,Sea Breakbulk,CAR010,V004,2024-11-01T12:42:42,2024-11-01T11:12:19,2024-11-06T15:24:42,2024-11-07T15:33:23,3069.5,3154.7,122.7,148.4,25.7,Customs hold,4068.88,206.7,"LINESTRING (-0.323 39.461, 29.9187 31.2001)"
LEG00627-3,SHP00627,3,PORT_P016,Port of Alexandria,Port,Egypt,31.2001,29.9187,FAC_F016,Alexandria Water Project Site,Project Site,Egypt,31.2001,29.9187,Road,CAR010,V004,2024-11-06T23:48:56,2024-11-07T21:05:25,2024-11-07T06:12:56,2024-11-08T04:37:10,0.0,0.0,6.4,7.5,1.1,None,320.0,0.0,"LINESTRING (29.9187 31.2001, 29.9187 31.2001)"
LEG00628-1,SHP00628,1,FAC_F014,Cadiz Module Yard,Module Yard,Spain,36.5271,-6.2886,PORT_P003,Port of Algeciras,Port,Spain,36.1324,-5.4479,Road,CAR004,V001,2025-10-28T07:00:00,2025-10-28T07:16:26,2025-10-28T15:24:00,2025-10-28T16:08:12,107.3,107.8,8.4,8.9,0.5,None,1837.27,450.81,"LINESTRING (-6.2886 36.5271, -5.4479 36.1324)"
LEG00628-2,SHP00628,2,PORT_P003,Port of Algeciras,Port,Spain,36.1324,-5.4479,PORT_P016,Port of Alexandria,Port,Egypt,31.2001,29.9187,Sea Breakbulk,CAR004,V001,2025-10-28T21:15:58,2025-10-28T23:33:30,2025-11-04T05:09:58,2025-11-04T08:39:29,3693.7,3875.3,151.9,153.1,1.2,None,23488.06,4094.18,"LINESTRING (-5.4479 36.1324, 29.9187 31.2001)"
LEG00628-3,SHP00628,3,PORT_P016,Port of Alexandria,Port,Egypt,31.2001,29.9187,FAC_F016,Alexandria Water Project Site,Project Site,Egypt,31.2001,29.9187,Road,CAR004,V001,2025-11-04T12:27:59,2025-11-05T01:43:56,2025-11-04T16:51:59,2025-11-05T04:40:49,0.0,0.0,4.4,2.9,0,None,720.0,0.0,"LINESTRING (29.9187 31.2001, 29.9187 31.2001)"
LEG00629-1,SHP00629,1,FAC_F012,Antwerp EPC Supplier Yard,Vendor,Belgium,51.2194,4.4025,PORT_P007,Port of Antwerp-Bruges,Port,Belgium,51.2639,4.4009,Road,CAR006,,2025-12-22T08:00:00,2025-12-22T08:21:11,2025-12-22T12:06:00,2025-12-22T12:32:52,6.4,6.5,4.1,4.2,0.1,None,587.94,25.62,"LINESTRING (4.4025 51.2194, 4.4009 51.2639)"
LEG00629-2,SHP00629,2,PORT_P007,Port of Antwerp-Bruges,Port,Belgium,51.2639,4.4009,PORT_P009,Port of Marseille-Fos,Port,France,43.437,4.943,Container Sea,CAR006,,2025-12-23T03:44:13,2025-12-22T20:50:58,2025-12-26T14:32:13,2025-12-26T07:02:56,917.3,920.2,82.8,82.2,0,None,3528.18,687.22,"LINESTRING (4.4009 51.2639, 4.943 43.437)"
LEG00629-3,SHP00629,3,PORT_P009,Port of Marseille-Fos,Port,France,43.437,4.943,FAC_F018,Marseille Wind Substation Site,Project Site,France,43.2965,5.3698,Road,CAR006,,2025-12-27T03:51:09,2025-12-26T21:34:46,2025-12-27T08:39:09,2025-12-27T01:20:32,46.0,46.9,4.8,3.8,0,None,885.93,184.86,"LINESTRING (4.943 43.437, 5.3698 43.2965)"
LEG00630-1,SHP00630,1,FAC_F005,Tarragona Equipment Vendor,Vendor,Spain,41.1189,1.2445,FAC_F001,Zaragoza Distribution Hub,Warehouse,Spain,41.6488,-0.8891,Road,CAR001,,2025-10-07T07:00:00,2025-10-07T09:48:42,2025-10-07T19:36:00,2025-10-07T23:50:30,243.3,243.1,12.6,14.0,1.4,None,1243.47,403.92,"LINESTRING (1.2445 41.1189, -0.8891 41.6488)"
LEG00631-1,SHP00631,1,FAC_F004,Bilbao Steel Fabricator,Vendor,Spain,43.263,-2.935,PORT_P004,Port of Bilbao,Port,Spain,43.3476,-3.0443,Road,CAR006,,2024-12-17T12:00:00,2024-12-17T14:27:51,2024-12-17T19:18:00,2024-12-17T21:22:28,16.9,17.5,7.3,6.9,0,None,784.42,119.68,"LINESTRING (-2.935 43.263, -3.0443 43.3476)"
LEG00631-2,SHP00631,2,PORT_P004,Port of Bilbao,Port,Spain,43.3476,-3.0443,PORT_P016,Port of Alexandria,Port,Egypt,31.2001,29.9187,Container Sea,CAR006,,2024-12-18T11:07:18,2024-12-18T10:55:59,2024-12-25T00:25:18,2024-12-25T01:45:43,3313.0,3528.4,157.3,158.8,1.5,None,11988.71,4572.17,"LINESTRING (-3.0443 43.3476, 29.9187 31.2001)"
LEG00631-3,SHP00631,3,PORT_P016,Port of Alexandria,Port,Egypt,31.2001,29.9187,FAC_F016,Alexandria Water Project Site,Project Site,Egypt,31.2001,29.9187,Road,CAR006,,2024-12-25T07:04:10,2024-12-25T12:19:48,2024-12-25T14:16:10,2024-12-25T17:39:55,0.0,0.0,7.2,5.3,0,None,576.0,0.0,"LINESTRING (29.9187 31.2001, 29.9187 31.2001)"
LEG00632-1,SHP00632,1,FAC_F005,Tarragona Equipment Vendor,Vendor,Spain,41.1189,1.2445,PORT_P002,Port of Barcelona,Port,Spain,41.3522,2.1686,Road,CAR010,V004,2024-12-16T14:00:00,2024-12-16T15:42:34,2024-12-17T01:06:00,2024-12-17T02:22:50,93.8,93.3,11.1,10.7,0,None,664.53,78.53,"LINESTRING (1.2445 41.1189, 2.1686 41.3522)"
LEG00632-2,SHP00632,2,PORT_P002,Port of Barcelona,Port,Spain,41.3522,2.1686,PORT_P005,Port of Sines,Port,Portugal,37.9543,-8.8631,Sea Breakbulk,CAR010,V004,2024-12-17T09:42:02,2024-12-17T15:00:17,2024-12-20T00:30:02,2024-12-20T05:47:46,1079.4,1136.0,62.8,62.8,0,None,4393.01,241.56,"LINESTRING (2.1686 41.3522, -8.8631 37.9543)"
LEG00632-3,SHP00632,3,PORT_P005,Port of Sines,Port,Portugal,37.9543,-8.8631,FAC_F007,Sines Energy Project Site,Project Site,Portugal,37.956,-8.868,Road,CAR010,V004,2024-12-20T06:19:04,2024-12-20T09:00:05,2024-12-20T10:13:04,2024-12-20T12:59:33,0.6,0.6,3.9,4.0,0.1,None,433.5,0.51,"LINESTRING (-8.8631 37.9543, -8.868 37.956)"
LEG00633-1,SHP00633,1,FAC_F009,Lyon Fabrication Partner,Vendor,France,45.764,4.8357,PORT_P009,Port of Marseille-Fos,Port,France,43.437,4.943,Road,CAR006,,2024-09-17T12:00:00,2024-09-17T14:19:16,2024-09-18T00:42:00,2024-09-18T01:09:01,322.2,334.8,12.7,10.8,0,None,1284.08,301.84,"LINESTRING (4.8357 45.764, 4.943 43.437)"
LEG00633-2,SHP00633,2,PORT_P009,Port of Marseille-Fos,Port,France,43.437,4.943,PORT_P006,Port of Rotterdam,Port,Netherlands,51.947,4.142,Container Sea,CAR006,,2024-09-18T16:38:20,2024-09-18T06:08:49,2024-09-20T23:56:20,2024-09-20T14:33:59,986.3,981.5,55.3,56.4,1.1,None,2117.12,167.66,"LINESTRING (4.943 43.437, 4.142 51.947)"
LEG00633-3,SHP00633,3,PORT_P006,Port of Rotterdam,Port,Netherlands,51.947,4.142,FAC_F011,Rotterdam Consolidation Hub,Consolidation Hub,Netherlands,51.9244,4.4777,Road,CAR006,,2024-09-21T04:07:40,2024-09-21T05:53:22,2024-09-21T09:07:40,2024-09-21T09:32:56,26.7,27.9,5.0,3.7,0,None,503.01,25.15,"LINESTRING (4.142 51.947, 4.4777 51.9244)"
LEG00634-1,SHP00634,1,FAC_F011,Rotterdam Consolidation Hub,Consolidation Hub,Netherlands,51.9244,4.4777,PORT_P006,Port of Rotterdam,Port,Netherlands,51.947,4.142,Road,CAR010,V014,2024-07-16T07:00:00,2024-07-16T09:39:03,2024-07-16T13:30:00,2024-07-17T03:10:30,27.7,28.1,6.5,17.5,11.0,Customs hold,558.77,77.26,"LINESTRING (4.4777 51.9244, 4.142 51.947)"
LEG00634-2,SHP00634,2,PORT_P006,Port of Rotterdam,Port,Netherlands,51.947,4.142,PORT_P009,Port of Marseille-Fos,Port,France,43.437,4.943,Sea Breakbulk,CAR010,V014,2024-07-16T19:55:26,2024-07-17T09:38:57,2024-07-19T10:31:26,2024-07-20T01:26:04,1039.6,1067.8,62.6,63.8,1.2,None,5360.81,741.65,"LINESTRING (4.142 51.947, 4.943 43.437)"
LEG00634-3,SHP00634,3,PORT_P009,Port of Marseille-Fos,Port,France,43.437,4.943,FAC_F018,Marseille Wind Substation Site,Project Site,France,43.2965,5.3698,Road,CAR010,V014,2024-07-19T23:28:23,2024-07-20T05:40:49,2024-07-20T04:34:23,2024-07-20T13:09:22,48.1,51.1,5.1,7.5,2.4,None,662.53,140.49,"LINESTRING (4.943 43.437, 5.3698 43.2965)"
LEG00635-1,SHP00635,1,FAC_F014,Cadiz Module Yard,Module Yard,Spain,36.5271,-6.2886,PORT_P003,Port of Algeciras,Port,Spain,36.1324,-5.4479,Road,CAR010,V014,2024-07-21T14:00:00,2024-07-21T13:47:55,2024-07-21T22:06:00,2024-07-22T01:42:06,100.2,99.9,8.1,11.9,3.8,None,803.39,200.72,"LINESTRING (-6.2886 36.5271, -5.4479 36.1324)"
LEG00635-2,SHP00635,2,PORT_P003,Port of Algeciras,Port,Spain,36.1324,-5.4479,PORT_P018,Port of Dammam,Port,Saudi Arabia,26.498,50.184,Sea Breakbulk,CAR010,V014,2024-07-22T07:25:19,2024-07-22T07:46:52,2024-07-30T19:07:19,2024-07-31T15:11:02,5497.0,5452.9,203.7,223.4,19.7,Documentation issue,11992.58,2767.89,"LINESTRING (-5.4479 36.1324, 50.184 26.498)"
LEG00635-3,SHP00635,3,PORT_P018,Port of Dammam,Port,Saudi Arabia,26.498,50.184,FAC_F017,Dammam Gas Project Site,Project Site,Saudi Arabia,26.4207,50.0888,Road,CAR010,V014,2024-07-31T00:46:03,2024-08-01T02:10:07,2024-07-31T09:28:03,2024-08-01T13:58:37,15.8,16.1,8.7,11.8,3.1,None,491.85,32.35,"LINESTRING (50.184 26.498, 50.0888 26.4207)"
LEG00636-1,SHP00636,1,FAC_F003,Puertollano Module Yard,Module Yard,Spain,38.6871,-4.1121,PORT_P003,Port of Algeciras,Port,Spain,36.1324,-5.4479,Road,CAR004,V001,2025-10-13T15:00:00,2025-10-13T15:39:53,2025-10-14T05:18:00,2025-10-14T14:38:22,350.0,369.8,14.3,23.0,8.7,Port congestion,2766.04,1076.06,"LINESTRING (-4.1121 38.6871, -5.4479 36.1324)"
LEG00636-2,SHP00636,2,PORT_P003,Port of Algeciras,Port,Spain,36.1324,-5.4479,PORT_P005,Port of Sines,Port,Portugal,37.9543,-8.8631,Sea Breakbulk,CAR004,V001,2025-10-14T10:38:01,2025-10-14T21:27:24,2025-10-16T04:50:01,2025-10-16T17:55:19,405.5,433.2,42.2,44.5,2.3,None,5201.84,318.45,"LINESTRING (-5.4479 36.1324, -8.8631 37.9543)"
LEG00636-3,SHP00636,3,PORT_P005,Port of Sines,Port,Portugal,37.9543,-8.8631,FAC_F007,Sines Energy Project Site,Project Site,Portugal,37.956,-8.868,Road,CAR004,V001,2025-10-16T20:24:59,2025-10-17T03:47:57,2025-10-17T03:24:59,2025-10-17T11:34:53,0.6,0.6,7.0,7.8,0.8,None,543.61,1.75,"LINESTRING (-8.8631 37.9543, -8.868 37.956)"
LEG00637-1,SHP00637,1,FAC_F009,Lyon Fabrication Partner,Vendor,France,45.764,4.8357,FAC_F011,Rotterdam Consolidation Hub,Consolidation Hub,Netherlands,51.9244,4.4777,Road,CAR012,,2025-04-06T15:00:00,2025-04-06T15:02:53,2025-04-07T15:06:00,2025-04-07T18:59:02,790.8,828.2,24.1,27.9,3.8,None,3509.41,1587.74,"LINESTRING (4.8357 45.764, 4.4777 51.9244)"
LEG00638-1,SHP00638,1,FAC_F004,Bilbao Steel Fabricator,Vendor,Spain,43.263,-2.935,PORT_P004,Port of Bilbao,Port,Spain,43.3476,-3.0443,Road,CAR003,V010,2025-11-24T09:00:00,2025-11-24T11:43:27,2025-11-24T18:36:00,2025-11-25T17:03:12,15.4,16.6,9.6,29.3,19.7,Carrier capacity,946.48,91.81,"LINESTRING (-2.935 43.263, -3.0443 43.3476)"
LEG00638-2,SHP00638,2,PORT_P004,Port of Bilbao,Port,Spain,43.3476,-3.0443,PORT_P012,Port of Casablanca,Port,Morocco,33.605,-7.611,RoRo,CAR003,V010,2025-11-25T00:47:59,2025-11-25T22:19:08,2025-11-27T07:35:59,2025-11-28T04:04:19,1286.8,1293.0,54.8,53.8,0,None,9021.35,2258.35,"LINESTRING (-3.0443 43.3476, -7.611 33.605)"
LEG00638-3,SHP00638,3,PORT_P012,Port of Casablanca,Port,Morocco,33.605,-7.611,FAC_F008,Casablanca Desalination Site,Project Site,Morocco,33.5731,-7.5898,Road,CAR003,V010,2025-11-27T19:53:13,2025-11-28T21:33:57,2025-11-28T05:11:13,2025-11-29T07:59:29,5.0,5.1,9.3,10.4,1.1,None,789.58,28.21,"LINESTRING (-7.611 33.605, -7.5898 33.5731)"
LEG00639-1,SHP00639,1,FAC_F010,Milan Valve Plant,Vendor,Italy,45.4642,9.19,PORT_P010,Port of Genoa,Port,Italy,44.41,8.925,Road,CAR004,V001,2024-03-05T09:00:00,2024-03-05T08:28:24,2024-03-05T15:54:00,2024-03-05T14:12:13,143.9,154.0,6.9,5.7,0,None,733.01,63.93,"LINESTRING (9.19 45.4642, 8.925 44.41)"
LEG00639-2,SHP00639,2,PORT_P010,Port of Genoa,Port,Italy,44.41,8.925,PORT_P005,Port of Sines,Port,Portugal,37.9543,-8.8631,Sea Breakbulk,CAR004,V001,2024-03-06T01:34:57,2024-03-06T07:26:30,2024-03-09T17:04:57,2024-03-09T23:53:01,1714.2,1701.4,87.5,88.4,0.9,None,4539.22,178.44,"LINESTRING (8.925 44.41, -8.8631 37.9543)"
LEG00639-3,SHP00639,3,PORT_P005,Port of Sines,Port,Portugal,37.9543,-8.8631,FAC_F007,Sines Energy Project Site,Project Site,Portugal,37.956,-8.868,Road,CAR004,V001,2024-03-10T05:19:10,2024-03-10T07:14:19,2024-03-10T08:19:10,2024-03-10T09:33:43,0.6,0.6,3.0,2.3,0,None,433.17,0.25,"LINESTRING (-8.8631 37.9543, -8.868 37.956)"
LEG00640-1,SHP00640,1,FAC_F004,Bilbao Steel Fabricator,Vendor,Spain,43.263,-2.935,PORT_P004,Port of Bilbao,Port,Spain,43.3476,-3.0443,Road,CAR010,V004,2024-03-21T10:00:00,2024-03-21T12:27:45,2024-03-21T15:30:00,2024-03-22T08:40:23,15.0,16.1,5.5,20.2,14.7,Carrier capacity,628.87,44.63,"LINESTRING (-2.935 43.263, -3.0443 43.3476)"
LEG00640-2,SHP00640,2,PORT_P004,Port of Bilbao,Port,Spain,43.3476,-3.0443,PORT_P005,Port of Sines,Port,Portugal,37.9543,-8.8631,Sea Breakbulk,CAR010,V004,2024-03-22T06:46:52,2024-03-22T15:58:23,2024-03-25T02:04:52,2024-03-25T10:34:02,821.7,864.9,67.3,66.6,0,None,6152.78,605.71,"LINESTRING (-3.0443 43.3476, -8.8631 37.9543)"
LEG00640-3,SHP00640,3,PORT_P005,Port of Sines,Port,Portugal,37.9543,-8.8631,FAC_F007,Sines Energy Project Site,Project Site,Portugal,37.956,-8.868,Road,CAR010,V004,2024-03-25T15:35:53,2024-03-26T03:45:40,2024-03-25T18:47:53,2024-03-26T10:13:45,0.6,0.6,3.2,6.5,3.3,None,543.31,1.66,"LINESTRING (-8.8631 37.9543, -8.868 37.956)"
LEG00641-1,SHP00641,1,FAC_F003,Puertollano Module Yard,Module Yard,Spain,38.6871,-4.1121,FAC_F001,Zaragoza Distribution Hub,Warehouse,Spain,41.6488,-0.8891,Road,CAR002,,2024-01-01T10:00:00,2024-01-01T12:15:37,2024-01-01T23:06:00,2024-01-02T03:44:52,497.4,505.1,13.1,15.5,2.4,None,3271.2,1949.61,"LINESTRING (-4.1121 38.6871, -0.8891 41.6488)"
LEG00642-1,SHP00642,1,FAC_F001,Zaragoza Distribution Hub,Warehouse,Spain,41.6488,-0.8891,PORT_P001,Port of Valencia,Port,Spain,39.461,-0.323,Road,CAR006,,2025-09-16T10:00:00,2025-09-16T10:07:08,2025-09-16T18:48:00,2025-09-16T23:26:14,279.0,276.4,8.8,13.3,4.5,Customs hold,1485.7,304.86,"LINESTRING (-0.8891 41.6488, -0.323 39.461)"
LEG00642-2,SHP00642,2,PORT_P001,Port of Valencia,Port,Spain,39.461,-0.323,PORT_P018,Port of Dammam,Port,Saudi Arabia,26.498,50.184,Container Sea,CAR006,,2025-09-17T04:09:37,2025-09-17T14:44:36,2025-09-26T15:27:37,2025-09-27T04:22:24,5360.0,5535.9,227.3,229.6,2.3,None,6242.75,1156.89,"LINESTRING (-0.323 39.461, 50.184 26.498)"
LEG00642-3,SHP00642,3,PORT_P018,Port of Dammam,Port,Saudi Arabia,26.498,50.184,FAC_F017,Dammam Gas Project Site,Project Site,Saudi Arabia,26.4207,50.0888,Road,CAR006,,2025-09-26T23:07:16,2025-09-27T15:10:34,2025-09-27T04:55:16,2025-09-27T19:08:22,16.6,16.6,5.8,4.0,0,None,596.8,18.31,"LINESTRING (50.184 26.498, 50.0888 26.4207)"
LEG00643-1,SHP00643,1,FAC_F012,Antwerp EPC Supplier Yard,Vendor,Belgium,51.2194,4.4025,PORT_P007,Port of Antwerp-Bruges,Port,Belgium,51.2639,4.4009,Road,CAR004,V012,2024-06-19T12:00:00,2024-06-19T12:17:28,2024-06-19T16:12:00,2024-06-19T19:49:18,5.8,6.1,4.2,7.5,3.3,None,448.13,6.26,"LINESTRING (4.4025 51.2194, 4.4009 51.2639)"
LEG00643-2,SHP00643,2,PORT_P007,Port of Antwerp-Bruges,Port,Belgium,51.2639,4.4009,PORT_P012,Port of Casablanca,Port,Morocco,33.605,-7.611,Sea Breakbulk,CAR004,V012,2024-06-19T23:40:03,2024-06-20T05:50:53,2024-06-24T16:28:03,2024-06-24T23:25:41,2295.5,2350.1,112.8,113.6,0.8,None,5804.27,609.15,"LINESTRING (4.4009 51.2639, -7.611 33.605)"
LEG00643-3,SHP00643,3,PORT_P012,Port of Casablanca,Port,Morocco,33.605,-7.611,FAC_F008,Casablanca Desalination Site,Project Site,Morocco,33.5731,-7.5898,Road,CAR004,V012,2024-06-24T23:05:03,2024-06-25T11:54:19,2024-06-25T09:05:03,2024-06-25T21:12:02,5.4,5.7,10.0,9.3,0,None,447.07,5.85,"LINESTRING (-7.611 33.605, -7.5898 33.5731)"
LEG00644-1,SHP00644,1,FAC_F012,Antwerp EPC Supplier Yard,Vendor,Belgium,51.2194,4.4025,PORT_P007,Port of Antwerp-Bruges,Port,Belgium,51.2639,4.4009,Road,CAR010,V004,2025-02-18T11:00:00,2025-02-18T13:26:19,2025-02-18T19:48:00,2025-02-18T22:24:08,6.3,6.3,8.8,9.0,0.2,None,450.4,7.25,"LINESTRING (4.4025 51.2194, 4.4009 51.2639)"
LEG00644-2,SHP00644,2,PORT_P007,Port of Antwerp-Bruges,Port,Belgium,51.2639,4.4009,PORT_P012,Port of Casablanca,Port,Morocco,33.605,-7.611,Sea Breakbulk,CAR010,V004,2025-02-19T04:13:59,2025-02-19T03:57:26,2025-02-23T08:19:59,2025-02-23T10:33:31,2321.3,2484.7,100.1,102.6,2.5,None,6257.98,722.15,"LINESTRING (4.4009 51.2639, -7.611 33.605)"
LEG00644-3,SHP00644,3,PORT_P012,Port of Casablanca,Port,Morocco,33.605,-7.611,FAC_F008,Casablanca Desalination Site,Project Site,Morocco,33.5731,-7.5898,Road,CAR010,V004,2025-02-23T21:19:08,2025-02-23T15:20:21,2025-02-24T07:19:08,2025-02-24T01:12:41,5.0,5.1,10.0,9.9,0,None,446.9,5.87,"LINESTRING (-7.611 33.605, -7.5898 33.5731)"
LEG00645-1,SHP00645,1,FAC_F014,Cadiz Module Yard,Module Yard,Spain,36.5271,-6.2886,FAC_F001,Zaragoza Distribution Hub,Warehouse,Spain,41.6488,-0.8891,Road,CAR012,,2024-05-29T08:00:00,2024-05-29T10:55:44,2024-05-30T08:48:00,2024-05-30T14:20:16,935.7,937.8,24.8,27.4,2.6,None,4244.05,2172.04,"LINESTRING (-6.2886 36.5271, -0.8891 41.6488)"
LEG00646-1,SHP00646,1,FAC_F012,Antwerp EPC Supplier Yard,Vendor,Belgium,51.2194,4.4025,PORT_P007,Port of Antwerp-Bruges,Port,Belgium,51.2639,4.4009,Road,CAR007,V011,2024-10-22T12:00:00,2024-10-22T12:16:07,2024-10-22T15:12:00,2024-10-22T16:56:54,6.4,6.6,3.2,4.7,1.5,None,653.99,44.15,"LINESTRING (4.4025 51.2194, 4.4009 51.2639)"
LEG00646-2,SHP00646,2,PORT_P007,Port of Antwerp-Bruges,Port,Belgium,51.2639,4.4009,PORT_P006,Port of Rotterdam,Port,Netherlands,51.947,4.142,Sea Breakbulk,CAR007,V011,2024-10-23T00:54:07,2024-10-22T20:17:39,2024-10-25T03:06:07,2024-10-24T21:51:43,85.1,89.6,50.2,49.6,0,None,4806.47,151.43,"LINESTRING (4.4009 51.2639, 4.142 51.947)"
LEG00646-3,SHP00646,3,PORT_P006,Port of Rotterdam,Port,Netherlands,51.947,4.142,FAC_F011,Rotterdam Consolidation Hub,Consolidation Hub,Netherlands,51.9244,4.4777,Road,CAR007,V011,2024-10-25T16:38:37,2024-10-25T03:01:08,2024-10-25T20:32:37,2024-10-25T06:53:34,30.4,31.3,3.9,3.9,0,None,945.86,209.39,"LINESTRING (4.142 51.947, 4.4777 51.9244)"
LEG00647-1,SHP00647,1,FAC_F003,Puertollano Module Yard,Module Yard,Spain,38.6871,-4.1121,PORT_P003,Port of Algeciras,Port,Spain,36.1324,-5.4479,Road,CAR004,V008,2025-12-30T12:00:00,2025-12-30T13:12:42,2025-12-31T00:54:00,2025-12-31T04:55:10,381.8,409.9,12.9,15.7,2.8,None,1936.98,748.05,"LINESTRING (-4.1121 38.6871, -5.4479 36.1324)"
LEG00647-2,SHP00647,2,PORT_P003,Port of Algeciras,Port,Spain,36.1324,-5.4479,PORT_P018,Port of Dammam,Port,Saudi Arabia,26.498,50.184,Sea Breakbulk,CAR004,V008,2025-12-31T16:12:23,2025-12-31T09:38:45,2026-01-10T09:48:23,2026-01-11T08:20:34,5508.7,5755.2,233.6,262.7,29.1,Customs hold,12306.09,2653.38,"LINESTRING (-5.4479 36.1324, 50.184 26.498)"
LEG00647-3,SHP00647,3,PORT_P018,Port of Dammam,Port,Saudi Arabia,26.498,50.184,FAC_F017,Dammam Gas Project Site,Project Site,Saudi Arabia,26.4207,50.0888,Road,CAR004,V008,2026-01-10T20:36:35,2026-01-11T11:36:51,2026-01-11T06:00:35,2026-01-11T23:27:02,15.4,15.4,9.4,11.8,2.4,None,488.54,28.1,"LINESTRING (50.184 26.498, 50.0888 26.4207)"
LEG00648-1,SHP00648,1,FAC_F011,Rotterdam Consolidation Hub,Consolidation Hub,Netherlands,51.9244,4.4777,PORT_P006,Port of Rotterdam,Port,Netherlands,51.947,4.142,Road,CAR007,V011,2025-11-11T08:00:00,2025-11-11T08:35:49,2025-11-11T13:12:00,2025-11-11T15:31:10,28.8,30.5,5.2,6.9,1.7,Port congestion,366.52,12.72,"LINESTRING (4.4777 51.9244, 4.142 51.947)"
LEG00648-2,SHP00648,2,PORT_P006,Port of Rotterdam,Port,Netherlands,51.947,4.142,PORT_P016,Port of Alexandria,Port,Egypt,31.2001,29.9187,Sea Breakbulk,CAR007,V011,2025-11-12T04:15:17,2025-11-12T06:46:32,2025-11-18T21:21:17,2025-11-20T00:20:12,3479.5,3654.5,161.1,185.6,24.5,Port congestion,4577.94,385.04,"LINESTRING (4.142 51.947, 29.9187 31.2001)"
LEG00648-3,SHP00648,3,PORT_P016,Port of Alexandria,Port,Egypt,31.2001,29.9187,FAC_F016,Alexandria Water Project Site,Project Site,Egypt,31.2001,29.9187,Road,CAR007,V011,2025-11-19T10:23:12,2025-11-20T11:47:53,2025-11-19T18:17:12,2025-11-21T08:37:39,0.0,0.0,7.9,20.8,12.9,Customs hold,320.0,0.0,"LINESTRING (29.9187 31.2001, 29.9187 31.2001)"
LEG00649-1,SHP00649,1,FAC_F011,Rotterdam Consolidation Hub,Consolidation Hub,Netherlands,51.9244,4.4777,PORT_P006,Port of Rotterdam,Port,Netherlands,51.947,4.142,Road,CAR010,V007,2024-09-23T08:00:00,2024-09-23T07:58:33,2024-09-23T14:54:00,2024-09-23T16:39:22,27.8,28.4,6.9,8.7,1.8,None,541.34,58.65,"LINESTRING (4.4777 51.9244, 4.142 51.947)"
LEG00649-2,SHP00649,2,PORT_P006,Port of Rotterdam,Port,Netherlands,51.947,4.142,PORT_P001,Port of Valencia,Port,Spain,39.461,-0.323,Sea Breakbulk,CAR010,V007,2024-09-24T03:29:44,2024-09-24T10:24:01,2024-09-28T09:53:44,2024-09-28T17:29:35,1593.2,1663.1,102.4,103.1,0.7,None,6009.55,867.74,"LINESTRING (4.142 51.947, -0.323 39.461)"
LEG00649-3,SHP00649,3,PORT_P001,Port of Valencia,Port,Spain,39.461,-0.323,FAC_F001,Zaragoza Distribution Hub,Warehouse,Spain,41.6488,-0.8891,Road,CAR010,V007,2024-09-28T14:55:14,2024-09-29T09:54:46,2024-09-29T04:55:14,2024-09-30T01:34:20,311.1,310.2,14.0,15.7,1.7,None,1626.32,640.66,"LINESTRING (-0.323 39.461, -0.8891 41.6488)"
LEG00650-1,SHP00650,1,FAC_F010,Milan Valve Plant,Vendor,Italy,45.4642,9.19,PORT_P010,Port of Genoa,Port,Italy,44.41,8.925,Road,CAR005,V013,2025-06-26T10:00:00,2025-06-26T11:56:53,2025-06-26T19:12:00,2025-06-27T05:58:07,142.2,146.2,9.2,18.0,8.8,Weather disruption,579.66,105.7,"LINESTRING (9.19 45.4642, 8.925 44.41)"
LEG00650-2,SHP00650,2,PORT_P010,Port of Genoa,Port,Italy,44.41,8.925,PORT_P018,Port of Dammam,Port,Saudi Arabia,26.498,50.184,Container Sea,CAR005,V013,2025-06-27T02:15:56,2025-06-27T17:57:09,2025-07-04T22:45:56,2025-07-05T16:25:27,4527.7,4738.0,188.5,190.5,2.0,None,3042.44,649.01,"LINESTRING (8.925 44.41, 50.184 26.498)"
LEG00650-3,SHP00650,3,PORT_P018,Port of Dammam,Port,Saudi Arabia,26.498,50.184,FAC_F017,Dammam Gas Project Site,Project Site,Saudi Arabia,26.4207,50.0888,Road,CAR005,V013,2025-07-05T06:48:40,2025-07-06T01:58:16,2025-07-05T17:00:40,2025-07-06T12:01:15,14.5,14.9,10.2,10.0,0,None,346.46,10.77,"LINESTRING (50.184 26.498, 50.0888 26.4207)"
LEG00651-1,SHP00651,1,FAC_F004,Bilbao Steel Fabricator,Vendor,Spain,43.263,-2.935,PORT_P004,Port of Bilbao,Port,Spain,43.3476,-3.0443,Road,CAR004,V008,2024-03-26T11:00:00,2024-03-26T12:47:23,2024-03-26T18:12:00,2024-03-26T23:05:58,15.8,17.0,7.2,10.3,3.1,None,645.51,56.07,"LINESTRING (-2.935 43.263, -3.0443 43.3476)"
LEG00651-2,SHP00651,2,PORT_P004,Port of Bilbao,Port,Spain,43.3476,-3.0443,PORT_P005,Port of Sines,Port,Portugal,37.9543,-8.8631,Sea Breakbulk,CAR004,V008,2024-03-27T00:21:16,2024-03-27T11:33:53,2024-03-30T04:15:16,2024-03-30T18:37:45,803.3,852.6,75.9,79.1,3.2,None,6404.02,710.45,"LINESTRING (-3.0443 43.3476, -8.8631 37.9543)"
LEG00651-3,SHP00651,3,PORT_P005,Port of Sines,Port,Portugal,37.9543,-8.8631,FAC_F007,Sines Energy Project Site,Project Site,Portugal,37.956,-8.868,Road,CAR004,V008,2024-03-30T11:33:49,2024-03-31T09:48:01,2024-03-30T20:45:49,2024-04-01T09:08:52,0.5,0.5,9.2,23.3,14.1,Customs hold,543.1,1.65,"LINESTRING (-8.8631 37.9543, -8.868 37.956)"
LEG00652-1,SHP00652,1,FAC_F003,Puertollano Module Yard,Module Yard,Spain,38.6871,-4.1121,PORT_P003,Port of Algeciras,Port,Spain,36.1324,-5.4479,Road,CAR004,V008,2024-06-30T07:00:00,2024-06-30T09:06:11,2024-06-30T17:54:00,2024-06-30T21:32:30,366.3,379.3,10.9,12.4,1.5,None,3877.86,1390.89,"LINESTRING (-4.1121 38.6871, -5.4479 36.1324)"
LEG00652-2,SHP00652,2,PORT_P003,Port of Algeciras,Port,Spain,36.1324,-5.4479,PORT_P018,Port of Dammam,Port,Saudi Arabia,26.498,50.184,Sea Breakbulk,CAR004,V008,2024-07-01T02:26:38,2024-07-01T08:01:04,2024-07-11T10:44:38,2024-07-11T18:24:28,5817.2,6155.9,248.3,250.4,2.1,None,28315.88,5702.83,"LINESTRING (-5.4479 36.1324, 50.184 26.498)"
LEG00652-3,SHP00652,3,PORT_P018,Port of Dammam,Port,Saudi Arabia,26.498,50.184,FAC_F017,Dammam Gas Project Site,Project Site,Saudi Arabia,26.4207,50.0888,Road,CAR004,V008,2024-07-11T22:06:47,2024-07-12T06:09:32,2024-07-12T02:00:47,2024-07-12T12:21:33,15.5,16.3,3.9,6.2,2.3,None,807.47,59.77,"LINESTRING (50.184 26.498, 50.0888 26.4207)"
LEG00653-1,SHP00653,1,FAC_F012,Antwerp EPC Supplier Yard,Vendor,Belgium,51.2194,4.4025,PORT_P007,Port of Antwerp-Bruges,Port,Belgium,51.2639,4.4009,Road,CAR004,V008,2024-09-20T15:00:00,2024-09-20T17:03:18,2024-09-20T23:00:00,2024-09-21T01:17:20,6.5,6.6,8.0,8.2,0.2,None,449.67,6.55,"LINESTRING (4.4025 51.2194, 4.4009 51.2639)"
LEG00653-2,SHP00653,2,PORT_P007,Port of Antwerp-Bruges,Port,Belgium,51.2639,4.4009,PORT_P005,Port of Sines,Port,Portugal,37.9543,-8.8631,Sea Breakbulk,CAR004,V008,2024-09-21T12:36:25,2024-09-21T05:57:41,2024-09-25T23:54:25,2024-09-25T19:44:51,2003.8,2033.8,107.3,109.8,2.5,None,5481.25,509.59,"LINESTRING (4.4009 51.2639, -8.8631 37.9543)"
LEG00653-3,SHP00653,3,PORT_P005,Port of Sines,Port,Portugal,37.9543,-8.8631,FAC_F007,Sines Energy Project Site,Project Site,Portugal,37.956,-8.868,Road,CAR004,V008,2024-09-26T06:15:13,2024-09-26T07:22:07,2024-09-26T10:45:13,2024-09-26T11:42:09,0.6,0.6,4.5,4.3,0,None,433.61,0.6,"LINESTRING (-8.8631 37.9543, -8.868 37.956)"
LEG00654-1,SHP00654,1,FAC_F004,Bilbao Steel Fabricator,Vendor,Spain,43.263,-2.935,FAC_F017,Dammam Gas Project Site,Project Site,Saudi Arabia,26.4207,50.0888,Road,CAR008,,2024-12-20T12:00:00,2024-12-20T12:43:32,2024-12-24T13:48:00,2024-12-24T14:43:16,6070.7,6247.7,97.8,98.0,0.2,None,96389.86,33813.49,"LINESTRING (-2.935 43.263, 50.0888 26.4207)"
LEG00655-1,SHP00655,1,FAC_F012,Antwerp EPC Supplier Yard,Vendor,Belgium,51.2194,4.4025,PORT_P007,Port of Antwerp-Bruges,Port,Belgium,51.2639,4.4009,Road,CAR010,V007,2025-11-25T12:00:00,2025-11-25T13:18:25,2025-11-25T19:24:00,2025-11-25T19:34:36,5.7,5.8,7.4,6.3,0,None,986.68,32.89,"LINESTRING (4.4025 51.2194, 4.4009 51.2639)"
LEG00655-2,SHP00655,2,PORT_P007,Port of Antwerp-Bruges,Port,Belgium,51.2639,4.4009,PORT_P018,Port of Dammam,Port,Saudi Arabia,26.498,50.184,Sea Breakbulk,CAR010,V007,2025-11-26T08:55:17,2025-11-25T23:08:49,2025-12-04T23:43:17,2025-12-04T16:20:25,5076.5,5148.5,206.8,209.2,2.4,None,44739.67,7375.54,"LINESTRING (4.4009 51.2639, 50.184 26.498)"
LEG00655-3,SHP00655,3,PORT_P018,Port of Dammam,Port,Saudi Arabia,26.498,50.184,FAC_F017,Dammam Gas Project Site,Project Site,Saudi Arabia,26.4207,50.0888,Road,CAR010,V007,2025-12-05T04:05:47,2025-12-05T04:40:26,2025-12-05T14:05:47,2025-12-06T19:41:36,15.8,16.9,10.0,39.0,29.0,Road permit delay,1166.33,95.83,"LINESTRING (50.184 26.498, 50.0888 26.4207)"
LEG00656-1,SHP00656,1,FAC_F001,Zaragoza Distribution Hub,Warehouse,Spain,41.6488,-0.8891,PORT_P001,Port of Valencia,Port,Spain,39.461,-0.323,Road,CAR005,V009,2024-08-06T14:00:00,2024-08-06T15:38:44,2024-08-07T04:48:00,2024-08-07T08:12:09,329.2,347.6,14.8,16.6,1.8,None,975.57,68.69,"LINESTRING (-0.8891 41.6488, -0.323 39.461)"
LEG00656-2,SHP00656,2,PORT_P001,Port of Valencia,Port,Spain,39.461,-0.323,PORT_P006,Port of Rotterdam,Port,Netherlands,51.947,4.142,Container Sea,CAR005,V009,2024-08-07T13:41:48,2024-08-07T23:58:23,2024-08-11T02:11:48,2024-08-11T13:06:53,1496.1,1601.8,84.5,85.1,0.6,None,2021.25,59.97,"LINESTRING (-0.323 39.461, 4.142 51.947)"
LEG00656-3,SHP00656,3,PORT_P006,Port of Rotterdam,Port,Netherlands,51.947,4.142,FAC_F011,Rotterdam Consolidation Hub,Consolidation Hub,Netherlands,51.9244,4.4777,Road,CAR005,V009,2024-08-11T11:35:33,2024-08-11T23:30:57,2024-08-11T17:35:33,2024-08-12T09:12:21,29.4,30.1,6.0,9.7,3.7,None,449.84,5.95,"LINESTRING (4.142 51.947, 4.4777 51.9244)"
LEG00657-1,SHP00657,1,FAC_F011,Rotterdam Consolidation Hub,Consolidation Hub,Netherlands,51.9244,4.4777,PORT_P006,Port of Rotterdam,Port,Netherlands,51.947,4.142,Road,CAR004,V008,2024-12-30T09:00:00,2024-12-30T09:39:36,2024-12-30T13:24:00,2024-12-30T14:04:48,26.1,27.8,4.4,4.4,0.0,None,912.73,104.16,"LINESTRING (4.4777 51.9244, 4.142 51.947)"
LEG00657-2,SHP00657,2,PORT_P006,Port of Rotterdam,Port,Netherlands,51.947,4.142,PORT_P005,Port of Sines,Port,Portugal,37.9543,-8.8631,Sea Breakbulk,CAR004,V008,2024-12-31T03:14:36,2024-12-30T23:16:12,2025-01-04T01:44:36,2025-01-04T00:34:03,1959.6,2105.5,94.5,97.3,2.8,None,13269.08,1992.98,"LINESTRING (4.142 51.947, -8.8631 37.9543)"
LEG00657-3,SHP00657,3,PORT_P005,Port of Sines,Port,Portugal,37.9543,-8.8631,FAC_F007,Sines Energy Project Site,Project Site,Portugal,37.956,-8.868,Road,CAR004,V008,2025-01-04T06:40:58,2025-01-04T10:12:14,2025-01-04T09:52:58,2025-01-04T15:19:33,0.6,0.6,3.2,5.1,1.9,None,674.85,2.25,"LINESTRING (-8.8631 37.9543, -8.868 37.956)"
LEG00658-1,SHP00658,1,FAC_F004,Bilbao Steel Fabricator,Vendor,Spain,43.263,-2.935,FAC_F007,Sines Energy Project Site,Project Site,Portugal,37.956,-8.868,Road,CAR008,,2025-03-04T07:00:00,2025-03-04T08:07:43,2025-03-04T23:54:00,2025-03-05T04:06:36,932.3,949.8,16.9,20.0,3.1,None,3610.29,1772.14,"LINESTRING (-2.935 43.263, -8.868 37.956)"
LEG00659-1,SHP00659,1,FAC_F013,Valencia Export Depot,Warehouse,Spain,39.4699,-0.3763,PORT_P001,Port of Valencia,Port,Spain,39.461,-0.323,Road,CAR010,V004,2025-10-30T11:00:00,2025-10-30T12:48:20,2025-10-30T19:48:00,2025-10-30T20:11:31,5.5,5.9,8.8,7.4,0,None,710.38,15.26,"LINESTRING (-0.3763 39.4699, -0.323 39.461)"
LEG00659-2,SHP00659,2,PORT_P001,Port of Valencia,Port,Spain,39.461,-0.323,PORT_P018,Port of Dammam,Port,Saudi Arabia,26.498,50.184,Sea Breakbulk,CAR010,V004,2025-10-31T02:59:08,2025-10-31T04:27:00,2025-11-09T09:05:08,2025-11-09T11:34:58,5365.7,5521.2,222.1,223.1,1.0,None,21762.34,3608.21,"LINESTRING (-0.323 39.461, 50.184 26.498)"
LEG00659-3,SHP00659,3,PORT_P018,Port of Dammam,Port,Saudi Arabia,26.498,50.184,FAC_F017,Dammam Gas Project Site,Project Site,Saudi Arabia,26.4207,50.0888,Road,CAR010,V004,2025-11-09T18:36:11,2025-11-09T15:25:03,2025-11-10T03:36:11,2025-11-10T02:43:19,17.0,17.5,9.0,11.3,2.3,None,790.56,45.27,"LINESTRING (50.184 26.498, 50.0888 26.4207)"
LEG00660-1,SHP00660,1,FAC_F005,Tarragona Equipment Vendor,Vendor,Spain,41.1189,1.2445,PORT_P002,Port of Barcelona,Port,Spain,41.3522,2.1686,Road,CAR004,V012,2025-09-23T13:00:00,2025-09-23T12:02:57,2025-09-24T00:42:00,2025-09-24T17:03:08,106.1,113.3,11.7,29.0,17.3,Weather disruption,505.24,66.2,"LINESTRING (1.2445 41.1189, 2.1686 41.3522)"
LEG00660-2,SHP00660,2,PORT_P002,Port of Barcelona,Port,Spain,41.3522,2.1686,PORT_P016,Port of Alexandria,Port,Egypt,31.2001,29.9187,Sea Breakbulk,CAR004,V012,2025-09-24T04:56:45,2025-09-25T05:02:12,2025-09-29T16:20:45,2025-09-30T19:21:42,2830.1,2834.4,131.4,134.3,2.9,None,4244.71,418.36,"LINESTRING (2.1686 41.3522, 29.9187 31.2001)"
LEG00660-3,SHP00660,3,PORT_P016,Port of Alexandria,Port,Egypt,31.2001,29.9187,FAC_F016,Alexandria Water Project Site,Project Site,Egypt,31.2001,29.9187,Road,CAR004,V012,2025-09-30T02:33:04,2025-10-01T06:10:15,2025-09-30T07:51:04,2025-10-01T09:56:39,0.0,0.0,5.3,3.8,0,None,320.0,0.0,"LINESTRING (29.9187 31.2001, 29.9187 31.2001)"
LEG00661-1,SHP00661,1,FAC_F011,Rotterdam Consolidation Hub,Consolidation Hub,Netherlands,51.9244,4.4777,PORT_P006,Port of Rotterdam,Port,Netherlands,51.947,4.142,Road,CAR006,,2025-08-08T09:00:00,2025-08-08T09:58:40,2025-08-08T15:42:00,2025-08-08T15:25:59,28.7,29.7,6.7,5.5,0,None,449.75,7.28,"LINESTRING (4.4777 51.9244, 4.142 51.947)"
LEG00661-2,SHP00661,2,PORT_P006,Port of Rotterdam,Port,Netherlands,51.947,4.142,PORT_P005,Port of Sines,Port,Portugal,37.9543,-8.8631,Container Sea,CAR006,,2025-08-09T04:08:47,2025-08-09T00:04:33,2025-08-13T08:02:47,2025-08-13T04:01:24,1910.9,2061.6,99.9,99.9,0.0,None,2199.5,95.74,"LINESTRING (4.142 51.947, -8.8631 37.9543)"
LEG00661-3,SHP00661,3,PORT_P005,Port of Sines,Port,Portugal,37.9543,-8.8631,FAC_F007,Sines Energy Project Site,Project Site,Portugal,37.956,-8.868,Road,CAR006,,2025-08-13T19:39:43,2025-08-13T11:20:50,2025-08-14T05:39:43,2025-08-14T04:27:08,0.6,0.6,10.0,17.1,7.1,Weather disruption,401.01,0.15,"LINESTRING (-8.8631 37.9543, -8.868 37.956)"
LEG00662-1,SHP00662,1,FAC_F014,Cadiz Module Yard,Module Yard,Spain,36.5271,-6.2886,FAC_F017,Dammam Gas Project Site,Project Site,Saudi Arabia,26.4207,50.0888,Road,CAR002,,2025-04-28T13:00:00,2025-04-28T14:50:32,2025-05-04T08:30:00,2025-05-04T09:46:26,7027.2,7363.0,139.5,138.9,0,None,33785.02,19557.6,"LINESTRING (-6.2886 36.5271, 50.0888 26.4207)"
LEG00663-1,SHP00663,1,FAC_F010,Milan Valve Plant,Vendor,Italy,45.4642,9.19,PORT_P010,Port of Genoa,Port,Italy,44.41,8.925,Road,CAR004,V012,2024-10-17T13:00:00,2024-10-17T14:41:52,2024-10-17T19:24:00,2024-10-17T19:17:23,138.8,140.4,6.4,4.6,0,None,888.97,215.54,"LINESTRING (9.19 45.4642, 8.925 44.41)"
LEG00663-2,SHP00663,2,PORT_P010,Port of Genoa,Port,Italy,44.41,8.925,PORT_P009,Port of Marseille-Fos,Port,France,43.437,4.943,Sea Breakbulk,CAR004,V012,2024-10-18T08:15:58,2024-10-18T07:37:28,2024-10-19T16:45:58,2024-10-19T17:34:36,375.8,396.7,32.5,34.0,1.5,None,3787.6,153.86,"LINESTRING (8.925 44.41, 4.943 43.437)"
LEG00663-3,SHP00663,3,PORT_P009,Port of Marseille-Fos,Port,France,43.437,4.943,FAC_F018,Marseille Wind Substation Site,Project Site,France,43.2965,5.3698,Road,CAR004,V012,2024-10-19T21:45:37,2024-10-20T07:51:41,2024-10-20T02:33:37,2024-10-21T04:27:45,47.9,48.2,4.8,20.6,15.8,Road permit delay,588.88,74.0,"LINESTRING (4.943 43.437, 5.3698 43.2965)"
LEG00664-1,SHP00664,1,FAC_F011,Rotterdam Consolidation Hub,Consolidation Hub,Netherlands,51.9244,4.4777,PORT_P006,Port of Rotterdam,Port,Netherlands,51.947,4.142,Road,CAR006,,2024-10-21T09:00:00,2024-10-21T11:51:25,2024-10-21T13:36:00,2024-10-22T02:37:46,26.4,26.3,4.6,14.8,10.2,Weather disruption,358.96,10.04,"LINESTRING (4.4777 51.9244, 4.142 51.947)"
LEG00664-2,SHP00664,2,PORT_P006,Port of Rotterdam,Port,Netherlands,51.947,4.142,PORT_P001,Port of Valencia,Port,Spain,39.461,-0.323,Container Sea,CAR006,,2024-10-21T20:26:19,2024-10-22T12:05:09,2024-10-25T06:50:19,2024-10-26T02:26:37,1552.8,1548.6,82.4,86.4,4.0,None,1659.48,112.06,"LINESTRING (4.142 51.947, -0.323 39.461)"
LEG00664-3,SHP00664,3,PORT_P001,Port of Valencia,Port,Spain,39.461,-0.323,FAC_F001,Zaragoza Distribution Hub,Warehouse,Spain,41.6488,-0.8891,Road,CAR006,,2024-10-25T20:52:29,2024-10-26T11:35:21,2024-10-26T10:10:29,2024-10-27T02:52:46,288.7,290.1,13.3,15.3,2.0,None,749.75,110.79,"LINESTRING (-0.323 39.461, -0.8891 41.6488)"
LEG00665-1,SHP00665,1,FAC_F013,Valencia Export Depot,Warehouse,Spain,39.4699,-0.3763,PORT_P001,Port of Valencia,Port,Spain,39.461,-0.323,Road,CAR005,V003,2024-07-30T07:00:00,2024-07-30T06:45:22,2024-07-30T15:54:00,2024-07-30T17:00:54,5.3,5.4,8.9,10.3,1.4,None,415.41,7.65,"LINESTRING (-0.3763 39.4699, -0.323 39.461)"
LEG00665-2,SHP00665,2,PORT_P001,Port of Valencia,Port,Spain,39.461,-0.323,PORT_P018,Port of Dammam,Port,Saudi Arabia,26.498,50.184,Container Sea,CAR005,V003,2024-07-30T22:27:45,2024-07-30T21:01:33,2024-08-08T17:27:45,2024-08-09T16:30:59,5421.6,5423.5,211.0,235.5,24.5,Port congestion,4975.57,1456.54,"LINESTRING (-0.323 39.461, 50.184 26.498)"
LEG00665-3,SHP00665,3,PORT_P018,Port of Dammam,Port,Saudi Arabia,26.498,50.184,FAC_F017,Dammam Gas Project Site,Project Site,Saudi Arabia,26.4207,50.0888,Road,CAR005,V003,2024-08-09T04:19:45,2024-08-10T02:27:30,2024-08-09T11:31:45,2024-08-10T12:58:17,16.8,17.4,7.2,10.5,3.3,None,449.67,24.66,"LINESTRING (50.184 26.498, 50.0888 26.4207)"
LEG00666-1,SHP00666,1,FAC_F012,Antwerp EPC Supplier Yard,Vendor,Belgium,51.2194,4.4025,PORT_P007,Port of Antwerp-Bruges,Port,Belgium,51.2639,4.4009,Road,CAR006,,2024-06-04T14:00:00,2024-06-04T15:54:32,2024-06-04T22:12:00,2024-06-05T03:21:31,6.1,6.3,8.2,11.4,3.2,Port congestion,462.21,19.18,"LINESTRING (4.4025 51.2194, 4.4009 51.2639)"
LEG00666-2,SHP00666,2,PORT_P007,Port of Antwerp-Bruges,Port,Belgium,51.2639,4.4009,PORT_P005,Port of Sines,Port,Portugal,37.9543,-8.8631,Container Sea,CAR006,,2024-06-05T10:58:24,2024-06-05T15:09:46,2024-06-09T07:28:24,2024-06-09T12:56:56,1919.1,1936.6,92.5,93.8,1.3,None,3713.43,1116.88,"LINESTRING (4.4009 51.2639, -8.8631 37.9543)"
LEG00666-3,SHP00666,3,PORT_P005,Port of Sines,Port,Portugal,37.9543,-8.8631,FAC_F007,Sines Energy Project Site,Project Site,Portugal,37.956,-8.868,Road,CAR006,,2024-06-09T15:36:54,2024-06-10T03:48:57,2024-06-09T20:24:54,2024-06-10T10:29:19,0.6,0.6,4.8,6.7,1.9,None,434.88,1.83,"LINESTRING (-8.8631 37.9543, -8.868 37.956)"
LEG00667-1,SHP00667,1,FAC_F003,Puertollano Module Yard,Module Yard,Spain,38.6871,-4.1121,FAC_F001,Zaragoza Distribution Hub,Warehouse,Spain,41.6488,-0.8891,Road,CAR002,,2024-01-08T11:00:00,2024-01-08T10:21:19,2024-01-09T00:00:00,2024-01-08T22:49:20,497.2,523.3,13.0,12.5,0,None,3795.74,1701.2,"LINESTRING (-4.1121 38.6871, -0.8891 41.6488)"
LEG00668-1,SHP00668,1,FAC_F014,Cadiz Module Yard,Module Yard,Spain,36.5271,-6.2886,PORT_P003,Port of Algeciras,Port,Spain,36.1324,-5.4479,Road,CAR007,V005,2024-12-24T13:00:00,2024-12-24T15:53:38,2024-12-24T19:24:00,2024-12-25T00:37:41,105.5,105.9,6.4,8.7,2.3,None,919.82,125.96,"LINESTRING (-6.2886 36.5271, -5.4479 36.1324)"
LEG00668-2,SHP00668,2,PORT_P003,Port of Algeciras,Port,Spain,36.1324,-5.4479,PORT_P016,Port of Alexandria,Port,Egypt,31.2001,29.9187,Sea Breakbulk,CAR007,V005,2024-12-25T00:13:20,2024-12-25T05:45:15,2025-01-01T09:43:20,2025-01-01T17:10:19,3674.2,3816.6,177.5,179.4,1.9,None,9755.56,1146.81,"LINESTRING (-5.4479 36.1324, 29.9187 31.2001)"
LEG00668-3,SHP00668,3,PORT_P016,Port of Alexandria,Port,Egypt,31.2001,29.9187,FAC_F016,Alexandria Water Project Site,Project Site,Egypt,31.2001,29.9187,Road,CAR007,V005,2025-01-01T19:27:28,2025-01-02T10:53:25,2025-01-01T23:15:28,2025-01-03T15:54:02,0.0,0.0,3.8,29.0,25.2,Port congestion,540.0,0.0,"LINESTRING (29.9187 31.2001, 29.9187 31.2001)"
LEG00669-1,SHP00669,1,FAC_F002,Madrid Cross Dock,Cross Dock,Spain,40.4168,-3.7038,PORT_P001,Port of Valencia,Port,Spain,39.461,-0.323,Road,CAR006,,2024-12-20T14:00:00,2024-12-20T16:21:47,2024-12-21T02:00:00,2024-12-21T05:46:18,379.3,395.2,12.0,13.4,1.4,None,906.12,159.19,"LINESTRING (-3.7038 40.4168, -0.323 39.461)"
LEG00669-2,SHP00669,2,PORT_P001,Port of Valencia,Port,Spain,39.461,-0.323,PORT_P018,Port of Dammam,Port,Saudi Arabia,26.498,50.184,Container Sea,CAR006,,2024-12-21T06:23:38,2024-12-21T21:15:17,2024-12-30T02:35:38,2024-12-30T18:48:33,5042.1,5114.9,212.2,213.6,1.4,None,2836.27,390.37,"LINESTRING (-0.323 39.461, 50.184 26.498)"
LEG00669-3,SHP00669,3,PORT_P018,Port of Dammam,Port,Saudi Arabia,26.498,50.184,FAC_F017,Dammam Gas Project Site,Project Site,Saudi Arabia,26.4207,50.0888,Road,CAR006,,2024-12-30T14:10:28,2024-12-31T02:45:32,2024-12-30T20:58:28,2024-12-31T11:39:29,14.5,15.4,6.8,8.9,2.1,None,342.84,6.2,"LINESTRING (50.184 26.498, 50.0888 26.4207)"
LEG00670-1,SHP00670,1,FAC_F012,Antwerp EPC Supplier Yard,Vendor,Belgium,51.2194,4.4025,PORT_P007,Port of Antwerp-Bruges,Port,Belgium,51.2639,4.4009,Road,CAR004,V008,2025-07-29T07:00:00,2025-07-29T06:27:25,2025-07-29T10:12:00,2025-07-29T12:42:28,5.8,5.8,3.2,6.3,3.1,None,970.76,26.11,"LINESTRING (4.4025 51.2194, 4.4009 51.2639)"
LEG00670-2,SHP00670,2,PORT_P007,Port of Antwerp-Bruges,Port,Belgium,51.2639,4.4009,PORT_P016,Port of Alexandria,Port,Egypt,31.2001,29.9187,Sea Breakbulk,CAR004,V008,2025-07-30T01:46:08,2025-07-29T20:29:43,2025-08-05T13:58:08,2025-08-05T19:48:26,3178.7,3159.4,156.2,167.3,11.1,Port congestion,25887.34,3592.62,"LINESTRING (4.4009 51.2639, 29.9187 31.2001)"
LEG00670-3,SHP00670,3,PORT_P016,Port of Alexandria,Port,Egypt,31.2001,29.9187,FAC_F016,Alexandria Water Project Site,Project Site,Egypt,31.2001,29.9187,Road,CAR004,V008,2025-08-05T20:53:54,2025-08-06T13:39:37,2025-08-06T02:47:54,2025-08-06T22:19:37,0.0,0.0,5.9,8.7,2.8,None,892.8,0.0,"LINESTRING (29.9187 31.2001, 29.9187 31.2001)"
LEG00671-1,SHP00671,1,FAC_F003,Puertollano Module Yard,Module Yard,Spain,38.6871,-4.1121,PORT_P003,Port of Algeciras,Port,Spain,36.1324,-5.4479,Road,CAR004,V001,2024-07-26T08:00:00,2024-07-26T07:43:45,2024-07-27T01:12:00,2024-07-27T04:31:02,400.4,432.2,17.2,20.8,3.6,None,3045.02,1238.75,"LINESTRING (-4.1121 38.6871, -5.4479 36.1324)"
LEG00671-2,SHP00671,2,PORT_P003,Port of Algeciras,Port,Spain,36.1324,-5.4479,PORT_P012,Port of Casablanca,Port,Morocco,33.605,-7.611,Sea Breakbulk,CAR004,V001,2024-07-27T13:33:05,2024-07-27T21:56:48,2024-07-29T19:51:05,2024-07-30T06:05:14,373.2,385.5,54.3,56.1,1.8,None,5036.06,279.13,"LINESTRING (-5.4479 36.1324, -7.611 33.605)"
LEG00671-3,SHP00671,3,PORT_P012,Port of Casablanca,Port,Morocco,33.605,-7.611,FAC_F008,Casablanca Desalination Site,Project Site,Morocco,33.5731,-7.5898,Road,CAR004,V001,2024-07-30T11:28:39,2024-07-30T23:45:21,2024-07-30T20:52:39,2024-07-31T08:10:57,5.2,5.2,9.4,8.4,0,None,570.14,14.9,"LINESTRING (-7.611 33.605, -7.5898 33.5731)"
LEG00672-1,SHP00672,1,FAC_F014,Cadiz Module Yard,Module Yard,Spain,36.5271,-6.2886,PORT_P003,Port of Algeciras,Port,Spain,36.1324,-5.4479,Road,CAR010,V014,2024-07-09T10:00:00,2024-07-09T12:09:13,2024-07-09T17:06:00,2024-07-09T21:04:51,104.3,103.7,7.1,8.9,1.8,None,1542.72,524.89,"LINESTRING (-6.2886 36.5271, -5.4479 36.1324)"
LEG00672-2,SHP00672,2,PORT_P003,Port of Algeciras,Port,Spain,36.1324,-5.4479,PORT_P018,Port of Dammam,Port,Saudi Arabia,26.498,50.184,Sea Breakbulk,CAR010,V014,2024-07-09T23:20:55,2024-07-10T04:34:23,2024-07-17T20:44:55,2024-07-18T02:13:07,5568.9,5628.7,189.4,189.6,0.2,None,28160.63,7197.53,"LINESTRING (-5.4479 36.1324, 50.184 26.498)"
LEG00672-3,SHP00672,3,PORT_P018,Port of Dammam,Port,Saudi Arabia,26.498,50.184,FAC_F017,Dammam Gas Project Site,Project Site,Saudi Arabia,26.4207,50.0888,Road,CAR010,V014,2024-07-18T03:31:30,2024-07-18T08:04:10,2024-07-18T09:01:30,2024-07-18T16:55:22,15.8,16.2,5.5,8.9,3.4,None,727.02,82.0,"LINESTRING (50.184 26.498, 50.0888 26.4207)"
LEG00673-1,SHP00673,1,FAC_F014,Cadiz Module Yard,Module Yard,Spain,36.5271,-6.2886,PORT_P003,Port of Algeciras,Port,Spain,36.1324,-5.4479,Road,CAR010,V004,2024-08-01T07:00:00,2024-08-01T06:09:22,2024-08-01T17:18:00,2024-08-01T19:52:23,107.2,109.8,10.3,13.7,3.4,None,1018.4,382.5,"LINESTRING (-6.2886 36.5271, -5.4479 36.1324)"
LEG00673-2,SHP00673,2,PORT_P003,Port of Algeciras,Port,Spain,36.1324,-5.4479,PORT_P009,Port of Marseille-Fos,Port,France,43.437,4.943,Sea Breakbulk,CAR010,V004,2024-08-02T04:59:42,2024-08-02T10:34:13,2024-08-05T01:59:42,2024-08-06T00:26:34,1278.9,1319.6,69.0,85.9,16.9,Customs hold,6384.27,1161.35,"LINESTRING (-5.4479 36.1324, 4.943 43.437)"
LEG00673-3,SHP00673,3,PORT_P009,Port of Marseille-Fos,Port,France,43.437,4.943,FAC_F018,Marseille Wind Substation Site,Project Site,France,43.2965,5.3698,Road,CAR010,V004,2024-08-05T12:06:41,2024-08-06T04:14:39,2024-08-05T20:06:41,2024-08-06T10:20:51,46.9,49.5,8.0,6.1,0,None,696.36,172.44,"LINESTRING (4.943 43.437, 5.3698 43.2965)"
LEG00674-1,SHP00674,1,FAC_F013,Valencia Export Depot,Warehouse,Spain,39.4699,-0.3763,PORT_P001,Port of Valencia,Port,Spain,39.461,-0.323,Road,CAR005,V003,2024-09-03T09:00:00,2024-09-03T09:29:32,2024-09-03T13:30:00,2024-09-03T14:44:06,6.0,6.0,4.5,5.2,0.7,None,409.91,1.05,"LINESTRING (-0.3763 39.4699, -0.323 39.461)"
LEG00674-2,SHP00674,2,PORT_P001,Port of Valencia,Port,Spain,39.461,-0.323,PORT_P009,Port of Marseille-Fos,Port,France,43.437,4.943,Container Sea,CAR005,V003,2024-09-03T20:40:52,2024-09-04T08:29:18,2024-09-06T10:04:52,2024-09-06T20:35:42,652.0,688.4,61.4,60.1,0,None,1687.55,22.92,"LINESTRING (-0.323 39.461, 4.943 43.437)"
LEG00674-3,SHP00674,3,PORT_P009,Port of Marseille-Fos,Port,France,43.437,4.943,FAC_F018,Marseille Wind Substation Site,Project Site,France,43.2965,5.3698,Road,CAR005,V003,2024-09-06T18:16:32,2024-09-07T00:35:27,2024-09-07T01:22:32,2024-09-07T09:55:37,45.0,46.3,7.1,9.3,2.2,None,476.5,8.14,"LINESTRING (4.943 43.437, 5.3698 43.2965)"
LEG00675-1,SHP00675,1,FAC_F012,Antwerp EPC Supplier Yard,Vendor,Belgium,51.2194,4.4025,FAC_F007,Sines Energy Project Site,Project Site,Portugal,37.956,-8.868,Road,CAR012,,2025-08-12T09:00:00,2025-08-12T11:49:36,2025-08-14T00:18:00,2025-08-14T05:17:40,2049.6,2131.6,39.3,41.5,2.2,None,15745.09,8337.01,"LINESTRING (4.4025 51.2194, -8.868 37.956)"
LEG00676-1,SHP00676,1,FAC_F013,Valencia Export Depot,Warehouse,Spain,39.4699,-0.3763,PORT_P001,Port of Valencia,Port,Spain,39.461,-0.323,Road,CAR010,V014,2024-12-31T11:00:00,2024-12-31T10:47:48,2024-12-31T16:54:00,2024-12-31T19:05:55,5.8,5.7,5.9,8.3,2.4,None,414.08,5.72,"LINESTRING (-0.3763 39.4699, -0.323 39.461)"
LEG00676-2,SHP00676,2,PORT_P001,Port of Valencia,Port,Spain,39.461,-0.323,PORT_P016,Port of Alexandria,Port,Egypt,31.2001,29.9187,Sea Breakbulk,CAR010,V014,2025-01-01T01:08:21,2025-01-01T06:04:23,2025-01-06T14:26:21,2025-01-06T22:57:30,2979.6,2968.8,133.3,136.9,3.6,None,6022.47,753.13,"LINESTRING (-0.323 39.461, 29.9187 31.2001)"
LEG00676-3,SHP00676,3,PORT_P016,Port of Alexandria,Port,Egypt,31.2001,29.9187,FAC_F016,Alexandria Water Project Site,Project Site,Egypt,31.2001,29.9187,Road,CAR010,V014,2025-01-06T21:41:27,2025-01-07T03:08:53,2025-01-07T04:11:27,2025-01-07T21:26:08,0.0,0.0,6.5,18.3,11.8,Port congestion,400.0,0.0,"LINESTRING (29.9187 31.2001, 29.9187 31.2001)"
LEG00677-1,SHP00677,1,FAC_F005,Tarragona Equipment Vendor,Vendor,Spain,41.1189,1.2445,FAC_F018,Marseille Wind Substation Site,Project Site,France,43.2965,5.3698,Road,CAR001,,2025-02-24T09:00:00,2025-02-24T10:00:14,2025-02-25T03:54:00,2025-02-25T05:05:35,485.0,522.3,18.9,19.1,0.2,None,4738.88,1651.8,"LINESTRING (1.2445 41.1189, 5.3698 43.2965)"
LEG00678-1,SHP00678,1,FAC_F005,Tarragona Equipment Vendor,Vendor,Spain,41.1189,1.2445,PORT_P002,Port of Barcelona,Port,Spain,41.3522,2.1686,Road,CAR004,V012,2024-07-15T15:00:00,2024-07-15T17:55:52,2024-07-15T22:24:00,2024-07-16T04:23:15,98.6,106.1,7.4,10.5,3.1,None,1438.51,307.93,"LINESTRING (1.2445 41.1189, 2.1686 41.3522)"
LEG00678-2,SHP00678,2,PORT_P002,Port of Barcelona,Port,Spain,41.3522,2.1686,PORT_P018,Port of Dammam,Port,Saudi Arabia,26.498,50.184,Sea Breakbulk,CAR004,V012,2024-07-16T10:17:56,2024-07-16T09:12:35,2024-07-24T20:53:56,2024-07-24T21:21:28,4859.2,4940.5,202.6,204.1,1.5,None,20834.5,3622.37,"LINESTRING (2.1686 41.3522, 50.184 26.498)"
LEG00678-3,SHP00678,3,PORT_P018,Port of Dammam,Port,Saudi Arabia,26.498,50.184,FAC_F017,Dammam Gas Project Site,Project Site,Saudi Arabia,26.4207,50.0888,Road,CAR004,V012,2024-07-25T11:30:14,2024-07-25T03:05:37,2024-07-25T20:30:14,2024-07-26T06:51:41,16.0,16.7,9.0,27.8,18.8,Carrier capacity,790.63,48.47,"LINESTRING (50.184 26.498, 50.0888 26.4207)"
LEG00679-1,SHP00679,1,FAC_F002,Madrid Cross Dock,Cross Dock,Spain,40.4168,-3.7038,PORT_P001,Port of Valencia,Port,Spain,39.461,-0.323,Road,CAR006,,2025-01-29T14:00:00,2025-01-29T14:04:50,2025-01-30T06:18:00,2025-01-30T08:44:35,363.1,387.9,16.3,18.7,2.4,None,895.5,158.46,"LINESTRING (-3.7038 40.4168, -0.323 39.461)"
LEG00679-2,SHP00679,2,PORT_P001,Port of Valencia,Port,Spain,39.461,-0.323,PORT_P018,Port of Dammam,Port,Saudi Arabia,26.498,50.184,Container Sea,CAR006,,2025-01-30T12:54:58,2025-01-30T17:01:38,2025-02-07T16:00:58,2025-02-07T23:06:44,5003.2,4972.9,195.1,198.1,3.0,None,2790.44,384.9,"LINESTRING (-0.323 39.461, 50.184 26.498)"
LEG00679-3,SHP00679,3,PORT_P018,Port of Dammam,Port,Saudi Arabia,26.498,50.184,FAC_F017,Dammam Gas Project Site,Project Site,Saudi Arabia,26.4207,50.0888,Road,CAR006,,2025-02-08T02:52:56,2025-02-08T16:15:45,2025-02-08T07:40:56,2025-02-08T20:54:01,14.7,15.3,4.8,4.6,0,None,342.7,6.25,"LINESTRING (50.184 26.498, 50.0888 26.4207)"
LEG00680-1,SHP00680,1,FAC_F014,Cadiz Module Yard,Module Yard,Spain,36.5271,-6.2886,PORT_P003,Port of Algeciras,Port,Spain,36.1324,-5.4479,Road,CAR003,V006,2024-10-10T15:00:00,2024-10-10T14:16:27,2024-10-11T01:24:00,2024-10-11T04:28:56,107.6,111.7,10.4,14.2,3.8,None,837.52,241.41,"LINESTRING (-6.2886 36.5271, -5.4479 36.1324)"
LEG00680-2,SHP00680,2,PORT_P003,Port of Algeciras,Port,Spain,36.1324,-5.4479,PORT_P012,Port of Casablanca,Port,Morocco,33.605,-7.611,RoRo,CAR003,V006,2024-10-11T05:38:58,2024-10-11T10:17:14,2024-10-12T04:56:58,2024-10-12T12:16:39,381.9,394.4,23.3,26.0,2.7,None,1650.95,269.18,"LINESTRING (-5.4479 36.1324, -7.611 33.605)"
LEG00680-3,SHP00680,3,PORT_P012,Port of Casablanca,Port,Morocco,33.605,-7.611,FAC_F008,Casablanca Desalination Site,Project Site,Morocco,33.5731,-7.5898,Road,CAR003,V006,2024-10-12T15:17:03,2024-10-12T18:31:39,2024-10-12T21:17:03,2024-10-13T09:10:53,5.3,5.3,6.0,14.7,8.7,Weather disruption,420.76,11.45,"LINESTRING (-7.611 33.605, -7.5898 33.5731)"
LEG00681-1,SHP00681,1,FAC_F004,Bilbao Steel Fabricator,Vendor,Spain,43.263,-2.935,FAC_F017,Dammam Gas Project Site,Project Site,Saudi Arabia,26.4207,50.0888,Road,CAR012,,2025-02-03T10:00:00,2025-02-03T11:11:19,2025-02-09T01:12:00,2025-02-09T09:25:35,6604.8,7031.1,135.2,142.2,7.0,Customs hold,35970.06,22416.55,"LINESTRING (-2.935 43.263, 50.0888 26.4207)"
LEG00682-1,SHP00682,1,FAC_F004,Bilbao Steel Fabricator,Vendor,Spain,43.263,-2.935,FAC_F016,Alexandria Water Project Site,Project Site,Egypt,31.2001,29.9187,Road,CAR011,,2024-08-19T13:00:00,2024-08-19T13:29:14,2024-08-22T11:06:00,2024-08-22T14:26:56,3648.5,3745.5,70.1,73.0,2.9,None,10794.79,4202.26,"LINESTRING (-2.935 43.263, 29.9187 31.2001)"
LEG00683-1,SHP00683,1,FAC_F014,Cadiz Module Yard,Module Yard,Spain,36.5271,-6.2886,PORT_P003,Port of Algeciras,Port,Spain,36.1324,-5.4479,Road,CAR007,V005,2025-10-01T14:00:00,2025-10-01T15:49:25,2025-10-02T00:30:00,2025-10-02T01:10:12,108.4,107.7,10.5,9.3,0,None,1571.75,520.27,"LINESTRING (-6.2886 36.5271, -5.4479 36.1324)"
LEG00683-2,SHP00683,2,PORT_P003,Port of Algeciras,Port,Spain,36.1324,-5.4479,PORT_P009,Port of Marseille-Fos,Port,France,43.437,4.943,Sea Breakbulk,CAR007,V005,2025-10-02T12:47:59,2025-10-02T10:31:08,2025-10-05T20:11:59,2025-10-05T18:04:46,1246.9,1282.0,79.4,79.6,0.2,None,9694.14,1564.55,"LINESTRING (-5.4479 36.1324, 4.943 43.437)"
LEG00683-3,SHP00683,3,PORT_P009,Port of Marseille-Fos,Port,France,43.437,4.943,FAC_F018,Marseille Wind Substation Site,Project Site,France,43.2965,5.3698,Road,CAR007,V005,2025-10-06T01:35:11,2025-10-06T04:03:20,2025-10-06T08:11:11,2025-10-06T10:36:50,44.1,45.8,6.6,6.6,0,None,999.45,221.25,"LINESTRING (4.943 43.437, 5.3698 43.2965)"
LEG00684-1,SHP00684,1,FAC_F014,Cadiz Module Yard,Module Yard,Spain,36.5271,-6.2886,PORT_P003,Port of Algeciras,Port,Spain,36.1324,-5.4479,Road,CAR004,V001,2025-07-18T11:00:00,2025-07-18T12:33:12,2025-07-18T19:24:00,2025-07-18T19:33:05,98.4,98.9,8.4,7.0,0,None,776.95,171.94,"LINESTRING (-6.2886 36.5271, -5.4479 36.1324)"
LEG00684-2,SHP00684,2,PORT_P003,Port of Algeciras,Port,Spain,36.1324,-5.4479,PORT_P009,Port of Marseille-Fos,Port,France,43.437,4.943,Sea Breakbulk,CAR004,V001,2025-07-19T01:12:10,2025-07-19T12:55:14,2025-07-22T04:24:10,2025-07-22T19:53:23,1233.0,1276.6,75.2,79.0,3.8,None,5144.27,560.68,"LINESTRING (-5.4479 36.1324, 4.943 43.437)"
LEG00684-3,SHP00684,3,PORT_P009,Port of Marseille-Fos,Port,France,43.437,4.943,FAC_F018,Marseille Wind Substation Site,Project Site,France,43.2965,5.3698,Road,CAR004,V001,2025-07-22T20:01:50,2025-07-23T06:35:29,2025-07-23T01:25:50,2025-07-24T09:41:28,42.9,44.6,5.4,27.1,21.7,Weather disruption,587.56,77.54,"LINESTRING (4.943 43.437, 5.3698 43.2965)"
LEG00685-1,SHP00685,1,FAC_F012,Antwerp EPC Supplier Yard,Vendor,Belgium,51.2194,4.4025,PORT_P007,Port of Antwerp-Bruges,Port,Belgium,51.2639,4.4009,Road,CAR006,,2024-04-11T11:00:00,2024-04-11T11:39:34,2024-04-11T16:12:00,2024-04-11T16:46:27,6.2,6.4,5.2,5.1,0,None,692.27,4.28,"LINESTRING (4.4025 51.2194, 4.4009 51.2639)"
LEG00685-2,SHP00685,2,PORT_P007,Port of Antwerp-Bruges,Port,Belgium,51.2639,4.4009,PORT_P005,Port of Sines,Port,Portugal,37.9543,-8.8631,Container Sea,CAR006,,2024-04-12T06:10:34,2024-04-12T08:03:03,2024-04-16T19:58:34,2024-04-17T01:03:12,1984.6,2025.6,109.8,113.0,3.2,None,4017.21,256.68,"LINESTRING (4.4009 51.2639, -8.8631 37.9543)"
LEG00685-3,SHP00685,3,PORT_P005,Port of Sines,Port,Portugal,37.9543,-8.8631,FAC_F007,Sines Energy Project Site,Project Site,Portugal,37.956,-8.868,Road,CAR006,,2024-04-17T05:04:08,2024-04-17T05:49:02,2024-04-17T11:28:08,2024-04-18T15:22:15,0.5,0.5,6.4,33.6,27.2,Customs hold,671.37,0.33,"LINESTRING (-8.8631 37.9543, -8.868 37.956)"
LEG00686-1,SHP00686,1,FAC_F013,Valencia Export Depot,Warehouse,Spain,39.4699,-0.3763,PORT_P001,Port of Valencia,Port,Spain,39.461,-0.323,Road,CAR007,V005,2024-10-07T15:00:00,2024-10-07T17:08:41,2024-10-08T00:54:00,2024-10-08T03:25:30,5.7,6.1,9.9,10.3,0.4,None,695.6,6.53,"LINESTRING (-0.3763 39.4699, -0.323 39.461)"
LEG00686-2,SHP00686,2,PORT_P001,Port of Valencia,Port,Spain,39.461,-0.323,PORT_P018,Port of Dammam,Port,Saudi Arabia,26.498,50.184,Sea Breakbulk,CAR007,V005,2024-10-08T13:40:31,2024-10-08T13:36:04,2024-10-18T03:22:31,2024-10-18T07:02:11,5412.6,5412.4,229.7,233.4,3.7,None,14567.35,1463.95,"LINESTRING (-0.323 39.461, 50.184 26.498)"
LEG00686-3,SHP00686,3,PORT_P018,Port of Dammam,Port,Saudi Arabia,26.498,50.184,FAC_F017,Dammam Gas Project Site,Project Site,Saudi Arabia,26.4207,50.0888,Road,CAR007,V005,2024-10-18T13:33:27,2024-10-18T21:11:58,2024-10-18T23:03:27,2024-10-19T08:49:08,15.4,15.3,9.5,11.6,2.1,None,734.8,16.38,"LINESTRING (50.184 26.498, 50.0888 26.4207)"
LEG00687-1,SHP00687,1,FAC_F014,Cadiz Module Yard,Module Yard,Spain,36.5271,-6.2886,FAC_F001,Zaragoza Distribution Hub,Warehouse,Spain,41.6488,-0.8891,Road,CAR011,,2025-07-29T14:00:00,2025-07-29T16:08:00,2025-07-30T16:24:00,2025-07-30T18:33:06,934.9,990.2,26.4,26.4,0.0,None,4575.4,2348.9,"LINESTRING (-6.2886 36.5271, -0.8891 41.6488)"
LEG00688-1,SHP00688,1,FAC_F003,Puertollano Module Yard,Module Yard,Spain,38.6871,-4.1121,PORT_P003,Port of Algeciras,Port,Spain,36.1324,-5.4479,Road,CAR003,V010,2024-07-25T10:00:00,2024-07-25T10:44:44,2024-07-26T02:00:00,2024-07-26T03:45:52,391.4,408.9,16.0,17.0,1.0,None,1814.65,593.95,"LINESTRING (-4.1121 38.6871, -5.4479 36.1324)"
LEG00688-2,SHP00688,2,PORT_P003,Port of Algeciras,Port,Spain,36.1324,-5.4479,PORT_P012,Port of Casablanca,Port,Morocco,33.605,-7.611,RoRo,CAR003,V010,2024-07-26T10:38:28,2024-07-26T14:11:11,2024-07-27T17:26:28,2024-07-28T00:44:12,357.4,353.9,30.8,34.6,3.8,None,1590.0,162.33,"LINESTRING (-5.4479 36.1324, -7.611 33.605)"
LEG00688-3,SHP00688,3,PORT_P012,Port of Casablanca,Port,Morocco,33.605,-7.611,FAC_F008,Casablanca Desalination Site,Project Site,Morocco,33.5731,-7.5898,Road,CAR003,V010,2024-07-28T01:07:49,2024-07-28T07:56:22,2024-07-28T05:31:49,2024-07-29T04:53:24,5.4,5.7,4.4,21.0,16.6,Carrier capacity,451.27,8.28,"LINESTRING (-7.611 33.605, -7.5898 33.5731)"
LEG00689-1,SHP00689,1,FAC_F004,Bilbao Steel Fabricator,Vendor,Spain,43.263,-2.935,FAC_F001,Zaragoza Distribution Hub,Warehouse,Spain,41.6488,-0.8891,Road,CAR002,,2024-01-22T13:00:00,2024-01-22T14:28:19,2024-01-22T23:48:00,2024-01-23T04:00:56,296.4,306.9,10.8,13.5,2.7,None,3200.02,1414.33,"LINESTRING (-2.935 43.263, -0.8891 41.6488)"
LEG00690-1,SHP00690,1,FAC_F011,Rotterdam Consolidation Hub,Consolidation Hub,Netherlands,51.9244,4.4777,PORT_P006,Port of Rotterdam,Port,Netherlands,51.947,4.142,Road,CAR004,V001,2025-05-05T14:00:00,2025-05-05T16:57:20,2025-05-05T18:12:00,2025-05-05T22:16:01,26.0,27.4,4.2,5.3,1.1,None,482.59,6.64,"LINESTRING (4.4777 51.9244, 4.142 51.947)"
LEG00690-2,SHP00690,2,PORT_P006,Port of Rotterdam,Port,Netherlands,51.947,4.142,PORT_P005,Port of Sines,Port,Portugal,37.9543,-8.8631,Sea Breakbulk,CAR004,V001,2025-05-06T00:40:09,2025-05-06T03:19:31,2025-05-11T00:46:09,2025-05-11T06:23:43,1904.3,1932.3,120.1,123.1,3.0,None,4601.41,118.26,"LINESTRING (4.142 51.947, -8.8631 37.9543)"
LEG00690-3,SHP00690,3,PORT_P005,Port of Sines,Port,Portugal,37.9543,-8.8631,FAC_F007,Sines Energy Project Site,Project Site,Portugal,37.956,-8.868,Road,CAR004,V001,2025-05-11T06:14:42,2025-05-11T18:49:51,2025-05-11T16:14:42,2025-05-13T04:37:23,0.6,0.6,10.0,33.8,23.8,Carrier capacity,433.11,0.15,"LINESTRING (-8.8631 37.9543, -8.868 37.956)"
LEG00691-1,SHP00691,1,FAC_F010,Milan Valve Plant,Vendor,Italy,45.4642,9.19,PORT_P010,Port of Genoa,Port,Italy,44.41,8.925,Road,CAR006,,2024-09-30T12:00:00,2024-09-30T11:41:44,2024-09-30T21:18:00,2024-10-01T00:16:32,151.6,159.0,9.3,12.6,3.3,None,958.36,141.53,"LINESTRING (9.19 45.4642, 8.925 44.41)"
LEG00691-2,SHP00691,2,PORT_P010,Port of Genoa,Port,Italy,44.41,8.925,PORT_P006,Port of Rotterdam,Port,Netherlands,51.947,4.142,Container Sea,CAR006,,2024-10-01T07:49:44,2024-10-01T13:47:21,2024-10-03T11:37:44,2024-10-03T16:55:20,979.3,994.0,51.8,51.1,0,None,2435.66,167.65,"LINESTRING (8.925 44.41, 4.142 51.947)"
LEG00691-3,SHP00691,3,PORT_P006,Port of Rotterdam,Port,Netherlands,51.947,4.142,FAC_F011,Rotterdam Consolidation Hub,Consolidation Hub,Netherlands,51.9244,4.4777,Road,CAR006,,2024-10-03T18:25:27,2024-10-04T05:43:09,2024-10-04T02:01:27,2024-10-04T15:23:15,28.1,28.4,7.6,9.7,2.1,None,578.59,25.28,"LINESTRING (4.142 51.947, 4.4777 51.9244)"
LEG00692-1,SHP00692,1,FAC_F005,Tarragona Equipment Vendor,Vendor,Spain,41.1189,1.2445,PORT_P002,Port of Barcelona,Port,Spain,41.3522,2.1686,Road,CAR005,V013,2024-07-08T12:00:00,2024-07-08T13:43:56,2024-07-08T22:18:00,2024-07-09T02:53:36,93.9,95.6,10.3,13.2,2.9,None,452.22,27.16,"LINESTRING (1.2445 41.1189, 2.1686 41.3522)"
LEG00692-2,SHP00692,2,PORT_P002,Port of Barcelona,Port,Spain,41.3522,2.1686,PORT_P005,Port of Sines,Port,Portugal,37.9543,-8.8631,Container Sea,CAR005,V013,2024-07-09T08:11:24,2024-07-09T12:11:41,2024-07-12T22:05:24,2024-07-13T03:18:48,1069.4,1068.1,85.9,87.1,1.2,None,1476.59,57.49,"LINESTRING (2.1686 41.3522, -8.8631 37.9543)"
LEG00692-3,SHP00692,3,PORT_P005,Port of Sines,Port,Portugal,37.9543,-8.8631,FAC_F007,Sines Energy Project Site,Project Site,Portugal,37.956,-8.868,Road,CAR005,V013,2024-07-13T11:25:00,2024-07-13T13:04:29,2024-07-13T17:31:00,2024-07-13T18:49:06,0.6,0.6,6.1,5.7,0,None,320.83,0.17,"LINESTRING (-8.8631 37.9543, -8.868 37.956)"
LEG00693-1,SHP00693,1,FAC_F014,Cadiz Module Yard,Module Yard,Spain,36.5271,-6.2886,PORT_P003,Port of Algeciras,Port,Spain,36.1324,-5.4479,Road,CAR010,V007,2024-03-14T08:00:00,2024-03-14T08:41:40,2024-03-14T14:54:00,2024-03-14T16:12:05,115.4,117.4,6.9,7.5,0.6,None,1779.35,693.27,"LINESTRING (-6.2886 36.5271, -5.4479 36.1324)"
LEG00693-2,SHP00693,2,PORT_P003,Port of Algeciras,Port,Spain,36.1324,-5.4479,PORT_P012,Port of Casablanca,Port,Morocco,33.605,-7.611,Sea Breakbulk,CAR010,V007,2024-03-15T05:35:22,2024-03-14T19:21:27,2024-03-17T02:11:22,2024-03-17T10:06:51,364.5,361.3,44.6,62.8,18.2,Road permit delay,6013.49,539.0,"LINESTRING (-5.4479 36.1324, -7.611 33.605)"
LEG00693-3,SHP00693,3,PORT_P012,Port of Casablanca,Port,Morocco,33.605,-7.611,FAC_F008,Casablanca Desalination Site,Project Site,Morocco,33.5731,-7.5898,Road,CAR010,V007,2024-03-17T11:14:23,2024-03-18T00:37:03,2024-03-17T18:08:23,2024-03-18T16:13:18,5.3,5.3,6.9,15.6,8.7,Carrier capacity,630.32,31.3,"LINESTRING (-7.611 33.605, -7.5898 33.5731)"
LEG00694-1,SHP00694,1,FAC_F004,Bilbao Steel Fabricator,Vendor,Spain,43.263,-2.935,FAC_F001,Zaragoza Distribution Hub,Warehouse,Spain,41.6488,-0.8891,Road,CAR011,,2024-09-09T09:00:00,2024-09-09T10:30:38,2024-09-09T18:54:00,2024-09-09T22:26:41,323.4,347.3,9.9,11.9,2.0,None,2206.56,729.49,"LINESTRING (-2.935 43.263, -0.8891 41.6488)"
LEG00695-1,SHP00695,1,FAC_F012,Antwerp EPC Supplier Yard,Vendor,Belgium,51.2194,4.4025,PORT_P007,Port of Antwerp-Bruges,Port,Belgium,51.2639,4.4009,Road,CAR006,,2025-08-06T07:00:00,2025-08-06T09:32:19,2025-08-06T13:24:00,2025-08-06T17:58:35,6.4,6.6,6.4,8.4,2.0,None,450.0,7.32,"LINESTRING (4.4025 51.2194, 4.4009 51.2639)"
LEG00695-2,SHP00695,2,PORT_P007,Port of Antwerp-Bruges,Port,Belgium,51.2639,4.4009,PORT_P018,Port of Dammam,Port,Saudi Arabia,26.498,50.184,Container Sea,CAR006,,2025-08-06T22:01:09,2025-08-07T04:01:51,2025-08-15T00:25:09,2025-08-15T10:15:56,5261.2,5473.0,194.4,198.2,3.8,None,4943.11,1149.66,"LINESTRING (4.4009 51.2639, 50.184 26.498)"
LEG00695-3,SHP00695,3,PORT_P018,Port of Dammam,Port,Saudi Arabia,26.498,50.184,FAC_F017,Dammam Gas Project Site,Project Site,Saudi Arabia,26.4207,50.0888,Road,CAR006,,2025-08-15T10:12:05,2025-08-16T01:29:35,2025-08-15T17:54:05,2025-08-16T07:38:09,16.3,17.2,7.7,6.1,0,None,478.91,19.07,"LINESTRING (50.184 26.498, 50.0888 26.4207)"
LEG00696-1,SHP00696,1,FAC_F014,Cadiz Module Yard,Module Yard,Spain,36.5271,-6.2886,FAC_F018,Marseille Wind Substation Site,Project Site,France,43.2965,5.3698,Road,CAR011,,2025-12-08T08:00:00,2025-12-08T08:57:33,2025-12-09T15:06:00,2025-12-09T15:46:15,1542.9,1664.5,31.1,30.8,0,None,6494.31,5200.81,"LINESTRING (-6.2886 36.5271, 5.3698 43.2965)"
LEG00697-1,SHP00697,1,FAC_F012,Antwerp EPC Supplier Yard,Vendor,Belgium,51.2194,4.4025,PORT_P007,Port of Antwerp-Bruges,Port,Belgium,51.2639,4.4009,Road,CAR006,,2024-11-06T13:00:00,2024-11-06T14:47:40,2024-11-06T21:54:00,2024-11-07T02:38:17,5.7,6.1,8.9,11.8,2.9,None,988.8,34.87,"LINESTRING (4.4025 51.2194, 4.4009 51.2639)"
LEG00697-2,SHP00697,2,PORT_P007,Port of Antwerp-Bruges,Port,Belgium,51.2639,4.4009,PORT_P012,Port of Casablanca,Port,Morocco,33.605,-7.611,Container Sea,CAR006,,2024-11-07T03:14:48,2024-11-07T12:27:04,2024-11-11T14:32:48,2024-11-12T00:45:46,2286.0,2351.7,107.3,108.3,1.0,None,11921.31,2547.46,"LINESTRING (4.4009 51.2639, -7.611 33.605)"
LEG00697-3,SHP00697,3,PORT_P012,Port of Casablanca,Port,Morocco,33.605,-7.611,FAC_F008,Casablanca Desalination Site,Project Site,Morocco,33.5731,-7.5898,Road,CAR006,,2024-11-12T00:44:25,2024-11-12T10:51:34,2024-11-12T04:44:25,2024-11-12T17:52:36,5.3,5.6,4.0,7.0,3.0,None,980.93,32.02,"LINESTRING (-7.611 33.605, -7.5898 33.5731)"
LEG00698-1,SHP00698,1,FAC_F004,Bilbao Steel Fabricator,Vendor,Spain,43.263,-2.935,FAC_F016,Alexandria Water Project Site,Project Site,Egypt,31.2001,29.9187,Road,CAR008,,2024-08-07T08:00:00,2024-08-07T09:13:38,2024-08-10T01:12:00,2024-08-10T05:08:08,3992.9,4240.0,65.2,67.9,2.7,None,52505.35,22782.37,"LINESTRING (-2.935 43.263, 29.9187 31.2001)"
LEG00699-1,SHP00699,1,FAC_F012,Antwerp EPC Supplier Yard,Vendor,Belgium,51.2194,4.4025,PORT_P007,Port of Antwerp-Bruges,Port,Belgium,51.2639,4.4009,Road,CAR010,V007,2024-12-25T07:00:00,2024-12-25T06:11:33,2024-12-25T12:12:00,2024-12-25T15:10:25,5.8,5.9,5.2,9.0,3.8,None,721.88,22.51,"LINESTRING (4.4025 51.2194, 4.4009 51.2639)"
LEG00699-2,SHP00699,2,PORT_P007,Port of Antwerp-Bruges,Port,Belgium,51.2639,4.4009,PORT_P018,Port of Dammam,Port,Saudi Arabia,26.498,50.184,Sea Breakbulk,CAR010,V007,2024-12-25T18:32:37,2024-12-26T07:30:35,2025-01-03T13:38:37,2025-01-04T04:11:54,5098.0,5381.2,211.1,212.7,1.6,None,26396.68,5186.62,"LINESTRING (4.4009 51.2639, 50.184 26.498)"
LEG00699-3,SHP00699,3,PORT_P018,Port of Dammam,Port,Saudi Arabia,26.498,50.184,FAC_F017,Dammam Gas Project Site,Project Site,Saudi Arabia,26.4207,50.0888,Road,CAR010,V007,2025-01-04T05:27:34,2025-01-04T13:30:07,2025-01-04T10:15:34,2025-01-05T06:18:13,14.7,15.0,4.8,16.8,12.0,Documentation issue,802.51,57.23,"LINESTRING (50.184 26.498, 50.0888 26.4207)"
LEG00700-1,SHP00700,1,FAC_F012,Antwerp EPC Supplier Yard,Vendor,Belgium,51.2194,4.4025,PORT_P007,Port of Antwerp-Bruges,Port,Belgium,51.2639,4.4009,Road,CAR010,V014,2024-11-27T11:00:00,2024-11-27T11:29:01,2024-11-27T16:30:00,2024-11-27T18:20:46,5.6,5.9,5.5,6.9,1.4,None,509.04,1.77,"LINESTRING (4.4025 51.2194, 4.4009 51.2639)"
LEG00700-2,SHP00700,2,PORT_P007,Port of Antwerp-Bruges,Port,Belgium,51.2639,4.4009,PORT_P018,Port of Dammam,Port,Saudi Arabia,26.498,50.184,Sea Breakbulk,CAR010,V014,2024-11-27T22:09:36,2024-11-27T22:58:36,2024-12-05T14:27:36,2024-12-06T04:43:43,4886.4,5157.3,184.3,197.8,13.5,Port congestion,8106.57,391.13,"LINESTRING (4.4009 51.2639, 50.184 26.498)"
LEG00700-3,SHP00700,3,PORT_P018,Port of Dammam,Port,Saudi Arabia,26.498,50.184,FAC_F017,Dammam Gas Project Site,Project Site,Saudi Arabia,26.4207,50.0888,Road,CAR010,V014,2024-12-06T03:59:18,2024-12-06T21:17:42,2024-12-06T11:41:18,2024-12-07T06:45:43,14.4,15.1,7.7,9.5,1.8,None,529.37,4.53,"LINESTRING (50.184 26.498, 50.0888 26.4207)"
LEG00701-1,SHP00701,1,FAC_F002,Madrid Cross Dock,Cross Dock,Spain,40.4168,-3.7038,PORT_P001,Port of Valencia,Port,Spain,39.461,-0.323,Road,CAR007,V005,2025-03-12T09:00:00,2025-03-12T08:03:14,2025-03-12T22:00:00,2025-03-13T06:42:30,364.0,369.0,13.0,22.7,9.7,Road permit delay,2064.7,541.95,"LINESTRING (-3.7038 40.4168, -0.323 39.461)"
LEG00701-2,SHP00701,2,PORT_P001,Port of Valencia,Port,Spain,39.461,-0.323,PORT_P016,Port of Alexandria,Port,Egypt,31.2001,29.9187,Sea Breakbulk,CAR007,V005,2025-03-13T07:48:54,2025-03-13T22:28:11,2025-03-18T17:48:54,2025-03-19T10:25:21,2940.3,3032.8,130.0,132.0,2.0,None,9348.86,1125.29,"LINESTRING (-0.323 39.461, 29.9187 31.2001)"
LEG00701-3,SHP00701,3,PORT_P016,Port of Alexandria,Port,Egypt,31.2001,29.9187,FAC_F016,Alexandria Water Project Site,Project Site,Egypt,31.2001,29.9187,Road,CAR007,V005,2025-03-18T23:22:57,2025-03-20T01:54:47,2025-03-19T07:46:57,2025-03-20T12:53:17,0.0,0.0,8.4,11.0,2.6,None,540.0,0.0,"LINESTRING (29.9187 31.2001, 29.9187 31.2001)"
LEG00702-1,SHP00702,1,FAC_F004,Bilbao Steel Fabricator,Vendor,Spain,43.263,-2.935,PORT_P004,Port of Bilbao,Port,Spain,43.3476,-3.0443,Road,CAR007,V011,2024-06-04T11:00:00,2024-06-04T11:15:46,2024-06-04T15:30:00,2024-06-04T13:54:26,15.0,16.2,4.5,2.6,0,None,464.53,6.94,"LINESTRING (-2.935 43.263, -3.0443 43.3476)"
LEG00702-2,SHP00702,2,PORT_P004,Port of Bilbao,Port,Spain,43.3476,-3.0443,PORT_P009,Port of Marseille-Fos,Port,France,43.437,4.943,Sea Breakbulk,CAR007,V011,2024-06-04T21:28:17,2024-06-04T23:53:10,2024-06-07T04:34:17,2024-06-07T06:13:07,714.3,721.9,55.1,54.3,0,None,3807.16,78.14,"LINESTRING (-3.0443 43.3476, 4.943 43.437)"
LEG00702-3,SHP00702,3,PORT_P009,Port of Marseille-Fos,Port,France,43.437,4.943,FAC_F018,Marseille Wind Substation Site,Project Site,France,43.2965,5.3698,Road,CAR007,V011,2024-06-07T13:53:07,2024-06-07T17:15:23,2024-06-07T20:23:07,2024-06-08T01:17:01,47.1,47.3,6.5,8.0,1.5,None,526.97,20.27,"LINESTRING (4.943 43.437, 5.3698 43.2965)"
LEG00703-1,SHP00703,1,FAC_F003,Puertollano Module Yard,Module Yard,Spain,38.6871,-4.1121,PORT_P003,Port of Algeciras,Port,Spain,36.1324,-5.4479,Road,CAR007,V011,2024-06-26T14:00:00,2024-06-26T14:43:17,2024-06-27T02:54:00,2024-06-27T05:36:08,352.1,361.0,12.9,14.9,2.0,None,3085.12,1385.86,"LINESTRING (-4.1121 38.6871, -5.4479 36.1324)"
LEG00703-2,SHP00703,2,PORT_P003,Port of Algeciras,Port,Spain,36.1324,-5.4479,PORT_P012,Port of Casablanca,Port,Morocco,33.605,-7.611,Sea Breakbulk,CAR007,V011,2024-06-27T12:02:18,2024-06-27T14:43:31,2024-06-29T02:08:18,2024-06-29T07:11:20,366.8,382.1,38.1,40.5,2.4,None,5258.01,370.58,"LINESTRING (-5.4479 36.1324, -7.611 33.605)"
LEG00703-3,SHP00703,3,PORT_P012,Port of Casablanca,Port,Morocco,33.605,-7.611,FAC_F008,Casablanca Desalination Site,Project Site,Morocco,33.5731,-7.5898,Road,CAR007,V011,2024-06-29T07:16:39,2024-06-29T17:10:07,2024-06-29T10:22:39,2024-06-29T20:57:53,4.9,5.2,3.1,3.8,0.7,None,576.66,19.96,"LINESTRING (-7.611 33.605, -7.5898 33.5731)"
LEG00704-1,SHP00704,1,FAC_F012,Antwerp EPC Supplier Yard,Vendor,Belgium,51.2194,4.4025,PORT_P007,Port of Antwerp-Bruges,Port,Belgium,51.2639,4.4009,Road,CAR005,V003,2025-04-25T09:00:00,2025-04-25T08:20:23,2025-04-25T15:24:00,2025-04-25T17:20:22,5.7,6.0,6.4,9.0,2.6,None,330.5,4.05,"LINESTRING (4.4025 51.2194, 4.4009 51.2639)"
LEG00704-2,SHP00704,2,PORT_P007,Port of Antwerp-Bruges,Port,Belgium,51.2639,4.4009,PORT_P018,Port of Dammam,Port,Saudi Arabia,26.498,50.184,Container Sea,CAR005,V003,2025-04-25T23:55:38,2025-04-26T02:01:32,2025-05-03T16:55:38,2025-05-03T20:56:31,5018.3,5260.4,185.0,186.9,1.9,None,3217.31,672.28,"LINESTRING (4.4009 51.2639, 50.184 26.498)"
LEG00704-3,SHP00704,3,PORT_P018,Port of Dammam,Port,Saudi Arabia,26.498,50.184,FAC_F017,Dammam Gas Project Site,Project Site,Saudi Arabia,26.4207,50.0888,Road,CAR005,V003,2025-05-04T08:39:25,2025-05-04T13:04:45,2025-05-04T13:39:25,2025-05-04T17:18:01,15.4,15.9,5.0,4.2,0,None,347.83,10.72,"LINESTRING (50.184 26.498, 50.0888 26.4207)"
LEG00705-1,SHP00705,1,FAC_F014,Cadiz Module Yard,Module Yard,Spain,36.5271,-6.2886,PORT_P003,Port of Algeciras,Port,Spain,36.1324,-5.4479,Road,CAR007,V011,2024-09-13T11:00:00,2024-09-13T10:11:23,2024-09-13T21:18:00,2024-09-14T17:33:47,100.3,102.3,10.3,31.4,21.1,Carrier capacity,780.08,169.39,"LINESTRING (-6.2886 36.5271, -5.4479 36.1324)"
LEG00705-2,SHP00705,2,PORT_P003,Port of Algeciras,Port,Spain,36.1324,-5.4479,PORT_P018,Port of Dammam,Port,Saudi Arabia,26.498,50.184,Sea Breakbulk,CAR007,V011,2024-09-14T12:54:43,2024-09-15T07:22:25,2024-09-24T05:18:43,2024-09-25T00:21:55,5910.0,6062.4,232.4,233.0,0.6,None,12033.17,2536.02,"LINESTRING (-5.4479 36.1324, 50.184 26.498)"
LEG00705-3,SHP00705,3,PORT_P018,Port of Dammam,Port,Saudi Arabia,26.498,50.184,FAC_F017,Dammam Gas Project Site,Project Site,Saudi Arabia,26.4207,50.0888,Road,CAR007,V011,2024-09-24T12:50:04,2024-09-25T06:50:12,2024-09-24T18:56:04,2024-09-25T20:18:05,16.8,17.8,6.1,13.5,7.4,Port congestion,492.57,29.47,"LINESTRING (50.184 26.498, 50.0888 26.4207)"
LEG00706-1,SHP00706,1,FAC_F013,Valencia Export Depot,Warehouse,Spain,39.4699,-0.3763,PORT_P001,Port of Valencia,Port,Spain,39.461,-0.323,Road,CAR006,,2024-05-20T07:00:00,2024-05-20T06:58:58,2024-05-20T11:18:00,2024-05-20T14:58:12,6.1,6.2,4.3,8.0,3.7,None,447.01,4.9,"LINESTRING (-0.3763 39.4699, -0.323 39.461)"
LEG00706-2,SHP00706,2,PORT_P001,Port of Valencia,Port,Spain,39.461,-0.323,PORT_P006,Port of Rotterdam,Port,Netherlands,51.947,4.142,Container Sea,CAR006,,2024-05-20T17:47:26,2024-05-21T05:32:09,2024-05-24T12:47:26,2024-05-25T04:12:49,1537.9,1590.8,91.0,94.7,3.7,None,2420.39,238.24,"LINESTRING (-0.323 39.461, 4.142 51.947)"
LEG00706-3,SHP00706,3,PORT_P006,Port of Rotterdam,Port,Netherlands,51.947,4.142,FAC_F011,Rotterdam Consolidation Hub,Consolidation Hub,Netherlands,51.9244,4.4777,Road,CAR006,,2024-05-24T19:22:13,2024-05-25T13:11:26,2024-05-25T03:28:13,2024-05-25T21:33:39,30.7,32.2,8.1,8.4,0.3,None,509.96,25.45,"LINESTRING (4.142 51.947, 4.4777 51.9244)"
LEG00707-1,SHP00707,1,FAC_F004,Bilbao Steel Fabricator,Vendor,Spain,43.263,-2.935,PORT_P004,Port of Bilbao,Port,Spain,43.3476,-3.0443,Road,CAR007,V005,2024-10-04T11:00:00,2024-10-04T12:02:48,2024-10-04T16:48:00,2024-10-04T18:32:54,15.8,16.5,5.8,6.5,0.7,None,683.28,49.92,"LINESTRING (-2.935 43.263, -3.0443 43.3476)"
LEG00707-2,SHP00707,2,PORT_P004,Port of Bilbao,Port,Spain,43.3476,-3.0443,PORT_P018,Port of Dammam,Port,Saudi Arabia,26.498,50.184,Sea Breakbulk,CAR007,V005,2024-10-04T23:50:57,2024-10-05T09:16:36,2024-10-14T22:56:57,2024-10-16T05:16:35,5368.8,5478.9,239.1,260.0,20.9,Customs hold,20089.85,4188.07,"LINESTRING (-3.0443 43.3476, 50.184 26.498)"
LEG00707-3,SHP00707,3,PORT_P018,Port of Dammam,Port,Saudi Arabia,26.498,50.184,FAC_F017,Dammam Gas Project Site,Project Site,Saudi Arabia,26.4207,50.0888,Road,CAR007,V005,2024-10-15T14:13:40,2024-10-16T16:11:50,2024-10-15T21:19:40,2024-10-17T01:52:43,16.3,16.6,7.1,9.7,2.6,None,683.93,50.23,"LINESTRING (50.184 26.498, 50.0888 26.4207)"
LEG00708-1,SHP00708,1,FAC_F002,Madrid Cross Dock,Cross Dock,Spain,40.4168,-3.7038,PORT_P001,Port of Valencia,Port,Spain,39.461,-0.323,Road,CAR006,,2025-08-04T10:00:00,2025-08-04T12:42:22,2025-08-04T21:24:00,2025-08-04T22:37:58,400.2,431.4,11.4,9.9,0,None,924.91,139.75,"LINESTRING (-3.7038 40.4168, -0.323 39.461)"
LEG00708-2,SHP00708,2,PORT_P001,Port of Valencia,Port,Spain,39.461,-0.323,PORT_P005,Port of Sines,Port,Portugal,37.9543,-8.8631,Container Sea,CAR006,,2025-08-05T01:42:57,2025-08-05T10:13:58,2025-08-08T04:06:57,2025-08-08T10:52:02,813.6,824.4,74.4,72.6,0,None,1406.05,50.6,"LINESTRING (-0.323 39.461, -8.8631 37.9543)"
LEG00708-3,SHP00708,3,PORT_P005,Port of Sines,Port,Portugal,37.9543,-8.8631,FAC_F007,Sines Energy Project Site,Project Site,Portugal,37.956,-8.868,Road,CAR006,,2025-08-08T14:15:07,2025-08-09T02:31:39,2025-08-09T00:15:07,2025-08-09T10:47:20,0.6,0.6,10.0,8.3,0,None,320.84,0.19,"LINESTRING (-8.8631 37.9543, -8.868 37.956)"
LEG00709-1,SHP00709,1,FAC_F005,Tarragona Equipment Vendor,Vendor,Spain,41.1189,1.2445,PORT_P002,Port of Barcelona,Port,Spain,41.3522,2.1686,Road,CAR010,V004,2025-09-03T13:00:00,2025-09-03T14:48:10,2025-09-03T22:42:00,2025-09-04T17:17:08,104.9,109.6,9.7,26.5,16.8,Port congestion,816.91,196.27,"LINESTRING (1.2445 41.1189, 2.1686 41.3522)"
LEG00709-2,SHP00709,2,PORT_P002,Port of Barcelona,Port,Spain,41.3522,2.1686,PORT_P012,Port of Casablanca,Port,Morocco,33.605,-7.611,Sea Breakbulk,CAR010,V004,2025-09-04T08:59:08,2025-09-04T23:59:54,2025-09-08T05:23:08,2025-09-10T06:31:46,1350.5,1425.4,92.4,126.5,34.1,Customs hold,5385.1,644.85,"LINESTRING (2.1686 41.3522, -7.611 33.605)"
LEG00709-3,SHP00709,3,PORT_P012,Port of Casablanca,Port,Morocco,33.605,-7.611,FAC_F008,Casablanca Desalination Site,Project Site,Morocco,33.5731,-7.5898,Road,CAR010,V004,2025-09-08T16:57:16,2025-09-10T09:50:14,2025-09-09T01:51:16,2025-09-10T16:53:14,5.1,5.4,8.9,7.0,0,None,450.96,9.67,"LINESTRING (-7.611 33.605, -7.5898 33.5731)"
LEG00710-1,SHP00710,1,FAC_F014,Cadiz Module Yard,Module Yard,Spain,36.5271,-6.2886,PORT_P003,Port of Algeciras,Port,Spain,36.1324,-5.4479,Road,CAR004,V001,2024-09-02T09:00:00,2024-09-02T10:23:03,2024-09-02T18:30:00,2024-09-03T07:37:10,115.2,122.4,9.5,21.2,11.7,Road permit delay,2102.87,580.7,"LINESTRING (-6.2886 36.5271, -5.4479 36.1324)"
LEG00710-2,SHP00710,2,PORT_P003,Port of Algeciras,Port,Spain,36.1324,-5.4479,PORT_P016,Port of Alexandria,Port,Egypt,31.2001,29.9187,Sea Breakbulk,CAR004,V001,2024-09-03T04:35:42,2024-09-03T11:13:51,2024-09-09T14:41:42,2024-09-10T15:29:44,3631.8,3743.0,154.1,172.3,18.2,Road permit delay,24558.18,4486.21,"LINESTRING (-5.4479 36.1324, 29.9187 31.2001)"
LEG00710-3,SHP00710,3,PORT_P016,Port of Alexandria,Port,Egypt,31.2001,29.9187,FAC_F016,Alexandria Water Project Site,Project Site,Egypt,31.2001,29.9187,Road,CAR004,V001,2024-09-09T21:52:28,2024-09-10T20:26:35,2024-09-10T02:04:28,2024-09-10T23:39:31,0.0,0.0,4.2,3.2,0,None,720.0,0.0,"LINESTRING (29.9187 31.2001, 29.9187 31.2001)"
LEG00711-1,SHP00711,1,FAC_F005,Tarragona Equipment Vendor,Vendor,Spain,41.1189,1.2445,PORT_P002,Port of Barcelona,Port,Spain,41.3522,2.1686,Road,CAR004,V012,2025-03-26T12:00:00,2025-03-26T14:50:32,2025-03-26T23:06:00,2025-03-27T03:44:21,95.5,98.6,11.1,12.9,1.8,None,747.35,50.11,"LINESTRING (1.2445 41.1189, 2.1686 41.3522)"
LEG00711-2,SHP00711,2,PORT_P002,Port of Barcelona,Port,Spain,41.3522,2.1686,PORT_P018,Port of Dammam,Port,Saudi Arabia,26.498,50.184,Sea Breakbulk,CAR004,V012,2025-03-27T09:40:31,2025-03-27T14:09:32,2025-04-04T06:28:31,2025-04-04T11:53:45,5109.1,5499.4,188.8,189.7,0.9,None,9256.31,706.12,"LINESTRING (2.1686 41.3522, 50.184 26.498)"
LEG00711-3,SHP00711,3,PORT_P018,Port of Dammam,Port,Saudi Arabia,26.498,50.184,FAC_F017,Dammam Gas Project Site,Project Site,Saudi Arabia,26.4207,50.0888,Road,CAR004,V012,2025-04-04T15:38:03,2025-04-04T18:33:41,2025-04-04T19:02:03,2025-04-04T21:40:44,15.3,15.6,3.4,3.1,0,None,535.77,7.93,"LINESTRING (50.184 26.498, 50.0888 26.4207)"
LEG00712-1,SHP00712,1,FAC_F015,Tangier Free Zone DC,Warehouse,Morocco,35.7595,-5.834,PORT_P011,Port of Tanger Med,Port,Morocco,35.889,-5.501,Road,CAR006,,2024-01-09T08:00:00,2024-01-09T09:31:20,2024-01-09T13:06:00,2024-01-09T13:33:24,41.0,41.4,5.1,4.0,0,None,698.19,59.39,"LINESTRING (-5.834 35.7595, -5.501 35.889)"
LEG00712-2,SHP00712,2,PORT_P011,Port of Tanger Med,Port,Morocco,35.889,-5.501,PORT_P001,Port of Valencia,Port,Spain,39.461,-0.323,Container Sea,CAR006,,2024-01-10T02:39:47,2024-01-09T16:59:03,2024-01-13T03:03:47,2024-01-13T20:03:38,627.8,662.7,72.4,99.1,26.7,Customs hold,2519.5,180.12,"LINESTRING (-5.501 35.889, -0.323 39.461)"
LEG00712-3,SHP00712,3,PORT_P001,Port of Valencia,Port,Spain,39.461,-0.323,FAC_F001,Zaragoza Distribution Hub,Warehouse,Spain,41.6488,-0.8891,Road,CAR006,,2024-01-13T11:09:35,2024-01-14T09:25:51,2024-01-13T22:45:35,2024-01-14T20:09:58,279.3,285.5,11.6,10.7,0,None,1630.89,409.55,"LINESTRING (-0.323 39.461, -0.8891 41.6488)"
LEG00713-1,SHP00713,1,FAC_F003,Puertollano Module Yard,Module Yard,Spain,38.6871,-4.1121,PORT_P003,Port of Algeciras,Port,Spain,36.1324,-5.4479,Road,CAR003,V006,2024-03-01T08:00:00,2024-03-01T10:50:27,2024-03-02T01:24:00,2024-03-02T08:06:04,380.2,402.5,17.4,21.3,3.9,None,2550.67,827.08,"LINESTRING (-4.1121 38.6871, -5.4479 36.1324)"
LEG00713-2,SHP00713,2,PORT_P003,Port of Algeciras,Port,Spain,36.1324,-5.4479,PORT_P012,Port of Casablanca,Port,Morocco,33.605,-7.611,RoRo,CAR003,V006,2024-03-02T12:19:24,2024-03-02T22:00:18,2024-03-03T17:37:24,2024-03-04T03:16:14,370.1,378.4,29.3,29.3,0,None,2151.8,245.54,"LINESTRING (-5.4479 36.1324, -7.611 33.605)"
LEG00713-3,SHP00713,3,PORT_P012,Port of Casablanca,Port,Morocco,33.605,-7.611,FAC_F008,Casablanca Desalination Site,Project Site,Morocco,33.5731,-7.5898,Road,CAR003,V006,2024-03-04T09:15:38,2024-03-04T14:50:07,2024-03-04T18:45:38,2024-03-05T00:21:31,5.2,5.4,9.5,9.5,0.0,None,566.98,11.1,"LINESTRING (-7.611 33.605, -7.5898 33.5731)"
LEG00714-1,SHP00714,1,FAC_F011,Rotterdam Consolidation Hub,Consolidation Hub,Netherlands,51.9244,4.4777,PORT_P006,Port of Rotterdam,Port,Netherlands,51.947,4.142,Road,CAR006,,2025-05-16T13:00:00,2025-05-16T13:20:04,2025-05-16T17:00:00,2025-05-16T15:38:03,27.9,29.7,4.0,2.3,0,None,508.67,28.38,"LINESTRING (4.4777 51.9244, 4.142 51.947)"
LEG00714-2,SHP00714,2,PORT_P006,Port of Rotterdam,Port,Netherlands,51.947,4.142,PORT_P016,Port of Alexandria,Port,Egypt,31.2001,29.9187,Container Sea,CAR006,,2025-05-16T22:00:10,2025-05-16T23:09:57,2025-05-23T01:12:10,2025-05-23T03:29:30,3256.4,3308.7,147.2,148.3,1.1,None,3485.71,599.14,"LINESTRING (4.142 51.947, 29.9187 31.2001)"
LEG00714-3,SHP00714,3,PORT_P016,Port of Alexandria,Port,Egypt,31.2001,29.9187,FAC_F016,Alexandria Water Project Site,Project Site,Egypt,31.2001,29.9187,Road,CAR006,,2025-05-23T12:04:28,2025-05-23T17:37:00,2025-05-23T18:10:28,2025-05-23T23:58:28,0.0,0.0,6.1,6.4,0.3,None,432.0,0.0,"LINESTRING (29.9187 31.2001, 29.9187 31.2001)"
LEG00715-1,SHP00715,1,FAC_F013,Valencia Export Depot,Warehouse,Spain,39.4699,-0.3763,PORT_P001,Port of Valencia,Port,Spain,39.461,-0.323,Road,CAR007,V011,2025-01-17T15:00:00,2025-01-17T16:00:00,2025-01-17T19:12:00,2025-01-17T22:27:32,5.7,5.9,4.2,6.5,2.3,None,446.68,5.02,"LINESTRING (-0.3763 39.4699, -0.323 39.461)"
LEG00715-2,SHP00715,2,PORT_P001,Port of Valencia,Port,Spain,39.461,-0.323,PORT_P005,Port of Sines,Port,Portugal,37.9543,-8.8631,Sea Breakbulk,CAR007,V011,2025-01-18T00:03:17,2025-01-18T12:33:04,2025-01-20T14:39:17,2025-01-21T20:39:43,827.4,849.2,62.6,80.1,17.5,Carrier capacity,4101.02,182.41,"LINESTRING (-0.323 39.461, -8.8631 37.9543)"
LEG00715-3,SHP00715,3,PORT_P005,Port of Sines,Port,Portugal,37.9543,-8.8631,FAC_F007,Sines Energy Project Site,Project Site,Portugal,37.956,-8.868,Road,CAR007,V011,2025-01-20T20:54:22,2025-01-22T06:40:56,2025-01-21T01:12:22,2025-01-22T14:09:08,0.5,0.5,4.3,7.5,3.2,Road permit delay,433.24,0.43,"LINESTRING (-8.8631 37.9543, -8.868 37.956)"
LEG00716-1,SHP00716,1,FAC_F009,Lyon Fabrication Partner,Vendor,France,45.764,4.8357,PORT_P009,Port of Marseille-Fos,Port,France,43.437,4.943,Road,CAR007,V011,2025-12-22T13:00:00,2025-12-22T15:10:11,2025-12-23T02:24:00,2025-12-24T05:31:38,291.8,295.0,13.4,38.4,25.0,Customs hold,2089.87,389.27,"LINESTRING (4.8357 45.764, 4.943 43.437)"
LEG00716-2,SHP00716,2,PORT_P009,Port of Marseille-Fos,Port,France,43.437,4.943,PORT_P001,Port of Valencia,Port,Spain,39.461,-0.323,Sea Breakbulk,CAR007,V011,2025-12-23T07:21:14,2025-12-24T13:36:36,2025-12-25T04:27:14,2025-12-26T10:06:13,646.3,688.9,45.1,44.5,0,None,6414.26,229.65,"LINESTRING (4.943 43.437, -0.323 39.461)"
LEG00716-3,SHP00716,3,PORT_P001,Port of Valencia,Port,Spain,39.461,-0.323,FAC_F001,Zaragoza Distribution Hub,Warehouse,Spain,41.6488,-0.8891,Road,CAR007,V011,2025-12-25T08:44:10,2025-12-26T16:18:31,2025-12-25T22:44:10,2025-12-27T08:03:35,289.6,306.5,14.0,15.8,1.8,None,2145.24,404.44,"LINESTRING (-0.323 39.461, -0.8891 41.6488)"
LEG00717-1,SHP00717,1,FAC_F001,Zaragoza Distribution Hub,Warehouse,Spain,41.6488,-0.8891,PORT_P001,Port of Valencia,Port,Spain,39.461,-0.323,Road,CAR005,V013,2024-11-08T10:00:00,2024-11-08T12:47:45,2024-11-08T20:24:00,2024-11-09T02:01:17,301.9,300.6,10.4,13.2,2.8,None,697.41,27.13,"LINESTRING (-0.8891 41.6488, -0.323 39.461)"
LEG00717-2,SHP00717,2,PORT_P001,Port of Valencia,Port,Spain,39.461,-0.323,PORT_P005,Port of Sines,Port,Portugal,37.9543,-8.8631,Container Sea,CAR005,V013,2024-11-09T05:11:56,2024-11-09T08:43:42,2024-11-11T20:17:56,2024-11-12T01:20:02,815.1,849.1,63.1,64.6,1.5,None,1383.16,14.52,"LINESTRING (-0.323 39.461, -8.8631 37.9543)"
LEG00717-3,SHP00717,3,PORT_P005,Port of Sines,Port,Portugal,37.9543,-8.8631,FAC_F007,Sines Energy Project Site,Project Site,Portugal,37.956,-8.868,Road,CAR005,V013,2024-11-12T08:45:09,2024-11-12T10:11:47,2024-11-12T18:27:09,2024-11-12T19:19:17,0.6,0.6,9.7,9.1,0,None,320.75,0.05,"LINESTRING (-8.8631 37.9543, -8.868 37.956)"
LEG00718-1,SHP00718,1,FAC_F005,Tarragona Equipment Vendor,Vendor,Spain,41.1189,1.2445,PORT_P002,Port of Barcelona,Port,Spain,41.3522,2.1686,Road,CAR006,,2024-02-19T09:00:00,2024-02-19T09:32:04,2024-02-19T17:24:00,2024-02-19T16:10:41,93.0,98.9,8.4,6.6,0,None,639.84,53.18,"LINESTRING (1.2445 41.1189, 2.1686 41.3522)"
LEG00718-2,SHP00718,2,PORT_P002,Port of Barcelona,Port,Spain,41.3522,2.1686,PORT_P005,Port of Sines,Port,Portugal,37.9543,-8.8631,Container Sea,CAR006,,2024-02-20T07:51:55,2024-02-20T05:51:54,2024-02-24T03:39:55,2024-02-24T16:27:19,1109.1,1188.0,91.8,106.6,14.8,Documentation issue,2110.45,121.03,"LINESTRING (2.1686 41.3522, -8.8631 37.9543)"
LEG00718-3,SHP00718,3,PORT_P005,Port of Sines,Port,Portugal,37.9543,-8.8631,FAC_F007,Sines Energy Project Site,Project Site,Portugal,37.956,-8.868,Road,CAR006,,2024-02-24T15:23:13,2024-02-25T03:28:03,2024-02-24T22:29:13,2024-02-25T12:55:51,0.6,0.6,7.1,9.5,2.4,None,433.26,0.32,"LINESTRING (-8.8631 37.9543, -8.868 37.956)"
LEG00719-1,SHP00719,1,FAC_F013,Valencia Export Depot,Warehouse,Spain,39.4699,-0.3763,PORT_P001,Port of Valencia,Port,Spain,39.461,-0.323,Road,CAR006,,2025-04-23T13:00:00,2025-04-23T12:57:26,2025-04-23T18:42:00,2025-04-23T20:12:46,5.9,6.0,5.7,7.3,1.6,None,328.6,1.8,"LINESTRING (-0.3763 39.4699, -0.323 39.461)"
LEG00719-2,SHP00719,2,PORT_P001,Port of Valencia,Port,Spain,39.461,-0.323,PORT_P009,Port of Marseille-Fos,Port,France,43.437,4.943,Container Sea,CAR006,,2025-04-24T00:39:48,2025-04-24T11:53:00,2025-04-26T03:21:48,2025-04-27T18:20:32,651.8,647.7,50.7,78.5,27.8,Customs hold,1355.28,36.72,"LINESTRING (-0.323 39.461, 4.943 43.437)"
LEG00719-3,SHP00719,3,PORT_P009,Port of Marseille-Fos,Port,France,43.437,4.943,FAC_F018,Marseille Wind Substation Site,Project Site,France,43.2965,5.3698,Road,CAR006,,2025-04-26T10:34:13,2025-04-28T01:20:31,2025-04-26T16:46:13,2025-04-28T10:53:12,44.6,47.4,6.2,9.5,3.3,None,387.9,14.18,"LINESTRING (4.943 43.437, 5.3698 43.2965)"
LEG00720-1,SHP00720,1,FAC_F010,Milan Valve Plant,Vendor,Italy,45.4642,9.19,PORT_P010,Port of Genoa,Port,Italy,44.41,8.925,Road,CAR006,,2024-08-02T09:00:00,2024-08-02T11:49:08,2024-08-02T21:00:00,2024-08-03T13:48:03,133.9,134.7,12.0,26.0,14.0,Carrier capacity,700.33,53.87,"LINESTRING (9.19 45.4642, 8.925 44.41)"
LEG00720-2,SHP00720,2,PORT_P010,Port of Genoa,Port,Italy,44.41,8.925,PORT_P018,Port of Dammam,Port,Saudi Arabia,26.498,50.184,Container Sea,CAR006,,2024-08-03T12:02:46,2024-08-03T19:35:22,2024-08-11T15:44:46,2024-08-13T11:09:32,4414.7,4468.9,195.7,231.6,35.9,Port congestion,3531.14,338.65,"LINESTRING (8.925 44.41, 50.184 26.498)"
LEG00720-3,SHP00720,3,PORT_P018,Port of Dammam,Port,Saudi Arabia,26.498,50.184,FAC_F017,Dammam Gas Project Site,Project Site,Saudi Arabia,26.4207,50.0888,Road,CAR006,,2024-08-12T00:34:56,2024-08-13T21:47:03,2024-08-12T07:22:56,2024-08-14T20:35:23,14.9,15.3,6.8,22.8,16.0,Documentation issue,462.48,6.12,"LINESTRING (50.184 26.498, 50.0888 26.4207)"
LEG00721-1,SHP00721,1,FAC_F010,Milan Valve Plant,Vendor,Italy,45.4642,9.19,PORT_P010,Port of Genoa,Port,Italy,44.41,8.925,Road,CAR005,V009,2025-07-17T10:00:00,2025-07-17T11:51:08,2025-07-17T16:42:00,2025-07-17T19:15:54,135.6,144.7,6.7,7.4,0.7,None,535.46,55.67,"LINESTRING (9.19 45.4642, 8.925 44.41)"
LEG00721-2,SHP00721,2,PORT_P010,Port of Genoa,Port,Italy,44.41,8.925,PORT_P012,Port of Casablanca,Port,Morocco,33.605,-7.611,Container Sea,CAR005,V009,2025-07-18T00:05:45,2025-07-18T08:09:39,2025-07-21T16:35:45,2025-07-22T00:18:27,1952.2,1952.7,88.5,88.1,0,None,1795.81,142.35,"LINESTRING (8.925 44.41, -7.611 33.605)"
LEG00721-3,SHP00721,3,PORT_P012,Port of Casablanca,Port,Morocco,33.605,-7.611,FAC_F008,Casablanca Desalination Site,Project Site,Morocco,33.5731,-7.5898,Road,CAR005,V009,2025-07-21T23:22:03,2025-07-22T06:06:37,2025-07-22T04:52:03,2025-07-22T11:59:18,5.1,5.3,5.5,5.9,0.4,None,327.89,2.04,"LINESTRING (-7.611 33.605, -7.5898 33.5731)"
LEG00722-1,SHP00722,1,FAC_F012,Antwerp EPC Supplier Yard,Vendor,Belgium,51.2194,4.4025,PORT_P007,Port of Antwerp-Bruges,Port,Belgium,51.2639,4.4009,Road,CAR006,,2025-09-08T15:00:00,2025-09-08T17:38:04,2025-09-08T21:42:00,2025-09-09T00:14:57,5.8,5.8,6.7,6.6,0,None,703.31,11.89,"LINESTRING (4.4025 51.2194, 4.4009 51.2639)"
LEG00722-2,SHP00722,2,PORT_P007,Port of Antwerp-Bruges,Port,Belgium,51.2639,4.4009,PORT_P018,Port of Dammam,Port,Saudi Arabia,26.498,50.184,Container Sea,CAR006,,2025-09-09T02:40:52,2025-09-09T10:58:31,2025-09-17T08:16:52,2025-09-17T19:27:12,5002.8,5311.2,197.6,200.5,2.9,None,9525.64,2063.08,"LINESTRING (4.4009 51.2639, 50.184 26.498)"
LEG00722-3,SHP00722,3,PORT_P018,Port of Dammam,Port,Saudi Arabia,26.498,50.184,FAC_F017,Dammam Gas Project Site,Project Site,Saudi Arabia,26.4207,50.0888,Road,CAR006,,2025-09-17T12:39:05,2025-09-18T08:12:28,2025-09-17T22:09:05,2025-09-18T19:01:26,14.8,15.3,9.5,10.8,1.3,None,758.53,31.37,"LINESTRING (50.184 26.498, 50.0888 26.4207)"
LEG00723-1,SHP00723,1,FAC_F004,Bilbao Steel Fabricator,Vendor,Spain,43.263,-2.935,FAC_F018,Marseille Wind Substation Site,Project Site,France,43.2965,5.3698,Road,CAR001,,2025-12-22T11:00:00,2025-12-22T11:18:15,2025-12-23T11:42:00,2025-12-24T11:28:18,884.4,948.1,24.7,48.2,23.5,Documentation issue,5475.44,2231.02,"LINESTRING (-2.935 43.263, 5.3698 43.2965)"
LEG00724-1,SHP00724,1,FAC_F002,Madrid Cross Dock,Cross Dock,Spain,40.4168,-3.7038,FAC_F001,Zaragoza Distribution Hub,Warehouse,Spain,41.6488,-0.8891,Road,CAR011,,2024-01-03T12:00:00,2024-01-03T13:50:48,2024-01-04T01:30:00,2024-01-04T04:17:17,352.8,350.2,13.5,14.4,0.9,None,790.13,90.16,"LINESTRING (-3.7038 40.4168, -0.8891 41.6488)"
LEG00725-1,SHP00725,1,FAC_F010,Milan Valve Plant,Vendor,Italy,45.4642,9.19,PORT_P010,Port of Genoa,Port,Italy,44.41,8.925,Road,CAR005,V013,2024-12-16T15:00:00,2024-12-16T17:13:20,2024-12-17T01:54:00,2024-12-17T03:54:49,133.4,132.5,10.9,10.7,0,None,590.09,143.25,"LINESTRING (9.19 45.4642, 8.925 44.41)"
LEG00725-2,SHP00725,2,PORT_P010,Port of Genoa,Port,Italy,44.41,8.925,PORT_P006,Port of Rotterdam,Port,Netherlands,51.947,4.142,Container Sea,CAR005,V013,2024-12-17T15:28:36,2024-12-17T21:51:53,2024-12-20T13:40:36,2024-12-20T19:55:39,969.3,1030.5,70.2,70.1,0,None,1626.88,211.09,"LINESTRING (8.925 44.41, 4.142 51.947)"
LEG00725-3,SHP00725,3,PORT_P006,Port of Rotterdam,Port,Netherlands,51.947,4.142,FAC_F011,Rotterdam Consolidation Hub,Consolidation Hub,Netherlands,51.9244,4.4777,Road,CAR005,V013,2024-12-20T18:50:05,2024-12-21T11:51:13,2024-12-21T03:20:05,2024-12-21T23:07:48,30.0,30.0,8.5,11.3,2.8,None,381.15,32.43,"LINESTRING (4.142 51.947, 4.4777 51.9244)"
LEG00726-1,SHP00726,1,FAC_F010,Milan Valve Plant,Vendor,Italy,45.4642,9.19,PORT_P010,Port of Genoa,Port,Italy,44.41,8.925,Road,CAR006,,2025-09-19T14:00:00,2025-09-19T15:46:18,2025-09-20T00:30:00,2025-09-20T06:13:54,138.9,142.1,10.5,14.5,4.0,None,1258.16,148.09,"LINESTRING (9.19 45.4642, 8.925 44.41)"
LEG00726-2,SHP00726,2,PORT_P010,Port of Genoa,Port,Italy,44.41,8.925,PORT_P018,Port of Dammam,Port,Saudi Arabia,26.498,50.184,Container Sea,CAR006,,2025-09-20T05:11:39,2025-09-20T11:13:26,2025-09-27T02:17:39,2025-09-27T08:34:12,4548.2,4624.5,165.1,165.3,0.2,None,6750.89,913.15,"LINESTRING (8.925 44.41, 50.184 26.498)"
LEG00726-3,SHP00726,3,PORT_P018,Port of Dammam,Port,Saudi Arabia,26.498,50.184,FAC_F017,Dammam Gas Project Site,Project Site,Saudi Arabia,26.4207,50.0888,Road,CAR006,,2025-09-27T16:12:55,2025-09-28T01:17:27,2025-09-27T21:18:55,2025-09-28T04:28:30,15.9,16.9,5.1,3.2,0,None,739.6,17.61,"LINESTRING (50.184 26.498, 50.0888 26.4207)"
LEG00727-1,SHP00727,1,FAC_F013,Valencia Export Depot,Warehouse,Spain,39.4699,-0.3763,PORT_P001,Port of Valencia,Port,Spain,39.461,-0.323,Road,CAR003,V006,2024-07-11T08:00:00,2024-07-11T09:33:36,2024-07-11T14:00:00,2024-07-11T14:45:10,6.2,6.2,6.0,5.2,0,None,448.71,5.35,"LINESTRING (-0.3763 39.4699, -0.323 39.461)"
LEG00727-2,SHP00727,2,PORT_P001,Port of Valencia,Port,Spain,39.461,-0.323,PORT_P012,Port of Casablanca,Port,Morocco,33.605,-7.611,RoRo,CAR003,V006,2024-07-12T00:47:54,2024-07-12T06:03:51,2024-07-14T04:29:54,2024-07-14T07:55:41,969.6,1034.6,51.7,49.9,0,None,2138.42,281.83,"LINESTRING (-0.323 39.461, -7.611 33.605)"
LEG00727-3,SHP00727,3,PORT_P012,Port of Casablanca,Port,Morocco,33.605,-7.611,FAC_F008,Casablanca Desalination Site,Project Site,Morocco,33.5731,-7.5898,Road,CAR003,V006,2024-07-14T14:27:06,2024-07-14T17:59:27,2024-07-14T23:03:06,2024-07-15T05:44:44,4.9,5.1,8.6,11.8,3.2,None,445.75,4.4,"LINESTRING (-7.611 33.605, -7.5898 33.5731)"
LEG00728-1,SHP00728,1,FAC_F001,Zaragoza Distribution Hub,Warehouse,Spain,41.6488,-0.8891,FAC_F018,Marseille Wind Substation Site,Project Site,France,43.2965,5.3698,Road,CAR012,,2024-06-26T12:00:00,2024-06-26T12:24:31,2024-06-27T06:54:00,2024-06-27T07:31:11,635.9,639.7,18.9,19.1,0.2,None,1228.66,219.39,"LINESTRING (-0.8891 41.6488, 5.3698 43.2965)"
LEG00729-1,SHP00729,1,FAC_F002,Madrid Cross Dock,Cross Dock,Spain,40.4168,-3.7038,PORT_P001,Port of Valencia,Port,Spain,39.461,-0.323,Road,CAR003,V010,2025-09-18T09:00:00,2025-09-18T10:51:46,2025-09-18T20:06:00,2025-09-19T19:29:58,357.7,356.3,11.1,32.6,21.5,Documentation issue,1742.29,597.43,"LINESTRING (-3.7038 40.4168, -0.323 39.461)"
LEG00729-2,SHP00729,2,PORT_P001,Port of Valencia,Port,Spain,39.461,-0.323,PORT_P012,Port of Casablanca,Port,Morocco,33.605,-7.611,RoRo,CAR003,V010,2025-09-19T08:12:29,2025-09-20T08:32:12,2025-09-21T06:48:29,2025-09-22T08:02:28,950.7,1020.8,46.6,47.5,0.9,None,2550.9,540.51,"LINESTRING (-0.323 39.461, -7.611 33.605)"
LEG00729-3,SHP00729,3,PORT_P012,Port of Casablanca,Port,Morocco,33.605,-7.611,FAC_F008,Casablanca Desalination Site,Project Site,Morocco,33.5731,-7.5898,Road,CAR003,V010,2025-09-21T22:42:35,2025-09-22T13:19:02,2025-09-22T06:18:35,2025-09-22T22:10:12,5.0,5.1,7.6,8.9,1.3,None,450.76,8.55,"LINESTRING (-7.611 33.605, -7.5898 33.5731)"
LEG00730-1,SHP00730,1,FAC_F013,Valencia Export Depot,Warehouse,Spain,39.4699,-0.3763,PORT_P001,Port of Valencia,Port,Spain,39.461,-0.323,Road,CAR003,V010,2025-06-02T14:00:00,2025-06-02T16:24:55,2025-06-02T17:06:00,2025-06-02T19:11:39,6.1,6.5,3.1,2.8,0,None,560.25,4.37,"LINESTRING (-0.3763 39.4699, -0.323 39.461)"
LEG00730-2,SHP00730,2,PORT_P001,Port of Valencia,Port,Spain,39.461,-0.323,PORT_P012,Port of Casablanca,Port,Morocco,33.605,-7.611,RoRo,CAR003,V010,2025-06-03T03:54:54,2025-06-03T04:59:07,2025-06-05T06:00:54,2025-06-05T08:04:50,969.0,960.8,50.1,51.1,1.0,None,2478.61,203.79,"LINESTRING (-0.323 39.461, -7.611 33.605)"
LEG00730-3,SHP00730,3,PORT_P012,Port of Casablanca,Port,Morocco,33.605,-7.611,FAC_F008,Casablanca Desalination Site,Project Site,Morocco,33.5731,-7.5898,Road,CAR003,V010,2025-06-05T19:35:29,2025-06-05T18:49:41,2025-06-06T05:05:29,2025-06-06T05:42:26,4.7,4.8,9.5,10.9,1.4,None,554.95,3.22,"LINESTRING (-7.611 33.605, -7.5898 33.5731)"
LEG00731-1,SHP00731,1,FAC_F013,Valencia Export Depot,Warehouse,Spain,39.4699,-0.3763,PORT_P001,Port of Valencia,Port,Spain,39.461,-0.323,Road,CAR004,V008,2025-08-22T07:00:00,2025-08-22T09:22:55,2025-08-22T16:48:00,2025-08-22T21:44:30,5.8,5.7,9.8,12.4,2.6,None,448.85,7.32,"LINESTRING (-0.3763 39.4699, -0.323 39.461)"
LEG00731-2,SHP00731,2,PORT_P001,Port of Valencia,Port,Spain,39.461,-0.323,PORT_P018,Port of Dammam,Port,Saudi Arabia,26.498,50.184,Sea Breakbulk,CAR004,V008,2025-08-23T01:03:04,2025-08-23T09:28:49,2025-08-31T06:27:04,2025-08-31T16:13:54,5020.0,5279.0,197.4,198.8,1.4,None,9779.37,1712.93,"LINESTRING (-0.323 39.461, 50.184 26.498)"
LEG00731-3,SHP00731,3,PORT_P018,Port of Dammam,Port,Saudi Arabia,26.498,50.184,FAC_F017,Dammam Gas Project Site,Project Site,Saudi Arabia,26.4207,50.0888,Road,CAR004,V008,2025-08-31T21:10:01,2025-09-01T00:51:55,2025-09-01T06:46:01,2025-09-01T13:19:53,15.3,16.0,9.6,12.5,2.9,None,479.3,20.55,"LINESTRING (50.184 26.498, 50.0888 26.4207)"
LEG00732-1,SHP00732,1,FAC_F003,Puertollano Module Yard,Module Yard,Spain,38.6871,-4.1121,FAC_F001,Zaragoza Distribution Hub,Warehouse,Spain,41.6488,-0.8891,Road,CAR001,,2024-11-13T15:00:00,2024-11-13T15:08:39,2024-11-14T09:36:00,2024-11-14T10:44:27,567.9,600.7,18.6,19.6,1.0,None,10334.21,6019.37,"LINESTRING (-4.1121 38.6871, -0.8891 41.6488)"
LEG00733-1,SHP00733,1,FAC_F011,Rotterdam Consolidation Hub,Consolidation Hub,Netherlands,51.9244,4.4777,PORT_P006,Port of Rotterdam,Port,Netherlands,51.947,4.142,Road,CAR006,,2025-05-27T11:00:00,2025-05-27T13:12:12,2025-05-27T16:00:00,2025-05-27T19:03:42,28.4,30.3,5.0,5.9,0.9,None,366.3,14.28,"LINESTRING (4.4777 51.9244, 4.142 51.947)"
LEG00733-2,SHP00733,2,PORT_P006,Port of Rotterdam,Port,Netherlands,51.947,4.142,PORT_P009,Port of Marseille-Fos,Port,France,43.437,4.943,Container Sea,CAR006,,2025-05-27T21:44:37,2025-05-28T01:54:01,2025-05-31T11:14:37,2025-05-31T19:03:39,1050.5,1069.0,85.5,89.2,3.7,None,1514.14,95.44,"LINESTRING (4.142 51.947, 4.943 43.437)"
LEG00733-3,SHP00733,3,PORT_P009,Port of Marseille-Fos,Port,France,43.437,4.943,FAC_F018,Marseille Wind Substation Site,Project Site,France,43.2965,5.3698,Road,CAR006,,2025-05-31T19:05:41,2025-06-01T10:03:03,2025-06-01T04:53:41,2025-06-01T22:12:29,48.3,48.6,9.8,12.2,2.4,None,394.26,22.9,"LINESTRING (4.943 43.437, 5.3698 43.2965)"
LEG00734-1,SHP00734,1,FAC_F012,Antwerp EPC Supplier Yard,Vendor,Belgium,51.2194,4.4025,PORT_P007,Port of Antwerp-Bruges,Port,Belgium,51.2639,4.4009,Road,CAR006,,2025-10-23T11:00:00,2025-10-23T12:39:04,2025-10-23T20:36:00,2025-10-23T21:36:30,6.5,6.6,9.6,9.0,0,None,583.38,22.8,"LINESTRING (4.4025 51.2194, 4.4009 51.2639)"
LEG00734-2,SHP00734,2,PORT_P007,Port of Antwerp-Bruges,Port,Belgium,51.2639,4.4009,PORT_P012,Port of Casablanca,Port,Morocco,33.605,-7.611,Container Sea,CAR006,,2025-10-24T07:07:43,2025-10-24T06:54:23,2025-10-29T02:55:43,2025-10-29T04:42:26,2362.7,2422.2,115.8,117.8,2.0,None,5654.7,1585.72,"LINESTRING (4.4009 51.2639, -7.611 33.605)"
LEG00734-3,SHP00734,3,PORT_P012,Port of Casablanca,Port,Morocco,33.605,-7.611,FAC_F008,Casablanca Desalination Site,Project Site,Morocco,33.5731,-7.5898,Road,CAR006,,2025-10-29T16:18:40,2025-10-29T08:04:14,2025-10-29T23:24:40,2025-10-29T18:15:03,5.1,5.3,7.1,10.2,3.1,None,574.83,18.31,"LINESTRING (-7.611 33.605, -7.5898 33.5731)"
LEG00735-1,SHP00735,1,FAC_F013,Valencia Export Depot,Warehouse,Spain,39.4699,-0.3763,PORT_P001,Port of Valencia,Port,Spain,39.461,-0.323,Road,CAR004,V012,2024-02-09T15:00:00,2024-02-09T16:25:41,2024-02-09T23:48:00,2024-02-10T15:53:43,5.4,5.5,8.8,23.5,14.7,Documentation issue,443.01,2.39,"LINESTRING (-0.3763 39.4699, -0.323 39.461)"
LEG00735-2,SHP00735,2,PORT_P001,Port of Valencia,Port,Spain,39.461,-0.323,PORT_P012,Port of Casablanca,Port,Morocco,33.605,-7.611,Sea Breakbulk,CAR004,V012,2024-02-10T09:55:29,2024-02-11T06:28:08,2024-02-13T05:37:29,2024-02-14T03:59:52,999.4,1020.7,67.7,69.5,1.8,Road permit delay,4040.44,111.95,"LINESTRING (-0.323 39.461, -7.611 33.605)"
LEG00735-3,SHP00735,3,PORT_P012,Port of Casablanca,Port,Morocco,33.605,-7.611,FAC_F008,Casablanca Desalination Site,Project Site,Morocco,33.5731,-7.5898,Road,CAR004,V012,2024-02-13T21:25:56,2024-02-14T14:14:53,2024-02-14T02:07:56,2024-02-14T22:38:36,5.0,5.4,4.7,8.4,3.7,None,442.81,2.34,"LINESTRING (-7.611 33.605, -7.5898 33.5731)"
LEG00736-1,SHP00736,1,FAC_F009,Lyon Fabrication Partner,Vendor,France,45.764,4.8357,PORT_P009,Port of Marseille-Fos,Port,France,43.437,4.943,Road,CAR004,V008,2025-08-18T10:00:00,2025-08-18T09:51:19,2025-08-19T00:00:00,2025-08-19T11:43:23,324.1,335.5,14.0,25.9,11.9,Weather disruption,1745.99,729.56,"LINESTRING (4.8357 45.764, 4.943 43.437)"
LEG00736-2,SHP00736,2,PORT_P009,Port of Marseille-Fos,Port,France,43.437,4.943,PORT_P012,Port of Casablanca,Port,Morocco,33.605,-7.611,Sea Breakbulk,CAR004,V008,2025-08-19T07:37:32,2025-08-19T19:33:17,2025-08-22T18:01:32,2025-08-23T09:36:09,1609.1,1632.9,82.4,86.0,3.6,None,6015.27,897.05,"LINESTRING (4.943 43.437, -7.611 33.605)"
LEG00736-3,SHP00736,3,PORT_P012,Port of Casablanca,Port,Morocco,33.605,-7.611,FAC_F008,Casablanca Desalination Site,Project Site,Morocco,33.5731,-7.5898,Road,CAR004,V008,2025-08-23T05:46:58,2025-08-23T18:38:56,2025-08-23T13:34:58,2025-08-24T00:47:33,5.3,5.5,7.8,6.1,0,None,453.54,11.96,"LINESTRING (-7.611 33.605, -7.5898 33.5731)"
LEG00737-1,SHP00737,1,FAC_F009,Lyon Fabrication Partner,Vendor,France,45.764,4.8357,FAC_F008,Casablanca Desalination Site,Project Site,Morocco,33.5731,-7.5898,Road,CAR002,,2025-09-15T14:00:00,2025-09-15T13:30:38,2025-09-17T08:18:00,2025-09-17T09:22:07,2247.0,2245.8,42.3,43.9,1.6,None,7548.8,3383.75,"LINESTRING (4.8357 45.764, -7.5898 33.5731)"
LEG00738-1,SHP00738,1,FAC_F014,Cadiz Module Yard,Module Yard,Spain,36.5271,-6.2886,PORT_P003,Port of Algeciras,Port,Spain,36.1324,-5.4479,Road,CAR007,V005,2025-11-19T14:00:00,2025-11-19T13:52:18,2025-11-19T19:12:00,2025-11-19T22:20:04,109.9,116.5,5.2,8.5,3.3,None,1326.13,402.64,"LINESTRING (-6.2886 36.5271, -5.4479 36.1324)"
LEG00738-2,SHP00738,2,PORT_P003,Port of Algeciras,Port,Spain,36.1324,-5.4479,PORT_P018,Port of Dammam,Port,Saudi Arabia,26.498,50.184,Sea Breakbulk,CAR007,V005,2025-11-20T00:42:38,2025-11-20T06:17:23,2025-11-30T08:24:38,2025-11-30T13:06:39,5648.9,5636.2,247.7,246.8,0,None,21011.19,4921.08,"LINESTRING (-5.4479 36.1324, 50.184 26.498)"
LEG00738-3,SHP00738,3,PORT_P018,Port of Dammam,Port,Saudi Arabia,26.498,50.184,FAC_F017,Dammam Gas Project Site,Project Site,Saudi Arabia,26.4207,50.0888,Road,CAR007,V005,2025-11-30T17:18:12,2025-11-30T20:50:33,2025-12-01T01:30:12,2025-12-01T08:08:28,16.1,16.9,8.2,11.3,3.1,None,654.04,58.41,"LINESTRING (50.184 26.498, 50.0888 26.4207)"
LEG00739-1,SHP00739,1,FAC_F015,Tangier Free Zone DC,Warehouse,Morocco,35.7595,-5.834,FAC_F011,Rotterdam Consolidation Hub,Consolidation Hub,Netherlands,51.9244,4.4777,Road,CAR001,,2024-06-02T13:00:00,2024-06-02T14:14:18,2024-06-04T15:06:00,2024-06-04T16:42:51,2289.2,2377.3,50.1,50.5,0.4,None,7887.67,4126.16,"LINESTRING (-5.834 35.7595, 4.4777 51.9244)"
LEG00740-1,SHP00740,1,FAC_F013,Valencia Export Depot,Warehouse,Spain,39.4699,-0.3763,PORT_P001,Port of Valencia,Port,Spain,39.461,-0.323,Road,CAR010,V007,2025-05-26T12:00:00,2025-05-26T12:29:16,2025-05-26T21:42:00,2025-05-27T00:19:04,5.5,5.5,9.7,11.8,2.1,None,446.36,5.2,"LINESTRING (-0.3763 39.4699, -0.323 39.461)"
LEG00740-2,SHP00740,2,PORT_P001,Port of Valencia,Port,Spain,39.461,-0.323,PORT_P018,Port of Dammam,Port,Saudi Arabia,26.498,50.184,Sea Breakbulk,CAR010,V007,2025-05-27T03:01:30,2025-05-27T08:25:35,2025-06-04T10:55:30,2025-06-04T15:00:37,5120.3,5145.8,199.9,198.6,0,None,8752.61,1228.82,"LINESTRING (-0.323 39.461, 50.184 26.498)"
LEG00740-3,SHP00740,3,PORT_P018,Port of Dammam,Port,Saudi Arabia,26.498,50.184,FAC_F017,Dammam Gas Project Site,Project Site,Saudi Arabia,26.4207,50.0888,Road,CAR010,V007,2025-06-04T20:02:49,2025-06-04T19:38:31,2025-06-05T00:14:49,2025-06-05T03:40:48,14.5,15.0,4.2,8.0,3.8,None,471.16,14.18,"LINESTRING (50.184 26.498, 50.0888 26.4207)"
LEG00741-1,SHP00741,1,FAC_F002,Madrid Cross Dock,Cross Dock,Spain,40.4168,-3.7038,PORT_P001,Port of Valencia,Port,Spain,39.461,-0.323,Road,CAR003,V002,2024-02-19T15:00:00,2024-02-19T17:07:07,2024-02-20T03:00:00,2024-02-20T08:10:05,366.7,387.1,12.0,15.0,3.0,None,1079.25,69.14,"LINESTRING (-3.7038 40.4168, -0.323 39.461)"
LEG00741-2,SHP00741,2,PORT_P001,Port of Valencia,Port,Spain,39.461,-0.323,PORT_P012,Port of Casablanca,Port,Morocco,33.605,-7.611,RoRo,CAR003,V002,2024-02-20T14:34:53,2024-02-20T12:14:25,2024-02-22T18:34:53,2024-02-22T15:27:23,996.4,1040.7,52.0,51.2,0,None,1656.82,58.7,"LINESTRING (-0.323 39.461, -7.611 33.605)"
LEG00741-3,SHP00741,3,PORT_P012,Port of Casablanca,Port,Morocco,33.605,-7.611,FAC_F008,Casablanca Desalination Site,Project Site,Morocco,33.5731,-7.5898,Road,CAR003,V002,2024-02-23T07:14:45,2024-02-22T21:43:13,2024-02-23T16:44:45,2024-02-23T08:59:13,4.7,4.7,9.5,11.3,1.8,None,408.25,0.84,"LINESTRING (-7.611 33.605, -7.5898 33.5731)"
LEG00742-1,SHP00742,1,FAC_F012,Antwerp EPC Supplier Yard,Vendor,Belgium,51.2194,4.4025,PORT_P007,Port of Antwerp-Bruges,Port,Belgium,51.2639,4.4009,Road,CAR010,V007,2024-02-25T13:00:00,2024-02-25T12:24:00,2024-02-25T17:36:00,2024-02-25T15:25:21,6.6,6.7,4.6,3.0,0,None,451.05,8.23,"LINESTRING (4.4025 51.2194, 4.4009 51.2639)"
LEG00742-2,SHP00742,2,PORT_P007,Port of Antwerp-Bruges,Port,Belgium,51.2639,4.4009,PORT_P012,Port of Casablanca,Port,Morocco,33.605,-7.611,Sea Breakbulk,CAR010,V007,2024-02-26T08:37:55,2024-02-26T00:14:28,2024-03-02T03:49:55,2024-03-01T23:21:17,2391.4,2491.0,115.2,119.1,3.9,None,6199.26,773.01,"LINESTRING (4.4009 51.2639, -7.611 33.605)"
LEG00742-3,SHP00742,3,PORT_P012,Port of Casablanca,Port,Morocco,33.605,-7.611,FAC_F008,Casablanca Desalination Site,Project Site,Morocco,33.5731,-7.5898,Road,CAR010,V007,2024-03-02T19:21:40,2024-03-02T07:16:33,2024-03-03T03:51:40,2024-03-02T14:28:00,5.0,5.0,8.5,7.2,0,None,446.22,6.14,"LINESTRING (-7.611 33.605, -7.5898 33.5731)"
LEG00743-1,SHP00743,1,FAC_F004,Bilbao Steel Fabricator,Vendor,Spain,43.263,-2.935,FAC_F001,Zaragoza Distribution Hub,Warehouse,Spain,41.6488,-0.8891,Road,CAR012,,2025-04-10T07:00:00,2025-04-10T07:52:52,2025-04-10T21:42:00,2025-04-10T23:33:55,325.2,329.2,14.7,15.7,1.0,None,1935.96,885.99,"LINESTRING (-2.935 43.263, -0.8891 41.6488)"
LEG00744-1,SHP00744,1,FAC_F009,Lyon Fabrication Partner,Vendor,France,45.764,4.8357,PORT_P009,Port of Marseille-Fos,Port,France,43.437,4.943,Road,CAR010,V014,2025-04-09T14:00:00,2025-04-09T13:41:23,2025-04-10T03:30:00,2025-04-11T02:47:05,300.3,320.1,13.5,37.1,23.6,Port congestion,1438.46,441.55,"LINESTRING (4.8357 45.764, 4.943 43.437)"
LEG00744-2,SHP00744,2,PORT_P009,Port of Marseille-Fos,Port,France,43.437,4.943,PORT_P016,Port of Alexandria,Port,Egypt,31.2001,29.9187,Sea Breakbulk,CAR010,V014,2025-04-10T17:45:05,2025-04-11T17:33:52,2025-04-17T05:09:05,2025-04-18T06:06:18,2775.3,2833.0,155.4,156.5,1.1,None,6990.48,987.24,"LINESTRING (4.943 43.437, 29.9187 31.2001)"
LEG00744-3,SHP00744,3,PORT_P016,Port of Alexandria,Port,Egypt,31.2001,29.9187,FAC_F016,Alexandria Water Project Site,Project Site,Egypt,31.2001,29.9187,Road,CAR010,V014,2025-04-17T21:08:52,2025-04-18T21:30:39,2025-04-18T00:20:52,2025-04-19T19:42:42,0.0,0.0,3.2,22.2,19.0,Carrier capacity,432.0,0.0,"LINESTRING (29.9187 31.2001, 29.9187 31.2001)"
LEG00745-1,SHP00745,1,FAC_F012,Antwerp EPC Supplier Yard,Vendor,Belgium,51.2194,4.4025,PORT_P007,Port of Antwerp-Bruges,Port,Belgium,51.2639,4.4009,Road,CAR006,,2025-05-28T11:00:00,2025-05-28T13:28:40,2025-05-28T15:18:00,2025-05-28T21:11:50,6.3,6.3,4.3,7.7,3.4,None,580.65,21.22,"LINESTRING (4.4025 51.2194, 4.4009 51.2639)"
LEG00745-2,SHP00745,2,PORT_P007,Port of Antwerp-Bruges,Port,Belgium,51.2639,4.4009,PORT_P012,Port of Casablanca,Port,Morocco,33.605,-7.611,Container Sea,CAR006,,2025-05-29T00:29:47,2025-05-29T13:53:06,2025-06-03T01:23:47,2025-06-04T12:59:39,2432.6,2444.5,120.9,143.1,22.2,Carrier capacity,5618.74,1559.84,"LINESTRING (4.4009 51.2639, -7.611 33.605)"
LEG00745-3,SHP00745,3,PORT_P012,Port of Casablanca,Port,Morocco,33.605,-7.611,FAC_F008,Casablanca Desalination Site,Project Site,Morocco,33.5731,-7.5898,Road,CAR006,,2025-06-03T10:17:11,2025-06-05T05:47:32,2025-06-03T14:59:11,2025-06-05T13:55:02,4.6,4.6,4.7,8.1,3.4,None,569.68,15.49,"LINESTRING (-7.611 33.605, -7.5898 33.5731)"
LEG00746-1,SHP00746,1,FAC_F004,Bilbao Steel Fabricator,Vendor,Spain,43.263,-2.935,FAC_F001,Zaragoza Distribution Hub,Warehouse,Spain,41.6488,-0.8891,Road,CAR001,,2025-11-19T08:00:00,2025-11-19T07:40:45,2025-11-19T20:24:00,2025-11-19T23:30:23,278.6,291.9,12.4,15.8,3.4,None,1437.42,601.47,"LINESTRING (-2.935 43.263, -0.8891 41.6488)"
LEG00747-1,SHP00747,1,FAC_F014,Cadiz Module Yard,Module Yard,Spain,36.5271,-6.2886,PORT_P003,Port of Algeciras,Port,Spain,36.1324,-5.4479,Road,CAR007,V011,2025-09-22T11:00:00,2025-09-22T11:17:24,2025-09-22T18:54:00,2025-09-22T20:41:41,98.2,99.6,7.9,9.4,1.5,None,743.01,142.5,"LINESTRING (-6.2886 36.5271, -5.4479 36.1324)"
LEG00747-2,SHP00747,2,PORT_P003,Port of Algeciras,Port,Spain,36.1324,-5.4479,PORT_P009,Port of Marseille-Fos,Port,France,43.437,4.943,Sea Breakbulk,CAR007,V011,2025-09-23T06:58:00,2025-09-23T00:27:13,2025-09-26T23:34:00,2025-09-26T18:44:55,1304.5,1400.7,88.6,90.3,1.7,None,5086.14,506.27,"LINESTRING (-5.4479 36.1324, 4.943 43.437)"
LEG00747-3,SHP00747,3,PORT_P009,Port of Marseille-Fos,Port,France,43.437,4.943,FAC_F018,Marseille Wind Substation Site,Project Site,France,43.2965,5.3698,Road,CAR007,V011,2025-09-27T05:36:05,2025-09-27T10:44:26,2025-09-27T11:30:05,2025-09-27T18:23:05,49.7,49.4,5.9,7.6,1.7,None,586.25,70.68,"LINESTRING (4.943 43.437, 5.3698 43.2965)"
LEG00748-1,SHP00748,1,FAC_F014,Cadiz Module Yard,Module Yard,Spain,36.5271,-6.2886,PORT_P003,Port of Algeciras,Port,Spain,36.1324,-5.4479,Road,CAR010,V014,2025-01-15T14:00:00,2025-01-15T15:34:17,2025-01-15T19:24:00,2025-01-15T19:28:12,97.7,101.2,5.4,3.9,0,None,1211.26,176.61,"LINESTRING (-6.2886 36.5271, -5.4479 36.1324)"
LEG00748-2,SHP00748,2,PORT_P003,Port of Algeciras,Port,Spain,36.1324,-5.4479,PORT_P016,Port of Alexandria,Port,Egypt,31.2001,29.9187,Sea Breakbulk,CAR010,V014,2025-01-16T00:38:10,2025-01-16T12:00:11,2025-01-21T22:26:10,2025-01-23T02:54:00,3445.0,3695.5,141.8,158.9,17.1,Carrier capacity,13483.37,1629.27,"LINESTRING (-5.4479 36.1324, 29.9187 31.2001)"
LEG00748-3,SHP00748,3,PORT_P016,Port of Alexandria,Port,Egypt,31.2001,29.9187,FAC_F016,Alexandria Water Project Site,Project Site,Egypt,31.2001,29.9187,Road,CAR010,V014,2025-01-22T14:25:48,2025-01-23T16:06:58,2025-01-22T20:01:48,2025-01-23T23:21:28,0.0,0.0,5.6,7.2,1.6,None,669.6,0.0,"LINESTRING (29.9187 31.2001, 29.9187 31.2001)"
LEG00749-1,SHP00749,1,FAC_F013,Valencia Export Depot,Warehouse,Spain,39.4699,-0.3763,PORT_P001,Port of Valencia,Port,Spain,39.461,-0.323,Road,CAR003,V002,2024-02-07T07:00:00,2024-02-07T08:04:29,2024-02-07T14:36:00,2024-02-07T18:03:13,5.7,5.7,7.6,10.0,2.4,None,689.05,2.52,"LINESTRING (-0.3763 39.4699, -0.323 39.461)"
LEG00749-2,SHP00749,2,PORT_P001,Port of Valencia,Port,Spain,39.461,-0.323,PORT_P012,Port of Casablanca,Port,Morocco,33.605,-7.611,RoRo,CAR003,V002,2024-02-07T19:20:19,2024-02-08T06:23:55,2024-02-10T07:50:19,2024-02-12T01:08:14,1007.1,1055.7,60.5,90.7,30.2,Customs hold,3001.54,147.59,"LINESTRING (-0.323 39.461, -7.611 33.605)"
LEG00749-3,SHP00749,3,PORT_P012,Port of Casablanca,Port,Morocco,33.605,-7.611,FAC_F008,Casablanca Desalination Site,Project Site,Morocco,33.5731,-7.5898,Road,CAR003,V002,2024-02-10T22:26:27,2024-02-12T07:33:50,2024-02-11T08:26:27,2024-02-13T10:43:38,5.2,5.4,10.0,27.2,17.2,Port congestion,688.02,2.39,"LINESTRING (-7.611 33.605, -7.5898 33.5731)"
LEG00750-1,SHP00750,1,FAC_F010,Milan Valve Plant,Vendor,Italy,45.4642,9.19,PORT_P010,Port of Genoa,Port,Italy,44.41,8.925,Road,CAR006,,2024-07-12T07:00:00,2024-07-12T09:53:14,2024-07-12T14:06:00,2024-07-12T17:11:07,137.5,143.7,7.1,7.3,0.2,None,535.53,61.98,"LINESTRING (9.19 45.4642, 8.925 44.41)"
LEG00750-2,SHP00750,2,PORT_P010,Port of Genoa,Port,Italy,44.41,8.925,PORT_P009,Port of Marseille-Fos,Port,France,43.437,4.943,Container Sea,CAR006,,2024-07-13T00:57:01,2024-07-13T10:50:38,2024-07-14T09:15:01,2024-07-14T17:41:16,364.7,373.4,32.3,30.8,0,None,1274.64,30.51,"LINESTRING (8.925 44.41, 4.943 43.437)"
LEG00750-3,SHP00750,3,PORT_P009,Port of Marseille-Fos,Port,France,43.437,4.943,FAC_F018,Marseille Wind Substation Site,Project Site,France,43.2965,5.3698,Road,CAR006,,2024-07-14T15:02:56,2024-07-15T01:00:30,2024-07-14T22:14:56,2024-07-15T09:00:19,44.1,44.4,7.2,8.0,0.8,None,386.6,19.15,"LINESTRING (4.943 43.437, 5.3698 43.2965)"
LEG00751-1,SHP00751,1,FAC_F009,Lyon Fabrication Partner,Vendor,France,45.764,4.8357,FAC_F017,Dammam Gas Project Site,Project Site,Saudi Arabia,26.4207,50.0888,Road,CAR008,,2024-10-28T07:00:00,2024-10-28T08:37:12,2024-10-31T21:54:00,2024-11-01T15:43:21,5392.1,5460.3,86.9,103.1,16.2,Road permit delay,31220.94,10167.08,"LINESTRING (4.8357 45.764, 50.0888 26.4207)"
LEG00752-1,SHP00752,1,FAC_F010,Milan Valve Plant,Vendor,Italy,45.4642,9.19,PORT_P010,Port of Genoa,Port,Italy,44.41,8.925,Road,CAR007,V005,2025-09-04T11:00:00,2025-09-04T11:40:57,2025-09-04T18:54:00,2025-09-05T15:19:32,143.0,150.7,7.9,27.6,19.7,Road permit delay,793.26,114.53,"LINESTRING (9.19 45.4642, 8.925 44.41)"
LEG00752-2,SHP00752,2,PORT_P010,Port of Genoa,Port,Italy,44.41,8.925,PORT_P001,Port of Valencia,Port,Spain,39.461,-0.323,Sea Breakbulk,CAR007,V005,2025-09-05T05:54:06,2025-09-06T02:30:08,2025-09-08T15:30:06,2025-09-09T14:05:19,960.9,1014.4,81.6,83.6,2.0,None,4223.82,194.76,"LINESTRING (8.925 44.41, -0.323 39.461)"
LEG00752-3,SHP00752,3,PORT_P001,Port of Valencia,Port,Spain,39.461,-0.323,FAC_F001,Zaragoza Distribution Hub,Warehouse,Spain,41.6488,-0.8891,Road,CAR007,V005,2025-09-09T03:55:00,2025-09-09T17:18:03,2025-09-09T17:13:00,2025-09-10T08:26:47,307.7,325.7,13.3,15.1,1.8,None,1212.78,247.53,"LINESTRING (-0.323 39.461, -0.8891 41.6488)"
LEG00753-1,SHP00753,1,FAC_F003,Puertollano Module Yard,Module Yard,Spain,38.6871,-4.1121,PORT_P003,Port of Algeciras,Port,Spain,36.1324,-5.4479,Road,CAR010,V007,2024-06-24T07:00:00,2024-06-24T06:11:23,2024-06-24T19:06:00,2024-06-24T20:08:00,390.4,420.4,12.1,13.9,1.8,None,2823.8,692.52,"LINESTRING (-4.1121 38.6871, -5.4479 36.1324)"
LEG00753-2,SHP00753,2,PORT_P003,Port of Algeciras,Port,Spain,36.1324,-5.4479,PORT_P018,Port of Dammam,Port,Saudi Arabia,26.498,50.184,Sea Breakbulk,CAR010,V007,2024-06-24T23:32:32,2024-06-25T04:19:03,2024-07-04T03:56:32,2024-07-04T11:59:08,5462.8,5771.4,220.4,223.7,3.3,None,17624.28,2401.83,"LINESTRING (-5.4479 36.1324, 50.184 26.498)"
LEG00753-3,SHP00753,3,PORT_P018,Port of Dammam,Port,Saudi Arabia,26.498,50.184,FAC_F017,Dammam Gas Project Site,Project Site,Saudi Arabia,26.4207,50.0888,Road,CAR010,V007,2024-07-04T15:29:58,2024-07-04T19:33:29,2024-07-04T23:23:58,2024-07-05T06:01:25,16.4,16.7,7.9,10.5,2.6,None,755.17,27.51,"LINESTRING (50.184 26.498, 50.0888 26.4207)"
LEG00754-1,SHP00754,1,FAC_F005,Tarragona Equipment Vendor,Vendor,Spain,41.1189,1.2445,FAC_F001,Zaragoza Distribution Hub,Warehouse,Spain,41.6488,-0.8891,Road,CAR011,,2025-02-28T10:00:00,2025-02-28T11:09:06,2025-03-01T00:00:00,2025-03-01T02:23:38,237.6,247.1,14.0,15.2,1.2,None,1089.34,244.13,"LINESTRING (1.2445 41.1189, -0.8891 41.6488)"
LEG00755-1,SHP00755,1,FAC_F012,Antwerp EPC Supplier Yard,Vendor,Belgium,51.2194,4.4025,PORT_P007,Port of Antwerp-Bruges,Port,Belgium,51.2639,4.4009,Road,CAR006,,2024-08-06T09:00:00,2024-08-06T11:21:37,2024-08-06T18:42:00,2024-08-07T01:02:40,6.1,6.5,9.7,13.7,4.0,None,565.06,9.21,"LINESTRING (4.4025 51.2194, 4.4009 51.2639)"
LEG00755-2,SHP00755,2,PORT_P007,Port of Antwerp-Bruges,Port,Belgium,51.2639,4.4009,PORT_P016,Port of Alexandria,Port,Egypt,31.2001,29.9187,Container Sea,CAR006,,2024-08-06T23:03:02,2024-08-07T11:58:52,2024-08-13T15:03:02,2024-08-15T03:44:57,3382.5,3366.6,160.0,183.8,23.8,Road permit delay,4906.43,904.13,"LINESTRING (4.4009 51.2639, 29.9187 31.2001)"
LEG00755-3,SHP00755,3,PORT_P016,Port of Alexandria,Port,Egypt,31.2001,29.9187,FAC_F016,Alexandria Water Project Site,Project Site,Egypt,31.2001,29.9187,Road,CAR006,,2024-08-13T20:49:34,2024-08-15T17:42:18,2024-08-14T00:43:34,2024-08-15T20:46:46,0.0,0.0,3.9,3.1,0,None,540.0,0.0,"LINESTRING (29.9187 31.2001, 29.9187 31.2001)"
LEG00756-1,SHP00756,1,FAC_F012,Antwerp EPC Supplier Yard,Vendor,Belgium,51.2194,4.4025,PORT_P007,Port of Antwerp-Bruges,Port,Belgium,51.2639,4.4009,Road,CAR004,V012,2024-11-15T07:00:00,2024-11-15T06:40:10,2024-11-15T17:06:00,2024-11-15T15:46:41,6.4,6.9,10.1,9.1,0,None,454.1,10.11,"LINESTRING (4.4025 51.2194, 4.4009 51.2639)"
LEG00756-2,SHP00756,2,PORT_P007,Port of Antwerp-Bruges,Port,Belgium,51.2639,4.4009,PORT_P012,Port of Casablanca,Port,Morocco,33.605,-7.611,Sea Breakbulk,CAR004,V012,2024-11-15T22:08:39,2024-11-16T08:24:10,2024-11-21T10:50:39,2024-11-21T19:11:25,2413.5,2485.9,132.7,130.8,0,None,6605.59,920.58,"LINESTRING (4.4009 51.2639, -7.611 33.605)"
LEG00756-3,SHP00756,3,PORT_P012,Port of Casablanca,Port,Morocco,33.605,-7.611,FAC_F008,Casablanca Desalination Site,Project Site,Morocco,33.5731,-7.5898,Road,CAR004,V012,2024-11-22T00:21:18,2024-11-22T05:39:44,2024-11-22T10:15:18,2024-11-22T16:27:02,5.1,5.3,9.9,10.8,0.9,None,448.97,7.77,"LINESTRING (-7.611 33.605, -7.5898 33.5731)"
LEG00757-1,SHP00757,1,FAC_F012,Antwerp EPC Supplier Yard,Vendor,Belgium,51.2194,4.4025,PORT_P007,Port of Antwerp-Bruges,Port,Belgium,51.2639,4.4009,Road,CAR010,V007,2025-05-21T08:00:00,2025-05-21T09:35:14,2025-05-21T13:24:00,2025-05-21T13:06:11,6.4,6.6,5.4,3.5,0,None,465.19,20.92,"LINESTRING (4.4025 51.2194, 4.4009 51.2639)"
LEG00757-2,SHP00757,2,PORT_P007,Port of Antwerp-Bruges,Port,Belgium,51.2639,4.4009,PORT_P009,Port of Marseille-Fos,Port,France,43.437,4.943,Sea Breakbulk,CAR010,V007,2025-05-22T03:39:52,2025-05-21T17:43:45,2025-05-24T21:09:52,2025-05-24T15:03:40,972.4,983.7,65.5,69.3,3.8,None,5435.56,787.83,"LINESTRING (4.4009 51.2639, 4.943 43.437)"
LEG00757-3,SHP00757,3,PORT_P009,Port of Marseille-Fos,Port,France,43.437,4.943,FAC_F018,Marseille Wind Substation Site,Project Site,France,43.2965,5.3698,Road,CAR010,V007,2025-05-25T04:17:00,2025-05-25T02:44:48,2025-05-25T12:23:00,2025-05-25T10:48:33,47.8,48.3,8.1,8.1,0,None,674.87,153.12,"LINESTRING (4.943 43.437, 5.3698 43.2965)"
LEG00758-1,SHP00758,1,FAC_F005,Tarragona Equipment Vendor,Vendor,Spain,41.1189,1.2445,FAC_F001,Zaragoza Distribution Hub,Warehouse,Spain,41.6488,-0.8891,Road,CAR008,,2025-07-10T08:00:00,2025-07-10T09:45:10,2025-07-10T20:12:00,2025-07-11T01:55:19,248.8,265.9,12.2,16.2,4.0,None,4615.15,1260.75,"LINESTRING (1.2445 41.1189, -0.8891 41.6488)"
LEG00759-1,SHP00759,1,FAC_F011,Rotterdam Consolidation Hub,Consolidation Hub,Netherlands,51.9244,4.4777,PORT_P006,Port of Rotterdam,Port,Netherlands,51.947,4.142,Road,CAR007,V005,2025-05-27T10:00:00,2025-05-27T12:02:48,2025-05-27T17:42:00,2025-05-27T18:17:22,28.8,30.6,7.7,6.2,0,None,356.82,1.16,"LINESTRING (4.4777 51.9244, 4.142 51.947)"
LEG00759-2,SHP00759,2,PORT_P006,Port of Rotterdam,Port,Netherlands,51.947,4.142,PORT_P018,Port of Dammam,Port,Saudi Arabia,26.498,50.184,Sea Breakbulk,CAR007,V005,2025-05-28T09:07:28,2025-05-28T02:08:21,2025-06-06T07:43:28,2025-06-06T02:50:52,4879.5,4873.4,214.6,216.7,2.1,None,4558.74,46.78,"LINESTRING (4.142 51.947, 50.184 26.498)"
LEG00759-3,SHP00759,3,PORT_P018,Port of Dammam,Port,Saudi Arabia,26.498,50.184,FAC_F017,Dammam Gas Project Site,Project Site,Saudi Arabia,26.4207,50.0888,Road,CAR007,V005,2025-06-06T18:13:55,2025-06-06T07:12:30,2025-06-07T02:37:55,2025-06-06T13:43:23,14.9,15.4,8.4,6.5,0,None,338.53,0.59,"LINESTRING (50.184 26.498, 50.0888 26.4207)"
LEG00760-1,SHP00760,1,FAC_F014,Cadiz Module Yard,Module Yard,Spain,36.5271,-6.2886,PORT_P003,Port of Algeciras,Port,Spain,36.1324,-5.4479,Road,CAR007,V005,2024-07-30T08:00:00,2024-07-30T07:56:27,2024-07-30T18:00:00,2024-07-30T23:28:43,102.8,109.0,10.0,15.5,5.5,Port congestion,1351.58,251.42,"LINESTRING (-6.2886 36.5271, -5.4479 36.1324)"
LEG00760-2,SHP00760,2,PORT_P003,Port of Algeciras,Port,Spain,36.1324,-5.4479,PORT_P005,Port of Sines,Port,Portugal,37.9543,-8.8631,Sea Breakbulk,CAR007,V005,2024-07-31T05:20:14,2024-07-31T15:10:55,2024-08-01T13:02:14,2024-08-01T21:50:06,382.6,396.3,31.7,30.7,0,None,6102.01,230.93,"LINESTRING (-5.4479 36.1324, -8.8631 37.9543)"
LEG00760-3,SHP00760,3,PORT_P005,Port of Sines,Port,Portugal,37.9543,-8.8631,FAC_F007,Sines Energy Project Site,Project Site,Portugal,37.956,-8.868,Road,CAR007,V005,2024-08-01T17:36:50,2024-08-02T01:50:06,2024-08-02T01:30:50,2024-08-02T12:09:05,0.6,0.6,7.9,10.3,2.4,Documentation issue,673.35,1.38,"LINESTRING (-8.8631 37.9543, -8.868 37.956)"
LEG00761-1,SHP00761,1,FAC_F012,Antwerp EPC Supplier Yard,Vendor,Belgium,51.2194,4.4025,PORT_P007,Port of Antwerp-Bruges,Port,Belgium,51.2639,4.4009,Road,CAR007,V005,2025-03-07T15:00:00,2025-03-07T16:57:01,2025-03-07T22:36:00,2025-03-07T23:43:14,5.7,6.1,7.6,6.8,0,None,638.26,32.44,"LINESTRING (4.4025 51.2194, 4.4009 51.2639)"
LEG00761-2,SHP00761,2,PORT_P007,Port of Antwerp-Bruges,Port,Belgium,51.2639,4.4009,PORT_P009,Port of Marseille-Fos,Port,France,43.437,4.943,Sea Breakbulk,CAR007,V005,2025-03-08T05:57:36,2025-03-08T04:54:07,2025-03-10T20:09:36,2025-03-10T19:02:55,959.3,964.0,62.2,62.1,0,None,8800.17,1295.15,"LINESTRING (4.4009 51.2639, 4.943 43.437)"
LEG00761-3,SHP00761,3,PORT_P009,Port of Marseille-Fos,Port,France,43.437,4.943,FAC_F018,Marseille Wind Substation Site,Project Site,France,43.2965,5.3698,Road,CAR007,V005,2025-03-11T06:46:55,2025-03-11T09:31:58,2025-03-11T15:40:55,2025-03-12T22:38:38,50.0,51.7,8.9,37.1,28.2,Carrier capacity,1103.71,274.95,"LINESTRING (4.943 43.437, 5.3698 43.2965)"
LEG00762-1,SHP00762,1,FAC_F004,Bilbao Steel Fabricator,Vendor,Spain,43.263,-2.935,PORT_P004,Port of Bilbao,Port,Spain,43.3476,-3.0443,Road,CAR007,V011,2024-03-18T13:00:00,2024-03-18T15:48:27,2024-03-18T22:48:00,2024-03-19T02:37:06,15.5,16.7,9.8,10.8,1.0,None,709.34,71.44,"LINESTRING (-2.935 43.263, -3.0443 43.3476)"
LEG00762-2,SHP00762,2,PORT_P004,Port of Bilbao,Port,Spain,43.3476,-3.0443,PORT_P006,Port of Rotterdam,Port,Netherlands,51.947,4.142,Sea Breakbulk,CAR007,V011,2024-03-19T03:59:28,2024-03-19T18:06:05,2024-03-23T00:59:28,2024-03-23T18:59:59,1220.3,1281.9,93.0,96.9,3.9,None,8934.37,1385.37,"LINESTRING (-3.0443 43.3476, 4.142 51.947)"
LEG00762-3,SHP00762,3,PORT_P006,Port of Rotterdam,Port,Netherlands,51.947,4.142,FAC_F011,Rotterdam Consolidation Hub,Consolidation Hub,Netherlands,51.9244,4.4777,Road,CAR007,V011,2024-03-23T08:17:20,2024-03-24T05:40:27,2024-03-23T12:59:20,2024-03-24T12:29:48,29.8,30.6,4.7,6.8,2.1,None,820.32,130.9,"LINESTRING (4.142 51.947, 4.4777 51.9244)"
LEG00763-1,SHP00763,1,FAC_F012,Antwerp EPC Supplier Yard,Vendor,Belgium,51.2194,4.4025,PORT_P007,Port of Antwerp-Bruges,Port,Belgium,51.2639,4.4009,Road,CAR006,,2025-04-01T08:00:00,2025-04-01T07:09:22,2025-04-01T12:36:00,2025-04-01T14:37:26,5.6,6.0,4.6,7.5,2.9,None,692.02,4.39,"LINESTRING (4.4025 51.2194, 4.4009 51.2639)"
LEG00763-2,SHP00763,2,PORT_P007,Port of Antwerp-Bruges,Port,Belgium,51.2639,4.4009,PORT_P016,Port of Alexandria,Port,Egypt,31.2001,29.9187,Container Sea,CAR006,,2025-04-01T18:23:30,2025-04-01T23:00:15,2025-04-07T08:41:30,2025-04-07T13:40:35,3133.9,3261.9,134.3,134.7,0.4,None,5148.61,452.69,"LINESTRING (4.4009 51.2639, 29.9187 31.2001)"
LEG00763-3,SHP00763,3,PORT_P016,Port of Alexandria,Port,Egypt,31.2001,29.9187,FAC_F016,Alexandria Water Project Site,Project Site,Egypt,31.2001,29.9187,Road,CAR006,,2025-04-07T23:41:19,2025-04-07T20:39:26,2025-04-08T08:17:19,2025-04-08T04:20:42,0.0,0.0,8.6,7.7,0,None,669.6,0.0,"LINESTRING (29.9187 31.2001, 29.9187 31.2001)"
LEG00764-1,SHP00764,1,FAC_F013,Valencia Export Depot,Warehouse,Spain,39.4699,-0.3763,PORT_P001,Port of Valencia,Port,Spain,39.461,-0.323,Road,CAR010,V004,2024-10-10T13:00:00,2024-10-10T14:53:43,2024-10-10T22:12:00,2024-10-11T00:25:57,5.3,5.3,9.2,9.5,0.3,None,450.08,8.9,"LINESTRING (-0.3763 39.4699, -0.323 39.461)"
LEG00764-2,SHP00764,2,PORT_P001,Port of Valencia,Port,Spain,39.461,-0.323,PORT_P016,Port of Alexandria,Port,Egypt,31.2001,29.9187,Sea Breakbulk,CAR010,V004,2024-10-11T05:45:40,2024-10-11T13:35:04,2024-10-16T06:33:40,2024-10-17T10:25:38,2941.6,3160.2,120.8,140.8,20.0,Weather disruption,7840.59,1340.94,"LINESTRING (-0.323 39.461, 29.9187 31.2001)"
LEG00764-3,SHP00764,3,PORT_P016,Port of Alexandria,Port,Egypt,31.2001,29.9187,FAC_F016,Alexandria Water Project Site,Project Site,Egypt,31.2001,29.9187,Road,CAR010,V004,2024-10-16T12:22:17,2024-10-17T16:46:57,2024-10-16T19:04:17,2024-10-18T13:04:13,0.0,0.0,6.7,20.3,13.6,Carrier capacity,432.0,0.0,"LINESTRING (29.9187 31.2001, 29.9187 31.2001)"
LEG00765-1,SHP00765,1,FAC_F004,Bilbao Steel Fabricator,Vendor,Spain,43.263,-2.935,PORT_P004,Port of Bilbao,Port,Spain,43.3476,-3.0443,Road,CAR003,V002,2025-03-28T08:00:00,2025-03-28T09:04:41,2025-03-28T14:42:00,2025-03-28T15:57:50,14.8,15.0,6.7,6.9,0.2,None,1118.08,70.0,"LINESTRING (-2.935 43.263, -3.0443 43.3476)"
LEG00765-2,SHP00765,2,PORT_P004,Port of Bilbao,Port,Spain,43.3476,-3.0443,PORT_P012,Port of Casablanca,Port,Morocco,33.605,-7.611,RoRo,CAR003,V002,2025-03-28T20:28:31,2025-03-29T07:36:29,2025-03-31T13:40:31,2025-04-01T22:40:29,1247.3,1270.9,65.2,87.1,21.9,Customs hold,9999.6,1872.8,"LINESTRING (-3.0443 43.3476, -7.611 33.605)"
LEG00765-3,SHP00765,3,PORT_P012,Port of Casablanca,Port,Morocco,33.605,-7.611,FAC_F008,Casablanca Desalination Site,Project Site,Morocco,33.5731,-7.5898,Road,CAR003,V002,2025-04-01T00:00:14,2025-04-02T14:58:19,2025-04-01T07:42:14,2025-04-03T00:30:06,4.8,4.8,7.7,9.5,1.8,None,964.89,22.4,"LINESTRING (-7.611 33.605, -7.5898 33.5731)"
LEG00766-1,SHP00766,1,FAC_F014,Cadiz Module Yard,Module Yard,Spain,36.5271,-6.2886,PORT_P003,Port of Algeciras,Port,Spain,36.1324,-5.4479,Road,CAR003,V002,2025-09-30T11:00:00,2025-09-30T11:20:03,2025-09-30T22:06:00,2025-09-30T23:45:11,111.5,119.0,11.1,12.4,1.3,None,821.86,158.84,"LINESTRING (-6.2886 36.5271, -5.4479 36.1324)"
LEG00766-2,SHP00766,2,PORT_P003,Port of Algeciras,Port,Spain,36.1324,-5.4479,PORT_P012,Port of Casablanca,Port,Morocco,33.605,-7.611,RoRo,CAR003,V002,2025-10-01T06:14:27,2025-10-01T17:25:24,2025-10-02T07:38:27,2025-10-03T21:12:02,356.2,377.5,25.4,51.8,26.4,Customs hold,1601.84,159.12,"LINESTRING (-5.4479 36.1324, -7.611 33.605)"
LEG00766-3,SHP00766,3,PORT_P012,Port of Casablanca,Port,Morocco,33.605,-7.611,FAC_F008,Casablanca Desalination Site,Project Site,Morocco,33.5731,-7.5898,Road,CAR003,V002,2025-10-02T17:35:18,2025-10-04T07:01:11,2025-10-03T01:59:18,2025-10-04T18:20:49,4.9,5.3,8.4,11.3,2.9,None,449.36,7.07,"LINESTRING (-7.611 33.605, -7.5898 33.5731)"
LEG00767-1,SHP00767,1,FAC_F012,Antwerp EPC Supplier Yard,Vendor,Belgium,51.2194,4.4025,PORT_P007,Port of Antwerp-Bruges,Port,Belgium,51.2639,4.4009,Road,CAR010,V007,2025-11-03T08:00:00,2025-11-03T08:08:42,2025-11-03T16:42:00,2025-11-03T18:12:39,5.9,6.4,8.7,10.1,1.4,None,580.65,20.27,"LINESTRING (4.4025 51.2194, 4.4009 51.2639)"
LEG00767-2,SHP00767,2,PORT_P007,Port of Antwerp-Bruges,Port,Belgium,51.2639,4.4009,PORT_P009,Port of Marseille-Fos,Port,France,43.437,4.943,Sea Breakbulk,CAR010,V007,2025-11-03T23:10:17,2025-11-04T01:18:03,2025-11-06T15:46:17,2025-11-06T18:04:19,919.8,955.0,64.6,64.8,0.2,None,6742.07,764.15,"LINESTRING (4.4009 51.2639, 4.943 43.437)"
LEG00767-3,SHP00767,3,PORT_P009,Port of Marseille-Fos,Port,France,43.437,4.943,FAC_F018,Marseille Wind Substation Site,Project Site,France,43.2965,5.3698,Road,CAR010,V007,2025-11-07T05:42:22,2025-11-07T06:14:24,2025-11-07T14:36:22,2025-11-07T15:55:03,47.6,49.2,8.9,9.7,0.8,None,852.48,155.83,"LINESTRING (4.943 43.437, 5.3698 43.2965)"
LEG00768-1,SHP00768,1,FAC_F005,Tarragona Equipment Vendor,Vendor,Spain,41.1189,1.2445,PORT_P002,Port of Barcelona,Port,Spain,41.3522,2.1686,Road,CAR006,,2025-11-26T11:00:00,2025-11-26T11:07:13,2025-11-26T22:12:00,2025-11-27T01:04:09,95.1,98.2,11.2,13.9,2.7,None,471.3,44.13,"LINESTRING (1.2445 41.1189, 2.1686 41.3522)"
LEG00768-2,SHP00768,2,PORT_P002,Port of Barcelona,Port,Spain,41.3522,2.1686,PORT_P009,Port of Marseille-Fos,Port,France,43.437,4.943,Container Sea,CAR006,,2025-11-27T08:55:04,2025-11-27T05:22:35,2025-11-29T02:43:04,2025-11-28T23:28:22,339.4,349.1,41.8,42.1,0.3,None,1269.8,29.72,"LINESTRING (2.1686 41.3522, 4.943 43.437)"
LEG00768-3,SHP00768,3,PORT_P009,Port of Marseille-Fos,Port,France,43.437,4.943,FAC_F018,Marseille Wind Substation Site,Project Site,France,43.2965,5.3698,Road,CAR006,,2025-11-29T11:39:25,2025-11-29T12:16:41,2025-11-29T20:03:25,2025-11-29T19:09:53,45.6,49.2,8.4,6.9,0,None,395.81,22.11,"LINESTRING (4.943 43.437, 5.3698 43.2965)"
LEG00769-1,SHP00769,1,FAC_F001,Zaragoza Distribution Hub,Warehouse,Spain,41.6488,-0.8891,PORT_P001,Port of Valencia,Port,Spain,39.461,-0.323,Road,CAR010,V004,2024-08-19T13:00:00,2024-08-19T13:24:07,2024-08-20T00:54:00,2024-08-19T23:32:45,294.2,302.5,11.9,10.1,0,None,1480.89,529.63,"LINESTRING (-0.8891 41.6488, -0.323 39.461)"
LEG00769-2,SHP00769,2,PORT_P001,Port of Valencia,Port,Spain,39.461,-0.323,PORT_P018,Port of Dammam,Port,Saudi Arabia,26.498,50.184,Sea Breakbulk,CAR010,V004,2024-08-20T08:30:41,2024-08-20T07:46:03,2024-08-28T09:18:41,2024-08-29T00:12:00,5138.0,5438.0,192.8,208.4,15.6,Customs hold,11307.87,2405.34,"LINESTRING (-0.323 39.461, 50.184 26.498)"
LEG00769-3,SHP00769,3,PORT_P018,Port of Dammam,Port,Saudi Arabia,26.498,50.184,FAC_F017,Dammam Gas Project Site,Project Site,Saudi Arabia,26.4207,50.0888,Road,CAR010,V004,2024-08-28T21:33:25,2024-08-29T05:35:03,2024-08-29T02:09:25,2024-08-29T12:55:51,15.6,16.8,4.6,7.3,2.7,None,490.25,29.41,"LINESTRING (50.184 26.498, 50.0888 26.4207)"
LEG00770-1,SHP00770,1,FAC_F009,Lyon Fabrication Partner,Vendor,France,45.764,4.8357,PORT_P009,Port of Marseille-Fos,Port,France,43.437,4.943,Road,CAR004,V008,2024-04-29T08:00:00,2024-04-29T08:37:15,2024-04-29T23:30:00,2024-04-29T23:09:57,303.1,317.5,15.5,14.5,0,None,2338.19,532.67,"LINESTRING (4.8357 45.764, 4.943 43.437)"
LEG00770-2,SHP00770,2,PORT_P009,Port of Marseille-Fos,Port,France,43.437,4.943,PORT_P001,Port of Valencia,Port,Spain,39.461,-0.323,Sea Breakbulk,CAR004,V008,2024-04-30T12:40:10,2024-04-30T04:26:39,2024-05-03T07:34:10,2024-05-03T19:22:15,667.8,682.6,66.9,86.9,20.0,Customs hold,6552.56,289.31,"LINESTRING (4.943 43.437, -0.323 39.461)"
LEG00770-3,SHP00770,3,PORT_P001,Port of Valencia,Port,Spain,39.461,-0.323,FAC_F001,Zaragoza Distribution Hub,Warehouse,Spain,41.6488,-0.8891,Road,CAR004,V008,2024-05-03T14:56:07,2024-05-04T08:21:03,2024-05-04T03:20:07,2024-05-04T21:08:46,315.8,316.2,12.4,12.8,0.4,None,2331.36,530.49,"LINESTRING (-0.323 39.461, -0.8891 41.6488)"
LEG00771-1,SHP00771,1,FAC_F012,Antwerp EPC Supplier Yard,Vendor,Belgium,51.2194,4.4025,PORT_P007,Port of Antwerp-Bruges,Port,Belgium,51.2639,4.4009,Road,CAR004,V012,2025-04-14T12:00:00,2025-04-14T12:39:12,2025-04-14T16:00:00,2025-04-14T17:14:10,6.5,6.5,4.0,4.6,0.6,None,731.35,26.47,"LINESTRING (4.4025 51.2194, 4.4009 51.2639)"
LEG00771-2,SHP00771,2,PORT_P007,Port of Antwerp-Bruges,Port,Belgium,51.2639,4.4009,PORT_P016,Port of Alexandria,Port,Egypt,31.2001,29.9187,Sea Breakbulk,CAR004,V012,2025-04-14T23:38:12,2025-04-15T00:04:04,2025-04-21T06:26:12,2025-04-21T09:35:09,3171.7,3257.2,150.8,153.5,2.7,None,18939.0,3350.49,"LINESTRING (4.4009 51.2639, 29.9187 31.2001)"
LEG00771-3,SHP00771,3,PORT_P016,Port of Alexandria,Port,Egypt,31.2001,29.9187,FAC_F016,Alexandria Water Project Site,Project Site,Egypt,31.2001,29.9187,Road,CAR004,V012,2025-04-21T15:09:48,2025-04-21T23:53:16,2025-04-21T19:03:48,2025-04-22T04:43:09,0.0,0.0,3.9,4.8,0.9,None,669.6,0.0,"LINESTRING (29.9187 31.2001, 29.9187 31.2001)"
LEG00772-1,SHP00772,1,FAC_F013,Valencia Export Depot,Warehouse,Spain,39.4699,-0.3763,PORT_P001,Port of Valencia,Port,Spain,39.461,-0.323,Road,CAR006,,2025-11-06T14:00:00,2025-11-06T13:20:52,2025-11-06T23:30:00,2025-11-06T23:30:15,5.7,6.2,9.5,10.2,0.7,None,449.36,6.88,"LINESTRING (-0.3763 39.4699, -0.323 39.461)"
LEG00772-2,SHP00772,2,PORT_P001,Port of Valencia,Port,Spain,39.461,-0.323,PORT_P009,Port of Marseille-Fos,Port,France,43.437,4.943,Container Sea,CAR006,,2025-11-07T07:24:51,2025-11-07T09:15:38,2025-11-09T08:36:51,2025-11-10T07:16:30,692.3,744.0,49.2,70.0,20.8,Customs hold,2025.83,156.42,"LINESTRING (-0.323 39.461, 4.943 43.437)"
LEG00772-3,SHP00772,3,PORT_P009,Port of Marseille-Fos,Port,France,43.437,4.943,FAC_F018,Marseille Wind Substation Site,Project Site,France,43.2965,5.3698,Road,CAR006,,2025-11-09T23:01:40,2025-11-10T17:07:34,2025-11-10T07:19:40,2025-11-11T01:38:28,47.6,50.0,8.3,8.5,0.2,None,572.03,55.48,"LINESTRING (4.943 43.437, 5.3698 43.2965)"
LEG00773-1,SHP00773,1,FAC_F010,Milan Valve Plant,Vendor,Italy,45.4642,9.19,PORT_P010,Port of Genoa,Port,Italy,44.41,8.925,Road,CAR006,,2025-05-28T09:00:00,2025-05-28T10:27:04,2025-05-28T14:42:00,2025-05-28T17:00:27,134.4,144.1,5.7,6.6,0.9,None,1495.87,504.73,"LINESTRING (9.19 45.4642, 8.925 44.41)"
LEG00773-2,SHP00773,2,PORT_P010,Port of Genoa,Port,Italy,44.41,8.925,PORT_P005,Port of Sines,Port,Portugal,37.9543,-8.8631,Container Sea,CAR006,,2025-05-29T05:34:43,2025-05-29T04:55:31,2025-06-02T11:22:43,2025-06-03T15:46:16,1752.3,1812.6,101.8,130.8,29.0,Documentation issue,4746.44,1202.95,"LINESTRING (8.925 44.41, -8.8631 37.9543)"
LEG00773-3,SHP00773,3,PORT_P005,Port of Sines,Port,Portugal,37.9543,-8.8631,FAC_F007,Sines Energy Project Site,Project Site,Portugal,37.956,-8.868,Road,CAR006,,2025-06-02T21:56:02,2025-06-04T06:57:59,2025-06-03T07:38:02,2025-06-04T17:44:17,0.6,0.6,9.7,10.8,1.1,None,543.98,2.1,"LINESTRING (-8.8631 37.9543, -8.868 37.956)"
LEG00774-1,SHP00774,1,FAC_F012,Antwerp EPC Supplier Yard,Vendor,Belgium,51.2194,4.4025,PORT_P007,Port of Antwerp-Bruges,Port,Belgium,51.2639,4.4009,Road,CAR006,,2024-09-24T10:00:00,2024-09-24T09:38:33,2024-09-24T13:06:00,2024-09-25T02:46:23,6.4,6.7,3.1,17.1,14.0,Road permit delay,557.24,3.02,"LINESTRING (4.4025 51.2194, 4.4009 51.2639)"
LEG00774-2,SHP00774,2,PORT_P007,Port of Antwerp-Bruges,Port,Belgium,51.2639,4.4009,PORT_P012,Port of Casablanca,Port,Morocco,33.605,-7.611,Container Sea,CAR006,,2024-09-25T01:06:37,2024-09-25T13:30:14,2024-09-30T03:30:37,2024-09-30T18:56:07,2351.7,2384.3,122.4,125.4,3.0,None,3306.79,203.43,"LINESTRING (4.4009 51.2639, -7.611 33.605)"
LEG00774-3,SHP00774,3,PORT_P012,Port of Casablanca,Port,Morocco,33.605,-7.611,FAC_F008,Casablanca Desalination Site,Project Site,Morocco,33.5731,-7.5898,Road,CAR006,,2024-09-30T15:05:11,2024-10-01T05:37:49,2024-09-30T19:11:11,2024-10-01T10:12:18,5.3,5.4,4.1,4.6,0.5,None,553.89,2.43,"LINESTRING (-7.611 33.605, -7.5898 33.5731)"
LEG00775-1,SHP00775,1,FAC_F010,Milan Valve Plant,Vendor,Italy,45.4642,9.19,PORT_P010,Port of Genoa,Port,Italy,44.41,8.925,Road,CAR006,,2025-01-14T12:00:00,2025-01-14T12:34:51,2025-01-14T23:18:00,2025-01-15T03:32:58,147.4,150.5,11.3,15.0,3.7,None,1250.08,542.59,"LINESTRING (9.19 45.4642, 8.925 44.41)"
LEG00775-2,SHP00775,2,PORT_P010,Port of Genoa,Port,Italy,44.41,8.925,PORT_P006,Port of Rotterdam,Port,Netherlands,51.947,4.142,Container Sea,CAR006,,2025-01-15T13:11:47,2025-01-15T14:22:26,2025-01-18T11:53:47,2025-01-19T04:25:08,930.3,955.7,70.7,86.0,15.3,Customs hold,2765.48,652.84,"LINESTRING (8.925 44.41, 4.142 51.947)"
LEG00775-3,SHP00775,3,PORT_P006,Port of Rotterdam,Port,Netherlands,51.947,4.142,FAC_F011,Rotterdam Consolidation Hub,Consolidation Hub,Netherlands,51.9244,4.4777,Road,CAR006,,2025-01-18T17:46:25,2025-01-19T11:42:25,2025-01-19T01:34:25,2025-01-19T21:25:20,27.7,27.8,7.8,9.7,1.9,None,583.11,100.23,"LINESTRING (4.142 51.947, 4.4777 51.9244)"
LEG00776-1,SHP00776,1,FAC_F003,Puertollano Module Yard,Module Yard,Spain,38.6871,-4.1121,PORT_P003,Port of Algeciras,Port,Spain,36.1324,-5.4479,Road,CAR007,V011,2025-10-14T13:00:00,2025-10-14T13:33:40,2025-10-14T23:36:00,2025-10-14T23:24:21,374.3,371.3,10.6,9.8,0,None,5301.45,2672.67,"LINESTRING (-4.1121 38.6871, -5.4479 36.1324)"
LEG00776-2,SHP00776,2,PORT_P003,Port of Algeciras,Port,Spain,36.1324,-5.4479,PORT_P005,Port of Sines,Port,Portugal,37.9543,-8.8631,Sea Breakbulk,CAR007,V011,2025-10-15T09:53:09,2025-10-15T06:16:26,2025-10-17T13:47:09,2025-10-17T13:44:34,388.1,407.1,51.9,55.5,3.6,None,6706.82,740.3,"LINESTRING (-5.4479 36.1324, -8.8631 37.9543)"
LEG00776-3,SHP00776,3,PORT_P005,Port of Sines,Port,Portugal,37.9543,-8.8631,FAC_F007,Sines Energy Project Site,Project Site,Portugal,37.956,-8.868,Road,CAR007,V011,2025-10-17T23:31:18,2025-10-18T06:02:21,2025-10-18T09:19:18,2025-10-18T14:20:53,0.6,0.6,9.8,8.3,0,None,583.64,4.32,"LINESTRING (-8.8631 37.9543, -8.868 37.956)"
LEG00777-1,SHP00777,1,FAC_F001,Zaragoza Distribution Hub,Warehouse,Spain,41.6488,-0.8891,PORT_P001,Port of Valencia,Port,Spain,39.461,-0.323,Road,CAR006,,2025-11-05T11:00:00,2025-11-05T11:54:50,2025-11-06T00:54:00,2025-11-06T02:53:20,282.7,289.2,13.9,15.0,1.1,None,1153.78,240.12,"LINESTRING (-0.8891 41.6488, -0.323 39.461)"
LEG00777-2,SHP00777,2,PORT_P001,Port of Valencia,Port,Spain,39.461,-0.323,PORT_P018,Port of Dammam,Port,Saudi Arabia,26.498,50.184,Container Sea,CAR006,,2025-11-06T13:29:10,2025-11-06T15:33:12,2025-11-16T05:47:10,2025-11-16T08:22:44,5372.8,5658.5,232.3,232.8,0.5,None,4738.5,890.2,"LINESTRING (-0.323 39.461, 50.184 26.498)"
LEG00777-3,SHP00777,3,PORT_P018,Port of Dammam,Port,Saudi Arabia,26.498,50.184,FAC_F017,Dammam Gas Project Site,Project Site,Saudi Arabia,26.4207,50.0888,Road,CAR006,,2025-11-16T11:02:23,2025-11-16T12:47:52,2025-11-16T20:20:23,2025-11-18T05:41:48,15.4,16.5,9.3,40.9,31.6,Customs hold,473.18,13.7,"LINESTRING (50.184 26.498, 50.0888 26.4207)"
LEG00778-1,SHP00778,1,FAC_F012,Antwerp EPC Supplier Yard,Vendor,Belgium,51.2194,4.4025,PORT_P007,Port of Antwerp-Bruges,Port,Belgium,51.2639,4.4009,Road,CAR010,V004,2024-04-21T13:00:00,2024-04-21T13:22:40,2024-04-21T21:18:00,2024-04-22T00:46:10,6.2,6.2,8.3,11.4,3.1,None,726.68,25.01,"LINESTRING (4.4025 51.2194, 4.4009 51.2639)"
LEG00778-2,SHP00778,2,PORT_P007,Port of Antwerp-Bruges,Port,Belgium,51.2639,4.4009,PORT_P006,Port of Rotterdam,Port,Netherlands,51.947,4.142,Sea Breakbulk,CAR010,V004,2024-04-22T12:49:03,2024-04-22T05:49:16,2024-04-24T11:55:03,2024-04-24T08:02:31,81.4,82.6,47.1,50.2,3.1,None,5363.83,84.17,"LINESTRING (4.4009 51.2639, 4.142 51.947)"
LEG00778-3,SHP00778,3,PORT_P006,Port of Rotterdam,Port,Netherlands,51.947,4.142,FAC_F011,Rotterdam Consolidation Hub,Consolidation Hub,Netherlands,51.9244,4.4777,Road,CAR010,V004,2024-04-24T22:52:00,2024-04-24T17:20:19,2024-04-25T04:46:00,2024-04-25T00:09:04,28.5,28.7,5.9,6.8,0.9,None,933.8,115.77,"LINESTRING (4.142 51.947, 4.4777 51.9244)"
LEG00779-1,SHP00779,1,FAC_F010,Milan Valve Plant,Vendor,Italy,45.4642,9.19,PORT_P010,Port of Genoa,Port,Italy,44.41,8.925,Road,CAR007,V011,2025-10-29T14:00:00,2025-10-29T13:31:12,2025-10-29T20:42:00,2025-10-29T21:44:59,147.1,152.6,6.7,8.2,1.5,None,1095.86,180.92,"LINESTRING (9.19 45.4642, 8.925 44.41)"
LEG00779-2,SHP00779,2,PORT_P010,Port of Genoa,Port,Italy,44.41,8.925,PORT_P001,Port of Valencia,Port,Spain,39.461,-0.323,Sea Breakbulk,CAR007,V011,2025-10-30T02:34:36,2025-10-30T06:39:12,2025-11-02T03:16:36,2025-11-03T08:23:20,1024.7,1085.4,72.7,97.7,25.0,Port congestion,5697.57,325.1,"LINESTRING (8.925 44.41, -0.323 39.461)"
LEG00779-3,SHP00779,3,PORT_P001,Port of Valencia,Port,Spain,39.461,-0.323,FAC_F001,Zaragoza Distribution Hub,Warehouse,Spain,41.6488,-0.8891,Road,CAR007,V011,2025-11-02T10:11:16,2025-11-04T01:27:52,2025-11-02T21:35:16,2025-11-04T13:47:49,308.7,330.1,11.4,12.3,0.9,None,1742.41,391.37,"LINESTRING (-0.323 39.461, -0.8891 41.6488)"
LEG00780-1,SHP00780,1,FAC_F005,Tarragona Equipment Vendor,Vendor,Spain,41.1189,1.2445,FAC_F007,Sines Energy Project Site,Project Site,Portugal,37.956,-8.868,Road,CAR011,,2025-02-13T15:00:00,2025-02-13T16:33:21,2025-02-14T16:12:00,2025-02-14T19:12:00,1185.2,1200.4,25.2,26.6,1.4,None,6527.85,3853.34,"LINESTRING (1.2445 41.1189, -8.868 37.956)"
LEG00781-1,SHP00781,1,FAC_F012,Antwerp EPC Supplier Yard,Vendor,Belgium,51.2194,4.4025,FAC_F008,Casablanca Desalination Site,Project Site,Morocco,33.5731,-7.5898,Road,CAR008,,2024-12-16T10:00:00,2024-12-16T12:21:07,2024-12-18T13:30:00,2024-12-18T19:20:24,2655.6,2846.2,51.5,55.0,3.5,None,5071.74,1811.61,"LINESTRING (4.4025 51.2194, -7.5898 33.5731)"
LEG00782-1,SHP00782,1,FAC_F003,Puertollano Module Yard,Module Yard,Spain,38.6871,-4.1121,PORT_P003,Port of Algeciras,Port,Spain,36.1324,-5.4479,Road,CAR004,V001,2025-09-22T12:00:00,2025-09-22T14:28:46,2025-09-23T00:42:00,2025-09-23T03:20:52,408.9,413.0,12.7,12.9,0.2,None,1471.7,359.78,"LINESTRING (-4.1121 38.6871, -5.4479 36.1324)"
LEG00782-2,SHP00782,2,PORT_P003,Port of Algeciras,Port,Spain,36.1324,-5.4479,PORT_P018,Port of Dammam,Port,Saudi Arabia,26.498,50.184,Sea Breakbulk,CAR004,V001,2025-09-23T13:01:17,2025-09-23T18:09:39,2025-10-03T02:49:17,2025-10-03T08:19:47,5827.2,6038.0,229.8,230.2,0.4,None,9444.35,1328.84,"LINESTRING (-5.4479 36.1324, 50.184 26.498)"
LEG00782-3,SHP00782,3,PORT_P018,Port of Dammam,Port,Saudi Arabia,26.498,50.184,FAC_F017,Dammam Gas Project Site,Project Site,Saudi Arabia,26.4207,50.0888,Road,CAR004,V001,2025-10-03T17:43:32,2025-10-03T16:35:09,2025-10-04T01:37:32,2025-10-04T01:03:47,16.3,17.0,7.9,8.5,0.6,None,474.8,14.81,"LINESTRING (50.184 26.498, 50.0888 26.4207)"
LEG00783-1,SHP00783,1,FAC_F003,Puertollano Module Yard,Module Yard,Spain,38.6871,-4.1121,PORT_P003,Port of Algeciras,Port,Spain,36.1324,-5.4479,Road,CAR003,V006,2025-06-10T11:00:00,2025-06-10T12:35:43,2025-06-10T22:36:00,2025-06-11T15:32:45,394.8,392.3,11.6,27.0,15.4,Weather disruption,2055.49,463.99,"LINESTRING (-4.1121 38.6871, -5.4479 36.1324)"
LEG00783-2,SHP00783,2,PORT_P003,Port of Algeciras,Port,Spain,36.1324,-5.4479,PORT_P012,Port of Casablanca,Port,Morocco,33.605,-7.611,RoRo,CAR003,V006,2025-06-11T11:37:59,2025-06-12T07:48:56,2025-06-12T09:55:59,2025-06-13T20:42:03,351.1,352.4,22.3,36.9,14.6,Customs hold,1929.85,131.62,"LINESTRING (-5.4479 36.1324, -7.611 33.605)"
LEG00783-3,SHP00783,3,PORT_P012,Port of Casablanca,Port,Morocco,33.605,-7.611,FAC_F008,Casablanca Desalination Site,Project Site,Morocco,33.5731,-7.5898,Road,CAR003,V006,2025-06-12T22:00:25,2025-06-14T12:53:53,2025-06-13T03:06:25,2025-06-14T17:36:52,5.0,5.1,5.1,4.7,0,None,559.7,6.03,"LINESTRING (-7.611 33.605, -7.5898 33.5731)"
LEG00784-1,SHP00784,1,FAC_F004,Bilbao Steel Fabricator,Vendor,Spain,43.263,-2.935,PORT_P004,Port of Bilbao,Port,Spain,43.3476,-3.0443,Road,CAR007,V005,2025-01-30T13:00:00,2025-01-30T13:41:53,2025-01-30T16:48:00,2025-01-30T20:04:07,16.8,17.3,3.8,6.4,2.6,None,777.06,39.08,"LINESTRING (-2.935 43.263, -3.0443 43.3476)"
LEG00784-2,SHP00784,2,PORT_P004,Port of Bilbao,Port,Spain,43.3476,-3.0443,PORT_P006,Port of Rotterdam,Port,Netherlands,51.947,4.142,Sea Breakbulk,CAR007,V005,2025-01-30T20:53:47,2025-01-31T11:57:32,2025-02-02T07:41:47,2025-02-03T00:38:16,1219.3,1241.7,58.8,60.7,1.9,None,8377.12,708.66,"LINESTRING (-3.0443 43.3476, 4.142 51.947)"
LEG00784-3,SHP00784,3,PORT_P006,Port of Rotterdam,Port,Netherlands,51.947,4.142,FAC_F011,Rotterdam Consolidation Hub,Consolidation Hub,Netherlands,51.9244,4.4777,Road,CAR007,V005,2025-02-02T15:44:50,2025-02-03T14:30:43,2025-02-02T20:20:50,2025-02-03T21:41:59,27.0,27.3,4.6,7.2,2.6,None,839.17,61.67,"LINESTRING (4.142 51.947, 4.4777 51.9244)"
LEG00785-1,SHP00785,1,FAC_F004,Bilbao Steel Fabricator,Vendor,Spain,43.263,-2.935,FAC_F001,Zaragoza Distribution Hub,Warehouse,Spain,41.6488,-0.8891,Road,CAR002,,2024-01-08T11:00:00,2024-01-08T12:24:50,2024-01-08T23:30:00,2024-01-09T04:21:43,287.2,290.2,12.5,15.9,3.4,None,1930.61,994.69,"LINESTRING (-2.935 43.263, -0.8891 41.6488)"
LEG00786-1,SHP00786,1,FAC_F005,Tarragona Equipment Vendor,Vendor,Spain,41.1189,1.2445,PORT_P002,Port of Barcelona,Port,Spain,41.3522,2.1686,Road,CAR010,V014,2025-03-17T10:00:00,2025-03-17T11:00:40,2025-03-17T16:18:00,2025-03-17T20:15:23,105.7,105.3,6.3,9.2,2.9,None,1061.65,403.84,"LINESTRING (1.2445 41.1189, 2.1686 41.3522)"
LEG00786-2,SHP00786,2,PORT_P002,Port of Barcelona,Port,Spain,41.3522,2.1686,PORT_P005,Port of Sines,Port,Portugal,37.9543,-8.8631,Sea Breakbulk,CAR010,V014,2025-03-18T06:28:41,2025-03-18T05:05:33,2025-03-20T17:34:41,2025-03-21T03:08:17,1045.4,1119.9,59.1,70.0,10.9,Carrier capacity,6242.76,1085.05,"LINESTRING (2.1686 41.3522, -8.8631 37.9543)"
LEG00786-3,SHP00786,3,PORT_P005,Port of Sines,Port,Portugal,37.9543,-8.8631,FAC_F007,Sines Energy Project Site,Project Site,Portugal,37.956,-8.868,Road,CAR010,V014,2025-03-21T01:42:50,2025-03-21T13:04:41,2025-03-21T07:24:50,2025-03-22T12:56:18,0.6,0.6,5.7,23.9,18.2,Customs hold,435.59,2.3,"LINESTRING (-8.8631 37.9543, -8.868 37.956)"
LEG00787-1,SHP00787,1,FAC_F013,Valencia Export Depot,Warehouse,Spain,39.4699,-0.3763,PORT_P001,Port of Valencia,Port,Spain,39.461,-0.323,Road,CAR006,,2025-07-18T07:00:00,2025-07-18T09:55:50,2025-07-18T11:00:00,2025-07-18T15:57:14,5.9,5.9,4.0,6.0,2.0,None,327.33,0.46,"LINESTRING (-0.3763 39.4699, -0.323 39.461)"
LEG00787-2,SHP00787,2,PORT_P001,Port of Valencia,Port,Spain,39.461,-0.323,PORT_P009,Port of Marseille-Fos,Port,France,43.437,4.943,Container Sea,CAR006,,2025-07-19T01:44:20,2025-07-18T23:18:02,2025-07-21T16:02:20,2025-07-21T12:28:35,651.8,698.8,62.3,61.2,0,None,1339.72,10.31,"LINESTRING (-0.323 39.461, 4.943 43.437)"
LEG00787-3,SHP00787,3,PORT_P009,Port of Marseille-Fos,Port,France,43.437,4.943,FAC_F018,Marseille Wind Substation Site,Project Site,France,43.2965,5.3698,Road,CAR006,,2025-07-22T02:37:56,2025-07-21T16:56:12,2025-07-22T08:31:56,2025-07-22T02:18:39,48.4,51.8,5.9,9.4,3.5,None,384.35,4.04,"LINESTRING (4.943 43.437, 5.3698 43.2965)"
LEG00788-1,SHP00788,1,FAC_F002,Madrid Cross Dock,Cross Dock,Spain,40.4168,-3.7038,FAC_F001,Zaragoza Distribution Hub,Warehouse,Spain,41.6488,-0.8891,Road,CAR001,,2024-01-21T15:00:00,2024-01-21T17:04:49,2024-01-22T03:48:00,2024-01-22T09:06:28,345.6,352.1,12.8,16.0,3.2,None,1819.16,799.11,"LINESTRING (-3.7038 40.4168, -0.8891 41.6488)"
LEG00789-1,SHP00789,1,FAC_F011,Rotterdam Consolidation Hub,Consolidation Hub,Netherlands,51.9244,4.4777,PORT_P006,Port of Rotterdam,Port,Netherlands,51.947,4.142,Road,CAR004,V001,2025-05-27T11:00:00,2025-05-27T11:26:12,2025-05-27T20:42:00,2025-05-27T23:33:32,26.2,27.2,9.7,12.1,2.4,None,549.09,68.11,"LINESTRING (4.4777 51.9244, 4.142 51.947)"
LEG00789-2,SHP00789,2,PORT_P006,Port of Rotterdam,Port,Netherlands,51.947,4.142,PORT_P001,Port of Valencia,Port,Spain,39.461,-0.323,Sea Breakbulk,CAR004,V001,2025-05-28T04:14:40,2025-05-28T03:53:21,2025-05-31T01:08:40,2025-05-31T12:14:37,1556.9,1649.5,68.9,80.4,11.5,Customs hold,6348.54,1043.54,"LINESTRING (4.142 51.947, -0.323 39.461)"
LEG00789-3,SHP00789,3,PORT_P001,Port of Valencia,Port,Spain,39.461,-0.323,FAC_F001,Zaragoza Distribution Hub,Warehouse,Spain,41.6488,-0.8891,Road,CAR004,V001,2025-05-31T06:20:30,2025-05-31T22:58:31,2025-05-31T20:50:30,2025-06-01T12:31:00,292.8,302.7,14.5,13.5,0,None,1735.03,758.02,"LINESTRING (-0.323 39.461, -0.8891 41.6488)"
LEG00790-1,SHP00790,1,FAC_F014,Cadiz Module Yard,Module Yard,Spain,36.5271,-6.2886,PORT_P003,Port of Algeciras,Port,Spain,36.1324,-5.4479,Road,CAR006,,2025-11-04T08:00:00,2025-11-04T09:21:55,2025-11-04T16:06:00,2025-11-04T21:07:20,114.4,115.7,8.1,11.8,3.7,None,866.86,229.94,"LINESTRING (-6.2886 36.5271, -5.4479 36.1324)"
LEG00790-2,SHP00790,2,PORT_P003,Port of Algeciras,Port,Spain,36.1324,-5.4479,PORT_P009,Port of Marseille-Fos,Port,France,43.437,4.943,Container Sea,CAR006,,2025-11-05T06:02:21,2025-11-05T07:24:42,2025-11-08T01:32:21,2025-11-08T18:43:47,1283.4,1353.0,67.5,83.3,15.8,Documentation issue,2724.34,509.49,"LINESTRING (-5.4479 36.1324, 4.943 43.437)"
LEG00790-3,SHP00790,3,PORT_P009,Port of Marseille-Fos,Port,France,43.437,4.943,FAC_F018,Marseille Wind Substation Site,Project Site,France,43.2965,5.3698,Road,CAR006,,2025-11-08T07:13:30,2025-11-09T01:10:25,2025-11-08T17:55:30,2025-11-10T02:23:04,49.1,50.7,10.7,25.2,14.5,Road permit delay,622.56,100.76,"LINESTRING (4.943 43.437, 5.3698 43.2965)"
LEG00791-1,SHP00791,1,FAC_F012,Antwerp EPC Supplier Yard,Vendor,Belgium,51.2194,4.4025,PORT_P007,Port of Antwerp-Bruges,Port,Belgium,51.2639,4.4009,Road,CAR007,V011,2024-07-23T15:00:00,2024-07-23T15:51:03,2024-07-24T00:30:00,2024-07-23T23:48:42,6.0,6.4,9.5,8.0,0,None,692.95,4.72,"LINESTRING (4.4025 51.2194, 4.4009 51.2639)"
LEG00791-2,SHP00791,2,PORT_P007,Port of Antwerp-Bruges,Port,Belgium,51.2639,4.4009,PORT_P005,Port of Sines,Port,Portugal,37.9543,-8.8631,Sea Breakbulk,CAR007,V011,2024-07-24T07:21:47,2024-07-24T08:22:55,2024-07-28T18:21:47,2024-07-28T22:30:12,1911.9,2039.5,107.0,110.1,3.1,None,8027.32,380.33,"LINESTRING (4.4009 51.2639, -8.8631 37.9543)"
LEG00791-3,SHP00791,3,PORT_P005,Port of Sines,Port,Portugal,37.9543,-8.8631,FAC_F007,Sines Energy Project Site,Project Site,Portugal,37.956,-8.868,Road,CAR007,V011,2024-07-29T01:04:04,2024-07-29T07:46:36,2024-07-29T06:40:04,2024-07-30T13:20:23,0.6,0.6,5.6,29.6,24.0,Port congestion,671.79,0.44,"LINESTRING (-8.8631 37.9543, -8.868 37.956)"
LEG00792-1,SHP00792,1,FAC_F009,Lyon Fabrication Partner,Vendor,France,45.764,4.8357,FAC_F011,Rotterdam Consolidation Hub,Consolidation Hub,Netherlands,51.9244,4.4777,Road,CAR008,,2024-09-23T14:00:00,2024-09-23T13:52:49,2024-09-24T09:24:00,2024-09-24T11:02:38,858.7,908.3,19.4,21.2,1.8,Documentation issue,3940.58,1197.68,"LINESTRING (4.8357 45.764, 4.4777 51.9244)"
LEG00793-1,SHP00793,1,FAC_F012,Antwerp EPC Supplier Yard,Vendor,Belgium,51.2194,4.4025,PORT_P007,Port of Antwerp-Bruges,Port,Belgium,51.2639,4.4009,Road,CAR007,V005,2025-07-03T07:00:00,2025-07-03T06:38:09,2025-07-03T14:42:00,2025-07-04T09:19:28,6.4,6.4,7.7,26.7,19.0,Road permit delay,460.25,16.56,"LINESTRING (4.4025 51.2194, 4.4009 51.2639)"
LEG00793-2,SHP00793,2,PORT_P007,Port of Antwerp-Bruges,Port,Belgium,51.2639,4.4009,PORT_P016,Port of Alexandria,Port,Egypt,31.2001,29.9187,Sea Breakbulk,CAR007,V005,2025-07-03T22:58:33,2025-07-04T13:37:14,2025-07-10T00:40:33,2025-07-10T19:04:09,3212.4,3327.3,145.7,149.4,3.7,None,9682.28,2174.46,"LINESTRING (4.4009 51.2639, 29.9187 31.2001)"
LEG00793-3,SHP00793,3,PORT_P016,Port of Alexandria,Port,Egypt,31.2001,29.9187,FAC_F016,Alexandria Water Project Site,Project Site,Egypt,31.2001,29.9187,Road,CAR007,V005,2025-07-10T12:20:56,2025-07-11T07:03:50,2025-07-10T19:32:56,2025-07-11T22:02:33,0.0,0.0,7.2,15.0,7.8,Port congestion,432.0,0.0,"LINESTRING (29.9187 31.2001, 29.9187 31.2001)"
LEG00794-1,SHP00794,1,FAC_F014,Cadiz Module Yard,Module Yard,Spain,36.5271,-6.2886,PORT_P003,Port of Algeciras,Port,Spain,36.1324,-5.4479,Road,CAR006,,2024-10-01T10:00:00,2024-10-01T10:38:52,2024-10-01T16:12:00,2024-10-01T17:23:07,103.2,108.1,6.2,6.7,0.5,None,819.2,198.51,"LINESTRING (-6.2886 36.5271, -5.4479 36.1324)"
LEG00794-2,SHP00794,2,PORT_P003,Port of Algeciras,Port,Spain,36.1324,-5.4479,PORT_P009,Port of Marseille-Fos,Port,France,43.437,4.943,Container Sea,CAR006,,2024-10-02T07:05:30,2024-10-02T03:55:32,2024-10-05T14:11:30,2024-10-05T09:22:01,1294.1,1329.8,79.1,77.4,0,None,2648.03,462.69,"LINESTRING (-5.4479 36.1324, 4.943 43.437)"
LEG00794-3,SHP00794,3,PORT_P009,Port of Marseille-Fos,Port,France,43.437,4.943,FAC_F018,Marseille Wind Substation Site,Project Site,France,43.2965,5.3698,Road,CAR006,,2024-10-05T20:22:51,2024-10-05T18:20:04,2024-10-06T06:04:51,2024-10-07T00:00:28,43.0,43.7,9.7,29.7,20.0,Customs hold,588.53,80.25,"LINESTRING (4.943 43.437, 5.3698 43.2965)"
LEG00795-1,SHP00795,1,FAC_F012,Antwerp EPC Supplier Yard,Vendor,Belgium,51.2194,4.4025,PORT_P007,Port of Antwerp-Bruges,Port,Belgium,51.2639,4.4009,Road,CAR006,,2024-12-06T12:00:00,2024-12-06T12:38:54,2024-12-06T21:42:00,2024-12-07T00:29:39,6.0,6.3,9.7,11.8,2.1,None,446.47,4.26,"LINESTRING (4.4025 51.2194, 4.4009 51.2639)"
LEG00795-2,SHP00795,2,PORT_P007,Port of Antwerp-Bruges,Port,Belgium,51.2639,4.4009,PORT_P005,Port of Sines,Port,Portugal,37.9543,-8.8631,Container Sea,CAR006,,2024-12-07T01:55:28,2024-12-07T10:46:14,2024-12-11T05:19:28,2024-12-12T03:49:42,1919.3,1992.0,99.4,113.1,13.7,Carrier capacity,2579.91,255.29,"LINESTRING (4.4009 51.2639, -8.8631 37.9543)"
LEG00795-3,SHP00795,3,PORT_P005,Port of Sines,Port,Portugal,37.9543,-8.8631,FAC_F007,Sines Energy Project Site,Project Site,Portugal,37.956,-8.868,Road,CAR006,,2024-12-11T19:10:42,2024-12-12T14:38:45,2024-12-12T00:04:42,2024-12-12T19:06:27,0.6,0.6,4.9,4.5,0,None,433.38,0.41,"LINESTRING (-8.8631 37.9543, -8.868 37.956)"
LEG00796-1,SHP00796,1,FAC_F001,Zaragoza Distribution Hub,Warehouse,Spain,41.6488,-0.8891,PORT_P001,Port of Valencia,Port,Spain,39.461,-0.323,Road,CAR006,,2024-02-13T09:00:00,2024-02-13T08:24:10,2024-02-13T21:48:00,2024-02-13T20:45:36,312.6,330.6,12.8,12.4,0,None,812.56,149.5,"LINESTRING (-0.8891 41.6488, -0.323 39.461)"
LEG00796-2,SHP00796,2,PORT_P001,Port of Valencia,Port,Spain,39.461,-0.323,PORT_P005,Port of Sines,Port,Portugal,37.9543,-8.8631,Container Sea,CAR006,,2024-02-14T04:05:56,2024-02-14T00:16:36,2024-02-16T19:17:56,2024-02-16T15:20:42,843.7,886.9,63.2,63.1,0,None,1444.34,75.99,"LINESTRING (-0.323 39.461, -8.8631 37.9543)"
LEG00796-3,SHP00796,3,PORT_P005,Port of Sines,Port,Portugal,37.9543,-8.8631,FAC_F007,Sines Energy Project Site,Project Site,Portugal,37.956,-8.868,Road,CAR006,,2024-02-17T00:00:12,2024-02-17T07:37:43,2024-02-17T08:24:12,2024-02-17T18:28:55,0.6,0.6,8.4,10.9,2.5,None,320.89,0.27,"LINESTRING (-8.8631 37.9543, -8.868 37.956)"
LEG00797-1,SHP00797,1,FAC_F003,Puertollano Module Yard,Module Yard,Spain,38.6871,-4.1121,PORT_P003,Port of Algeciras,Port,Spain,36.1324,-5.4479,Road,CAR006,,2025-03-26T08:00:00,2025-03-26T09:26:55,2025-03-26T17:06:00,2025-03-26T19:41:12,363.1,379.8,9.1,10.2,1.1,None,2522.05,1349.07,"LINESTRING (-4.1121 38.6871, -5.4479 36.1324)"
LEG00797-2,SHP00797,2,PORT_P003,Port of Algeciras,Port,Spain,36.1324,-5.4479,PORT_P005,Port of Sines,Port,Portugal,37.9543,-8.8631,Container Sea,CAR006,,2025-03-27T03:56:38,2025-03-27T08:59:49,2025-03-29T05:44:38,2025-03-29T13:03:04,392.9,416.0,49.8,52.1,2.3,None,2086.87,279.98,"LINESTRING (-5.4479 36.1324, -8.8631 37.9543)"
LEG00797-3,SHP00797,3,PORT_P005,Port of Sines,Port,Portugal,37.9543,-8.8631,FAC_F007,Sines Energy Project Site,Project Site,Portugal,37.956,-8.868,Road,CAR006,,2025-03-29T14:00:35,2025-03-30T03:04:19,2025-03-29T21:30:35,2025-03-30T12:03:43,0.6,0.6,7.5,9.0,1.5,None,435.3,2.13,"LINESTRING (-8.8631 37.9543, -8.868 37.956)"
LEG00798-1,SHP00798,1,FAC_F001,Zaragoza Distribution Hub,Warehouse,Spain,41.6488,-0.8891,PORT_P001,Port of Valencia,Port,Spain,39.461,-0.323,Road,CAR007,V005,2025-12-12T12:00:00,2025-12-12T12:29:44,2025-12-13T02:54:00,2025-12-13T02:53:57,321.3,332.4,14.9,14.4,0,None,955.91,52.42,"LINESTRING (-0.8891 41.6488, -0.323 39.461)"
LEG00798-2,SHP00798,2,PORT_P001,Port of Valencia,Port,Spain,39.461,-0.323,PORT_P018,Port of Dammam,Port,Saudi Arabia,26.498,50.184,Sea Breakbulk,CAR007,V005,2025-12-13T18:11:12,2025-12-13T13:05:20,2025-12-22T18:59:12,2025-12-22T16:04:29,5261.2,5215.9,216.8,219.0,2.2,None,6283.65,207.8,"LINESTRING (-0.323 39.461, 50.184 26.498)"
LEG00798-3,SHP00798,3,PORT_P018,Port of Dammam,Port,Saudi Arabia,26.498,50.184,FAC_F017,Dammam Gas Project Site,Project Site,Saudi Arabia,26.4207,50.0888,Road,CAR007,V005,2025-12-23T10:23:12,2025-12-23T02:37:08,2025-12-23T17:29:12,2025-12-23T10:19:10,14.6,14.8,7.1,7.7,0.6,None,424.75,2.33,"LINESTRING (50.184 26.498, 50.0888 26.4207)"
LEG00799-1,SHP00799,1,FAC_F004,Bilbao Steel Fabricator,Vendor,Spain,43.263,-2.935,PORT_P004,Port of Bilbao,Port,Spain,43.3476,-3.0443,Road,CAR004,V001,2025-04-28T13:00:00,2025-04-28T13:31:49,2025-04-28T21:54:00,2025-04-28T21:49:12,16.5,17.5,8.9,8.3,0,None,486.93,24.06,"LINESTRING (-2.935 43.263, -3.0443 43.3476)"
LEG00799-2,SHP00799,2,PORT_P004,Port of Bilbao,Port,Spain,43.3476,-3.0443,PORT_P005,Port of Sines,Port,Portugal,37.9543,-8.8631,Sea Breakbulk,CAR004,V001,2025-04-29T06:14:16,2025-04-29T05:28:45,2025-05-02T01:08:16,2025-05-02T03:55:43,821.8,818.2,66.9,70.4,3.5,None,4321.11,284.14,"LINESTRING (-3.0443 43.3476, -8.8631 37.9543)"
LEG00799-3,SHP00799,3,PORT_P005,Port of Sines,Port,Portugal,37.9543,-8.8631,FAC_F007,Sines Energy Project Site,Project Site,Portugal,37.956,-8.868,Road,CAR004,V001,2025-05-02T12:52:10,2025-05-02T09:47:29,2025-05-02T20:52:10,2025-05-03T06:06:53,0.6,0.6,8.0,20.3,12.3,Road permit delay,433.88,0.82,"LINESTRING (-8.8631 37.9543, -8.868 37.956)"
LEG00800-1,SHP00800,1,FAC_F005,Tarragona Equipment Vendor,Vendor,Spain,41.1189,1.2445,FAC_F001,Zaragoza Distribution Hub,Warehouse,Spain,41.6488,-0.8891,Road,CAR002,,2025-09-30T14:00:00,2025-09-30T16:05:19,2025-10-01T00:54:00,2025-10-01T08:00:03,240.3,254.5,10.9,15.9,5.0,Road permit delay,3889.5,1407.61,"LINESTRING (1.2445 41.1189, -0.8891 41.6488)"
LEG00801-1,SHP00801,1,FAC_F012,Antwerp EPC Supplier Yard,Vendor,Belgium,51.2194,4.4025,PORT_P007,Port of Antwerp-Bruges,Port,Belgium,51.2639,4.4009,Road,CAR005,V013,2025-06-02T10:00:00,2025-06-02T11:09:56,2025-06-02T15:30:00,2025-06-02T18:47:58,6.4,6.4,5.5,7.6,2.1,None,335.68,9.92,"LINESTRING (4.4025 51.2194, 4.4009 51.2639)"
LEG00801-2,SHP00801,2,PORT_P007,Port of Antwerp-Bruges,Port,Belgium,51.2639,4.4009,PORT_P005,Port of Sines,Port,Portugal,37.9543,-8.8631,Container Sea,CAR005,V013,2025-06-02T23:32:07,2025-06-02T22:48:17,2025-06-07T11:50:07,2025-06-07T20:48:14,1895.6,1888.1,108.3,118.0,9.7,Customs hold,2209.67,554.65,"LINESTRING (4.4009 51.2639, -8.8631 37.9543)"
LEG00801-3,SHP00801,3,PORT_P005,Port of Sines,Port,Portugal,37.9543,-8.8631,FAC_F007,Sines Energy Project Site,Project Site,Portugal,37.956,-8.868,Road,CAR005,V013,2025-06-07T17:06:56,2025-06-08T00:15:00,2025-06-08T02:36:56,2025-06-08T10:03:19,0.5,0.5,9.5,9.8,0.3,None,321.23,0.78,"LINESTRING (-8.8631 37.9543, -8.868 37.956)"
LEG00802-1,SHP00802,1,FAC_F001,Zaragoza Distribution Hub,Warehouse,Spain,41.6488,-0.8891,PORT_P001,Port of Valencia,Port,Spain,39.461,-0.323,Road,CAR010,V007,2025-02-05T14:00:00,2025-02-05T15:23:42,2025-02-06T03:24:00,2025-02-06T08:32:19,283.1,295.2,13.4,17.1,3.7,None,1173.18,96.47,"LINESTRING (-0.8891 41.6488, -0.323 39.461)"
LEG00802-2,SHP00802,2,PORT_P001,Port of Valencia,Port,Spain,39.461,-0.323,PORT_P018,Port of Dammam,Port,Saudi Arabia,26.498,50.184,Sea Breakbulk,CAR010,V007,2025-02-06T09:25:23,2025-02-06T20:04:17,2025-02-15T05:13:23,2025-02-16T15:21:29,5326.9,5599.7,211.8,235.3,23.5,Customs hold,8681.61,462.31,"LINESTRING (-0.323 39.461, 50.184 26.498)"
LEG00802-3,SHP00802,3,PORT_P018,Port of Dammam,Port,Saudi Arabia,26.498,50.184,FAC_F017,Dammam Gas Project Site,Project Site,Saudi Arabia,26.4207,50.0888,Road,CAR010,V007,2025-02-15T13:47:55,2025-02-16T22:49:20,2025-02-15T19:23:55,2025-02-17T03:53:05,14.6,14.5,5.6,5.1,0,None,529.26,4.74,"LINESTRING (50.184 26.498, 50.0888 26.4207)"
LEG00803-1,SHP00803,1,FAC_F004,Bilbao Steel Fabricator,Vendor,Spain,43.263,-2.935,PORT_P004,Port of Bilbao,Port,Spain,43.3476,-3.0443,Road,CAR010,V007,2024-04-18T13:00:00,2024-04-18T14:02:04,2024-04-18T21:54:00,2024-04-19T02:01:41,14.5,14.7,8.9,12.0,3.1,None,475.09,18.42,"LINESTRING (-2.935 43.263, -3.0443 43.3476)"
LEG00803-2,SHP00803,2,PORT_P004,Port of Bilbao,Port,Spain,43.3476,-3.0443,PORT_P012,Port of Casablanca,Port,Morocco,33.605,-7.611,Sea Breakbulk,CAR010,V007,2024-04-19T12:01:15,2024-04-19T08:48:18,2024-04-22T09:13:15,2024-04-23T08:26:30,1282.8,1325.5,69.2,95.6,26.4,Road permit delay,4865.22,419.6,"LINESTRING (-3.0443 43.3476, -7.611 33.605)"
LEG00803-3,SHP00803,3,PORT_P012,Port of Casablanca,Port,Morocco,33.605,-7.611,FAC_F008,Casablanca Desalination Site,Project Site,Morocco,33.5731,-7.5898,Road,CAR010,V007,2024-04-22T15:14:55,2024-04-23T22:20:37,2024-04-22T23:44:55,2024-04-24T07:55:37,5.1,5.3,8.5,9.6,1.1,None,447.54,6.64,"LINESTRING (-7.611 33.605, -7.5898 33.5731)"
LEG00804-1,SHP00804,1,FAC_F013,Valencia Export Depot,Warehouse,Spain,39.4699,-0.3763,PORT_P001,Port of Valencia,Port,Spain,39.461,-0.323,Road,CAR003,V006,2024-03-06T15:00:00,2024-03-06T14:52:59,2024-03-06T20:54:00,2024-03-06T22:04:39,6.1,6.0,5.9,7.2,1.3,None,333.8,7.63,"LINESTRING (-0.3763 39.4699, -0.323 39.461)"
LEG00804-2,SHP00804,2,PORT_P001,Port of Valencia,Port,Spain,39.461,-0.323,PORT_P012,Port of Casablanca,Port,Morocco,33.605,-7.611,RoRo,CAR003,V006,2024-03-07T08:48:21,2024-03-07T13:28:09,2024-03-09T09:06:21,2024-03-09T12:11:53,964.7,1025.0,48.3,46.7,0,None,1713.0,411.74,"LINESTRING (-0.323 39.461, -7.611 33.605)"
LEG00804-3,SHP00804,3,PORT_P012,Port of Casablanca,Port,Morocco,33.605,-7.611,FAC_F008,Casablanca Desalination Site,Project Site,Morocco,33.5731,-7.5898,Road,CAR003,V006,2024-03-09T22:16:46,2024-03-10T03:52:33,2024-03-10T01:34:46,2024-03-10T07:27:53,5.1,5.1,3.3,3.6,0.3,None,331.73,6.49,"LINESTRING (-7.611 33.605, -7.5898 33.5731)"
LEG00805-1,SHP00805,1,FAC_F015,Tangier Free Zone DC,Warehouse,Morocco,35.7595,-5.834,PORT_P011,Port of Tanger Med,Port,Morocco,35.889,-5.501,Road,CAR005,V009,2024-06-12T11:00:00,2024-06-12T12:56:33,2024-06-12T19:54:00,2024-06-13T01:22:59,42.4,43.5,8.9,12.4,3.5,None,418.34,61.28,"LINESTRING (-5.834 35.7595, -5.501 35.889)"
LEG00805-2,SHP00805,2,PORT_P011,Port of Tanger Med,Port,Morocco,35.889,-5.501,PORT_P006,Port of Rotterdam,Port,Netherlands,51.947,4.142,Container Sea,CAR005,V009,2024-06-13T10:19:09,2024-06-13T10:10:33,2024-06-17T08:49:09,2024-06-18T02:00:38,2031.8,2145.9,94.5,111.8,17.3,Customs hold,2258.54,572.83,"LINESTRING (-5.501 35.889, 4.142 51.947)"
LEG00805-3,SHP00805,3,PORT_P006,Port of Rotterdam,Port,Netherlands,51.947,4.142,FAC_F011,Rotterdam Consolidation Hub,Consolidation Hub,Netherlands,51.9244,4.4777,Road,CAR005,V009,2024-06-17T14:33:55,2024-06-18T17:20:17,2024-06-17T22:15:55,2024-06-19T00:08:52,30.0,29.7,7.7,6.8,0,None,387.14,41.84,"LINESTRING (4.142 51.947, 4.4777 51.9244)"
LEG00806-1,SHP00806,1,FAC_F004,Bilbao Steel Fabricator,Vendor,Spain,43.263,-2.935,PORT_P004,Port of Bilbao,Port,Spain,43.3476,-3.0443,Road,CAR003,V002,2024-02-19T14:00:00,2024-02-19T13:14:19,2024-02-19T23:18:00,2024-02-20T02:08:14,16.1,16.7,9.3,12.9,3.6,None,488.41,24.35,"LINESTRING (-2.935 43.263, -3.0443 43.3476)"
LEG00806-2,SHP00806,2,PORT_P004,Port of Bilbao,Port,Spain,43.3476,-3.0443,PORT_P012,Port of Casablanca,Port,Morocco,33.605,-7.611,RoRo,CAR003,V002,2024-02-20T04:51:22,2024-02-20T16:12:32,2024-02-23T04:09:22,2024-02-23T13:36:45,1279.9,1345.0,71.3,69.4,0,None,2828.07,619.37,"LINESTRING (-3.0443 43.3476, -7.611 33.605)"
LEG00806-3,SHP00806,3,PORT_P012,Port of Casablanca,Port,Morocco,33.605,-7.611,FAC_F008,Casablanca Desalination Site,Project Site,Morocco,33.5731,-7.5898,Road,CAR003,V002,2024-02-23T18:25:12,2024-02-24T04:17:03,2024-02-24T04:01:12,2024-02-24T13:35:02,5.1,5.2,9.6,9.3,0,None,449.57,7.58,"LINESTRING (-7.611 33.605, -7.5898 33.5731)"
LEG00807-1,SHP00807,1,FAC_F011,Rotterdam Consolidation Hub,Consolidation Hub,Netherlands,51.9244,4.4777,PORT_P006,Port of Rotterdam,Port,Netherlands,51.947,4.142,Road,CAR005,V003,2025-11-03T12:00:00,2025-11-03T12:28:08,2025-11-03T19:48:00,2025-11-03T22:27:44,30.3,31.9,7.8,10.0,2.2,None,374.37,20.33,"LINESTRING (4.4777 51.9244, 4.142 51.947)"
LEG00807-2,SHP00807,2,PORT_P006,Port of Rotterdam,Port,Netherlands,51.947,4.142,PORT_P012,Port of Casablanca,Port,Morocco,33.605,-7.611,Container Sea,CAR005,V003,2025-11-04T00:51:34,2025-11-04T15:31:02,2025-11-08T02:33:34,2025-11-09T05:06:08,2369.7,2437.0,97.7,109.6,11.9,Weather disruption,2081.61,294.34,"LINESTRING (4.142 51.947, -7.611 33.605)"
LEG00807-3,SHP00807,3,PORT_P012,Port of Casablanca,Port,Morocco,33.605,-7.611,FAC_F008,Casablanca Desalination Site,Project Site,Morocco,33.5731,-7.5898,Road,CAR005,V003,2025-11-08T07:27:18,2025-11-09T09:14:49,2025-11-08T12:21:18,2025-11-09T16:04:53,4.6,4.9,4.9,6.8,1.9,None,328.35,3.12,"LINESTRING (-7.611 33.605, -7.5898 33.5731)"
LEG00808-1,SHP00808,1,FAC_F001,Zaragoza Distribution Hub,Warehouse,Spain,41.6488,-0.8891,PORT_P001,Port of Valencia,Port,Spain,39.461,-0.323,Road,CAR005,V009,2024-01-22T09:00:00,2024-01-22T11:39:58,2024-01-22T21:24:00,2024-01-22T23:43:13,292.8,293.5,12.4,12.1,0,None,984.56,421.86,"LINESTRING (-0.8891 41.6488, -0.323 39.461)"
LEG00808-2,SHP00808,2,PORT_P001,Port of Valencia,Port,Spain,39.461,-0.323,PORT_P005,Port of Sines,Port,Portugal,37.9543,-8.8631,Container Sea,CAR005,V009,2024-01-23T01:51:56,2024-01-23T05:46:48,2024-01-25T15:45:56,2024-01-25T22:13:02,832.3,883.4,61.9,64.4,2.5,None,1607.3,240.59,"LINESTRING (-0.323 39.461, -8.8631 37.9543)"
LEG00808-3,SHP00808,3,PORT_P005,Port of Sines,Port,Portugal,37.9543,-8.8631,FAC_F007,Sines Energy Project Site,Project Site,Portugal,37.956,-8.868,Road,CAR005,V009,2024-01-26T01:44:11,2024-01-26T12:46:58,2024-01-26T08:08:11,2024-01-26T20:52:46,0.6,0.6,6.4,8.1,1.7,None,321.36,0.86,"LINESTRING (-8.8631 37.9543, -8.868 37.956)"
LEG00809-1,SHP00809,1,FAC_F011,Rotterdam Consolidation Hub,Consolidation Hub,Netherlands,51.9244,4.4777,PORT_P006,Port of Rotterdam,Port,Netherlands,51.947,4.142,Road,CAR010,V004,2025-07-07T14:00:00,2025-07-07T15:56:40,2025-07-07T20:36:00,2025-07-08T00:00:25,26.6,27.9,6.6,8.1,1.5,None,543.75,61.73,"LINESTRING (4.4777 51.9244, 4.142 51.947)"
LEG00809-2,SHP00809,2,PORT_P006,Port of Rotterdam,Port,Netherlands,51.947,4.142,PORT_P018,Port of Dammam,Port,Saudi Arabia,26.498,50.184,Sea Breakbulk,CAR010,V004,2025-07-08T07:41:34,2025-07-08T10:05:47,2025-07-17T14:05:34,2025-07-18T11:27:41,4952.2,5020.5,222.4,241.4,19.0,Customs hold,11975.99,2806.26,"LINESTRING (4.142 51.947, 50.184 26.498)"
LEG00809-3,SHP00809,3,PORT_P018,Port of Dammam,Port,Saudi Arabia,26.498,50.184,FAC_F017,Dammam Gas Project Site,Project Site,Saudi Arabia,26.4207,50.0888,Road,CAR010,V004,2025-07-17T20:21:43,2025-07-18T20:42:07,2025-07-18T04:09:43,2025-07-19T03:24:03,16.9,17.0,7.8,6.7,0,None,500.09,37.61,"LINESTRING (50.184 26.498, 50.0888 26.4207)"
LEG00810-1,SHP00810,1,FAC_F014,Cadiz Module Yard,Module Yard,Spain,36.5271,-6.2886,PORT_P003,Port of Algeciras,Port,Spain,36.1324,-5.4479,Road,CAR004,V001,2025-12-10T15:00:00,2025-12-10T14:17:21,2025-12-10T21:36:00,2025-12-11T00:03:25,98.7,106.2,6.6,9.8,3.2,None,980.98,160.62,"LINESTRING (-6.2886 36.5271, -5.4479 36.1324)"
LEG00810-2,SHP00810,2,PORT_P003,Port of Algeciras,Port,Spain,36.1324,-5.4479,PORT_P016,Port of Alexandria,Port,Egypt,31.2001,29.9187,Sea Breakbulk,CAR004,V001,2025-12-11T04:03:01,2025-12-11T06:29:20,2025-12-16T15:15:01,2025-12-17T19:14:46,3633.9,3744.3,131.2,156.8,25.6,Customs hold,10637.33,1430.62,"LINESTRING (-5.4479 36.1324, 29.9187 31.2001)"
LEG00810-3,SHP00810,3,PORT_P016,Port of Alexandria,Port,Egypt,31.2001,29.9187,FAC_F016,Alexandria Water Project Site,Project Site,Egypt,31.2001,29.9187,Road,CAR004,V001,2025-12-16T21:42:02,2025-12-18T02:56:17,2025-12-17T04:12:02,2025-12-18T09:21:49,0.0,0.0,6.5,6.4,0,None,540.0,0.0,"LINESTRING (29.9187 31.2001, 29.9187 31.2001)"
LEG00811-1,SHP00811,1,FAC_F005,Tarragona Equipment Vendor,Vendor,Spain,41.1189,1.2445,PORT_P002,Port of Barcelona,Port,Spain,41.3522,2.1686,Road,CAR004,V001,2024-03-11T13:00:00,2024-03-11T15:07:33,2024-03-11T23:24:00,2024-03-12T02:43:17,93.9,98.2,10.4,11.6,1.2,None,774.33,36.48,"LINESTRING (1.2445 41.1189, 2.1686 41.3522)"
LEG00811-2,SHP00811,2,PORT_P002,Port of Barcelona,Port,Spain,41.3522,2.1686,PORT_P006,Port of Rotterdam,Port,Netherlands,51.947,4.142,Sea Breakbulk,CAR004,V001,2024-03-12T09:46:29,2024-03-12T07:50:45,2024-03-15T04:58:29,2024-03-15T05:20:32,1275.2,1343.8,67.2,69.5,2.3,None,5295.89,126.1,"LINESTRING (2.1686 41.3522, 4.142 51.947)"
LEG00811-3,SHP00811,3,PORT_P006,Port of Rotterdam,Port,Netherlands,51.947,4.142,FAC_F011,Rotterdam Consolidation Hub,Consolidation Hub,Netherlands,51.9244,4.4777,Road,CAR004,V001,2024-03-15T12:51:55,2024-03-15T09:50:09,2024-03-15T17:57:55,2024-03-15T14:46:36,26.3,27.3,5.1,4.9,0,None,605.14,10.14,"LINESTRING (4.142 51.947, 4.4777 51.9244)"
LEG00812-1,SHP00812,1,FAC_F009,Lyon Fabrication Partner,Vendor,France,45.764,4.8357,PORT_P009,Port of Marseille-Fos,Port,France,43.437,4.943,Road,CAR004,V008,2025-05-06T07:00:00,2025-05-06T06:42:07,2025-05-06T18:36:00,2025-05-07T02:01:01,329.4,341.0,11.6,19.3,7.7,Customs hold,1917.62,517.35,"LINESTRING (4.8357 45.764, 4.943 43.437)"
LEG00812-2,SHP00812,2,PORT_P009,Port of Marseille-Fos,Port,France,43.437,4.943,PORT_P006,Port of Rotterdam,Port,Netherlands,51.947,4.142,Sea Breakbulk,CAR004,V008,2025-05-07T05:38:17,2025-05-07T19:25:34,2025-05-10T23:08:17,2025-05-12T09:07:58,1041.6,1058.3,89.5,109.7,20.2,Customs hold,5861.84,405.63,"LINESTRING (4.943 43.437, 4.142 51.947)"
LEG00812-3,SHP00812,3,PORT_P006,Port of Rotterdam,Port,Netherlands,51.947,4.142,FAC_F011,Rotterdam Consolidation Hub,Consolidation Hub,Netherlands,51.9244,4.4777,Road,CAR004,V008,2025-05-11T06:00:35,2025-05-13T02:39:55,2025-05-11T16:06:35,2025-05-13T14:00:23,26.9,28.4,10.1,11.3,1.2,None,654.73,43.09,"LINESTRING (4.142 51.947, 4.4777 51.9244)"
LEG00813-1,SHP00813,1,FAC_F014,Cadiz Module Yard,Module Yard,Spain,36.5271,-6.2886,FAC_F017,Dammam Gas Project Site,Project Site,Saudi Arabia,26.4207,50.0888,Road,CAR012,,2024-11-12T13:00:00,2024-11-12T15:58:06,2024-11-17T08:12:00,2024-11-17T11:49:26,6439.3,6662.4,115.2,115.9,0.7,None,47145.83,25418.39,"LINESTRING (-6.2886 36.5271, 50.0888 26.4207)"
LEG00814-1,SHP00814,1,FAC_F014,Cadiz Module Yard,Module Yard,Spain,36.5271,-6.2886,PORT_P003,Port of Algeciras,Port,Spain,36.1324,-5.4479,Road,CAR006,,2025-09-25T07:00:00,2025-09-25T08:23:03,2025-09-25T16:18:00,2025-09-25T19:07:34,97.7,100.4,9.3,10.7,1.4,None,1142.04,138.78,"LINESTRING (-6.2886 36.5271, -5.4479 36.1324)"
LEG00814-2,SHP00814,2,PORT_P003,Port of Algeciras,Port,Spain,36.1324,-5.4479,PORT_P018,Port of Dammam,Port,Saudi Arabia,26.498,50.184,Container Sea,CAR006,,2025-09-25T20:27:44,2025-09-26T00:29:58,2025-10-06T12:15:44,2025-10-07T11:17:59,5438.3,5720.6,255.8,274.8,19.0,Carrier capacity,8554.59,1498.23,"LINESTRING (-5.4479 36.1324, 50.184 26.498)"
LEG00814-3,SHP00814,3,PORT_P018,Port of Dammam,Port,Saudi Arabia,26.498,50.184,FAC_F017,Dammam Gas Project Site,Project Site,Saudi Arabia,26.4207,50.0888,Road,CAR006,,2025-10-07T04:14:10,2025-10-07T22:58:53,2025-10-07T10:20:10,2025-10-08T08:05:04,14.7,15.1,6.1,9.1,3.0,None,740.65,20.87,"LINESTRING (50.184 26.498, 50.0888 26.4207)"
LEG00815-1,SHP00815,1,FAC_F003,Puertollano Module Yard,Module Yard,Spain,38.6871,-4.1121,PORT_P003,Port of Algeciras,Port,Spain,36.1324,-5.4479,Road,CAR010,V014,2025-04-11T08:00:00,2025-04-11T07:09:24,2025-04-11T21:48:00,2025-04-11T23:33:16,389.2,398.2,13.8,16.4,2.6,None,2901.35,1123.9,"LINESTRING (-4.1121 38.6871, -5.4479 36.1324)"
LEG00815-2,SHP00815,2,PORT_P003,Port of Algeciras,Port,Spain,36.1324,-5.4479,PORT_P006,Port of Rotterdam,Port,Netherlands,51.947,4.142,Sea Breakbulk,CAR010,V014,2025-04-12T07:52:00,2025-04-12T16:26:18,2025-04-16T15:04:00,2025-04-17T12:51:44,1972.0,1955.3,103.2,116.4,13.2,Road permit delay,9162.57,1394.21,"LINESTRING (-5.4479 36.1324, 4.142 51.947)"
LEG00815-3,SHP00815,3,PORT_P006,Port of Rotterdam,Port,Netherlands,51.947,4.142,FAC_F011,Rotterdam Consolidation Hub,Consolidation Hub,Netherlands,51.9244,4.4777,Road,CAR010,V014,2025-04-17T03:22:24,2025-04-17T17:38:00,2025-04-17T08:04:24,2025-04-17T23:23:20,26.6,27.4,4.7,5.8,1.1,None,702.48,77.34,"LINESTRING (4.142 51.947, 4.4777 51.9244)"
LEG00816-1,SHP00816,1,FAC_F013,Valencia Export Depot,Warehouse,Spain,39.4699,-0.3763,PORT_P001,Port of Valencia,Port,Spain,39.461,-0.323,Road,CAR006,,2024-09-11T14:00:00,2024-09-11T13:19:17,2024-09-11T22:42:00,2024-09-12T12:43:23,5.7,5.7,8.7,23.4,14.7,Weather disruption,556.1,3.63,"LINESTRING (-0.3763 39.4699, -0.323 39.461)"
LEG00816-2,SHP00816,2,PORT_P001,Port of Valencia,Port,Spain,39.461,-0.323,PORT_P016,Port of Alexandria,Port,Egypt,31.2001,29.9187,Container Sea,CAR006,,2024-09-12T06:36:25,2024-09-12T16:23:54,2024-09-18T03:48:25,2024-09-19T19:22:20,2990.3,3130.3,141.2,171.0,29.8,Port congestion,3923.9,378.08,"LINESTRING (-0.323 39.461, 29.9187 31.2001)"
LEG00816-3,SHP00816,3,PORT_P016,Port of Alexandria,Port,Egypt,31.2001,29.9187,FAC_F016,Alexandria Water Project Site,Project Site,Egypt,31.2001,29.9187,Road,CAR006,,2024-09-18T18:14:10,2024-09-19T23:28:11,2024-09-18T21:56:10,2024-09-20T06:21:56,0.0,0.0,3.7,6.9,3.2,None,540.0,0.0,"LINESTRING (29.9187 31.2001, 29.9187 31.2001)"
LEG00817-1,SHP00817,1,FAC_F003,Puertollano Module Yard,Module Yard,Spain,38.6871,-4.1121,PORT_P003,Port of Algeciras,Port,Spain,36.1324,-5.4479,Road,CAR010,V004,2024-06-10T12:00:00,2024-06-10T13:04:08,2024-06-11T03:12:00,2024-06-11T08:01:54,392.4,402.5,15.2,19.0,3.8,None,6597.55,2724.8,"LINESTRING (-4.1121 38.6871, -5.4479 36.1324)"
LEG00817-2,SHP00817,2,PORT_P003,Port of Algeciras,Port,Spain,36.1324,-5.4479,PORT_P012,Port of Casablanca,Port,Morocco,33.605,-7.611,Sea Breakbulk,CAR010,V004,2024-06-11T08:55:18,2024-06-11T14:25:36,2024-06-13T12:01:18,2024-06-14T08:56:38,368.1,380.5,51.1,66.5,15.4,Carrier capacity,7954.09,650.75,"LINESTRING (-5.4479 36.1324, -7.611 33.605)"
LEG00817-3,SHP00817,3,PORT_P012,Port of Casablanca,Port,Morocco,33.605,-7.611,FAC_F008,Casablanca Desalination Site,Project Site,Morocco,33.5731,-7.5898,Road,CAR010,V004,2024-06-14T00:55:13,2024-06-15T00:29:03,2024-06-14T07:01:13,2024-06-15T08:22:54,5.1,5.2,6.1,7.9,1.8,None,795.93,35.2,"LINESTRING (-7.611 33.605, -7.5898 33.5731)"
LEG00818-1,SHP00818,1,FAC_F009,Lyon Fabrication Partner,Vendor,France,45.764,4.8357,PORT_P009,Port of Marseille-Fos,Port,France,43.437,4.943,Road,CAR007,V011,2024-03-25T15:00:00,2024-03-25T17:02:04,2024-03-25T23:48:00,2024-03-26T00:34:27,302.2,316.3,8.8,7.5,0,None,1705.41,758.72,"LINESTRING (4.8357 45.764, 4.943 43.437)"
LEG00818-2,SHP00818,2,PORT_P009,Port of Marseille-Fos,Port,France,43.437,4.943,PORT_P006,Port of Rotterdam,Port,Netherlands,51.947,4.142,Sea Breakbulk,CAR007,V011,2024-03-26T10:43:37,2024-03-26T14:21:46,2024-03-29T15:19:37,2024-03-29T18:33:19,989.4,991.5,76.6,76.2,0,None,4982.92,600.85,"LINESTRING (4.943 43.437, 4.142 51.947)"
LEG00818-3,SHP00818,3,PORT_P006,Port of Rotterdam,Port,Netherlands,51.947,4.142,FAC_F011,Rotterdam Consolidation Hub,Consolidation Hub,Netherlands,51.9244,4.4777,Road,CAR007,V011,2024-03-30T05:41:00,2024-03-30T10:45:50,2024-03-30T10:29:00,2024-03-30T16:23:24,27.3,27.9,4.8,5.6,0.8,None,544.32,66.93,"LINESTRING (4.142 51.947, 4.4777 51.9244)"
LEG00819-1,SHP00819,1,FAC_F012,Antwerp EPC Supplier Yard,Vendor,Belgium,51.2194,4.4025,PORT_P007,Port of Antwerp-Bruges,Port,Belgium,51.2639,4.4009,Road,CAR004,V012,2025-02-21T10:00:00,2025-02-21T12:57:48,2025-02-21T14:30:00,2025-02-22T14:16:37,5.8,6.2,4.5,25.3,20.8,Road permit delay,653.3,42.72,"LINESTRING (4.4025 51.2194, 4.4009 51.2639)"
LEG00819-2,SHP00819,2,PORT_P007,Port of Antwerp-Bruges,Port,Belgium,51.2639,4.4009,PORT_P005,Port of Sines,Port,Portugal,37.9543,-8.8631,Sea Breakbulk,CAR004,V012,2025-02-22T04:15:50,2025-02-22T20:22:20,2025-02-26T11:03:50,2025-02-27T01:55:40,1898.8,1920.3,102.8,101.6,0,None,15332.69,3342.7,"LINESTRING (4.4009 51.2639, -8.8631 37.9543)"
LEG00819-3,SHP00819,3,PORT_P005,Port of Sines,Port,Portugal,37.9543,-8.8631,FAC_F007,Sines Energy Project Site,Project Site,Portugal,37.956,-8.868,Road,CAR004,V012,2025-02-26T19:04:57,2025-02-27T06:21:50,2025-02-27T02:16:57,2025-02-27T15:34:31,0.6,0.6,7.2,9.2,2.0,None,583.48,4.13,"LINESTRING (-8.8631 37.9543, -8.868 37.956)"
LEG00820-1,SHP00820,1,FAC_F004,Bilbao Steel Fabricator,Vendor,Spain,43.263,-2.935,FAC_F001,Zaragoza Distribution Hub,Warehouse,Spain,41.6488,-0.8891,Road,CAR012,,2024-05-29T08:00:00,2024-05-29T10:25:06,2024-05-29T21:30:00,2024-05-29T22:37:42,281.7,286.5,13.5,12.2,0,None,1377.24,459.98,"LINESTRING (-2.935 43.263, -0.8891 41.6488)"
LEG00821-1,SHP00821,1,FAC_F004,Bilbao Steel Fabricator,Vendor,Spain,43.263,-2.935,PORT_P004,Port of Bilbao,Port,Spain,43.3476,-3.0443,Road,CAR007,V005,2024-02-13T13:00:00,2024-02-13T12:48:53,2024-02-13T21:18:00,2024-02-14T13:41:57,16.8,17.8,8.3,24.9,16.6,Carrier capacity,520.4,57.53,"LINESTRING (-2.935 43.263, -3.0443 43.3476)"
LEG00821-2,SHP00821,2,PORT_P004,Port of Bilbao,Port,Spain,43.3476,-3.0443,PORT_P005,Port of Sines,Port,Portugal,37.9543,-8.8631,Sea Breakbulk,CAR007,V005,2024-02-14T08:48:56,2024-02-15T02:21:44,2024-02-16T17:42:56,2024-02-17T10:01:29,830.2,866.2,56.9,55.7,0,None,5151.35,707.23,"LINESTRING (-3.0443 43.3476, -8.8631 37.9543)"
LEG00821-3,SHP00821,3,PORT_P005,Port of Sines,Port,Portugal,37.9543,-8.8631,FAC_F007,Sines Energy Project Site,Project Site,Portugal,37.956,-8.868,Road,CAR007,V005,2024-02-17T08:38:00,2024-02-18T02:51:22,2024-02-17T15:14:00,2024-02-18T08:50:11,0.5,0.5,6.6,6.0,0,None,434.48,1.62,"LINESTRING (-8.8631 37.9543, -8.868 37.956)"
LEG00822-1,SHP00822,1,FAC_F014,Cadiz Module Yard,Module Yard,Spain,36.5271,-6.2886,PORT_P003,Port of Algeciras,Port,Spain,36.1324,-5.4479,Road,CAR010,V004,2025-04-01T10:00:00,2025-04-01T09:53:28,2025-04-01T21:18:00,2025-04-01T20:16:46,114.8,119.1,11.3,10.4,0,None,1636.93,544.23,"LINESTRING (-6.2886 36.5271, -5.4479 36.1324)"
LEG00822-2,SHP00822,2,PORT_P003,Port of Algeciras,Port,Spain,36.1324,-5.4479,PORT_P018,Port of Dammam,Port,Saudi Arabia,26.498,50.184,Sea Breakbulk,CAR010,V004,2025-04-02T09:02:56,2025-04-02T07:57:06,2025-04-11T13:38:56,2025-04-11T11:39:03,5618.3,5934.0,220.6,219.7,0,None,28225.94,6850.21,"LINESTRING (-5.4479 36.1324, 50.184 26.498)"
LEG00822-3,SHP00822,3,PORT_P018,Port of Dammam,Port,Saudi Arabia,26.498,50.184,FAC_F017,Dammam Gas Project Site,Project Site,Saudi Arabia,26.4207,50.0888,Road,CAR010,V004,2025-04-11T23:24:46,2025-04-11T23:46:59,2025-04-12T09:12:46,2025-04-12T22:45:52,16.2,16.7,9.8,23.0,13.2,Port congestion,724.76,76.31,"LINESTRING (50.184 26.498, 50.0888 26.4207)"
LEG00823-1,SHP00823,1,FAC_F002,Madrid Cross Dock,Cross Dock,Spain,40.4168,-3.7038,PORT_P001,Port of Valencia,Port,Spain,39.461,-0.323,Road,CAR004,V008,2025-02-10T12:00:00,2025-02-10T13:47:50,2025-02-10T22:42:00,2025-02-11T18:47:17,355.6,352.6,10.7,29.0,18.3,Port congestion,1634.83,560.07,"LINESTRING (-3.7038 40.4168, -0.323 39.461)"
LEG00823-2,SHP00823,2,PORT_P001,Port of Valencia,Port,Spain,39.461,-0.323,PORT_P016,Port of Alexandria,Port,Egypt,31.2001,29.9187,Sea Breakbulk,CAR004,V008,2025-02-11T12:57:28,2025-02-11T23:48:25,2025-02-16T19:51:28,2025-02-17T10:24:54,3004.9,3236.4,126.9,130.6,3.7,None,7933.18,1298.7,"LINESTRING (-0.323 39.461, 29.9187 31.2001)"
LEG00823-3,SHP00823,3,PORT_P016,Port of Alexandria,Port,Egypt,31.2001,29.9187,FAC_F016,Alexandria Water Project Site,Project Site,Egypt,31.2001,29.9187,Road,CAR004,V008,2025-02-17T03:21:27,2025-02-17T14:54:13,2025-02-17T06:57:27,2025-02-17T22:15:56,0.0,0.0,3.6,7.4,3.8,None,432.0,0.0,"LINESTRING (29.9187 31.2001, 29.9187 31.2001)"
LEG00824-1,SHP00824,1,FAC_F002,Madrid Cross Dock,Cross Dock,Spain,40.4168,-3.7038,PORT_P001,Port of Valencia,Port,Spain,39.461,-0.323,Road,CAR003,V006,2024-03-25T13:00:00,2024-03-25T12:50:11,2024-03-26T03:54:00,2024-03-26T05:31:09,402.6,418.9,14.9,16.7,1.8,None,896.14,73.22,"LINESTRING (-3.7038 40.4168, -0.323 39.461)"
LEG00824-2,SHP00824,2,PORT_P001,Port of Valencia,Port,Spain,39.461,-0.323,PORT_P012,Port of Casablanca,Port,Morocco,33.605,-7.611,RoRo,CAR003,V006,2024-03-26T12:28:20,2024-03-26T10:53:43,2024-03-28T10:58:20,2024-03-28T17:35:44,957.9,951.2,46.5,54.7,8.2,Weather disruption,1275.46,52.51,"LINESTRING (-0.323 39.461, -7.611 33.605)"
LEG00824-3,SHP00824,3,PORT_P012,Port of Casablanca,Port,Morocco,33.605,-7.611,FAC_F008,Casablanca Desalination Site,Project Site,Morocco,33.5731,-7.5898,Road,CAR003,V006,2024-03-28T17:26:27,2024-03-29T04:12:34,2024-03-29T00:32:27,2024-03-30T11:32:08,5.0,5.4,7.1,31.3,24.2,Port congestion,327.43,0.94,"LINESTRING (-7.611 33.605, -7.5898 33.5731)"
LEG00825-1,SHP00825,1,FAC_F004,Bilbao Steel Fabricator,Vendor,Spain,43.263,-2.935,PORT_P004,Port of Bilbao,Port,Spain,43.3476,-3.0443,Road,CAR004,V001,2025-04-04T12:00:00,2025-04-04T14:58:51,2025-04-04T19:42:00,2025-04-05T01:34:49,17.0,17.3,7.7,10.6,2.9,None,921.77,84.0,"LINESTRING (-2.935 43.263, -3.0443 43.3476)"
LEG00825-2,SHP00825,2,PORT_P004,Port of Bilbao,Port,Spain,43.3476,-3.0443,PORT_P005,Port of Sines,Port,Portugal,37.9543,-8.8631,Sea Breakbulk,CAR004,V001,2025-04-05T03:19:40,2025-04-05T06:05:06,2025-04-08T10:07:40,2025-04-08T14:57:25,858.3,896.8,78.8,80.9,2.1,None,10143.55,1100.05,"LINESTRING (-3.0443 43.3476, -8.8631 37.9543)"
LEG00825-3,SHP00825,3,PORT_P005,Port of Sines,Port,Portugal,37.9543,-8.8631,FAC_F007,Sines Energy Project Site,Project Site,Portugal,37.956,-8.868,Road,CAR004,V001,2025-04-08T22:46:31,2025-04-09T07:43:13,2025-04-09T04:40:31,2025-04-10T05:39:08,0.6,0.6,5.9,21.9,16.0,Documentation issue,727.0,2.91,"LINESTRING (-8.8631 37.9543, -8.868 37.956)"
LEG00826-1,SHP00826,1,FAC_F004,Bilbao Steel Fabricator,Vendor,Spain,43.263,-2.935,PORT_P004,Port of Bilbao,Port,Spain,43.3476,-3.0443,Road,CAR010,V014,2025-01-31T13:00:00,2025-01-31T14:50:30,2025-01-31T17:30:00,2025-02-01T13:22:14,14.8,15.9,4.5,22.5,18.0,Documentation issue,704.25,66.02,"LINESTRING (-2.935 43.263, -3.0443 43.3476)"
LEG00826-2,SHP00826,2,PORT_P004,Port of Bilbao,Port,Spain,43.3476,-3.0443,PORT_P006,Port of Rotterdam,Port,Netherlands,51.947,4.142,Sea Breakbulk,CAR010,V014,2025-02-01T05:45:42,2025-02-02T06:19:50,2025-02-04T05:51:42,2025-02-05T06:11:46,1130.2,1176.4,72.1,71.9,0,None,8591.74,1234.09,"LINESTRING (-3.0443 43.3476, 4.142 51.947)"
LEG00826-3,SHP00826,3,PORT_P006,Port of Rotterdam,Port,Netherlands,51.947,4.142,FAC_F011,Rotterdam Consolidation Hub,Consolidation Hub,Netherlands,51.9244,4.4777,Road,CAR010,V014,2025-02-04T16:15:59,2025-02-05T14:08:49,2025-02-04T20:57:59,2025-02-05T16:51:00,30.6,31.6,4.7,2.7,0,None,830.88,131.22,"LINESTRING (4.142 51.947, 4.4777 51.9244)"
LEG00827-1,SHP00827,1,FAC_F003,Puertollano Module Yard,Module Yard,Spain,38.6871,-4.1121,PORT_P003,Port of Algeciras,Port,Spain,36.1324,-5.4479,Road,CAR004,V001,2025-08-07T07:00:00,2025-08-07T06:49:07,2025-08-07T22:24:00,2025-08-07T21:51:55,357.2,380.3,15.4,15.0,0,None,2156.43,1044.84,"LINESTRING (-4.1121 38.6871, -5.4479 36.1324)"
LEG00827-2,SHP00827,2,PORT_P003,Port of Algeciras,Port,Spain,36.1324,-5.4479,PORT_P016,Port of Alexandria,Port,Egypt,31.2001,29.9187,Sea Breakbulk,CAR004,V001,2025-08-08T06:08:28,2025-08-08T02:41:33,2025-08-14T18:14:28,2025-08-14T15:47:38,3574.7,3682.7,156.1,157.1,1.0,None,10591.28,2556.09,"LINESTRING (-5.4479 36.1324, 29.9187 31.2001)"
LEG00827-3,SHP00827,3,PORT_P016,Port of Alexandria,Port,Egypt,31.2001,29.9187,FAC_F016,Alexandria Water Project Site,Project Site,Egypt,31.2001,29.9187,Road,CAR004,V001,2025-08-14T23:33:00,2025-08-15T09:22:10,2025-08-15T03:09:00,2025-08-16T08:16:56,0.0,0.0,3.6,22.9,19.3,Customs hold,432.0,0.0,"LINESTRING (29.9187 31.2001, 29.9187 31.2001)"
LEG00828-1,SHP00828,1,FAC_F001,Zaragoza Distribution Hub,Warehouse,Spain,41.6488,-0.8891,PORT_P001,Port of Valencia,Port,Spain,39.461,-0.323,Road,CAR003,V006,2024-09-10T08:00:00,2024-09-10T07:22:19,2024-09-10T17:36:00,2024-09-10T18:44:08,324.3,324.1,9.6,11.4,1.8,None,838.08,141.63,"LINESTRING (-0.8891 41.6488, -0.323 39.461)"
LEG00828-2,SHP00828,2,PORT_P001,Port of Valencia,Port,Spain,39.461,-0.323,PORT_P012,Port of Casablanca,Port,Morocco,33.605,-7.611,RoRo,CAR003,V006,2024-09-11T04:17:35,2024-09-11T05:20:24,2024-09-13T00:59:35,2024-09-14T03:32:10,958.3,958.8,44.7,70.2,25.5,Documentation issue,1369.98,132.31,"LINESTRING (-0.323 39.461, -7.611 33.605)"
LEG00828-3,SHP00828,3,PORT_P012,Port of Casablanca,Port,Morocco,33.605,-7.611,FAC_F008,Casablanca Desalination Site,Project Site,Morocco,33.5731,-7.5898,Road,CAR003,V006,2024-09-13T11:30:47,2024-09-14T08:01:57,2024-09-13T20:36:47,2024-09-14T19:13:16,4.8,4.9,9.1,11.2,2.1,None,327.83,2.14,"LINESTRING (-7.611 33.605, -7.5898 33.5731)"
LEG00829-1,SHP00829,1,FAC_F014,Cadiz Module Yard,Module Yard,Spain,36.5271,-6.2886,FAC_F008,Casablanca Desalination Site,Project Site,Morocco,33.5731,-7.5898,Road,CAR012,,2025-09-18T12:00:00,2025-09-18T14:47:51,2025-09-19T02:54:00,2025-09-19T04:00:58,392.6,410.1,14.9,13.2,0,None,5848.84,2280.3,"LINESTRING (-6.2886 36.5271, -7.5898 33.5731)"
LEG00830-1,SHP00830,1,FAC_F001,Zaragoza Distribution Hub,Warehouse,Spain,41.6488,-0.8891,PORT_P001,Port of Valencia,Port,Spain,39.461,-0.323,Road,CAR004,V001,2025-04-15T13:00:00,2025-04-15T14:15:14,2025-04-16T03:30:00,2025-04-16T03:29:42,309.5,327.3,14.5,13.2,0,None,1475.92,464.85,"LINESTRING (-0.8891 41.6488, -0.323 39.461)"
LEG00830-2,SHP00830,2,PORT_P001,Port of Valencia,Port,Spain,39.461,-0.323,PORT_P005,Port of Sines,Port,Portugal,37.9543,-8.8631,Sea Breakbulk,CAR004,V001,2025-04-16T07:52:27,2025-04-16T21:15:26,2025-04-18T17:28:27,2025-04-19T06:34:11,805.8,825.8,57.6,57.3,0,None,4351.19,296.3,"LINESTRING (-0.323 39.461, -8.8631 37.9543)"
LEG00830-3,SHP00830,3,PORT_P005,Port of Sines,Port,Portugal,37.9543,-8.8631,FAC_F007,Sines Energy Project Site,Project Site,Portugal,37.956,-8.868,Road,CAR004,V001,2025-04-18T22:16:37,2025-04-19T13:06:43,2025-04-19T06:34:37,2025-04-20T20:02:19,0.6,0.6,8.3,30.9,22.6,Weather disruption,433.91,0.85,"LINESTRING (-8.8631 37.9543, -8.868 37.956)"
LEG00831-1,SHP00831,1,FAC_F012,Antwerp EPC Supplier Yard,Vendor,Belgium,51.2194,4.4025,PORT_P007,Port of Antwerp-Bruges,Port,Belgium,51.2639,4.4009,Road,CAR006,,2025-06-02T07:00:00,2025-06-02T09:39:26,2025-06-02T16:24:00,2025-06-02T21:42:43,6.0,6.0,9.4,12.1,2.7,None,455.0,12.75,"LINESTRING (4.4025 51.2194, 4.4009 51.2639)"
LEG00831-2,SHP00831,2,PORT_P007,Port of Antwerp-Bruges,Port,Belgium,51.2639,4.4009,PORT_P018,Port of Dammam,Port,Saudi Arabia,26.498,50.184,Container Sea,CAR006,,2025-06-03T04:31:52,2025-06-03T08:00:28,2025-06-12T01:13:52,2025-06-12T05:51:30,5229.2,5416.8,212.7,213.9,1.2,None,6344.92,2180.15,"LINESTRING (4.4009 51.2639, 50.184 26.498)"
LEG00831-3,SHP00831,3,PORT_P018,Port of Dammam,Port,Saudi Arabia,26.498,50.184,FAC_F017,Dammam Gas Project Site,Project Site,Saudi Arabia,26.4207,50.0888,Road,CAR006,,2025-06-12T11:36:34,2025-06-12T16:39:48,2025-06-12T17:12:34,2025-06-12T20:23:00,15.3,16.5,5.6,3.7,0,None,495.25,35.05,"LINESTRING (50.184 26.498, 50.0888 26.4207)"
LEG00832-1,SHP00832,1,FAC_F004,Bilbao Steel Fabricator,Vendor,Spain,43.263,-2.935,PORT_P004,Port of Bilbao,Port,Spain,43.3476,-3.0443,Road,CAR004,V012,2025-07-31T11:00:00,2025-07-31T12:50:39,2025-07-31T15:42:00,2025-07-31T19:59:28,16.2,16.7,4.7,7.1,2.4,None,749.15,94.63,"LINESTRING (-2.935 43.263, -3.0443 43.3476)"
LEG00832-2,SHP00832,2,PORT_P004,Port of Bilbao,Port,Spain,43.3476,-3.0443,PORT_P009,Port of Marseille-Fos,Port,France,43.437,4.943,Sea Breakbulk,CAR004,V012,2025-08-01T02:28:27,2025-07-31T23:41:21,2025-08-03T10:34:27,2025-08-04T06:13:51,714.6,732.3,56.1,78.5,22.4,Port congestion,7786.2,1048.36,"LINESTRING (-3.0443 43.3476, 4.943 43.437)"
LEG00832-3,SHP00832,3,PORT_P009,Port of Marseille-Fos,Port,France,43.437,4.943,FAC_F018,Marseille Wind Substation Site,Project Site,France,43.2965,5.3698,Road,CAR004,V012,2025-08-03T18:05:33,2025-08-04T18:15:03,2025-08-04T02:53:33,2025-08-05T01:11:22,46.1,47.9,8.8,6.9,0,None,1072.63,271.44,"LINESTRING (4.943 43.437, 5.3698 43.2965)"
LEG00833-1,SHP00833,1,FAC_F004,Bilbao Steel Fabricator,Vendor,Spain,43.263,-2.935,FAC_F011,Rotterdam Consolidation Hub,Consolidation Hub,Netherlands,51.9244,4.4777,Road,CAR011,,2024-05-05T09:00:00,2024-05-05T08:25:25,2024-05-06T17:00:00,2024-05-06T15:38:35,1451.2,1522.1,32.0,31.2,0,None,17640.26,7205.39,"LINESTRING (-2.935 43.263, 4.4777 51.9244)"
LEG00834-1,SHP00834,1,FAC_F012,Antwerp EPC Supplier Yard,Vendor,Belgium,51.2194,4.4025,PORT_P007,Port of Antwerp-Bruges,Port,Belgium,51.2639,4.4009,Road,CAR007,V011,2025-07-22T10:00:00,2025-07-22T12:45:13,2025-07-22T16:18:00,2025-07-23T10:28:56,5.6,5.9,6.3,21.7,15.4,Customs hold,443.6,2.03,"LINESTRING (4.4025 51.2194, 4.4009 51.2639)"
LEG00834-2,SHP00834,2,PORT_P007,Port of Antwerp-Bruges,Port,Belgium,51.2639,4.4009,PORT_P018,Port of Dammam,Port,Saudi Arabia,26.498,50.184,Sea Breakbulk,CAR007,V011,2025-07-23T01:35:01,2025-07-24T00:55:14,2025-07-30T21:59:01,2025-08-01T00:24:05,4865.5,4909.8,188.4,191.5,3.1,None,6976.04,426.56,"LINESTRING (4.4009 51.2639, 50.184 26.498)"
LEG00834-3,SHP00834,3,PORT_P018,Port of Dammam,Port,Saudi Arabia,26.498,50.184,FAC_F017,Dammam Gas Project Site,Project Site,Saudi Arabia,26.4207,50.0888,Road,CAR007,V011,2025-07-31T05:57:19,2025-08-01T15:58:03,2025-07-31T11:15:19,2025-08-02T19:34:26,14.3,15.2,5.3,27.6,22.3,Port congestion,461.88,5.23,"LINESTRING (50.184 26.498, 50.0888 26.4207)"
LEG00835-1,SHP00835,1,FAC_F005,Tarragona Equipment Vendor,Vendor,Spain,41.1189,1.2445,PORT_P002,Port of Barcelona,Port,Spain,41.3522,2.1686,Road,CAR010,V014,2025-09-03T09:00:00,2025-09-03T11:03:55,2025-09-03T14:54:00,2025-09-03T18:02:48,104.4,109.4,5.9,7.0,1.1,None,494.2,58.1,"LINESTRING (1.2445 41.1189, 2.1686 41.3522)"
LEG00835-2,SHP00835,2,PORT_P002,Port of Barcelona,Port,Spain,41.3522,2.1686,PORT_P018,Port of Dammam,Port,Saudi Arabia,26.498,50.184,Sea Breakbulk,CAR010,V014,2025-09-04T03:18:41,2025-09-04T09:53:45,2025-09-12T09:24:41,2025-09-12T19:12:03,4931.0,5242.3,198.1,201.3,3.2,None,5704.61,703.31,"LINESTRING (2.1686 41.3522, 50.184 26.498)"
LEG00835-3,SHP00835,3,PORT_P018,Port of Dammam,Port,Saudi Arabia,26.498,50.184,FAC_F017,Dammam Gas Project Site,Project Site,Saudi Arabia,26.4207,50.0888,Road,CAR010,V014,2025-09-12T14:21:47,2025-09-13T04:48:42,2025-09-12T21:09:47,2025-09-13T12:11:30,16.8,17.2,6.8,7.4,0.6,None,347.39,9.13,"LINESTRING (50.184 26.498, 50.0888 26.4207)"
LEG00836-1,SHP00836,1,FAC_F012,Antwerp EPC Supplier Yard,Vendor,Belgium,51.2194,4.4025,PORT_P007,Port of Antwerp-Bruges,Port,Belgium,51.2639,4.4009,Road,CAR004,V008,2024-02-06T12:00:00,2024-02-06T14:08:48,2024-02-06T19:54:00,2024-02-06T23:05:11,6.0,6.3,7.9,8.9,1.0,None,728.8,26.88,"LINESTRING (4.4025 51.2194, 4.4009 51.2639)"
LEG00836-2,SHP00836,2,PORT_P007,Port of Antwerp-Bruges,Port,Belgium,51.2639,4.4009,PORT_P001,Port of Valencia,Port,Spain,39.461,-0.323,Sea Breakbulk,CAR004,V008,2024-02-07T00:17:07,2024-02-07T08:35:42,2024-02-10T20:05:07,2024-02-11T03:38:03,1519.2,1615.1,91.8,91.0,0,None,11863.93,1741.21,"LINESTRING (4.4009 51.2639, -0.323 39.461)"
LEG00836-3,SHP00836,3,PORT_P001,Port of Valencia,Port,Spain,39.461,-0.323,FAC_F001,Zaragoza Distribution Hub,Warehouse,Spain,41.6488,-0.8891,Road,CAR004,V008,2024-02-11T00:17:33,2024-02-11T19:56:05,2024-02-11T09:53:33,2024-02-12T05:08:36,316.1,315.7,9.6,9.2,0,None,3636.34,1347.22,"LINESTRING (-0.323 39.461, -0.8891 41.6488)"
LEG00837-1,SHP00837,1,FAC_F001,Zaragoza Distribution Hub,Warehouse,Spain,41.6488,-0.8891,PORT_P001,Port of Valencia,Port,Spain,39.461,-0.323,Road,CAR006,,2024-05-27T11:00:00,2024-05-27T13:53:57,2024-05-28T00:00:00,2024-05-28T05:16:33,279.4,279.5,13.0,15.4,2.4,None,1007.94,454.84,"LINESTRING (-0.8891 41.6488, -0.323 39.461)"
LEG00837-2,SHP00837,2,PORT_P001,Port of Valencia,Port,Spain,39.461,-0.323,PORT_P009,Port of Marseille-Fos,Port,France,43.437,4.943,Container Sea,CAR006,,2024-05-28T10:04:02,2024-05-28T19:43:30,2024-05-31T08:52:02,2024-05-31T18:42:01,638.7,664.6,70.8,71.0,0.2,None,1525.12,204.92,"LINESTRING (-0.323 39.461, 4.943 43.437)"
LEG00837-3,SHP00837,3,PORT_P009,Port of Marseille-Fos,Port,France,43.437,4.943,FAC_F018,Marseille Wind Substation Site,Project Site,France,43.2965,5.3698,Road,CAR006,,2024-05-31T19:21:28,2024-06-01T07:02:07,2024-06-01T00:03:28,2024-06-01T14:55:50,46.4,49.4,4.7,7.9,3.2,None,441.59,80.39,"LINESTRING (4.943 43.437, 5.3698 43.2965)"
LEG00838-1,SHP00838,1,FAC_F001,Zaragoza Distribution Hub,Warehouse,Spain,41.6488,-0.8891,PORT_P001,Port of Valencia,Port,Spain,39.461,-0.323,Road,CAR003,V010,2025-10-24T15:00:00,2025-10-24T17:27:38,2025-10-25T00:54:00,2025-10-25T05:31:05,318.9,336.8,9.9,12.1,2.2,None,1057.85,126.06,"LINESTRING (-0.8891 41.6488, -0.323 39.461)"
LEG00838-2,SHP00838,2,PORT_P001,Port of Valencia,Port,Spain,39.461,-0.323,PORT_P012,Port of Casablanca,Port,Morocco,33.605,-7.611,RoRo,CAR003,V010,2025-10-25T15:56:09,2025-10-25T16:58:19,2025-10-27T10:56:09,2025-10-28T05:00:04,1022.1,1050.5,43.0,60.0,17.0,Weather disruption,1752.48,124.17,"LINESTRING (-0.323 39.461, -7.611 33.605)"
LEG00838-3,SHP00838,3,PORT_P012,Port of Casablanca,Port,Morocco,33.605,-7.611,FAC_F008,Casablanca Desalination Site,Project Site,Morocco,33.5731,-7.5898,Road,CAR003,V010,2025-10-27T21:47:05,2025-10-28T18:53:21,2025-10-28T01:35:05,2025-10-30T00:55:12,5.0,5.2,3.8,30.0,26.2,Weather disruption,410.16,1.95,"LINESTRING (-7.611 33.605, -7.5898 33.5731)"
LEG00839-1,SHP00839,1,FAC_F014,Cadiz Module Yard,Module Yard,Spain,36.5271,-6.2886,PORT_P003,Port of Algeciras,Port,Spain,36.1324,-5.4479,Road,CAR003,V002,2025-09-03T08:00:00,2025-09-03T09:10:36,2025-09-03T17:48:00,2025-09-03T21:56:04,112.6,113.7,9.8,12.8,3.0,None,1043.2,355.15,"LINESTRING (-6.2886 36.5271, -5.4479 36.1324)"
LEG00839-2,SHP00839,2,PORT_P003,Port of Algeciras,Port,Spain,36.1324,-5.4479,PORT_P012,Port of Casablanca,Port,Morocco,33.605,-7.611,RoRo,CAR003,V002,2025-09-04T09:16:18,2025-09-04T13:12:10,2025-09-05T14:10:18,2025-09-05T17:27:44,364.3,384.3,28.9,28.3,0,None,1954.27,379.07,"LINESTRING (-5.4479 36.1324, -7.611 33.605)"
LEG00839-3,SHP00839,3,PORT_P012,Port of Casablanca,Port,Morocco,33.605,-7.611,FAC_F008,Casablanca Desalination Site,Project Site,Morocco,33.5731,-7.5898,Road,CAR003,V002,2025-09-05T20:08:46,2025-09-06T09:39:03,2025-09-06T01:20:46,2025-09-06T17:45:53,4.9,4.9,5.2,8.1,2.9,None,458.34,15.31,"LINESTRING (-7.611 33.605, -7.5898 33.5731)"
LEG00840-1,SHP00840,1,FAC_F010,Milan Valve Plant,Vendor,Italy,45.4642,9.19,PORT_P010,Port of Genoa,Port,Italy,44.41,8.925,Road,CAR006,,2025-05-07T10:00:00,2025-05-07T12:27:32,2025-05-07T22:30:00,2025-05-07T23:45:25,157.2,165.5,12.5,11.3,0,None,813.62,115.56,"LINESTRING (9.19 45.4642, 8.925 44.41)"
LEG00840-2,SHP00840,2,PORT_P010,Port of Genoa,Port,Italy,44.41,8.925,PORT_P012,Port of Casablanca,Port,Morocco,33.605,-7.611,Container Sea,CAR006,,2025-05-08T03:48:07,2025-05-08T02:59:26,2025-05-12T04:06:07,2025-05-12T01:24:43,2025.3,2125.5,96.3,94.4,0,None,2653.86,281.2,"LINESTRING (8.925 44.41, -7.611 33.605)"
LEG00840-3,SHP00840,3,PORT_P012,Port of Casablanca,Port,Morocco,33.605,-7.611,FAC_F008,Casablanca Desalination Site,Project Site,Morocco,33.5731,-7.5898,Road,CAR006,,2025-05-12T09:09:40,2025-05-12T15:46:40,2025-05-12T18:15:40,2025-05-13T02:42:34,4.8,4.9,9.1,10.9,1.8,None,443.3,3.42,"LINESTRING (-7.611 33.605, -7.5898 33.5731)"
LEG00841-1,SHP00841,1,FAC_F012,Antwerp EPC Supplier Yard,Vendor,Belgium,51.2194,4.4025,PORT_P007,Port of Antwerp-Bruges,Port,Belgium,51.2639,4.4009,Road,CAR010,V007,2025-08-27T15:00:00,2025-08-27T16:20:22,2025-08-27T22:00:00,2025-08-28T01:24:57,6.4,6.4,7.0,9.1,2.1,None,788.93,29.02,"LINESTRING (4.4025 51.2194, 4.4009 51.2639)"
LEG00841-2,SHP00841,2,PORT_P007,Port of Antwerp-Bruges,Port,Belgium,51.2639,4.4009,PORT_P018,Port of Dammam,Port,Saudi Arabia,26.498,50.184,Sea Breakbulk,CAR010,V007,2025-08-28T11:30:47,2025-08-28T07:25:42,2025-09-07T16:30:47,2025-09-08T00:18:57,5278.3,5360.9,245.0,256.9,11.9,Customs hold,31501.28,6141.02,"LINESTRING (4.4009 51.2639, 50.184 26.498)"
LEG00841-3,SHP00841,3,PORT_P018,Port of Dammam,Port,Saudi Arabia,26.498,50.184,FAC_F017,Dammam Gas Project Site,Project Site,Saudi Arabia,26.4207,50.0888,Road,CAR010,V007,2025-09-08T01:32:19,2025-09-08T10:34:29,2025-09-08T06:26:19,2025-09-09T10:23:35,14.4,15.2,4.9,23.8,18.9,Road permit delay,883.7,68.92,"LINESTRING (50.184 26.498, 50.0888 26.4207)"
LEG00842-1,SHP00842,1,FAC_F003,Puertollano Module Yard,Module Yard,Spain,38.6871,-4.1121,PORT_P003,Port of Algeciras,Port,Spain,36.1324,-5.4479,Road,CAR007,V011,2025-01-17T13:00:00,2025-01-17T15:02:04,2025-01-18T02:42:00,2025-01-18T05:58:05,404.0,415.0,13.7,14.9,1.2,None,1835.29,696.64,"LINESTRING (-4.1121 38.6871, -5.4479 36.1324)"
LEG00842-2,SHP00842,2,PORT_P003,Port of Algeciras,Port,Spain,36.1324,-5.4479,PORT_P018,Port of Dammam,Port,Saudi Arabia,26.498,50.184,Sea Breakbulk,CAR007,V011,2025-01-18T13:53:33,2025-01-18T10:37:39,2025-01-29T06:17:33,2025-01-29T11:05:40,5927.1,5892.0,256.4,264.5,8.1,Carrier capacity,11740.75,2498.68,"LINESTRING (-5.4479 36.1324, 50.184 26.498)"
LEG00842-3,SHP00842,3,PORT_P018,Port of Dammam,Port,Saudi Arabia,26.498,50.184,FAC_F017,Dammam Gas Project Site,Project Site,Saudi Arabia,26.4207,50.0888,Road,CAR007,V011,2025-01-29T16:42:28,2025-01-29T22:07:09,2025-01-29T22:54:28,2025-01-30T03:57:22,15.5,16.5,6.2,5.8,0,None,487.79,27.7,"LINESTRING (50.184 26.498, 50.0888 26.4207)"
LEG00843-1,SHP00843,1,FAC_F009,Lyon Fabrication Partner,Vendor,France,45.764,4.8357,PORT_P009,Port of Marseille-Fos,Port,France,43.437,4.943,Road,CAR007,V011,2024-01-17T07:00:00,2024-01-17T08:53:28,2024-01-17T16:48:00,2024-01-17T17:18:27,307.2,313.7,9.8,8.4,0,None,1231.95,300.4,"LINESTRING (4.8357 45.764, 4.943 43.437)"
LEG00843-2,SHP00843,2,PORT_P009,Port of Marseille-Fos,Port,France,43.437,4.943,PORT_P001,Port of Valencia,Port,Spain,39.461,-0.323,Sea Breakbulk,CAR007,V011,2024-01-18T01:35:32,2024-01-18T01:19:12,2024-01-20T14:47:32,2024-01-20T15:31:33,684.9,709.4,61.2,62.2,1.0,None,3983.04,171.62,"LINESTRING (4.943 43.437, -0.323 39.461)"
LEG00843-3,SHP00843,3,PORT_P001,Port of Valencia,Port,Spain,39.461,-0.323,FAC_F001,Zaragoza Distribution Hub,Warehouse,Spain,41.6488,-0.8891,Road,CAR007,V011,2024-01-21T05:51:58,2024-01-21T03:31:47,2024-01-21T17:51:58,2024-01-22T04:38:50,321.3,325.9,12.0,25.1,13.1,Carrier capacity,1263.06,312.08,"LINESTRING (-0.323 39.461, -0.8891 41.6488)"
LEG00844-1,SHP00844,1,FAC_F002,Madrid Cross Dock,Cross Dock,Spain,40.4168,-3.7038,PORT_P001,Port of Valencia,Port,Spain,39.461,-0.323,Road,CAR006,,2024-01-17T10:00:00,2024-01-17T10:23:45,2024-01-17T20:24:00,2024-01-17T19:35:07,375.9,386.6,10.4,9.2,0,None,1032.56,83.0,"LINESTRING (-3.7038 40.4168, -0.323 39.461)"
LEG00844-2,SHP00844,2,PORT_P001,Port of Valencia,Port,Spain,39.461,-0.323,PORT_P005,Port of Sines,Port,Portugal,37.9543,-8.8631,Container Sea,CAR006,,2024-01-18T09:02:23,2024-01-18T07:42:12,2024-01-21T00:26:23,2024-01-21T00:18:50,775.8,833.0,63.4,64.6,1.2,None,1737.76,33.89,"LINESTRING (-0.323 39.461, -8.8631 37.9543)"
LEG00844-3,SHP00844,3,PORT_P005,Port of Sines,Port,Portugal,37.9543,-8.8631,FAC_F007,Sines Energy Project Site,Project Site,Portugal,37.956,-8.868,Road,CAR006,,2024-01-21T04:27:02,2024-01-21T07:20:13,2024-01-21T11:33:02,2024-01-21T18:15:53,0.6,0.6,7.1,10.9,3.8,Weather disruption,400.98,0.13,"LINESTRING (-8.8631 37.9543, -8.868 37.956)"
LEG00845-1,SHP00845,1,FAC_F012,Antwerp EPC Supplier Yard,Vendor,Belgium,51.2194,4.4025,PORT_P007,Port of Antwerp-Bruges,Port,Belgium,51.2639,4.4009,Road,CAR004,V008,2024-07-09T10:00:00,2024-07-09T10:39:37,2024-07-09T18:36:00,2024-07-09T22:29:47,6.0,6.5,8.6,11.8,3.2,None,328.97,1.82,"LINESTRING (4.4025 51.2194, 4.4009 51.2639)"
LEG00845-2,SHP00845,2,PORT_P007,Port of Antwerp-Bruges,Port,Belgium,51.2639,4.4009,PORT_P018,Port of Dammam,Port,Saudi Arabia,26.498,50.184,Sea Breakbulk,CAR004,V008,2024-07-10T05:36:47,2024-07-10T08:40:25,2024-07-18T12:00:47,2024-07-18T16:17:41,5188.9,5493.9,198.4,199.6,1.2,None,5307.45,387.65,"LINESTRING (4.4009 51.2639, 50.184 26.498)"
LEG00845-3,SHP00845,3,PORT_P018,Port of Dammam,Port,Saudi Arabia,26.498,50.184,FAC_F017,Dammam Gas Project Site,Project Site,Saudi Arabia,26.4207,50.0888,Road,CAR004,V008,2024-07-18T16:59:54,2024-07-19T01:37:36,2024-07-18T23:47:54,2024-07-19T06:50:56,14.8,15.2,6.8,5.2,0,None,340.97,4.25,"LINESTRING (50.184 26.498, 50.0888 26.4207)"
LEG00846-1,SHP00846,1,FAC_F013,Valencia Export Depot,Warehouse,Spain,39.4699,-0.3763,PORT_P001,Port of Valencia,Port,Spain,39.461,-0.323,Road,CAR007,V011,2025-09-12T07:00:00,2025-09-12T07:05:18,2025-09-12T17:00:00,2025-09-12T18:19:36,5.7,5.9,10.0,11.2,1.2,None,697.23,7.89,"LINESTRING (-0.3763 39.4699, -0.323 39.461)"
LEG00846-2,SHP00846,2,PORT_P001,Port of Valencia,Port,Spain,39.461,-0.323,PORT_P018,Port of Dammam,Port,Saudi Arabia,26.498,50.184,Sea Breakbulk,CAR007,V011,2025-09-13T07:14:14,2025-09-13T01:03:42,2025-09-21T18:26:14,2025-09-22T22:02:37,5436.9,5818.3,203.2,237.0,33.8,Road permit delay,16468.03,1964.72,"LINESTRING (-0.323 39.461, 50.184 26.498)"
LEG00846-3,SHP00846,3,PORT_P018,Port of Dammam,Port,Saudi Arabia,26.498,50.184,FAC_F017,Dammam Gas Project Site,Project Site,Saudi Arabia,26.4207,50.0888,Road,CAR007,V011,2025-09-22T02:34:34,2025-09-23T01:26:56,2025-09-22T08:58:34,2025-09-23T11:24:56,15.9,16.1,6.4,10.0,3.6,None,744.99,21.52,"LINESTRING (50.184 26.498, 50.0888 26.4207)"
LEG00847-1,SHP00847,1,FAC_F003,Puertollano Module Yard,Module Yard,Spain,38.6871,-4.1121,PORT_P003,Port of Algeciras,Port,Spain,36.1324,-5.4479,Road,CAR010,V014,2025-12-23T07:00:00,2025-12-23T09:13:39,2025-12-23T19:18:00,2025-12-23T22:05:02,345.7,350.4,12.3,12.9,0.6,None,1978.85,872.15,"LINESTRING (-4.1121 38.6871, -5.4479 36.1324)"
LEG00847-2,SHP00847,2,PORT_P003,Port of Algeciras,Port,Spain,36.1324,-5.4479,PORT_P018,Port of Dammam,Port,Saudi Arabia,26.498,50.184,Sea Breakbulk,CAR010,V014,2025-12-24T03:58:40,2025-12-24T04:17:34,2026-01-02T02:58:40,2026-01-02T04:31:42,5596.7,5861.7,215.0,216.2,1.2,None,14564.27,3685.84,"LINESTRING (-5.4479 36.1324, 50.184 26.498)"
LEG00847-3,SHP00847,3,PORT_P018,Port of Dammam,Port,Saudi Arabia,26.498,50.184,FAC_F017,Dammam Gas Project Site,Project Site,Saudi Arabia,26.4207,50.0888,Road,CAR010,V014,2026-01-02T17:21:55,2026-01-02T13:56:19,2026-01-02T22:33:55,2026-01-02T19:48:07,14.6,14.8,5.2,5.9,0.7,None,497.34,36.84,"LINESTRING (50.184 26.498, 50.0888 26.4207)"
LEG00848-1,SHP00848,1,FAC_F010,Milan Valve Plant,Vendor,Italy,45.4642,9.19,PORT_P010,Port of Genoa,Port,Italy,44.41,8.925,Road,CAR006,,2025-04-28T11:00:00,2025-04-28T12:51:04,2025-04-28T22:12:00,2025-04-29T01:32:15,145.3,148.1,11.2,12.7,1.5,None,955.55,86.11,"LINESTRING (9.19 45.4642, 8.925 44.41)"
LEG00848-2,SHP00848,2,PORT_P010,Port of Genoa,Port,Italy,44.41,8.925,PORT_P006,Port of Rotterdam,Port,Netherlands,51.947,4.142,Container Sea,CAR006,,2025-04-29T09:35:32,2025-04-29T17:42:47,2025-05-02T18:11:32,2025-05-03T05:00:23,960.3,1022.1,80.6,83.3,2.7,None,2582.57,112.59,"LINESTRING (8.925 44.41, 4.142 51.947)"
LEG00848-3,SHP00848,3,PORT_P006,Port of Rotterdam,Port,Netherlands,51.947,4.142,FAC_F011,Rotterdam Consolidation Hub,Consolidation Hub,Netherlands,51.9244,4.4777,Road,CAR006,,2025-05-02T23:37:02,2025-05-03T12:09:33,2025-05-03T08:25:02,2025-05-03T22:39:42,26.8,27.4,8.8,10.5,1.7,None,616.88,15.93,"LINESTRING (4.142 51.947, 4.4777 51.9244)"
LEG00849-1,SHP00849,1,FAC_F013,Valencia Export Depot,Warehouse,Spain,39.4699,-0.3763,PORT_P001,Port of Valencia,Port,Spain,39.461,-0.323,Road,CAR003,V006,2024-06-02T09:00:00,2024-06-02T09:21:11,2024-06-02T15:36:00,2024-06-02T17:49:30,5.7,5.7,6.6,8.5,1.9,None,558.13,4.3,"LINESTRING (-0.3763 39.4699, -0.323 39.461)"
LEG00849-2,SHP00849,2,PORT_P001,Port of Valencia,Port,Spain,39.461,-0.323,PORT_P012,Port of Casablanca,Port,Morocco,33.605,-7.611,RoRo,CAR003,V006,2024-06-02T21:36:53,2024-06-03T10:28:38,2024-06-04T23:12:53,2024-06-05T22:25:58,999.0,993.3,49.6,60.0,10.4,Port congestion,2546.02,236.9,"LINESTRING (-0.323 39.461, -7.611 33.605)"
LEG00849-3,SHP00849,3,PORT_P012,Port of Casablanca,Port,Morocco,33.605,-7.611,FAC_F008,Casablanca Desalination Site,Project Site,Morocco,33.5731,-7.5898,Road,CAR003,V006,2024-06-05T06:10:14,2024-06-06T13:13:13,2024-06-05T13:28:14,2024-06-07T15:12:27,5.1,5.1,7.3,26.0,18.7,Weather disruption,556.22,3.85,"LINESTRING (-7.611 33.605, -7.5898 33.5731)"
LEG00850-1,SHP00850,1,FAC_F013,Valencia Export Depot,Warehouse,Spain,39.4699,-0.3763,PORT_P001,Port of Valencia,Port,Spain,39.461,-0.323,Road,CAR010,V007,2025-02-06T11:00:00,2025-02-06T12:11:16,2025-02-06T17:18:00,2025-02-06T21:54:27,5.7,5.9,6.3,9.7,3.4,None,445.55,3.5,"LINESTRING (-0.3763 39.4699, -0.323 39.461)"
LEG00850-2,SHP00850,2,PORT_P001,Port of Valencia,Port,Spain,39.461,-0.323,PORT_P009,Port of Marseille-Fos,Port,France,43.437,4.943,Sea Breakbulk,CAR010,V007,2025-02-07T00:34:07,2025-02-07T01:22:31,2025-02-09T17:46:07,2025-02-09T18:03:34,671.2,721.9,65.2,64.7,0,Port congestion,3900.36,108.11,"LINESTRING (-0.323 39.461, 4.943 43.437)"
LEG00850-3,SHP00850,3,PORT_P009,Port of Marseille-Fos,Port,France,43.437,4.943,FAC_F018,Marseille Wind Substation Site,Project Site,France,43.2965,5.3698,Road,CAR010,V007,2025-02-10T00:26:07,2025-02-10T09:55:44,2025-02-10T08:50:07,2025-02-10T20:54:41,48.0,50.1,8.4,11.0,2.6,None,547.03,29.7,"LINESTRING (4.943 43.437, 5.3698 43.2965)"
LEG00851-1,SHP00851,1,FAC_F014,Cadiz Module Yard,Module Yard,Spain,36.5271,-6.2886,PORT_P003,Port of Algeciras,Port,Spain,36.1324,-5.4479,Road,CAR010,V014,2024-08-23T09:00:00,2024-08-23T10:04:50,2024-08-23T17:36:00,2024-08-23T21:15:03,113.7,113.5,8.6,11.2,2.6,None,1121.15,472.17,"LINESTRING (-6.2886 36.5271, -5.4479 36.1324)"
LEG00851-2,SHP00851,2,PORT_P003,Port of Algeciras,Port,Spain,36.1324,-5.4479,PORT_P012,Port of Casablanca,Port,Morocco,33.605,-7.611,Sea Breakbulk,CAR010,V014,2024-08-24T02:31:03,2024-08-24T13:37:18,2024-08-26T01:25:03,2024-08-27T11:30:08,363.3,390.6,46.9,69.9,23.0,Customs hold,4307.79,410.5,"LINESTRING (-5.4479 36.1324, -7.611 33.605)"
LEG00851-3,SHP00851,3,PORT_P012,Port of Casablanca,Port,Morocco,33.605,-7.611,FAC_F008,Casablanca Desalination Site,Project Site,Morocco,33.5731,-7.5898,Road,CAR010,V014,2024-08-26T06:10:31,2024-08-28T03:02:36,2024-08-26T09:52:31,2024-08-28T18:35:19,4.7,4.9,3.7,15.5,11.8,Port congestion,461.75,20.38,"LINESTRING (-7.611 33.605, -7.5898 33.5731)"
LEG00852-1,SHP00852,1,FAC_F002,Madrid Cross Dock,Cross Dock,Spain,40.4168,-3.7038,FAC_F001,Zaragoza Distribution Hub,Warehouse,Spain,41.6488,-0.8891,Road,CAR001,,2025-09-17T12:00:00,2025-09-17T14:33:42,2025-09-18T00:24:00,2025-09-18T02:27:28,338.8,357.3,12.4,11.9,0,None,836.6,131.7,"LINESTRING (-3.7038 40.4168, -0.8891 41.6488)"
LEG00853-1,SHP00853,1,FAC_F009,Lyon Fabrication Partner,Vendor,France,45.764,4.8357,PORT_P009,Port of Marseille-Fos,Port,France,43.437,4.943,Road,CAR010,V014,2025-03-14T15:00:00,2025-03-14T17:35:36,2025-03-15T05:48:00,2025-03-15T11:25:15,333.5,357.3,14.8,17.8,3.0,None,1417.47,351.65,"LINESTRING (4.8357 45.764, 4.943 43.437)"
LEG00853-2,SHP00853,2,PORT_P009,Port of Marseille-Fos,Port,France,43.437,4.943,PORT_P005,Port of Sines,Port,Portugal,37.9543,-8.8631,Sea Breakbulk,CAR010,V014,2025-03-15T13:03:05,2025-03-16T04:26:49,2025-03-18T12:39:05,2025-03-19T22:09:44,1446.6,1511.6,71.6,89.7,18.1,Customs hold,4955.61,375.84,"LINESTRING (4.943 43.437, -8.8631 37.9543)"
LEG00853-3,SHP00853,3,PORT_P005,Port of Sines,Port,Portugal,37.9543,-8.8631,FAC_F007,Sines Energy Project Site,Project Site,Portugal,37.956,-8.868,Road,CAR010,V014,2025-03-18T22:06:26,2025-03-20T09:23:33,2025-03-19T04:42:26,2025-03-20T17:58:03,0.6,0.6,6.6,8.6,2.0,None,433.65,0.59,"LINESTRING (-8.8631 37.9543, -8.868 37.956)"
LEG00854-1,SHP00854,1,FAC_F009,Lyon Fabrication Partner,Vendor,France,45.764,4.8357,PORT_P009,Port of Marseille-Fos,Port,France,43.437,4.943,Road,CAR010,V007,2025-12-09T11:00:00,2025-12-09T11:16:38,2025-12-10T01:00:00,2025-12-11T02:31:07,301.8,315.3,14.0,39.2,25.2,Documentation issue,1343.33,355.25,"LINESTRING (4.8357 45.764, 4.943 43.437)"
LEG00854-2,SHP00854,2,PORT_P009,Port of Marseille-Fos,Port,France,43.437,4.943,PORT_P016,Port of Alexandria,Port,Egypt,31.2001,29.9187,Sea Breakbulk,CAR010,V007,2025-12-10T13:41:48,2025-12-11T08:39:48,2025-12-15T18:23:48,2025-12-17T06:06:02,2760.8,2752.3,124.7,141.4,16.7,Customs hold,6543.59,783.41,"LINESTRING (4.943 43.437, 29.9187 31.2001)"
LEG00854-3,SHP00854,3,PORT_P016,Port of Alexandria,Port,Egypt,31.2001,29.9187,FAC_F016,Alexandria Water Project Site,Project Site,Egypt,31.2001,29.9187,Road,CAR010,V007,2025-12-16T09:58:18,2025-12-17T16:35:59,2025-12-16T18:28:18,2025-12-18T03:00:37,0.0,0.0,8.5,10.4,1.9,None,432.0,0.0,"LINESTRING (29.9187 31.2001, 29.9187 31.2001)"
LEG00855-1,SHP00855,1,FAC_F012,Antwerp EPC Supplier Yard,Vendor,Belgium,51.2194,4.4025,PORT_P007,Port of Antwerp-Bruges,Port,Belgium,51.2639,4.4009,Road,CAR006,,2025-06-19T09:00:00,2025-06-19T11:57:12,2025-06-19T12:36:00,2025-06-19T15:43:40,6.5,6.6,3.6,3.8,0.2,None,564.93,9.02,"LINESTRING (4.4025 51.2194, 4.4009 51.2639)"
LEG00855-2,SHP00855,2,PORT_P007,Port of Antwerp-Bruges,Port,Belgium,51.2639,4.4009,PORT_P006,Port of Rotterdam,Port,Netherlands,51.947,4.142,Container Sea,CAR006,,2025-06-20T02:34:27,2025-06-20T09:01:27,2025-06-21T15:16:27,2025-06-22T00:05:45,83.3,87.6,36.7,39.1,2.4,None,2016.18,22.67,"LINESTRING (4.4009 51.2639, 4.142 51.947)"
LEG00855-3,SHP00855,3,PORT_P006,Port of Rotterdam,Port,Netherlands,51.947,4.142,FAC_F011,Rotterdam Consolidation Hub,Consolidation Hub,Netherlands,51.9244,4.4777,Road,CAR006,,2025-06-22T02:40:27,2025-06-22T15:25:24,2025-06-22T10:28:27,2025-06-23T02:56:37,30.7,32.3,7.8,11.5,3.7,None,662.0,44.13,"LINESTRING (4.142 51.947, 4.4777 51.9244)"
LEG00856-1,SHP00856,1,FAC_F013,Valencia Export Depot,Warehouse,Spain,39.4699,-0.3763,PORT_P001,Port of Valencia,Port,Spain,39.461,-0.323,Road,CAR006,,2025-11-25T13:00:00,2025-11-25T12:31:32,2025-11-25T21:18:00,2025-11-25T23:50:09,5.6,5.6,8.3,11.3,3.0,None,514.78,6.83,"LINESTRING (-0.3763 39.4699, -0.323 39.461)"
LEG00856-2,SHP00856,2,PORT_P001,Port of Valencia,Port,Spain,39.461,-0.323,PORT_P016,Port of Alexandria,Port,Egypt,31.2001,29.9187,Container Sea,CAR006,,2025-11-26T09:33:09,2025-11-26T10:11:53,2025-12-02T05:39:09,2025-12-02T06:50:32,3042.8,3084.3,140.1,140.6,0.5,None,4137.64,712.84,"LINESTRING (-0.323 39.461, 29.9187 31.2001)"
LEG00856-3,SHP00856,3,PORT_P016,Port of Alexandria,Port,Egypt,31.2001,29.9187,FAC_F016,Alexandria Water Project Site,Project Site,Egypt,31.2001,29.9187,Road,CAR006,,2025-12-02T09:41:37,2025-12-02T15:32:33,2025-12-02T15:53:37,2025-12-02T21:25:08,0.0,0.0,6.2,5.9,0,None,496.0,0.0,"LINESTRING (29.9187 31.2001, 29.9187 31.2001)"
LEG00857-1,SHP00857,1,FAC_F004,Bilbao Steel Fabricator,Vendor,Spain,43.263,-2.935,PORT_P004,Port of Bilbao,Port,Spain,43.3476,-3.0443,Road,CAR007,V005,2025-05-26T13:00:00,2025-05-26T12:43:26,2025-05-26T19:00:00,2025-05-26T22:22:37,15.2,15.9,6.0,9.7,3.7,None,771.12,111.49,"LINESTRING (-2.935 43.263, -3.0443 43.3476)"
LEG00857-2,SHP00857,2,PORT_P004,Port of Bilbao,Port,Spain,43.3476,-3.0443,PORT_P016,Port of Alexandria,Port,Egypt,31.2001,29.9187,Sea Breakbulk,CAR007,V005,2025-05-27T02:52:21,2025-05-27T10:10:23,2025-06-02T01:16:21,2025-06-03T11:02:30,3372.7,3457.7,142.4,168.9,26.5,Weather disruption,23849.42,6125.11,"LINESTRING (-3.0443 43.3476, 29.9187 31.2001)"
LEG00857-3,SHP00857,3,PORT_P016,Port of Alexandria,Port,Egypt,31.2001,29.9187,FAC_F016,Alexandria Water Project Site,Project Site,Egypt,31.2001,29.9187,Road,CAR007,V005,2025-06-02T10:59:02,2025-06-03T15:17:41,2025-06-02T18:23:02,2025-06-03T21:38:30,0.0,0.0,7.4,6.3,0,None,576.0,0.0,"LINESTRING (29.9187 31.2001, 29.9187 31.2001)"
LEG00858-1,SHP00858,1,FAC_F010,Milan Valve Plant,Vendor,Italy,45.4642,9.19,PORT_P010,Port of Genoa,Port,Italy,44.41,8.925,Road,CAR004,V008,2025-02-04T11:00:00,2025-02-04T10:52:26,2025-02-04T22:06:00,2025-02-04T21:31:35,156.8,159.0,11.1,10.7,0,None,1248.36,497.11,"LINESTRING (9.19 45.4642, 8.925 44.41)"
LEG00858-2,SHP00858,2,PORT_P010,Port of Genoa,Port,Italy,44.41,8.925,PORT_P018,Port of Dammam,Port,Saudi Arabia,26.498,50.184,Sea Breakbulk,CAR004,V008,2025-02-05T02:47:36,2025-02-05T14:26:44,2025-02-13T01:53:36,2025-02-13T16:02:53,4339.8,4587.7,191.1,193.6,2.5,None,13687.05,3623.55,"LINESTRING (8.925 44.41, 50.184 26.498)"
LEG00858-3,SHP00858,3,PORT_P018,Port of Dammam,Port,Saudi Arabia,26.498,50.184,FAC_F017,Dammam Gas Project Site,Project Site,Saudi Arabia,26.4207,50.0888,Road,CAR004,V008,2025-02-13T17:03:59,2025-02-14T05:15:58,2025-02-14T02:33:59,2025-02-14T16:44:42,16.4,17.5,9.5,11.5,2.0,None,521.85,54.71,"LINESTRING (50.184 26.498, 50.0888 26.4207)"
LEG00859-1,SHP00859,1,FAC_F002,Madrid Cross Dock,Cross Dock,Spain,40.4168,-3.7038,FAC_F008,Casablanca Desalination Site,Project Site,Morocco,33.5731,-7.5898,Road,CAR002,,2025-02-06T14:00:00,2025-02-06T15:18:20,2025-02-07T13:36:00,2025-02-07T14:42:33,960.3,1023.8,23.6,23.4,0,None,1803.54,349.17,"LINESTRING (-3.7038 40.4168, -7.5898 33.5731)"
LEG00860-1,SHP00860,1,FAC_F014,Cadiz Module Yard,Module Yard,Spain,36.5271,-6.2886,PORT_P003,Port of Algeciras,Port,Spain,36.1324,-5.4479,Road,CAR006,,2024-12-10T14:00:00,2024-12-10T15:05:11,2024-12-10T21:48:00,2024-12-10T23:16:50,111.0,113.7,7.8,8.2,0.4,None,1938.17,513.18,"LINESTRING (-6.2886 36.5271, -5.4479 36.1324)"
LEG00860-2,SHP00860,2,PORT_P003,Port of Algeciras,Port,Spain,36.1324,-5.4479,PORT_P006,Port of Rotterdam,Port,Netherlands,51.947,4.142,Container Sea,CAR006,,2024-12-11T13:15:34,2024-12-11T16:57:44,2024-12-16T07:39:34,2024-12-16T09:43:14,2073.6,2064.8,114.4,112.8,0,None,7774.78,1765.78,"LINESTRING (-5.4479 36.1324, 4.142 51.947)"
LEG00860-3,SHP00860,3,PORT_P006,Port of Rotterdam,Port,Netherlands,51.947,4.142,FAC_F011,Rotterdam Consolidation Hub,Consolidation Hub,Netherlands,51.9244,4.4777,Road,CAR006,,2024-12-16T21:54:26,2024-12-16T16:51:34,2024-12-17T01:42:26,2024-12-16T23:20:24,26.6,27.4,3.8,6.5,2.7,None,1013.56,123.67,"LINESTRING (4.142 51.947, 4.4777 51.9244)"
LEG00861-1,SHP00861,1,FAC_F012,Antwerp EPC Supplier Yard,Vendor,Belgium,51.2194,4.4025,PORT_P007,Port of Antwerp-Bruges,Port,Belgium,51.2639,4.4009,Road,CAR010,V014,2025-10-26T08:00:00,2025-10-26T10:59:28,2025-10-26T12:36:00,2025-10-26T15:41:42,6.0,6.3,4.6,4.7,0.1,None,517.71,7.97,"LINESTRING (4.4025 51.2194, 4.4009 51.2639)"
LEG00861-2,SHP00861,2,PORT_P007,Port of Antwerp-Bruges,Port,Belgium,51.2639,4.4009,PORT_P018,Port of Dammam,Port,Saudi Arabia,26.498,50.184,Sea Breakbulk,CAR010,V014,2025-10-27T00:48:33,2025-10-27T08:59:40,2025-11-05T09:30:33,2025-11-05T18:06:36,5100.5,5356.6,224.7,225.1,0.4,None,11448.27,1712.4,"LINESTRING (4.4009 51.2639, 50.184 26.498)"
LEG00861-3,SHP00861,3,PORT_P018,Port of Dammam,Port,Saudi Arabia,26.498,50.184,FAC_F017,Dammam Gas Project Site,Project Site,Saudi Arabia,26.4207,50.0888,Road,CAR010,V014,2025-11-05T23:09:03,2025-11-06T01:56:15,2025-11-06T02:51:03,2025-11-06T05:31:22,15.8,16.8,3.7,3.6,0,None,553.91,21.26,"LINESTRING (50.184 26.498, 50.0888 26.4207)"
LEG00862-1,SHP00862,1,FAC_F003,Puertollano Module Yard,Module Yard,Spain,38.6871,-4.1121,PORT_P003,Port of Algeciras,Port,Spain,36.1324,-5.4479,Road,CAR010,V004,2025-09-16T14:00:00,2025-09-16T13:06:54,2025-09-17T03:18:00,2025-09-17T14:20:39,409.1,411.7,13.3,25.2,11.9,Weather disruption,1597.01,477.55,"LINESTRING (-4.1121 38.6871, -5.4479 36.1324)"
LEG00862-2,SHP00862,2,PORT_P003,Port of Algeciras,Port,Spain,36.1324,-5.4479,PORT_P018,Port of Dammam,Port,Saudi Arabia,26.498,50.184,Sea Breakbulk,CAR010,V004,2025-09-17T09:27:33,2025-09-18T05:08:51,2025-09-28T00:09:33,2025-09-28T21:00:53,5725.1,5893.4,254.7,255.9,1.2,None,10179.28,1727.0,"LINESTRING (-5.4479 36.1324, 50.184 26.498)"
LEG00862-3,SHP00862,3,PORT_P018,Port of Dammam,Port,Saudi Arabia,26.498,50.184,FAC_F017,Dammam Gas Project Site,Project Site,Saudi Arabia,26.4207,50.0888,Road,CAR010,V004,2025-09-28T13:24:59,2025-09-29T05:46:06,2025-09-28T21:48:59,2025-09-30T10:18:28,15.8,16.2,8.4,28.5,20.1,Port congestion,477.84,18.79,"LINESTRING (50.184 26.498, 50.0888 26.4207)"
LEG00863-1,SHP00863,1,FAC_F004,Bilbao Steel Fabricator,Vendor,Spain,43.263,-2.935,PORT_P004,Port of Bilbao,Port,Spain,43.3476,-3.0443,Road,CAR006,,2025-05-15T11:00:00,2025-05-15T12:30:21,2025-05-15T18:18:00,2025-05-15T17:49:32,15.0,15.8,7.3,5.3,0,None,641.63,52.97,"LINESTRING (-2.935 43.263, -3.0443 43.3476)"
LEG00863-2,SHP00863,2,PORT_P004,Port of Bilbao,Port,Spain,43.3476,-3.0443,PORT_P006,Port of Rotterdam,Port,Netherlands,51.947,4.142,Container Sea,CAR006,,2025-05-16T05:47:06,2025-05-16T00:50:14,2025-05-19T21:05:06,2025-05-19T16:53:00,1226.5,1252.6,87.3,88.0,0.7,None,3819.24,795.68,"LINESTRING (-3.0443 43.3476, 4.142 51.947)"
LEG00863-3,SHP00863,3,PORT_P006,Port of Rotterdam,Port,Netherlands,51.947,4.142,FAC_F011,Rotterdam Consolidation Hub,Consolidation Hub,Netherlands,51.9244,4.4777,Road,CAR006,,2025-05-20T04:17:06,2025-05-20T00:22:45,2025-05-20T09:59:06,2025-05-20T08:00:04,26.3,27.7,5.7,7.6,1.9,None,718.18,92.87,"LINESTRING (4.142 51.947, 4.4777 51.9244)"
LEG00864-1,SHP00864,1,FAC_F004,Bilbao Steel Fabricator,Vendor,Spain,43.263,-2.935,PORT_P004,Port of Bilbao,Port,Spain,43.3476,-3.0443,Road,CAR010,V014,2025-09-03T15:00:00,2025-09-03T17:47:06,2025-09-03T19:36:00,2025-09-03T21:24:55,16.9,17.3,4.6,3.6,0,None,636.14,45.92,"LINESTRING (-2.935 43.263, -3.0443 43.3476)"
LEG00864-2,SHP00864,2,PORT_P004,Port of Bilbao,Port,Spain,43.3476,-3.0443,PORT_P018,Port of Dammam,Port,Saudi Arabia,26.498,50.184,Sea Breakbulk,CAR010,V014,2025-09-04T07:55:32,2025-09-04T05:25:55,2025-09-14T07:25:32,2025-09-14T07:28:45,5617.2,5569.8,239.5,242.0,2.5,None,17648.55,3734.89,"LINESTRING (-3.0443 43.3476, 50.184 26.498)"
LEG00864-3,SHP00864,3,PORT_P018,Port of Dammam,Port,Saudi Arabia,26.498,50.184,FAC_F017,Dammam Gas Project Site,Project Site,Saudi Arabia,26.4207,50.0888,Road,CAR010,V014,2025-09-14T17:03:15,2025-09-14T18:47:25,2025-09-14T22:57:15,2025-09-15T01:25:45,15.8,16.1,5.9,6.6,0.7,None,629.47,42.73,"LINESTRING (50.184 26.498, 50.0888 26.4207)"
LEG00865-1,SHP00865,1,FAC_F004,Bilbao Steel Fabricator,Vendor,Spain,43.263,-2.935,PORT_P004,Port of Bilbao,Port,Spain,43.3476,-3.0443,Road,CAR006,,2025-02-25T07:00:00,2025-02-25T07:49:45,2025-02-25T15:12:00,2025-02-25T15:09:03,16.1,16.6,8.2,7.3,0,None,788.02,121.95,"LINESTRING (-2.935 43.263, -3.0443 43.3476)"
LEG00865-2,SHP00865,2,PORT_P004,Port of Bilbao,Port,Spain,43.3476,-3.0443,PORT_P018,Port of Dammam,Port,Saudi Arabia,26.498,50.184,Container Sea,CAR006,,2025-02-25T23:29:08,2025-02-25T22:50:38,2025-03-08T17:11:08,2025-03-09T19:00:33,5661.8,5657.2,257.7,284.2,26.5,Port congestion,19140.93,7874.48,"LINESTRING (-3.0443 43.3476, 50.184 26.498)"
LEG00865-3,SHP00865,3,PORT_P018,Port of Dammam,Port,Saudi Arabia,26.498,50.184,FAC_F017,Dammam Gas Project Site,Project Site,Saudi Arabia,26.4207,50.0888,Road,CAR006,,2025-03-09T03:55:30,2025-03-10T12:03:30,2025-03-09T09:07:30,2025-03-10T15:41:01,15.8,15.7,5.2,3.6,0,None,776.52,115.34,"LINESTRING (50.184 26.498, 50.0888 26.4207)"
LEG00866-1,SHP00866,1,FAC_F009,Lyon Fabrication Partner,Vendor,France,45.764,4.8357,PORT_P009,Port of Marseille-Fos,Port,France,43.437,4.943,Road,CAR006,,2025-10-07T10:00:00,2025-10-07T11:18:01,2025-10-08T00:06:00,2025-10-08T09:28:27,331.8,345.7,14.1,22.2,8.1,Road permit delay,1776.85,752.73,"LINESTRING (4.8357 45.764, 4.943 43.437)"
LEG00866-2,SHP00866,2,PORT_P009,Port of Marseille-Fos,Port,France,43.437,4.943,PORT_P005,Port of Sines,Port,Portugal,37.9543,-8.8631,Container Sea,CAR006,,2025-10-08T06:48:44,2025-10-09T02:47:18,2025-10-12T03:36:44,2025-10-12T21:42:15,1423.8,1485.8,92.8,90.9,0,None,2887.34,612.98,"LINESTRING (4.943 43.437, -8.8631 37.9543)"
LEG00866-3,SHP00866,3,PORT_P005,Port of Sines,Port,Portugal,37.9543,-8.8631,FAC_F007,Sines Energy Project Site,Project Site,Portugal,37.956,-8.868,Road,CAR006,,2025-10-12T08:35:26,2025-10-13T01:46:36,2025-10-12T17:35:26,2025-10-13T10:42:09,0.6,0.6,9.0,8.9,0,None,434.33,1.31,"LINESTRING (-8.8631 37.9543, -8.868 37.956)"
LEG00867-1,SHP00867,1,FAC_F012,Antwerp EPC Supplier Yard,Vendor,Belgium,51.2194,4.4025,PORT_P007,Port of Antwerp-Bruges,Port,Belgium,51.2639,4.4009,Road,CAR010,V007,2025-02-09T10:00:00,2025-02-09T11:18:36,2025-02-09T17:00:00,2025-02-09T23:24:01,5.8,6.0,7.0,12.1,5.1,Carrier capacity,563.39,7.96,"LINESTRING (4.4025 51.2194, 4.4009 51.2639)"
LEG00867-2,SHP00867,2,PORT_P007,Port of Antwerp-Bruges,Port,Belgium,51.2639,4.4009,PORT_P012,Port of Casablanca,Port,Morocco,33.605,-7.611,Sea Breakbulk,CAR010,V007,2025-02-09T22:04:36,2025-02-10T06:32:16,2025-02-14T01:58:36,2025-02-14T10:13:49,2346.4,2525.8,99.9,99.7,0,None,8184.87,846.85,"LINESTRING (4.4009 51.2639, -7.611 33.605)"
LEG00867-3,SHP00867,3,PORT_P012,Port of Casablanca,Port,Morocco,33.605,-7.611,FAC_F008,Casablanca Desalination Site,Project Site,Morocco,33.5731,-7.5898,Road,CAR010,V007,2025-02-14T08:28:31,2025-02-15T00:41:37,2025-02-14T17:28:31,2025-02-16T04:20:16,4.6,4.9,9.0,27.6,18.6,Customs hold,559.1,6.5,"LINESTRING (-7.611 33.605, -7.5898 33.5731)"
LEG00868-1,SHP00868,1,FAC_F010,Milan Valve Plant,Vendor,Italy,45.4642,9.19,PORT_P010,Port of Genoa,Port,Italy,44.41,8.925,Road,CAR006,,2024-05-07T12:00:00,2024-05-07T14:50:11,2024-05-07T22:48:00,2024-05-08T10:29:01,146.9,150.3,10.8,19.6,8.8,Carrier capacity,795.73,118.65,"LINESTRING (9.19 45.4642, 8.925 44.41)"
LEG00868-2,SHP00868,2,PORT_P010,Port of Genoa,Port,Italy,44.41,8.925,PORT_P012,Port of Casablanca,Port,Morocco,33.605,-7.611,Container Sea,CAR006,,2024-05-08T06:24:53,2024-05-09T00:27:11,2024-05-12T18:54:53,2024-05-13T15:18:13,2050.2,2155.9,108.5,110.9,2.4,None,2728.16,322.48,"LINESTRING (8.925 44.41, -7.611 33.605)"
LEG00868-3,SHP00868,3,PORT_P012,Port of Casablanca,Port,Morocco,33.605,-7.611,FAC_F008,Casablanca Desalination Site,Project Site,Morocco,33.5731,-7.5898,Road,CAR006,,2024-05-13T03:56:02,2024-05-14T08:56:42,2024-05-13T11:38:02,2024-05-14T16:15:53,5.1,5.5,7.7,7.3,0,None,445.31,4.34,"LINESTRING (-7.611 33.605, -7.5898 33.5731)"
LEG00869-1,SHP00869,1,FAC_F010,Milan Valve Plant,Vendor,Italy,45.4642,9.19,PORT_P010,Port of Genoa,Port,Italy,44.41,8.925,Road,CAR010,V014,2025-04-22T08:00:00,2025-04-22T10:23:02,2025-04-22T14:48:00,2025-04-22T20:31:00,147.4,148.4,6.8,10.1,3.3,None,984.1,281.82,"LINESTRING (9.19 45.4642, 8.925 44.41)"
LEG00869-2,SHP00869,2,PORT_P010,Port of Genoa,Port,Italy,44.41,8.925,PORT_P005,Port of Sines,Port,Portugal,37.9543,-8.8631,Sea Breakbulk,CAR010,V014,2025-04-22T20:02:47,2025-04-23T02:28:28,2025-04-26T04:32:47,2025-04-26T10:06:00,1696.3,1689.9,80.5,79.6,0,None,5944.5,810.75,"LINESTRING (8.925 44.41, -8.8631 37.9543)"
LEG00869-3,SHP00869,3,PORT_P005,Port of Sines,Port,Portugal,37.9543,-8.8631,FAC_F007,Sines Energy Project Site,Project Site,Portugal,37.956,-8.868,Road,CAR010,V014,2025-04-26T17:23:43,2025-04-27T00:07:13,2025-04-26T20:59:43,2025-04-27T07:04:45,0.6,0.6,3.6,7.0,3.4,None,434.23,1.14,"LINESTRING (-8.8631 37.9543, -8.868 37.956)"
LEG00870-1,SHP00870,1,FAC_F001,Zaragoza Distribution Hub,Warehouse,Spain,41.6488,-0.8891,PORT_P001,Port of Valencia,Port,Spain,39.461,-0.323,Road,CAR010,V004,2025-07-15T11:00:00,2025-07-15T13:08:18,2025-07-15T21:48:00,2025-07-16T02:01:34,302.7,301.3,10.8,12.9,2.1,None,1171.69,238.72,"LINESTRING (-0.8891 41.6488, -0.323 39.461)"
LEG00870-2,SHP00870,2,PORT_P001,Port of Valencia,Port,Spain,39.461,-0.323,PORT_P016,Port of Alexandria,Port,Egypt,31.2001,29.9187,Sea Breakbulk,CAR010,V004,2025-07-16T08:48:54,2025-07-16T07:02:33,2025-07-21T11:12:54,2025-07-21T08:54:36,2967.5,3124.9,122.4,121.9,0,None,6352.04,625.48,"LINESTRING (-0.323 39.461, 29.9187 31.2001)"
LEG00870-3,SHP00870,3,PORT_P016,Port of Alexandria,Port,Egypt,31.2001,29.9187,FAC_F016,Alexandria Water Project Site,Project Site,Egypt,31.2001,29.9187,Road,CAR010,V004,2025-07-21T22:10:25,2025-07-22T02:45:05,2025-07-22T05:46:25,2025-07-22T10:30:41,0.0,0.0,7.6,7.8,0.2,None,432.0,0.0,"LINESTRING (29.9187 31.2001, 29.9187 31.2001)"
LEG00871-1,SHP00871,1,FAC_F002,Madrid Cross Dock,Cross Dock,Spain,40.4168,-3.7038,PORT_P001,Port of Valencia,Port,Spain,39.461,-0.323,Road,CAR006,,2025-07-24T11:00:00,2025-07-24T10:34:57,2025-07-24T21:00:00,2025-07-24T20:49:33,378.3,378.5,10.0,10.2,0.2,None,1105.28,145.63,"LINESTRING (-3.7038 40.4168, -0.323 39.461)"
LEG00871-2,SHP00871,2,PORT_P001,Port of Valencia,Port,Spain,39.461,-0.323,PORT_P009,Port of Marseille-Fos,Port,France,43.437,4.943,Container Sea,CAR006,,2025-07-25T08:15:38,2025-07-25T09:53:42,2025-07-28T08:33:38,2025-07-28T09:37:43,643.5,692.5,72.3,71.7,0,None,1724.11,50.48,"LINESTRING (-0.323 39.461, 4.943 43.437)"
LEG00871-3,SHP00871,3,PORT_P009,Port of Marseille-Fos,Port,France,43.437,4.943,FAC_F018,Marseille Wind Substation Site,Project Site,France,43.2965,5.3698,Road,CAR006,,2025-07-29T00:22:24,2025-07-28T21:49:32,2025-07-29T05:04:24,2025-07-29T05:51:15,48.8,48.8,4.7,8.0,3.3,None,490.93,18.78,"LINESTRING (4.943 43.437, 5.3698 43.2965)"
LEG00872-1,SHP00872,1,FAC_F014,Cadiz Module Yard,Module Yard,Spain,36.5271,-6.2886,PORT_P003,Port of Algeciras,Port,Spain,36.1324,-5.4479,Road,CAR004,V008,2025-06-17T13:00:00,2025-06-17T15:58:22,2025-06-17T22:06:00,2025-06-17T23:33:55,103.5,110.1,9.1,7.6,0,None,1633.98,560.94,"LINESTRING (-6.2886 36.5271, -5.4479 36.1324)"
LEG00872-2,SHP00872,2,PORT_P003,Port of Algeciras,Port,Spain,36.1324,-5.4479,PORT_P005,Port of Sines,Port,Portugal,37.9543,-8.8631,Sea Breakbulk,CAR004,V008,2025-06-18T03:29:43,2025-06-18T14:15:18,2025-06-19T20:41:43,2025-06-20T09:58:08,372.9,373.9,41.2,43.7,2.5,None,5952.9,481.25,"LINESTRING (-5.4479 36.1324, -8.8631 37.9543)"
LEG00872-3,SHP00872,3,PORT_P005,Port of Sines,Port,Portugal,37.9543,-8.8631,FAC_F007,Sines Energy Project Site,Project Site,Portugal,37.956,-8.868,Road,CAR004,V008,2025-06-20T00:42:09,2025-06-20T21:32:25,2025-06-20T08:54:09,2025-06-21T04:42:38,0.6,0.6,8.2,7.2,0,None,581.77,3.06,"LINESTRING (-8.8631 37.9543, -8.868 37.956)"
LEG00873-1,SHP00873,1,FAC_F002,Madrid Cross Dock,Cross Dock,Spain,40.4168,-3.7038,FAC_F008,Casablanca Desalination Site,Project Site,Morocco,33.5731,-7.5898,Road,CAR011,,2024-11-13T14:00:00,2024-11-13T16:27:50,2024-11-14T13:42:00,2024-11-14T16:55:26,945.6,1015.3,23.7,24.5,0.8,None,3653.5,1555.79,"LINESTRING (-3.7038 40.4168, -7.5898 33.5731)"
LEG00874-1,SHP00874,1,FAC_F013,Valencia Export Depot,Warehouse,Spain,39.4699,-0.3763,PORT_P001,Port of Valencia,Port,Spain,39.461,-0.323,Road,CAR007,V005,2025-11-06T14:00:00,2025-11-06T15:07:50,2025-11-06T18:12:00,2025-11-06T18:48:15,5.9,5.9,4.2,3.7,0,None,327.52,0.64,"LINESTRING (-0.3763 39.4699, -0.323 39.461)"
LEG00874-2,SHP00874,2,PORT_P001,Port of Valencia,Port,Spain,39.461,-0.323,PORT_P018,Port of Dammam,Port,Saudi Arabia,26.498,50.184,Sea Breakbulk,CAR007,V005,2025-11-07T08:10:58,2025-11-07T11:39:14,2025-11-17T00:46:58,2025-11-17T19:13:36,5313.9,5359.6,232.6,247.6,15.0,Weather disruption,4947.6,146.64,"LINESTRING (-0.323 39.461, 50.184 26.498)"
LEG00874-3,SHP00874,3,PORT_P018,Port of Dammam,Port,Saudi Arabia,26.498,50.184,FAC_F017,Dammam Gas Project Site,Project Site,Saudi Arabia,26.4207,50.0888,Road,CAR007,V005,2025-11-17T06:45:05,2025-11-18T11:27:44,2025-11-17T14:57:05,2025-11-18T19:58:30,15.1,15.6,8.2,8.5,0.3,None,339.87,1.69,"LINESTRING (50.184 26.498, 50.0888 26.4207)"
LEG00875-1,SHP00875,1,FAC_F002,Madrid Cross Dock,Cross Dock,Spain,40.4168,-3.7038,FAC_F011,Rotterdam Consolidation Hub,Consolidation Hub,Netherlands,51.9244,4.4777,Road,CAR012,,2024-03-31T11:00:00,2024-03-31T10:14:57,2024-04-02T03:00:00,2024-04-02T05:42:50,1777.9,1903.8,40.0,43.5,3.5,None,3061.74,652.91,"LINESTRING (-3.7038 40.4168, 4.4777 51.9244)"
LEG00876-1,SHP00876,1,FAC_F014,Cadiz Module Yard,Module Yard,Spain,36.5271,-6.2886,PORT_P003,Port of Algeciras,Port,Spain,36.1324,-5.4479,Road,CAR010,V007,2024-09-03T09:00:00,2024-09-03T10:58:06,2024-09-03T16:18:00,2024-09-03T17:22:00,113.7,121.0,7.3,6.4,0,None,1662.61,569.23,"LINESTRING (-6.2886 36.5271, -5.4479 36.1324)"
LEG00876-2,SHP00876,2,PORT_P003,Port of Algeciras,Port,Spain,36.1324,-5.4479,PORT_P005,Port of Sines,Port,Portugal,37.9543,-8.8631,Sea Breakbulk,CAR010,V007,2024-09-04T03:47:09,2024-09-04T10:21:27,2024-09-06T10:11:09,2024-09-07T12:13:09,380.2,381.5,54.4,73.9,19.5,Documentation issue,5871.49,453.41,"LINESTRING (-5.4479 36.1324, -8.8631 37.9543)"
LEG00876-3,SHP00876,3,PORT_P005,Port of Sines,Port,Portugal,37.9543,-8.8631,FAC_F007,Sines Energy Project Site,Project Site,Portugal,37.956,-8.868,Road,CAR010,V007,2024-09-06T23:38:39,2024-09-07T22:02:46,2024-09-07T05:56:39,2024-09-08T04:16:31,0.6,0.6,6.3,6.2,0,None,581.39,2.82,"LINESTRING (-8.8631 37.9543, -8.868 37.956)"
LEG00877-1,SHP00877,1,FAC_F012,Antwerp EPC Supplier Yard,Vendor,Belgium,51.2194,4.4025,PORT_P007,Port of Antwerp-Bruges,Port,Belgium,51.2639,4.4009,Road,CAR007,V005,2025-07-10T11:00:00,2025-07-10T11:24:59,2025-07-10T15:24:00,2025-07-10T15:36:42,5.8,6.0,4.4,4.2,0,None,680.62,63.14,"LINESTRING (4.4025 51.2194, 4.4009 51.2639)"
LEG00877-2,SHP00877,2,PORT_P007,Port of Antwerp-Bruges,Port,Belgium,51.2639,4.4009,PORT_P005,Port of Sines,Port,Portugal,37.9543,-8.8631,Sea Breakbulk,CAR007,V005,2025-07-11T06:49:40,2025-07-11T05:04:57,2025-07-15T03:13:40,2025-07-15T21:23:59,2003.4,2155.1,92.4,112.3,19.9,Carrier capacity,21832.68,5729.29,"LINESTRING (4.4009 51.2639, -8.8631 37.9543)"
LEG00877-3,SHP00877,3,PORT_P005,Port of Sines,Port,Portugal,37.9543,-8.8631,FAC_F007,Sines Energy Project Site,Project Site,Portugal,37.956,-8.868,Road,CAR007,V005,2025-07-15T08:12:20,2025-07-16T08:22:25,2025-07-15T15:30:20,2025-07-17T08:55:18,0.5,0.5,7.3,24.5,17.2,Carrier capacity,584.72,5.26,"LINESTRING (-8.8631 37.9543, -8.868 37.956)"
LEG00878-1,SHP00878,1,FAC_F012,Antwerp EPC Supplier Yard,Vendor,Belgium,51.2194,4.4025,PORT_P007,Port of Antwerp-Bruges,Port,Belgium,51.2639,4.4009,Road,CAR004,V008,2025-07-02T12:00:00,2025-07-02T12:15:22,2025-07-02T22:06:00,2025-07-02T20:27:34,6.5,6.8,10.1,8.2,0,None,720.95,20.45,"LINESTRING (4.4025 51.2194, 4.4009 51.2639)"
LEG00878-2,SHP00878,2,PORT_P007,Port of Antwerp-Bruges,Port,Belgium,51.2639,4.4009,PORT_P018,Port of Dammam,Port,Saudi Arabia,26.498,50.184,Sea Breakbulk,CAR004,V008,2025-07-03T09:40:40,2025-07-03T05:32:20,2025-07-11T15:16:40,2025-07-11T13:20:12,4883.3,5089.4,197.6,199.8,2.2,None,22031.37,3865.91,"LINESTRING (4.4009 51.2639, 50.184 26.498)"
LEG00878-3,SHP00878,3,PORT_P018,Port of Dammam,Port,Saudi Arabia,26.498,50.184,FAC_F017,Dammam Gas Project Site,Project Site,Saudi Arabia,26.4207,50.0888,Road,CAR004,V008,2025-07-11T20:55:43,2025-07-12T05:38:28,2025-07-12T05:07:43,2025-07-13T11:04:02,15.8,16.4,8.2,29.4,21.2,Weather disruption,793.45,49.31,"LINESTRING (50.184 26.498, 50.0888 26.4207)"
LEG00879-1,SHP00879,1,FAC_F002,Madrid Cross Dock,Cross Dock,Spain,40.4168,-3.7038,PORT_P001,Port of Valencia,Port,Spain,39.461,-0.323,Road,CAR006,,2025-05-19T12:00:00,2025-05-19T12:00:20,2025-05-20T04:42:00,2025-05-20T07:15:39,402.8,399.2,16.7,19.3,2.6,None,2011.11,894.25,"LINESTRING (-3.7038 40.4168, -0.323 39.461)"
LEG00879-2,SHP00879,2,PORT_P001,Port of Valencia,Port,Spain,39.461,-0.323,PORT_P001,Port of Valencia,Port,Spain,39.461,-0.323,Container Sea,CAR006,,2025-05-20T12:51:17,2025-05-20T21:35:25,2025-05-22T10:15:17,2025-05-22T17:32:36,0.0,0.0,45.4,44.0,0,None,1552.5,0.0,"LINESTRING (-0.323 39.461, -0.323 39.461)"
LEG00879-3,SHP00879,3,PORT_P001,Port of Valencia,Port,Spain,39.461,-0.323,FAC_F001,Zaragoza Distribution Hub,Warehouse,Spain,41.6488,-0.8891,Road,CAR006,,2025-05-22T18:59:31,2025-05-23T01:10:44,2025-05-23T05:53:31,2025-05-23T14:55:11,326.3,346.3,10.9,13.7,2.8,None,1801.86,775.75,"LINESTRING (-0.323 39.461, -0.8891 41.6488)"
LEG00880-1,SHP00880,1,FAC_F005,Tarragona Equipment Vendor,Vendor,Spain,41.1189,1.2445,PORT_P002,Port of Barcelona,Port,Spain,41.3522,2.1686,Road,CAR006,,2025-09-10T13:00:00,2025-09-10T15:56:53,2025-09-10T22:30:00,2025-09-11T00:58:08,100.3,105.1,9.5,9.0,0,None,2146.88,647.49,"LINESTRING (1.2445 41.1189, 2.1686 41.3522)"
LEG00880-2,SHP00880,2,PORT_P002,Port of Barcelona,Port,Spain,41.3522,2.1686,PORT_P018,Port of Dammam,Port,Saudi Arabia,26.498,50.184,Container Sea,CAR006,,2025-09-11T13:49:44,2025-09-11T06:38:24,2025-09-21T10:07:44,2025-09-21T06:12:47,5000.9,5245.1,236.3,239.6,3.3,None,19369.93,6122.61,"LINESTRING (2.1686 41.3522, 50.184 26.498)"
LEG00880-3,SHP00880,3,PORT_P018,Port of Dammam,Port,Saudi Arabia,26.498,50.184,FAC_F017,Dammam Gas Project Site,Project Site,Saudi Arabia,26.4207,50.0888,Road,CAR006,,2025-09-21T20:09:35,2025-09-21T10:28:28,2025-09-22T02:57:35,2025-09-22T14:44:05,14.4,15.1,6.8,28.3,21.5,Carrier capacity,925.0,93.03,"LINESTRING (50.184 26.498, 50.0888 26.4207)"
LEG00881-1,SHP00881,1,FAC_F012,Antwerp EPC Supplier Yard,Vendor,Belgium,51.2194,4.4025,PORT_P007,Port of Antwerp-Bruges,Port,Belgium,51.2639,4.4009,Road,CAR010,V007,2025-12-01T08:00:00,2025-12-01T10:54:31,2025-12-01T11:42:00,2025-12-01T17:56:58,6.3,6.7,3.7,7.0,3.3,None,641.52,34.16,"LINESTRING (4.4025 51.2194, 4.4009 51.2639)"
LEG00881-2,SHP00881,2,PORT_P007,Port of Antwerp-Bruges,Port,Belgium,51.2639,4.4009,PORT_P016,Port of Alexandria,Port,Egypt,31.2001,29.9187,Sea Breakbulk,CAR010,V007,2025-12-01T22:03:44,2025-12-02T00:37:04,2025-12-08T05:27:44,2025-12-09T02:32:52,3247.1,3227.7,151.4,169.9,18.5,Documentation issue,18665.59,4157.54,"LINESTRING (4.4009 51.2639, 29.9187 31.2001)"
LEG00881-3,SHP00881,3,PORT_P016,Port of Alexandria,Port,Egypt,31.2001,29.9187,FAC_F016,Alexandria Water Project Site,Project Site,Egypt,31.2001,29.9187,Road,CAR010,V007,2025-12-08T12:38:35,2025-12-09T15:37:18,2025-12-08T17:38:35,2025-12-09T23:20:22,0.0,0.0,5.0,7.7,2.7,None,576.0,0.0,"LINESTRING (29.9187 31.2001, 29.9187 31.2001)"
LEG00882-1,SHP00882,1,FAC_F012,Antwerp EPC Supplier Yard,Vendor,Belgium,51.2194,4.4025,PORT_P007,Port of Antwerp-Bruges,Port,Belgium,51.2639,4.4009,Road,CAR006,,2024-03-11T15:00:00,2024-03-11T17:46:56,2024-03-11T22:00:00,2024-03-12T02:43:20,6.2,6.2,7.0,8.9,1.9,None,412.22,3.18,"LINESTRING (4.4025 51.2194, 4.4009 51.2639)"
LEG00882-2,SHP00882,2,PORT_P007,Port of Antwerp-Bruges,Port,Belgium,51.2639,4.4009,PORT_P006,Port of Rotterdam,Port,Netherlands,51.947,4.142,Container Sea,CAR006,,2024-03-12T02:36:03,2024-03-12T09:23:44,2024-03-14T07:54:03,2024-03-14T15:38:15,84.6,90.5,53.3,54.2,0.9,None,1477.31,8.8,"LINESTRING (4.4009 51.2639, 4.142 51.947)"
LEG00882-3,SHP00882,3,PORT_P006,Port of Rotterdam,Port,Netherlands,51.947,4.142,FAC_F011,Rotterdam Consolidation Hub,Consolidation Hub,Netherlands,51.9244,4.4777,Road,CAR006,,2024-03-14T13:26:54,2024-03-15T08:15:09,2024-03-14T23:32:54,2024-03-16T02:24:25,27.1,27.7,10.1,18.2,8.1,Weather disruption,454.58,14.21,"LINESTRING (4.142 51.947, 4.4777 51.9244)"
LEG00883-1,SHP00883,1,FAC_F011,Rotterdam Consolidation Hub,Consolidation Hub,Netherlands,51.9244,4.4777,PORT_P006,Port of Rotterdam,Port,Netherlands,51.947,4.142,Road,CAR005,V013,2024-04-01T11:00:00,2024-04-01T12:42:39,2024-04-01T17:54:00,2024-04-01T22:16:40,27.5,28.7,6.9,9.6,2.7,None,459.35,17.45,"LINESTRING (4.4777 51.9244, 4.142 51.947)"
LEG00883-2,SHP00883,2,PORT_P006,Port of Rotterdam,Port,Netherlands,51.947,4.142,PORT_P012,Port of Casablanca,Port,Morocco,33.605,-7.611,Container Sea,CAR005,V013,2024-04-02T04:51:02,2024-04-02T08:02:58,2024-04-07T02:57:02,2024-04-07T09:14:36,2345.6,2417.1,118.1,121.2,3.1,None,2557.42,278.45,"LINESTRING (4.142 51.947, -7.611 33.605)"
LEG00883-3,SHP00883,3,PORT_P012,Port of Casablanca,Port,Morocco,33.605,-7.611,FAC_F008,Casablanca Desalination Site,Project Site,Morocco,33.5731,-7.5898,Road,CAR005,V013,2024-04-07T13:44:06,2024-04-07T16:01:42,2024-04-07T21:14:06,2024-04-07T23:07:50,4.7,5.1,7.5,7.1,0,None,410.55,3.1,"LINESTRING (-7.611 33.605, -7.5898 33.5731)"
LEG00884-1,SHP00884,1,FAC_F003,Puertollano Module Yard,Module Yard,Spain,38.6871,-4.1121,PORT_P003,Port of Algeciras,Port,Spain,36.1324,-5.4479,Road,CAR003,V010,2025-08-21T09:00:00,2025-08-21T11:29:01,2025-08-21T19:30:00,2025-08-22T01:15:23,351.7,379.4,10.5,13.8,3.3,None,3173.11,1254.66,"LINESTRING (-4.1121 38.6871, -5.4479 36.1324)"
LEG00884-2,SHP00884,2,PORT_P003,Port of Algeciras,Port,Spain,36.1324,-5.4479,PORT_P012,Port of Casablanca,Port,Morocco,33.605,-7.611,RoRo,CAR003,V010,2025-08-22T07:19:08,2025-08-22T11:29:06,2025-08-23T11:43:08,2025-08-23T19:13:55,374.7,371.6,28.4,31.7,3.3,None,2445.13,388.06,"LINESTRING (-5.4479 36.1324, -7.611 33.605)"
LEG00884-3,SHP00884,3,PORT_P012,Port of Casablanca,Port,Morocco,33.605,-7.611,FAC_F008,Casablanca Desalination Site,Project Site,Morocco,33.5731,-7.5898,Road,CAR003,V010,2025-08-23T17:54:02,2025-08-24T11:28:30,2025-08-23T22:42:02,2025-08-24T15:24:09,5.0,5.2,4.8,3.9,0,None,576.09,17.2,"LINESTRING (-7.611 33.605, -7.5898 33.5731)"
LEG00885-1,SHP00885,1,FAC_F012,Antwerp EPC Supplier Yard,Vendor,Belgium,51.2194,4.4025,PORT_P007,Port of Antwerp-Bruges,Port,Belgium,51.2639,4.4009,Road,CAR010,V007,2024-07-07T08:00:00,2024-07-07T08:20:18,2024-07-07T12:30:00,2024-07-07T14:48:07,6.1,6.5,4.5,6.5,2.0,None,711.28,15.6,"LINESTRING (4.4025 51.2194, 4.4009 51.2639)"
LEG00885-2,SHP00885,2,PORT_P007,Port of Antwerp-Bruges,Port,Belgium,51.2639,4.4009,PORT_P005,Port of Sines,Port,Portugal,37.9543,-8.8631,Sea Breakbulk,CAR010,V007,2024-07-07T16:51:50,2024-07-07T20:41:02,2024-07-12T00:45:50,2024-07-12T08:31:36,2004.7,2137.0,103.9,107.8,3.9,None,11006.22,1296.05,"LINESTRING (4.4009 51.2639, -8.8631 37.9543)"
LEG00885-3,SHP00885,3,PORT_P005,Port of Sines,Port,Portugal,37.9543,-8.8631,FAC_F007,Sines Energy Project Site,Project Site,Portugal,37.956,-8.868,Road,CAR010,V007,2024-07-12T12:57:51,2024-07-12T14:43:18,2024-07-12T19:09:51,2024-07-12T20:37:25,0.6,0.6,6.2,5.9,0,None,673.45,1.44,"LINESTRING (-8.8631 37.9543, -8.868 37.956)"
LEG00886-1,SHP00886,1,FAC_F003,Puertollano Module Yard,Module Yard,Spain,38.6871,-4.1121,PORT_P003,Port of Algeciras,Port,Spain,36.1324,-5.4479,Road,CAR007,V011,2024-05-14T08:00:00,2024-05-14T10:18:45,2024-05-15T01:24:00,2024-05-15T06:25:20,408.6,438.0,17.4,20.1,2.7,None,9279.71,4041.58,"LINESTRING (-4.1121 38.6871, -5.4479 36.1324)"
LEG00886-2,SHP00886,2,PORT_P003,Port of Algeciras,Port,Spain,36.1324,-5.4479,PORT_P006,Port of Rotterdam,Port,Netherlands,51.947,4.142,Sea Breakbulk,CAR007,V011,2024-05-15T14:29:28,2024-05-15T10:11:51,2024-05-20T13:11:28,2024-05-20T10:40:50,2066.6,2105.0,118.7,120.5,1.8,None,24502.17,4907.01,"LINESTRING (-5.4479 36.1324, 4.142 51.947)"
LEG00886-3,SHP00886,3,PORT_P006,Port of Rotterdam,Port,Netherlands,51.947,4.142,FAC_F011,Rotterdam Consolidation Hub,Consolidation Hub,Netherlands,51.9244,4.4777,Road,CAR007,V011,2024-05-20T19:22:48,2024-05-21T01:13:58,2024-05-21T04:04:48,2024-05-21T09:29:55,29.4,29.3,8.7,8.3,0,None,1292.6,270.36,"LINESTRING (4.142 51.947, 4.4777 51.9244)"
LEG00887-1,SHP00887,1,FAC_F015,Tangier Free Zone DC,Warehouse,Morocco,35.7595,-5.834,PORT_P011,Port of Tanger Med,Port,Morocco,35.889,-5.501,Road,CAR005,V003,2024-04-19T07:00:00,2024-04-19T08:24:22,2024-04-19T14:36:00,2024-04-19T14:47:53,39.7,40.6,7.6,6.4,0,None,431.27,79.72,"LINESTRING (-5.834 35.7595, -5.501 35.889)"
LEG00887-2,SHP00887,2,PORT_P011,Port of Tanger Med,Port,Morocco,35.889,-5.501,PORT_P006,Port of Rotterdam,Port,Netherlands,51.947,4.142,Container Sea,CAR005,V003,2024-04-19T23:07:31,2024-04-19T18:44:30,2024-04-24T17:19:31,2024-04-24T16:08:11,2116.9,2143.2,114.2,117.4,3.2,None,2503.16,797.4,"LINESTRING (-5.501 35.889, 4.142 51.947)"
LEG00887-3,SHP00887,3,PORT_P006,Port of Rotterdam,Port,Netherlands,51.947,4.142,FAC_F011,Rotterdam Consolidation Hub,Consolidation Hub,Netherlands,51.9244,4.4777,Road,CAR005,V003,2024-04-25T07:08:13,2024-04-25T04:06:53,2024-04-25T12:26:13,2024-04-25T10:24:44,30.6,31.2,5.3,6.3,1.0,None,405.51,61.27,"LINESTRING (4.142 51.947, 4.4777 51.9244)"
LEG00888-1,SHP00888,1,FAC_F012,Antwerp EPC Supplier Yard,Vendor,Belgium,51.2194,4.4025,PORT_P007,Port of Antwerp-Bruges,Port,Belgium,51.2639,4.4009,Road,CAR010,V007,2024-09-17T15:00:00,2024-09-17T17:14:28,2024-09-17T19:30:00,2024-09-17T23:51:34,6.1,6.2,4.5,6.6,2.1,None,663.12,50.74,"LINESTRING (4.4025 51.2194, 4.4009 51.2639)"
LEG00888-2,SHP00888,2,PORT_P007,Port of Antwerp-Bruges,Port,Belgium,51.2639,4.4009,PORT_P012,Port of Casablanca,Port,Morocco,33.605,-7.611,Sea Breakbulk,CAR010,V007,2024-09-18T11:24:36,2024-09-18T05:02:05,2024-09-23T17:24:36,2024-09-23T12:34:57,2350.5,2399.6,126.0,127.5,1.5,None,19920.85,4961.41,"LINESTRING (4.4009 51.2639, -7.611 33.605)"
LEG00888-3,SHP00888,3,PORT_P012,Port of Casablanca,Port,Morocco,33.605,-7.611,FAC_F008,Casablanca Desalination Site,Project Site,Morocco,33.5731,-7.5898,Road,CAR010,V007,2024-09-24T02:54:44,2024-09-23T23:08:03,2024-09-24T07:24:44,2024-09-24T04:57:36,4.9,5.0,4.5,5.8,1.3,None,646.26,40.92,"LINESTRING (-7.611 33.605, -7.5898 33.5731)"
LEG00889-1,SHP00889,1,FAC_F010,Milan Valve Plant,Vendor,Italy,45.4642,9.19,PORT_P010,Port of Genoa,Port,Italy,44.41,8.925,Road,CAR006,,2025-10-23T12:00:00,2025-10-23T14:15:37,2025-10-23T21:36:00,2025-10-23T22:27:06,151.4,156.5,9.6,8.2,0,None,1267.91,132.62,"LINESTRING (9.19 45.4642, 8.925 44.41)"
LEG00889-2,SHP00889,2,PORT_P010,Port of Genoa,Port,Italy,44.41,8.925,PORT_P018,Port of Dammam,Port,Saudi Arabia,26.498,50.184,Container Sea,CAR006,,2025-10-24T01:49:02,2025-10-24T15:38:55,2025-10-31T06:19:02,2025-10-31T19:22:01,4563.9,4733.5,172.5,171.7,0,None,6490.84,760.01,"LINESTRING (8.925 44.41, 50.184 26.498)"
LEG00889-3,SHP00889,3,PORT_P018,Port of Dammam,Port,Saudi Arabia,26.498,50.184,FAC_F017,Dammam Gas Project Site,Project Site,Saudi Arabia,26.4207,50.0888,Road,CAR006,,2025-10-31T16:40:05,2025-11-01T06:30:58,2025-11-01T01:46:05,2025-11-01T13:52:43,15.4,15.9,9.1,7.4,0,None,730.39,13.47,"LINESTRING (50.184 26.498, 50.0888 26.4207)"
LEG00890-1,SHP00890,1,FAC_F010,Milan Valve Plant,Vendor,Italy,45.4642,9.19,PORT_P010,Port of Genoa,Port,Italy,44.41,8.925,Road,CAR010,V007,2025-12-19T13:00:00,2025-12-19T14:12:43,2025-12-20T00:30:00,2025-12-20T04:20:35,145.1,146.6,11.5,14.1,2.6,None,1314.54,158.35,"LINESTRING (9.19 45.4642, 8.925 44.41)"
LEG00890-2,SHP00890,2,PORT_P010,Port of Genoa,Port,Italy,44.41,8.925,PORT_P018,Port of Dammam,Port,Saudi Arabia,26.498,50.184,Sea Breakbulk,CAR010,V007,2025-12-20T12:02:01,2025-12-20T13:54:34,2025-12-27T19:32:01,2025-12-28T17:32:27,4491.3,4605.8,175.5,195.6,20.1,Road permit delay,13412.46,1256.83,"LINESTRING (8.925 44.41, 50.184 26.498)"
LEG00890-3,SHP00890,3,PORT_P018,Port of Dammam,Port,Saudi Arabia,26.498,50.184,FAC_F017,Dammam Gas Project Site,Project Site,Saudi Arabia,26.4207,50.0888,Road,CAR010,V007,2025-12-28T05:08:47,2025-12-29T01:08:05,2025-12-28T13:44:47,2025-12-29T10:00:56,15.1,15.6,8.6,8.9,0.3,None,738.23,16.85,"LINESTRING (50.184 26.498, 50.0888 26.4207)"
LEG00891-1,SHP00891,1,FAC_F001,Zaragoza Distribution Hub,Warehouse,Spain,41.6488,-0.8891,PORT_P001,Port of Valencia,Port,Spain,39.461,-0.323,Road,CAR003,V010,2025-07-17T12:00:00,2025-07-17T11:32:44,2025-07-17T20:48:00,2025-07-17T22:06:02,288.6,307.8,8.8,10.6,1.8,None,1522.25,478.38,"LINESTRING (-0.8891 41.6488, -0.323 39.461)"
LEG00891-2,SHP00891,2,PORT_P001,Port of Valencia,Port,Spain,39.461,-0.323,PORT_P012,Port of Casablanca,Port,Morocco,33.605,-7.611,RoRo,CAR003,V010,2025-07-18T07:41:59,2025-07-18T10:29:58,2025-07-20T12:29:59,2025-07-20T15:39:00,997.6,1003.1,52.8,53.2,0.4,None,2468.16,492.32,"LINESTRING (-0.323 39.461, -7.611 33.605)"
LEG00891-3,SHP00891,3,PORT_P012,Port of Casablanca,Port,Morocco,33.605,-7.611,FAC_F008,Casablanca Desalination Site,Project Site,Morocco,33.5731,-7.5898,Road,CAR003,V010,2025-07-20T22:39:31,2025-07-20T22:46:48,2025-07-21T06:39:31,2025-07-21T09:21:33,5.1,5.2,8.0,10.6,2.6,None,450.42,8.08,"LINESTRING (-7.611 33.605, -7.5898 33.5731)"
LEG00892-1,SHP00892,1,FAC_F014,Cadiz Module Yard,Module Yard,Spain,36.5271,-6.2886,PORT_P003,Port of Algeciras,Port,Spain,36.1324,-5.4479,Road,CAR006,,2024-07-03T09:00:00,2024-07-03T09:00:03,2024-07-03T16:30:00,2024-07-03T18:40:27,104.8,106.8,7.5,9.7,2.2,None,861.86,245.23,"LINESTRING (-6.2886 36.5271, -5.4479 36.1324)"
LEG00892-2,SHP00892,2,PORT_P003,Port of Algeciras,Port,Spain,36.1324,-5.4479,PORT_P005,Port of Sines,Port,Portugal,37.9543,-8.8631,Container Sea,CAR006,,2024-07-04T04:50:26,2024-07-03T22:39:29,2024-07-06T00:56:26,2024-07-07T03:22:33,391.3,389.6,44.1,76.7,32.6,Customs hold,1915.08,169.5,"LINESTRING (-5.4479 36.1324, -8.8631 37.9543)"
LEG00892-3,SHP00892,3,PORT_P005,Port of Sines,Port,Portugal,37.9543,-8.8631,FAC_F007,Sines Energy Project Site,Project Site,Portugal,37.956,-8.868,Road,CAR006,,2024-07-06T11:58:53,2024-07-07T14:32:40,2024-07-06T20:52:53,2024-07-08T01:45:48,0.6,0.6,8.9,11.2,2.3,None,434.41,1.38,"LINESTRING (-8.8631 37.9543, -8.868 37.956)"
LEG00893-1,SHP00893,1,FAC_F012,Antwerp EPC Supplier Yard,Vendor,Belgium,51.2194,4.4025,PORT_P007,Port of Antwerp-Bruges,Port,Belgium,51.2639,4.4009,Road,CAR004,V001,2025-07-02T11:00:00,2025-07-02T13:04:19,2025-07-02T20:48:00,2025-07-02T23:46:08,5.7,5.7,9.8,10.7,0.9,None,454.32,12.15,"LINESTRING (4.4025 51.2194, 4.4009 51.2639)"
LEG00893-2,SHP00893,2,PORT_P007,Port of Antwerp-Bruges,Port,Belgium,51.2639,4.4009,PORT_P018,Port of Dammam,Port,Saudi Arabia,26.498,50.184,Sea Breakbulk,CAR004,V001,2025-07-03T03:34:24,2025-07-03T13:18:46,2025-07-11T07:40:24,2025-07-11T22:57:25,4889.0,5221.2,196.1,201.6,5.5,Weather disruption,12101.7,2810.68,"LINESTRING (4.4009 51.2639, 50.184 26.498)"
LEG00893-3,SHP00893,3,PORT_P018,Port of Dammam,Port,Saudi Arabia,26.498,50.184,FAC_F017,Dammam Gas Project Site,Project Site,Saudi Arabia,26.4207,50.0888,Road,CAR004,V001,2025-07-11T13:58:17,2025-07-12T12:39:09,2025-07-11T23:52:17,2025-07-12T21:10:19,15.1,16.3,9.9,8.5,0,None,495.83,34.73,"LINESTRING (50.184 26.498, 50.0888 26.4207)"
LEG00894-1,SHP00894,1,FAC_F014,Cadiz Module Yard,Module Yard,Spain,36.5271,-6.2886,PORT_P003,Port of Algeciras,Port,Spain,36.1324,-5.4479,Road,CAR004,V001,2024-12-02T14:00:00,2024-12-02T16:10:20,2024-12-03T00:06:00,2024-12-03T03:40:57,108.6,113.2,10.1,11.5,1.4,None,2095.73,886.24,"LINESTRING (-6.2886 36.5271, -5.4479 36.1324)"
LEG00894-2,SHP00894,2,PORT_P003,Port of Algeciras,Port,Spain,36.1324,-5.4479,PORT_P009,Port of Marseille-Fos,Port,France,43.437,4.943,Sea Breakbulk,CAR004,V001,2024-12-03T11:18:07,2024-12-03T16:17:41,2024-12-07T00:18:07,2024-12-07T22:40:05,1276.8,1293.0,85.0,102.4,17.4,Carrier capacity,12339.64,2557.35,"LINESTRING (-5.4479 36.1324, 4.943 43.437)"
LEG00894-3,SHP00894,3,PORT_P009,Port of Marseille-Fos,Port,France,43.437,4.943,FAC_F018,Marseille Wind Substation Site,Project Site,France,43.2965,5.3698,Road,CAR004,V001,2024-12-07T15:40:48,2024-12-08T06:15:54,2024-12-08T00:34:48,2024-12-08T15:15:04,43.7,46.8,8.9,9.0,0.1,None,1204.3,366.39,"LINESTRING (4.943 43.437, 5.3698 43.2965)"
LEG00895-1,SHP00895,1,FAC_F012,Antwerp EPC Supplier Yard,Vendor,Belgium,51.2194,4.4025,PORT_P007,Port of Antwerp-Bruges,Port,Belgium,51.2639,4.4009,Road,CAR007,V005,2025-02-03T08:00:00,2025-02-03T09:45:52,2025-02-03T13:42:00,2025-02-03T17:05:24,5.8,5.9,5.7,7.3,1.6,None,719.04,19.88,"LINESTRING (4.4025 51.2194, 4.4009 51.2639)"
LEG00895-2,SHP00895,2,PORT_P007,Port of Antwerp-Bruges,Port,Belgium,51.2639,4.4009,PORT_P018,Port of Dammam,Port,Saudi Arabia,26.498,50.184,Sea Breakbulk,CAR007,V005,2025-02-04T04:25:19,2025-02-04T05:16:24,2025-02-11T14:37:19,2025-02-11T16:56:08,5099.1,5222.6,178.2,179.7,1.5,None,24510.39,4444.64,"LINESTRING (4.4009 51.2639, 50.184 26.498)"
LEG00895-3,SHP00895,3,PORT_P018,Port of Dammam,Port,Saudi Arabia,26.498,50.184,FAC_F017,Dammam Gas Project Site,Project Site,Saudi Arabia,26.4207,50.0888,Road,CAR007,V005,2025-02-12T03:59:52,2025-02-11T20:29:31,2025-02-12T11:17:52,2025-02-12T03:36:06,14.5,14.9,7.3,7.1,0,None,794.45,50.19,"LINESTRING (50.184 26.498, 50.0888 26.4207)"
LEG00896-1,SHP00896,1,FAC_F001,Zaragoza Distribution Hub,Warehouse,Spain,41.6488,-0.8891,PORT_P001,Port of Valencia,Port,Spain,39.461,-0.323,Road,CAR003,V006,2024-04-24T11:00:00,2024-04-24T12:30:08,2024-04-24T20:24:00,2024-04-24T20:40:56,325.6,323.0,9.4,8.2,0,None,1128.88,142.07,"LINESTRING (-0.8891 41.6488, -0.323 39.461)"
LEG00896-2,SHP00896,2,PORT_P001,Port of Valencia,Port,Spain,39.461,-0.323,PORT_P012,Port of Casablanca,Port,Morocco,33.605,-7.611,RoRo,CAR003,V006,2024-04-25T07:36:50,2024-04-25T03:47:10,2024-04-27T08:30:50,2024-04-27T05:50:34,1013.1,1032.9,48.9,50.1,1.2,None,1903.85,143.47,"LINESTRING (-0.323 39.461, -7.611 33.605)"
LEG00896-3,SHP00896,3,PORT_P012,Port of Casablanca,Port,Morocco,33.605,-7.611,FAC_F008,Casablanca Desalination Site,Project Site,Morocco,33.5731,-7.5898,Road,CAR003,V006,2024-04-27T20:41:53,2024-04-27T11:21:09,2024-04-28T03:29:53,2024-04-27T17:59:59,5.0,5.4,6.8,6.6,0,None,443.65,2.38,"LINESTRING (-7.611 33.605, -7.5898 33.5731)"
LEG00897-1,SHP00897,1,FAC_F011,Rotterdam Consolidation Hub,Consolidation Hub,Netherlands,51.9244,4.4777,PORT_P006,Port of Rotterdam,Port,Netherlands,51.947,4.142,Road,CAR010,V007,2025-11-06T15:00:00,2025-11-06T16:04:42,2025-11-07T00:42:00,2025-11-07T03:29:14,30.0,30.4,9.7,11.4,1.7,None,548.03,61.31,"LINESTRING (4.4777 51.9244, 4.142 51.947)"
LEG00897-2,SHP00897,2,PORT_P006,Port of Rotterdam,Port,Netherlands,51.947,4.142,PORT_P009,Port of Marseille-Fos,Port,France,43.437,4.943,Sea Breakbulk,CAR010,V007,2025-11-07T05:23:56,2025-11-07T07:21:03,2025-11-10T08:05:56,2025-11-10T08:35:59,977.0,1043.3,74.7,73.2,0,None,4959.72,531.58,"LINESTRING (4.142 51.947, 4.943 43.437)"
LEG00897-3,SHP00897,3,PORT_P009,Port of Marseille-Fos,Port,France,43.437,4.943,FAC_F018,Marseille Wind Substation Site,Project Site,France,43.2965,5.3698,Road,CAR010,V007,2025-11-10T22:05:59,2025-11-10T22:07:32,2025-11-11T03:23:59,2025-11-11T06:55:40,45.9,45.9,5.3,8.8,3.5,None,607.19,92.57,"LINESTRING (4.943 43.437, 5.3698 43.2965)"
LEG00898-1,SHP00898,1,FAC_F001,Zaragoza Distribution Hub,Warehouse,Spain,41.6488,-0.8891,PORT_P001,Port of Valencia,Port,Spain,39.461,-0.323,Road,CAR010,V007,2025-06-03T14:00:00,2025-06-03T13:29:03,2025-06-04T03:54:00,2025-06-04T21:47:17,288.7,291.0,13.9,32.3,18.4,Carrier capacity,1335.6,397.54,"LINESTRING (-0.8891 41.6488, -0.323 39.461)"
LEG00898-2,SHP00898,2,PORT_P001,Port of Valencia,Port,Spain,39.461,-0.323,PORT_P018,Port of Dammam,Port,Saudi Arabia,26.498,50.184,Sea Breakbulk,CAR010,V007,2025-06-04T17:44:47,2025-06-05T08:05:12,2025-06-13T14:02:47,2025-06-14T04:33:59,5028.6,5348.3,212.3,212.5,0.2,None,10227.82,1845.81,"LINESTRING (-0.323 39.461, 50.184 26.498)"
LEG00898-3,SHP00898,3,PORT_P018,Port of Dammam,Port,Saudi Arabia,26.498,50.184,FAC_F017,Dammam Gas Project Site,Project Site,Saudi Arabia,26.4207,50.0888,Road,CAR010,V007,2025-06-14T00:10:12,2025-06-14T11:59:12,2025-06-14T04:58:12,2025-06-14T18:58:54,15.9,16.1,4.8,7.0,2.2,None,481.99,21.99,"LINESTRING (50.184 26.498, 50.0888 26.4207)"
LEG00899-1,SHP00899,1,FAC_F011,Rotterdam Consolidation Hub,Consolidation Hub,Netherlands,51.9244,4.4777,PORT_P006,Port of Rotterdam,Port,Netherlands,51.947,4.142,Road,CAR004,V001,2025-07-01T09:00:00,2025-07-01T10:30:13,2025-07-01T17:00:00,2025-07-01T19:24:17,27.3,28.2,8.0,8.9,0.9,None,531.5,50.07,"LINESTRING (4.4777 51.9244, 4.142 51.947)"
LEG00899-2,SHP00899,2,PORT_P006,Port of Rotterdam,Port,Netherlands,51.947,4.142,PORT_P012,Port of Casablanca,Port,Morocco,33.605,-7.611,Sea Breakbulk,CAR004,V001,2025-07-02T01:30:39,2025-07-02T11:07:44,2025-07-06T10:30:39,2025-07-06T18:57:42,2379.9,2519.8,105.0,103.8,0,None,7047.63,1130.28,"LINESTRING (4.142 51.947, -7.611 33.605)"
LEG00899-3,SHP00899,3,PORT_P012,Port of Casablanca,Port,Morocco,33.605,-7.611,FAC_F008,Casablanca Desalination Site,Project Site,Morocco,33.5731,-7.5898,Road,CAR004,V001,2025-07-06T20:24:26,2025-07-07T04:58:32,2025-07-07T00:00:26,2025-07-08T00:57:33,4.9,5.3,3.6,20.0,16.4,Weather disruption,450.7,9.41,"LINESTRING (-7.611 33.605, -7.5898 33.5731)"
LEG00900-1,SHP00900,1,FAC_F014,Cadiz Module Yard,Module Yard,Spain,36.5271,-6.2886,PORT_P003,Port of Algeciras,Port,Spain,36.1324,-5.4479,Road,CAR004,V012,2024-01-29T11:00:00,2024-01-29T10:54:18,2024-01-29T17:42:00,2024-01-29T20:20:46,101.2,108.1,6.7,9.4,2.7,None,937.99,143.98,"LINESTRING (-6.2886 36.5271, -5.4479 36.1324)"
LEG00900-2,SHP00900,2,PORT_P003,Port of Algeciras,Port,Spain,36.1324,-5.4479,PORT_P005,Port of Sines,Port,Portugal,37.9543,-8.8631,Sea Breakbulk,CAR004,V012,2024-01-30T08:44:06,2024-01-30T03:21:19,2024-02-01T20:14:06,2024-02-02T18:08:59,394.6,403.0,59.5,86.8,27.3,Customs hold,4673.23,135.6,"LINESTRING (-5.4479 36.1324, -8.8631 37.9543)"
LEG00900-3,SHP00900,3,PORT_P005,Port of Sines,Port,Portugal,37.9543,-8.8631,FAC_F007,Sines Energy Project Site,Project Site,Portugal,37.956,-8.868,Road,CAR004,V012,2024-02-02T12:12:12,2024-02-03T04:52:45,2024-02-02T21:12:12,2024-02-03T14:59:46,0.6,0.6,9.0,10.1,1.1,None,542.21,0.8,"LINESTRING (-8.8631 37.9543, -8.868 37.956)"
