shipment_id,project_id,order_date,requested_delivery_date,planned_pickup_datetime,actual_pickup_datetime,planned_delivery_datetime,actual_delivery_datetime,origin_facility_id,destination_facility_id,origin_port_id,destination_port_id,primary_mode,carrier_id,vessel_id,cargo_type_id,units,weight_tons,volume_cbm,length_m,width_m,height_m,oversize_flag,heavy_lift_flag,hazardous_flag,temperature_controlled_flag,service_level,incoterm,planned_distance_km,actual_distance_km,planned_transit_days,delay_hours,delay_days,late_bucket,on_time_flag,status,main_delay_reason,freight_cost_eur,fuel_surcharge_eur,port_cost_eur,customs_cost_eur,total_logistics_cost_eur,cargo_value_eur,logistics_cost_pct_cargo_value,co2e_kg,co2e_kg_per_ton_km,damage_flag,claim_amount_eur,risk_score,risk_level
SHP00001,PRJ001,2025-07-23,2025-09-15,2025-09-04T08:00:00,2025-09-04T09:17:12,2025-09-09T10:12:48,2025-09-09T02:26:53,F004,F007,P004,P005,Sea Breakbulk,CAR010,V014,CG002,3,14.21,75.6,14.11,5.36,4.28,Y,N,N,N,Standard,DAP,821.0,843.7,6,0,0.0,On time,Y,Delivered,None,5211.78,686.0,1209.89,499.05,7606.72,132058.95,0.0576,305.59,0.02549,N,0,27,Low
SHP00002,PRJ001,2024-01-12,2024-01-31,2024-01-25T14:00:00,2024-01-25T15:38:31,2024-01-29T14:20:31,2024-01-30T06:46:25,F001,F007,P001,P005,Intermodal,CAR006,,CG010,7,0.84,2.82,2.68,1.53,1.52,N,N,N,N,Standard,DDP,1110.8,1098.5,5,16.4,0.68,On time,Y,Delivered,Customs hold,2360.91,339.34,1369.85,479.73,4549.83,115266.92,0.0395,36.0,0.03901,Y,1048.72,23,Low
SHP00003,PRJ001,2024-09-18,2024-10-31,2024-10-18T12:00:00,2024-10-18T13:47:31,2024-10-23T20:31:49,2024-10-24T01:01:47,F012,F007,P007,P005,Intermodal,CAR006,,CG008,1,99.94,546.32,34.98,11.54,10.24,Y,Y,N,N,Critical,DAP,1944.2,1977.9,6,4.5,0.19,On time,Y,Delivered,None,16666.79,2568.7,3676.91,1491.69,24404.09,2716424.31,0.009,3612.72,0.01828,N,0,48,Medium
SHP00004,PRJ001,2024-05-02,2024-06-03,2024-05-22T09:00:00,2024-05-22T11:05:02,2024-05-28T03:46:48,2024-05-29T17:19:29,F012,F007,P007,P005,Sea Breakbulk,CAR004,V001,CG005,7,29.73,48.31,10.94,4.22,2.96,Y,N,N,N,Standard,EXW,2044.2,2010.9,7,37.5,1.56,1-2 days,N,Delivered,Carrier capacity,8287.89,923.57,1238.36,518.41,10968.23,975114.95,0.0112,1449.17,0.02424,N,0,34,Low
SHP00005,PRJ003,2025-05-14,2025-06-16,2025-06-04T13:00:00,2025-06-04T12:39:41,2025-06-10T04:59:48,2025-06-10T22:51:39,F002,F011,P001,P006,Intermodal,CAR006,,CG009,3,16.73,30.4,8.21,2.38,2.28,N,N,Y,Y,Standard,DAP,1981.2,1950.0,7,17.9,0.74,On time,Y,Delivered,Port congestion,3639.5,308.53,1697.51,1018.13,6663.67,117568.04,0.0567,1120.02,0.03433,N,0,30,Low
SHP00006,PRJ002,2025-06-21,2025-08-17,2025-08-03T15:00:00,2025-08-03T16:38:23,2025-08-09T03:53:59,2025-08-10T14:32:24,F012,F008,P007,P012,Sea Breakbulk,CAR010,V014,CG005,5,28.58,195.15,23.94,7.22,6.17,Y,N,N,N,Expedite,DAP,2297.5,2377.9,7,34.6,1.44,1-2 days,N,Delivered,Documentation issue,11052.08,1776.92,1686.71,807.63,15323.35,805029.78,0.019,1655.81,0.02436,N,0,49,Medium
SHP00007,PRJ001,2023-12-19,2024-02-05,2024-01-25T07:00:00,2024-01-25T07:25:39,2024-01-31T01:44:42,2024-01-31T11:43:25,F010,F007,P010,P005,Sea Breakbulk,CAR007,V005,CG005,5,17.34,80.98,13.7,4.02,4.31,Y,N,N,N,Standard,EXW,1905.6,1949.0,7,10.0,0.42,On time,Y,Delivered,Port congestion,7105.94,767.07,1193.1,780.84,9846.96,575131.37,0.0171,993.68,0.0294,N,0,39,Low
SHP00008,PRJ002,2024-02-12,2024-03-23,2024-03-14T12:00:00,2024-03-14T13:02:37,2024-03-20T00:46:05,2024-03-21T08:38:22,F010,F008,P010,P012,Intermodal,CAR006,,CG003,4,7.69,29.15,8.43,3.0,2.78,Y,N,N,N,Standard,EXW,2077.3,2139.2,7,31.9,1.33,1-2 days,N,Delivered,Customs hold,3829.34,319.23,1471.47,365.44,5985.48,402814.71,0.0149,385.28,0.02342,N,0,40,Low
SHP00009,PRJ005,2025-06-09,2025-07-15,2025-07-01T12:00:00,2025-07-01T12:54:29,2025-07-09T16:41:56,2025-07-10T01:25:26,F014,F016,P003,P016,Intermodal,CAR006,,CG004,1,60.15,233.59,32.57,7.85,7.19,Y,Y,N,N,Standard,DDP,3907.4,4011.6,9,8.7,0.36,On time,Y,Delivered,None,13947.85,1020.76,3213.61,1229.14,19411.36,1204042.98,0.0161,4840.79,0.02006,N,0,61,Medium
SHP00010,PRJ002,2025-09-28,2025-10-11,2025-10-08T15:00:00,2025-10-08T15:01:18,2025-10-11T04:02:33,2025-10-11T22:07:58,F014,F008,P003,P012,RoRo,CAR003,V006,CG006,3,45.59,133.94,21.86,6.13,5.32,Y,Y,N,N,Standard,FCA,509.9,526.5,4,18.1,0.75,On time,Y,Delivered,Road permit delay,5193.99,443.32,2772.03,1194.77,9604.11,242495.01,0.0396,1079.25,0.04496,N,0,58,Medium
SHP00011,PRJ007,2023-12-07,2024-01-16,2024-01-04T07:00:00,2024-01-04T06:58:36,2024-01-08T07:10:05,2024-01-08T05:45:04,F010,F001,P010,P001,Sea Breakbulk,CAR004,V001,CG007,8,19.13,27.51,8.31,2.75,2.32,Y,N,N,N,Standard,DDP,1441.3,1496.2,5,0,0.0,On time,Y,Delivered,None,7294.14,876.34,1182.05,861.68,10214.21,408110.76,0.025,1354.64,0.04733,N,0,27,Low
SHP00012,PRJ002,2024-10-26,2024-12-14,2024-12-09T13:00:00,2024-12-09T13:09:20,2024-12-13T09:25:32,2024-12-13T15:11:02,F001,F008,P001,P012,RoRo,CAR003,V002,CG010,3,3.67,18.4,7.27,2.37,2.04,N,N,N,N,Standard,CFR,1281.1,1302.8,5,5.8,0.24,On time,Y,Delivered,Port congestion,2463.77,253.4,1223.8,372.04,4313.01,488373.45,0.0088,213.93,0.04474,N,0,32,Low
SHP00013,PRJ002,2024-01-27,2024-03-05,2024-02-26T07:00:00,2024-02-26T09:50:00,2024-03-01T19:39:25,2024-03-02T00:24:06,F005,F008,P002,P012,RoRo,CAR003,V002,CG001,1,5.08,28.33,9.22,3.22,1.96,Y,N,N,N,Standard,DDP,1376.8,1380.1,5,4.7,0.2,On time,Y,Delivered,None,3240.38,293.6,754.51,302.61,4591.11,377420.5,0.0122,248.3,0.03542,N,0,37,Low
SHP00014,PRJ005,2024-08-07,2024-08-28,2024-08-22T09:00:00,2024-08-22T10:04:36,2024-08-30T01:53:18,2024-08-30T17:55:20,F001,F016,P001,P016,Sea Breakbulk,CAR004,V001,CG007,7,11.6,17.64,7.81,2.13,2.23,N,N,N,N,Standard,EXW,3564.7,3658.3,9,16.0,0.67,On time,Y,Delivered,None,6537.17,409.83,1626.9,505.1,9079.0,221919.44,0.0409,1285.73,0.0303,N,0,30,Low
SHP00015,PRJ003,2025-04-11,2025-06-01,2025-05-20T08:00:00,2025-05-20T07:51:01,2025-05-24T19:44:43,2025-05-25T05:17:14,F004,F011,P004,P006,Sea Breakbulk,CAR004,V001,CG008,2,35.27,524.75,45.48,11.91,10.13,Y,Y,N,N,Standard,CFR,1263.2,1289.7,5,9.5,0.4,On time,Y,Delivered,None,9650.12,1234.41,2415.77,727.32,14027.63,789951.58,0.0178,1207.15,0.02654,N,0,45,Medium
SHP00016,PRJ006,2025-05-02,2025-05-25,2025-05-15T12:00:00,2025-05-15T11:34:25,2025-05-25T12:00:51,2025-05-26T00:50:18,F012,F017,P007,P018,Container Sea,CAR005,V003,CG003,2,7.9,15.81,6.94,2.48,1.88,N,N,N,N,Standard,DAP,5152.4,5179.1,11,12.8,0.53,On time,Y,Delivered,None,3891.72,575.37,1164.13,496.07,6127.29,306268.51,0.02,749.91,0.01833,N,0,29,Low
SHP00017,PRJ006,2024-08-02,2024-09-13,2024-08-30T07:00:00,2024-08-30T07:26:30,2024-09-10T13:12:21,2024-09-11T00:57:59,F014,F017,P003,P018,Sea Breakbulk,CAR004,V001,CG006,8,37.93,76.73,17.09,4.9,4.05,Y,N,N,N,Critical,FCA,5649.8,5821.9,12,11.8,0.49,On time,Y,Delivered,None,29035.85,3890.67,1468.74,1036.57,35431.84,236491.03,0.1498,5651.5,0.02559,N,0,29,Low
SHP00018,PRJ002,2025-01-05,2025-02-19,2025-02-11T09:00:00,2025-02-11T11:04:12,2025-02-16T06:56:19,2025-02-17T21:43:56,F005,F008,P002,P012,Sea Breakbulk,CAR007,V005,CG001,2,6.08,17.22,6.95,1.8,1.28,N,N,N,N,Standard,EXW,1436.2,1494.8,6,38.8,1.62,1-2 days,N,Delivered,Road permit delay,4146.19,459.6,870.95,638.75,6115.5,373679.91,0.0164,261.59,0.02878,N,0,26,Low
SHP00019,PRJ006,2025-02-24,2025-03-20,2025-03-03T08:00:00,2025-03-03T07:43:20,2025-03-13T03:31:25,2025-03-14T07:16:53,F011,F017,P006,P018,Sea Breakbulk,CAR004,V008,CG010,1,1.79,10.21,6.3,1.88,1.72,N,N,N,N,Critical,DDP,5264.5,5460.4,11,27.8,1.16,1-2 days,N,Delivered,Port congestion,9115.68,1346.0,1182.92,517.85,12162.46,223626.09,0.0544,240.06,0.02456,N,0,28,Low
SHP00020,PRJ001,2024-03-26,2024-05-11,2024-05-08T07:00:00,2024-05-08T06:31:12,2024-05-13T19:52:45,2024-05-13T16:04:04,F012,F007,P007,P005,Sea Breakbulk,CAR004,V012,CG005,5,31.24,86.27,17.1,4.74,4.28,Y,N,N,N,Standard,EXW,2088.6,2061.1,6,0,0.0,On time,Y,Delivered,Customs hold,8546.57,543.59,1338.01,675.77,11103.95,1064242.37,0.0104,1559.08,0.02421,Y,31222.61,30,Low
SHP00021,PRJ001,2025-05-03,2025-05-24,2025-05-19T07:00:00,2025-05-19T08:44:27,2025-05-23T07:53:36,2025-05-23T22:17:50,F005,F007,P002,P005,Sea Breakbulk,CAR007,V011,CG005,1,29.03,125.84,18.38,5.93,5.03,Y,N,N,N,Expedite,FCA,1202.3,1234.5,5,14.4,0.6,On time,Y,Delivered,Customs hold,8549.24,1285.8,1827.17,660.12,12322.32,859299.79,0.0143,1057.56,0.02951,N,0,29,Low
SHP00022,PRJ003,2024-10-30,2024-11-19,2024-11-13T12:00:00,2024-11-13T14:15:34,2024-11-18T12:37:48,2024-11-18T23:10:56,F013,F011,P001,P006,Intermodal,CAR006,,CG010,4,4.45,5.53,4.62,0.88,1.37,N,N,N,N,Expedite,FCA,1624.5,1650.4,6,10.6,0.44,On time,Y,Delivered,None,2965.91,350.01,976.73,705.61,4998.26,496049.99,0.0101,144.16,0.01963,N,0,12,Low
SHP00023,PRJ007,2023-12-14,2024-01-12,2024-01-10T14:00:00,2024-01-10T13:31:29,2024-01-11T03:00:00,2024-01-11T15:48:58,F003,F001,,,Road,CAR008,,CG002,2,19.79,88.74,12.96,4.26,3.74,Y,N,N,N,Standard,DAP,527.4,548.8,2,12.8,0.53,On time,Y,Delivered,Customs hold,2368.09,271.91,0,0,2640.0,193815.43,0.0136,1031.77,0.095,N,0,38,Low
SHP00024,PRJ006,2025-07-01,2025-08-16,2025-07-29T13:00:00,2025-07-29T12:12:40,2025-08-09T14:21:57,2025-08-10T02:54:54,F012,F017,P007,P018,Sea Breakbulk,CAR004,V008,CG004,2,32.42,141.56,20.81,6.41,4.91,Y,Y,N,N,Standard,CFR,5552.6,5490.4,12,12.5,0.52,On time,Y,Delivered,None,21617.32,3066.85,2536.09,626.46,27846.72,694322.01,0.0401,4322.16,0.02428,N,0,75,High
SHP00025,PRJ002,2025-02-09,2025-03-10,2025-02-25T09:00:00,2025-02-25T11:38:20,2025-03-02T01:49:32,2025-03-03T03:24:44,F004,F008,P004,P012,Sea Breakbulk,CAR007,V005,CG008,1,93.16,523.71,37.86,11.95,10.45,Y,Y,N,N,Standard,CFR,1281.9,1285.0,6,25.6,1.07,On time,Y,Delivered,Carrier capacity,14822.8,1542.65,3987.2,1289.5,21642.16,2850858.62,0.0076,3013.94,0.02518,N,0,57,Medium
SHP00026,PRJ002,2024-06-24,2024-07-20,2024-07-10T13:00:00,2024-07-10T12:15:32,2024-07-12T10:30:00,2024-07-12T09:34:48,F010,F008,,,Road,CAR001,,CG001,5,3.47,25.5,9.31,1.9,2.28,N,N,N,N,Standard,FCA,2780.8,2759.3,3,0,0.0,On time,Y,Delivered,None,4235.82,328.07,0,636.61,5200.51,238225.84,0.0218,909.6,0.095,N,0,10,Low
SHP00027,PRJ007,2024-12-27,2025-02-02,2025-01-20T12:00:00,2025-01-20T11:23:11,2025-01-25T02:31:42,2025-01-27T09:24:43,F009,F001,P009,P001,Sea Breakbulk,CAR004,V001,CG002,5,24.63,64.3,13.55,4.65,3.84,Y,N,N,N,Standard,FCA,1284.9,1293.2,6,54.9,2.29,3-5 days,N,Delivered,Customs hold,7842.93,791.15,1160.65,948.79,10743.52,278871.66,0.0385,1847.6,0.05801,N,0,33,Low
SHP00028,PRJ004,2024-07-07,2024-08-18,2024-08-06T13:00:00,2024-08-06T15:38:42,2024-08-11T10:47:44,2024-08-11T22:23:11,F011,F018,P006,P009,Intermodal,CAR006,,CG010,2,2.91,5.37,4.31,1.8,1.56,N,N,N,N,Expedite,DAP,1174.9,1158.2,6,11.6,0.48,On time,Y,Delivered,None,2778.14,376.21,1417.11,262.76,4834.21,439744.92,0.011,77.35,0.02295,N,0,21,Low
SHP00029,PRJ007,2025-11-23,2026-01-03,2025-12-30T07:00:00,2025-12-30T06:17:04,2025-12-30T21:06:00,2025-12-30T23:15:16,F004,F001,,,Road,CAR008,,CG008,2,42.07,574.72,40.54,12.19,10.85,Y,Y,N,N,Expedite,DAP,330.7,330.0,1,2.2,0.09,On time,Y,Delivered,None,3998.55,606.85,0,0,4605.4,1306857.33,0.0035,1318.89,0.095,N,0,51,Medium
SHP00030,PRJ006,2025-02-10,2025-03-22,2025-03-06T13:00:00,2025-03-06T13:42:10,2025-03-16T06:35:02,2025-03-16T21:51:43,F012,F017,P007,P018,Container Sea,CAR005,V013,CG001,8,5.4,25.53,10.16,2.2,2.0,N,N,N,N,Expedite,FCA,5019.2,5039.1,11,15.3,0.64,On time,Y,Delivered,None,4592.19,706.1,1096.76,828.12,7223.17,450377.87,0.016,499.16,0.01834,N,0,18,Low
SHP00031,PRJ001,2025-06-06,2025-07-14,2025-07-08T09:00:00,2025-07-08T11:09:42,2025-07-09T00:18:00,2025-07-09T04:21:04,F014,F007,,,Road,CAR011,,CG002,1,15.36,62.14,10.82,4.59,3.97,Y,N,N,N,Standard,DAP,364.4,369.9,2,4.1,0.17,On time,Y,Delivered,None,1610.75,109.85,0,516.45,2237.06,146201.94,0.0153,539.76,0.095,N,0,34,Low
SHP00032,PRJ001,2025-06-24,2025-07-22,2025-07-15T11:00:00,2025-07-15T10:13:49,2025-07-20T09:10:32,2025-07-20T08:28:05,F009,F007,P009,P005,Intermodal,CAR006,,CG002,3,18.85,23.02,5.81,2.39,2.24,N,N,N,N,Standard,EXW,1727.4,1709.6,6,0,0.0,On time,Y,Delivered,None,3487.54,381.28,1282.91,844.25,5995.98,199019.95,0.0301,1056.44,0.03278,N,0,3,Low
SHP00033,PRJ007,2025-04-27,2025-06-01,2025-05-21T15:00:00,2025-05-21T15:54:57,2025-05-25T15:41:43,2025-05-26T16:24:57,F015,F001,P011,P001,Sea Breakbulk,CAR007,V011,CG009,2,13.41,44.13,10.47,3.02,4.15,Y,N,Y,N,Expedite,DAP,988.2,1003.2,5,24.7,1.03,1-2 days,N,Delivered,Customs hold,7448.66,550.65,1200.78,934.5,10134.6,114145.42,0.0888,658.59,0.04896,N,0,50,Medium
SHP00034,PRJ005,2025-01-18,2025-02-27,2025-02-17T15:00:00,2025-02-17T16:03:04,2025-02-24T01:51:35,2025-02-24T16:38:44,F009,F016,P009,P016,Sea Breakbulk,CAR007,V011,CG002,6,22.6,77.17,13.59,4.71,3.74,Y,N,N,N,Critical,EXW,3004.3,3044.6,8,14.8,0.62,1-2 days,N,Delivered,Port congestion,15739.55,1282.87,1158.28,869.2,19049.9,220262.35,0.0865,2157.32,0.03135,N,0,33,Low
SHP00035,PRJ002,2025-08-03,2025-08-25,2025-08-12T13:00:00,2025-08-12T15:08:22,2025-08-19T05:05:08,2025-08-19T09:17:44,F012,F008,P007,P012,Intermodal,CAR006,,CG006,4,42.43,78.29,17.69,5.54,3.95,Y,N,N,N,Expedite,EXW,2404.6,2467.5,8,4.2,0.18,On time,Y,Delivered,Carrier capacity,7294.22,1120.69,1686.24,1176.37,11277.52,255460.97,0.0441,1921.45,0.01835,N,0,27,Low
SHP00036,PRJ006,2025-08-28,2025-10-12,2025-09-26T11:00:00,2025-09-26T12:35:16,2025-10-05T09:00:19,2025-10-06T21:29:10,F009,F017,P009,P018,Sea Breakbulk,CAR004,V001,CG002,7,24.95,102.44,15.5,5.9,4.92,Y,N,N,N,Expedite,DDP,5380.5,5358.6,10,36.5,1.52,1-2 days,N,Delivered,Road permit delay,18240.95,2289.72,1219.94,1054.29,22804.9,205031.39,0.1112,3825.73,0.02861,N,0,37,Low
SHP00037,PRJ002,2025-09-10,2025-10-31,2025-10-21T13:00:00,2025-10-21T13:00:50,2025-10-27T11:01:32,2025-10-28T10:50:42,F010,F008,P010,P012,Sea Breakbulk,CAR004,V012,CG001,1,7.55,7.77,4.26,2.67,0.84,Y,N,N,N,Standard,DDP,2133.0,2190.9,7,23.8,0.99,On time,Y,Delivered,Customs hold,6433.71,843.25,1153.54,685.99,9116.49,460465.71,0.0198,476.54,0.02881,N,0,46,Medium
SHP00038,PRJ005,2025-07-15,2025-08-10,2025-08-04T10:00:00,2025-08-04T11:20:45,2025-08-11T09:37:51,2025-08-12T10:02:40,F012,F016,P007,P016,Sea Breakbulk,CAR004,V001,CG007,3,7.19,65.86,16.27,4.22,4.16,Y,N,N,N,Standard,DDP,3216.7,3263.8,8,24.4,1.02,On time,Y,Delivered,Weather disruption,7140.03,818.69,842.56,638.68,9439.96,169697.05,0.0556,566.57,0.02414,N,0,35,Low
SHP00039,PRJ006,2025-07-26,2025-09-19,2025-09-01T07:00:00,2025-09-01T06:58:19,2025-09-12T23:37:21,2025-09-12T16:15:25,F005,F017,P002,P018,Sea Breakbulk,CAR007,V011,CG005,1,19.93,134.57,22.44,6.09,4.71,Y,N,N,N,Critical,DAP,5614.8,5536.3,12,0,0.0,On time,Y,Delivered,None,20100.98,2770.47,1064.19,651.54,24587.18,746541.71,0.0329,2811.13,0.02548,Y,4164.58,35,Low
SHP00040,PRJ006,2024-09-14,2024-11-09,2024-10-22T14:00:00,2024-10-22T13:47:18,2024-11-02T05:01:07,2024-11-03T17:28:03,F004,F017,P004,P018,Sea Breakbulk,CAR004,V008,CG008,1,90.18,553.71,43.99,12.37,10.48,Y,Y,N,N,Standard,DDP,5627.9,5551.5,12,36.4,1.52,1-2 days,N,Delivered,Customs hold,43133.44,4570.71,3372.01,1476.07,52552.22,2712002.82,0.0194,12232.27,0.02443,N,0,60,Medium
SHP00041,PRJ006,2024-11-13,2024-12-12,2024-12-01T07:00:00,2024-12-01T09:01:40,2024-12-12T04:29:14,2024-12-13T14:19:39,F003,F017,P003,P018,Sea Breakbulk,CAR004,V001,CG008,1,73.89,611.58,48.83,12.73,11.66,Y,Y,N,N,Standard,DAP,6031.8,6161.3,12,33.8,1.41,1-2 days,N,Delivered,Road permit delay,42845.58,2817.99,2846.53,1192.7,49702.79,2240723.91,0.0222,13004.22,0.02856,N,0,50,Medium
SHP00042,PRJ005,2024-12-12,2025-01-14,2025-01-08T10:00:00,2025-01-08T10:48:05,2025-01-16T08:46:49,2025-01-17T04:03:19,F002,F016,P001,P016,Sea Breakbulk,CAR004,V008,CG009,6,19.77,32.68,11.16,2.83,2.95,Y,N,Y,N,Expedite,EXW,3373.9,3378.7,9,19.3,0.8,On time,Y,Delivered,Carrier capacity,12555.08,1204.91,1370.08,837.4,15967.48,185281.62,0.0862,2093.57,0.03134,N,0,61,Medium
SHP00043,PRJ002,2024-02-29,2024-04-09,2024-03-26T09:00:00,2024-03-26T08:42:24,2024-04-02T10:54:06,2024-04-02T06:05:51,F012,F008,P007,P012,Sea Breakbulk,CAR010,V004,CG005,1,26.82,66.95,13.36,3.9,3.61,Y,N,N,N,Standard,EXW,2332.0,2359.7,8,0,0.0,On time,Y,Delivered,None,8455.21,684.78,1220.57,530.63,10891.19,760827.12,0.0143,1540.59,0.02434,Y,27475.2,19,Low
SHP00044,PRJ007,2023-12-27,2024-01-08,2024-01-08T07:00:00,2024-01-08T07:08:42,2024-01-09T05:00:00,2024-01-09T03:30:04,F014,F001,,,Road,CAR002,,CG002,7,17.01,31.7,6.33,3.75,2.48,Y,N,N,N,Standard,DDP,1041.0,1028.9,2,0,0.0,On time,Y,Delivered,None,3774.52,460.48,0,0,4235.0,139921.05,0.0303,1662.65,0.095,N,0,16,Low
SHP00045,PRJ002,2025-08-12,2025-09-24,2025-09-19T11:00:00,2025-09-19T10:33:44,2025-09-22T05:34:21,2025-09-22T09:54:52,F014,F008,P003,P012,RoRo,CAR003,V002,CG004,2,86.29,139.74,21.57,5.92,5.48,Y,Y,N,N,Critical,DDP,477.7,482.9,4,4.3,0.18,On time,Y,Delivered,None,10412.55,1065.02,3113.95,1207.36,15798.89,1648055.85,0.0096,1909.12,0.04582,Y,40296.7,55,Medium
SHP00046,PRJ006,2024-08-22,2024-10-01,2024-09-18T14:00:00,2024-09-18T16:44:07,2024-09-27T14:40:03,2024-09-29T02:58:25,F010,F017,P010,P018,Sea Breakbulk,CAR004,V008,CG003,2,10.96,39.65,11.8,2.98,3.11,Y,N,N,N,Standard,DDP,4368.7,4548.8,10,36.3,1.51,1-2 days,N,Delivered,Port congestion,9489.35,1433.96,1455.94,505.56,12884.8,510318.22,0.0252,1320.16,0.02648,N,0,42,Low
SHP00047,PRJ007,2025-10-16,2025-11-10,2025-11-06T14:00:00,2025-11-06T16:56:22,2025-11-10T18:37:32,2025-11-11T07:58:20,F014,F001,P003,P001,Intermodal,CAR006,,CG002,2,10.52,86.71,16.2,4.34,4.16,Y,N,N,N,Standard,DAP,1087.0,1107.6,5,13.3,0.56,On time,Y,Delivered,Weather disruption,3955.07,390.15,1317.3,0,5662.52,99049.5,0.0572,548.09,0.04704,N,0,39,Low
SHP00048,PRJ006,2025-04-19,2025-05-13,2025-04-28T10:00:00,2025-04-28T12:49:23,2025-05-09T19:03:14,2025-05-10T15:15:05,F003,F017,P003,P018,Sea Breakbulk,CAR010,V014,CG002,7,26.48,30.89,8.02,2.86,2.57,Y,N,N,N,Standard,DDP,6338.4,6301.4,12,20.2,0.84,On time,Y,Delivered,Weather disruption,17274.05,1437.52,1518.96,1036.3,21266.83,228615.83,0.093,4777.75,0.02863,N,0,42,Low
SHP00049,PRJ006,2024-12-21,2025-02-06,2025-01-21T08:00:00,2025-01-21T09:44:09,2025-01-30T06:38:20,2025-01-30T17:40:56,F010,F017,P010,P018,Sea Breakbulk,CAR010,V004,CG005,7,24.86,44.56,14.05,3.8,3.44,Y,N,N,N,Critical,EXW,4945.8,4910.6,10,11.0,0.46,On time,Y,Delivered,None,20641.18,2671.33,1917.31,552.85,25782.67,700767.1,0.0368,3227.63,0.02644,N,0,39,Low
SHP00050,PRJ001,2024-09-08,2024-10-14,2024-10-09T08:00:00,2024-10-09T09:31:15,2024-10-15T07:45:52,2024-10-15T05:48:55,F011,F007,P006,P005,Container Sea,CAR005,V003,CG001,7,6.35,14.65,4.82,1.76,1.43,N,N,N,N,Standard,EXW,2084.3,2108.4,7,0,0.0,On time,Y,Delivered,None,2610.83,185.22,995.19,620.93,4412.16,426672.78,0.0103,254.97,0.01904,N,0,17,Low
SHP00051,PRJ004,2025-01-03,2025-01-25,2025-01-21T09:00:00,2025-01-21T10:11:45,2025-01-26T02:35:14,2025-01-26T20:54:03,F011,F018,P006,P009,Sea Breakbulk,CAR010,V014,CG001,1,7.39,22.48,7.52,2.69,2.39,Y,N,N,N,Critical,EXW,1156.7,1154.9,6,18.3,0.76,1-2 days,N,Delivered,None,8205.32,625.42,1284.99,716.16,10831.88,576894.23,0.0188,245.34,0.02875,N,0,34,Low
SHP00052,PRJ006,2025-01-12,2025-02-15,2025-01-30T15:00:00,2025-01-30T17:57:39,2025-02-09T07:52:26,2025-02-10T03:35:07,F010,F017,P010,P018,Sea Breakbulk,CAR004,V001,CG007,4,10.98,34.83,8.45,3.06,2.57,Y,N,N,N,Standard,FCA,4896.2,4820.2,11,19.7,0.82,On time,Y,Delivered,None,9724.24,921.37,904.42,898.35,12448.37,235540.42,0.0529,1394.25,0.02634,N,0,43,Low
SHP00053,PRJ001,2024-07-31,2024-08-18,2024-08-15T11:00:00,2024-08-15T12:51:27,2024-08-20T01:12:27,2024-08-20T13:46:15,F004,F007,P004,P005,Intermodal,CAR006,,CG002,8,13.02,80.12,14.65,5.17,4.25,Y,N,N,N,Standard,FCA,838.1,856.7,6,12.6,0.52,On time,Y,Delivered,Weather disruption,3016.16,339.46,1140.66,684.51,5180.79,119241.64,0.0434,216.82,0.01944,N,0,31,Low
SHP00054,PRJ007,2025-09-02,2025-10-17,2025-10-10T14:00:00,2025-10-10T13:34:33,2025-10-11T00:00:00,2025-10-10T22:31:07,F002,F001,,,Road,CAR001,,CG010,2,2.37,6.42,4.12,1.18,1.01,N,N,N,N,Critical,EXW,350.7,357.8,2,0,0.0,On time,Y,Delivered,None,1235.6,198.24,0,0,1433.84,308387.18,0.0046,80.56,0.095,N,0,26,Low
SHP00055,PRJ001,2025-06-23,2025-07-30,2025-07-28T14:00:00,2025-07-28T16:09:22,2025-08-01T08:38:34,2025-08-01T11:49:21,F001,F007,P001,P005,Sea Breakbulk,CAR004,V012,CG007,4,10.06,36.24,10.49,3.46,2.75,Y,N,N,N,Expedite,CFR,1124.1,1147.6,5,3.2,0.13,On time,Y,Delivered,None,7301.59,908.76,1389.94,663.95,10264.24,187594.56,0.0547,505.43,0.04378,N,0,30,Low
SHP00056,PRJ006,2024-09-30,2024-11-22,2024-11-07T11:00:00,2024-11-07T10:09:45,2024-11-16T23:46:16,2024-11-17T13:41:07,F012,F017,P007,P018,Sea Breakbulk,CAR010,V004,CG004,2,79.47,163.92,21.73,7.14,5.97,Y,Y,N,N,Standard,DAP,5297.5,5346.0,10,13.9,0.58,On time,Y,Delivered,None,38085.24,5200.16,3094.39,1026.42,47406.2,1658850.17,0.0286,10319.89,0.02429,N,0,54,Medium
SHP00057,PRJ005,2024-07-12,2024-09-02,2024-08-21T07:00:00,2024-08-21T08:47:02,2024-08-28T14:42:57,2024-08-29T02:40:01,F004,F016,P004,P016,Sea Breakbulk,CAR007,V005,CG006,5,35.55,142.39,20.71,6.38,5.5,Y,N,N,N,Standard,DDP,3347.6,3481.7,8,12.0,0.5,On time,Y,Delivered,None,12251.25,1262.53,2067.41,829.87,16411.06,217159.33,0.0756,3008.45,0.02431,N,0,40,Low
SHP00058,PRJ006,2025-06-28,2025-08-25,2025-08-08T09:00:00,2025-08-08T09:20:10,2025-08-20T11:25:53,2025-08-21T00:30:12,F014,F017,P003,P018,Sea Breakbulk,CAR007,V005,CG002,5,14.16,107.28,16.58,5.3,4.27,Y,N,N,N,Expedite,FCA,5684.0,5775.2,13,13.1,0.54,On time,Y,Delivered,None,14594.73,1729.16,1255.25,671.01,18250.15,142969.69,0.1277,2098.07,0.02566,N,0,30,Low
SHP00059,PRJ001,2024-03-15,2024-04-28,2024-04-16T15:00:00,2024-04-16T14:57:51,2024-04-22T03:42:45,2024-04-23T05:58:06,F012,F007,P007,P005,Sea Breakbulk,CAR004,V008,CG008,2,88.79,443.5,31.22,10.88,9.7,Y,Y,N,N,Standard,FCA,1969.0,2013.4,7,26.3,1.09,On time,Y,Delivered,Road permit delay,18824.39,1618.68,3873.85,1115.16,25432.07,2174595.8,0.0117,4331.45,0.02423,N,0,53,Medium
SHP00060,PRJ001,2024-05-19,2024-06-25,2024-06-18T10:00:00,2024-06-18T11:35:05,2024-06-22T19:31:14,2024-06-23T07:21:11,F005,F007,P002,P005,Container Sea,CAR005,V003,CG001,8,3.84,16.34,5.54,1.92,2.08,N,N,N,N,Expedite,DAP,1154.4,1178.6,5,11.8,0.49,On time,Y,Delivered,None,2842.47,213.21,1413.74,528.48,4997.91,293984.41,0.017,110.06,0.02432,N,0,20,Low
SHP00061,PRJ001,2025-09-30,2025-10-26,2025-10-20T14:00:00,2025-10-20T13:01:52,2025-10-24T17:52:56,2025-10-24T06:26:52,F013,F007,P001,P005,Sea Breakbulk,CAR004,V012,CG003,6,9.2,29.92,9.19,3.23,2.37,Y,N,N,N,Expedite,FCA,838.2,832.4,5,0,0.0,On time,Y,Delivered,None,6233.87,707.28,837.33,496.18,8274.66,488301.23,0.0169,187.9,0.02454,N,0,27,Low
SHP00062,PRJ004,2024-06-01,2024-07-19,2024-07-11T07:00:00,2024-07-11T09:04:34,2024-07-15T13:09:41,2024-07-16T00:40:01,F001,F018,P001,P009,Intermodal,CAR006,,CG010,5,2.16,11.24,5.79,1.96,1.38,N,N,N,N,Standard,FCA,959.6,982.2,5,11.5,0.48,On time,Y,Delivered,Carrier capacity,2431.44,176.14,944.42,678.12,4230.12,240674.48,0.0176,95.69,0.0451,N,0,20,Low
SHP00063,PRJ001,2024-02-20,2024-04-05,2024-03-25T08:00:00,2024-03-25T09:54:14,2024-03-31T03:06:32,2024-03-31T01:29:54,F010,F007,P010,P005,Sea Breakbulk,CAR004,V008,CG007,8,10.58,42.68,9.35,3.48,2.91,Y,N,N,N,Standard,DAP,2000.2,2065.4,7,0,0.0,On time,Y,Delivered,None,6509.85,950.55,898.36,804.76,9163.52,223318.47,0.041,632.76,0.02896,N,0,36,Low
SHP00064,PRJ001,2024-04-22,2024-05-07,2024-04-29T13:00:00,2024-04-29T12:53:42,2024-05-03T17:00:32,2024-05-04T05:54:29,F005,F007,P002,P005,Sea Breakbulk,CAR010,V004,CG004,1,62.21,192.95,25.01,7.4,6.01,Y,Y,N,N,Standard,FCA,1194.1,1196.7,5,12.9,0.54,On time,Y,Delivered,None,11817.1,1270.49,2662.03,1134.57,16884.2,1455482.75,0.0116,2193.08,0.02946,Y,29828.43,42,Low
SHP00065,PRJ002,2024-03-23,2024-04-02,2024-04-02T09:00:00,2024-04-02T10:32:06,2024-04-04T15:14:21,2024-04-05T19:33:19,F003,F008,P003,P012,RoRo,CAR003,V006,CG002,8,18.69,53.27,13.07,3.95,3.14,Y,N,N,N,Standard,DDP,784.6,771.6,3,28.3,1.18,On time,Y,Delivered,Port congestion,3985.93,578.11,1541.92,821.98,6927.94,156004.91,0.0444,913.59,0.06335,N,0,45,Medium
SHP00066,PRJ001,2025-08-19,2025-09-03,2025-09-01T15:00:00,2025-09-01T16:25:30,2025-09-05T12:29:51,2025-09-05T23:54:32,F003,F007,P003,P005,Intermodal,CAR006,,CG002,8,14.34,77.96,15.26,4.33,3.61,Y,N,N,N,Critical,FCA,805.3,816.0,5,11.4,0.48,On time,Y,Delivered,Carrier capacity,6142.38,430.82,1609.14,920.63,9102.97,163499.13,0.0557,678.02,0.05794,N,0,33,Low
SHP00067,PRJ007,2024-06-18,2024-08-09,2024-07-31T10:00:00,2024-07-31T11:23:26,2024-08-05T19:31:54,2024-08-05T22:46:00,F012,F001,P007,P001,Sea Breakbulk,CAR007,V005,CG004,1,42.47,142.85,24.55,6.5,4.5,Y,Y,N,N,Standard,DDP,1761.9,1744.1,6,3.2,0.13,On time,Y,Delivered,None,13102.92,2014.11,2875.25,1172.82,19165.09,994174.07,0.0193,2805.37,0.03787,Y,45128.61,42,Low
SHP00068,PRJ001,2025-04-13,2025-05-15,2025-05-06T12:00:00,2025-05-06T13:41:33,2025-05-10T06:19:03,2025-05-11T06:07:28,F003,F007,P003,P005,Sea Breakbulk,CAR007,V005,CG002,7,19.83,38.57,9.79,3.7,2.78,Y,N,N,N,Standard,DAP,772.7,778.7,5,23.8,0.99,On time,Y,Delivered,Carrier capacity,6130.76,884.3,1299.35,461.8,8776.21,221704.94,0.0396,922.51,0.05974,N,0,26,Low
SHP00069,PRJ006,2025-08-15,2025-09-29,2025-09-17T10:00:00,2025-09-17T09:43:33,2025-09-28T06:53:00,2025-09-28T16:49:34,F001,F017,P001,P018,Sea Breakbulk,CAR004,V008,CG003,8,8.3,60.68,15.14,3.31,3.76,Y,N,N,N,Standard,CFR,5665.2,5563.3,12,9.9,0.41,On time,Y,Delivered,Road permit delay,10055.18,819.73,1357.62,580.32,12812.85,446276.46,0.0287,1301.44,0.02818,N,0,35,Low
SHP00070,PRJ002,2024-03-18,2024-04-06,2024-04-01T12:00:00,2024-04-01T11:19:07,2024-04-06T04:13:16,2024-04-07T00:14:37,F005,F008,P002,P012,Sea Breakbulk,CAR007,V005,CG004,1,48.58,228.3,29.25,8.61,6.98,Y,Y,N,N,Expedite,FCA,1422.1,1467.8,6,20.0,0.83,1-2 days,N,Delivered,Customs hold,14801.14,1411.58,2302.48,744.52,19259.71,964308.24,0.02,2109.03,0.02958,N,0,67,Medium
SHP00071,PRJ002,2024-01-19,2024-02-15,2024-02-12T07:00:00,2024-02-12T09:37:34,2024-02-15T20:39:11,2024-02-16T05:19:22,F004,F008,P004,P012,RoRo,CAR003,V010,CG006,7,39.54,61.52,10.64,3.9,3.64,Y,N,N,N,Standard,FCA,1222.0,1264.2,4,8.7,0.36,On time,Y,Delivered,None,5106.93,420.39,1781.29,796.04,8104.65,178424.71,0.0454,1555.37,0.03112,N,0,42,Low
SHP00072,PRJ002,2025-06-27,2025-08-21,2025-08-08T15:00:00,2025-08-08T14:04:11,2025-08-14T22:46:33,2025-08-15T14:21:55,F010,F008,P010,P012,Sea Breakbulk,CAR010,V007,CG007,1,12.75,42.57,11.96,3.59,2.85,Y,N,N,N,Standard,CFR,2047.0,2073.5,7,15.6,0.65,On time,Y,Delivered,Road permit delay,6832.95,440.5,1371.57,602.47,9247.48,259798.0,0.0356,763.49,0.02888,N,0,41,Low
SHP00073,PRJ003,2025-06-09,2025-07-16,2025-07-09T13:00:00,2025-07-09T15:09:33,2025-07-14T03:11:46,2025-07-14T17:43:25,F014,F011,P003,P006,Sea Breakbulk,CAR007,V005,CG002,5,22.34,43.21,12.34,3.83,2.72,Y,N,N,N,Standard,EXW,2280.5,2310.6,6,14.5,0.61,On time,Y,Delivered,None,8332.82,1158.56,1051.79,601.62,11144.79,215286.06,0.0518,1466.31,0.02841,N,0,40,Low
SHP00074,PRJ001,2024-02-01,2024-03-17,2024-03-08T11:00:00,2024-03-08T11:45:45,2024-03-12T06:33:59,2024-03-13T12:01:56,F014,F007,P003,P005,Sea Breakbulk,CAR010,V004,CG002,3,24.02,43.55,11.61,3.08,3.36,Y,N,N,N,Expedite,DAP,521.3,518.6,5,29.5,1.23,1-2 days,N,Delivered,Weather disruption,6552.89,525.44,1648.67,707.18,9434.18,209566.15,0.045,497.81,0.03996,N,0,32,Low
SHP00075,PRJ002,2024-05-03,2024-05-27,2024-05-23T13:00:00,2024-05-23T12:37:20,2024-05-28T14:09:12,2024-05-30T11:36:12,F010,F008,P010,P012,Intermodal,CAR006,,CG003,8,11.27,50.41,12.35,3.6,3.75,Y,N,N,N,Expedite,DAP,2222.5,2295.4,6,45.5,1.89,1-2 days,N,Delivered,Customs hold,5177.56,432.87,1540.73,664.34,7815.5,610050.33,0.0128,592.17,0.02289,N,0,46,Medium
SHP00076,PRJ006,2025-06-10,2025-06-26,2025-06-19T13:00:00,2025-06-19T15:44:48,2025-06-24T02:36:00,2025-06-25T01:40:18,F003,F017,,,Road,CAR012,,CG006,5,54.7,114.76,15.98,5.08,4.71,Y,Y,N,N,Standard,EXW,6321.2,6242.8,6,23.1,0.96,On time,Y,Delivered,Carrier capacity,59858.84,7405.07,0,843.7,68107.61,250524.84,0.2719,32440.71,0.095,N,0,64,Medium
SHP00077,PRJ006,2024-09-07,2024-10-03,2024-09-24T11:00:00,2024-09-24T10:19:33,2024-09-29T02:00:00,2024-09-29T02:58:58,F004,F017,,,Road,CAR008,,CG008,2,68.0,660.34,42.71,13.75,11.87,Y,Y,N,N,Expedite,FCA,6277.6,6457.8,6,1.0,0.04,On time,Y,Delivered,None,92677.05,8184.88,0,879.89,101741.82,1977506.15,0.0514,41717.39,0.095,N,0,54,Medium
SHP00078,PRJ005,2024-08-05,2024-09-30,2024-09-16T11:00:00,2024-09-16T13:47:35,2024-09-22T12:03:34,2024-09-24T06:07:37,F010,F016,P010,P016,Sea Breakbulk,CAR004,V008,CG003,3,5.48,48.03,12.12,3.27,2.92,Y,N,N,N,Expedite,DAP,2861.6,2959.3,7,42.1,1.75,1-2 days,N,Delivered,Documentation issue,8542.71,748.89,1124.25,780.63,11196.49,298680.49,0.0375,448.97,0.02769,N,0,45,Medium
SHP00079,PRJ002,2024-05-03,2024-06-18,2024-06-03T11:00:00,2024-06-03T10:47:58,2024-06-10T15:00:59,2024-06-11T18:07:30,F012,F008,P007,P012,Sea Breakbulk,CAR010,V007,CG008,1,91.4,706.48,44.1,13.75,12.38,Y,Y,N,N,Standard,DDP,2408.2,2400.3,8,27.1,1.13,On time,Y,Delivered,Documentation issue,21575.38,2610.2,3864.58,1071.61,29121.78,2950025.51,0.0099,5335.38,0.02432,N,0,45,Medium
SHP00080,PRJ003,2025-05-03,2025-06-11,2025-05-29T07:00:00,2025-05-29T07:34:48,2025-06-04T00:32:59,2025-06-04T00:43:40,F014,F011,P003,P006,Intermodal,CAR006,,CG006,6,21.98,80.55,16.52,4.69,3.54,Y,N,N,N,Expedite,EXW,2364.7,2337.1,7,0.2,0.01,On time,Y,Delivered,None,6080.44,760.46,1052.19,620.62,8513.72,118187.51,0.072,1158.2,0.02255,N,0,21,Low
SHP00081,PRJ006,2025-02-28,2025-03-20,2025-03-10T07:00:00,2025-03-10T06:00:44,2025-03-19T23:34:16,2025-03-21T07:21:20,F005,F017,P002,P018,Sea Breakbulk,CAR004,V001,CG005,4,25.7,87.2,14.69,3.9,3.87,Y,N,N,N,Standard,DDP,5524.1,5676.4,10,31.8,1.32,1-2 days,N,Delivered,Port congestion,15322.6,991.03,1541.19,484.14,18338.96,819696.97,0.0224,3714.14,0.02546,N,0,42,Low
SHP00082,PRJ007,2025-06-22,2025-07-16,2025-07-10T11:00:00,2025-07-10T10:56:29,2025-07-15T05:19:57,2025-07-15T17:11:50,F012,F001,P007,P001,Intermodal,CAR006,,CG005,2,34.89,141.99,23.43,6.31,5.81,Y,N,N,N,Expedite,FCA,1830.3,1815.1,6,11.9,0.49,On time,Y,Delivered,None,7515.83,790.92,1981.34,907.51,11195.6,1135196.08,0.0099,2073.76,0.03275,N,0,25,Low
SHP00083,PRJ001,2024-03-02,2024-03-29,2024-03-18T13:00:00,2024-03-18T13:42:12,2024-03-22T18:29:56,2024-03-23T04:47:40,F005,F007,P002,P005,Sea Breakbulk,CAR010,V014,CG004,1,72.93,140.7,20.08,5.95,5.48,Y,Y,N,N,Standard,FCA,1159.7,1148.5,5,10.3,0.43,On time,Y,Delivered,None,12298.66,1460.26,3623.31,1238.45,18620.67,1642294.69,0.0113,2550.83,0.03045,N,0,51,Medium
SHP00084,PRJ007,2024-12-07,2024-12-19,2024-12-17T11:00:00,2024-12-17T13:21:40,2024-12-17T22:24:00,2024-12-17T22:56:58,F004,F001,,,Road,CAR008,,CG008,1,59.49,576.82,43.92,12.27,10.86,Y,Y,N,N,Standard,EXW,308.7,303.1,1,0.5,0.02,On time,Y,Delivered,None,3669.16,505.15,0,0,4174.31,1639563.33,0.0025,1712.98,0.095,N,0,60,Medium
SHP00085,PRJ007,2024-07-02,2024-08-20,2024-08-08T07:00:00,2024-08-08T08:51:36,2024-08-12T21:57:30,2024-08-15T01:45:38,F003,F001,P003,P001,Intermodal,CAR006,,CG002,5,20.6,61.51,13.31,3.85,3.63,Y,N,N,N,Standard,FCA,1310.8,1306.4,5,51.8,2.16,3-5 days,N,Delivered,Weather disruption,5450.01,500.38,1570.54,0,7520.93,175801.67,0.0428,1571.12,0.05838,N,0,30,Low
SHP00086,PRJ003,2025-03-18,2025-04-18,2025-04-10T13:00:00,2025-04-10T13:38:49,2025-04-14T02:11:56,2025-04-13T10:14:41,F012,F011,P007,P006,Sea Breakbulk,CAR004,V001,CG005,3,25.47,126.09,18.29,5.4,5.31,Y,N,N,N,Expedite,DDP,121.3,122.2,5,0,0.0,On time,Y,Delivered,None,5524.17,408.98,1347.66,888.35,8169.16,774480.36,0.0105,138.9,0.04463,N,0,29,Low
SHP00087,PRJ003,2024-03-31,2024-04-28,2024-04-24T14:00:00,2024-04-24T13:07:57,2024-04-29T09:36:13,2024-04-29T13:25:51,F010,F011,P010,P006,Sea Breakbulk,CAR010,V004,CG003,7,7.1,31.59,8.92,3.27,2.31,Y,N,N,N,Standard,DDP,1232.8,1243.8,6,3.8,0.16,On time,Y,Delivered,None,5487.87,364.62,1335.7,473.79,7661.98,283479.61,0.027,296.88,0.03362,N,0,29,Low
SHP00088,PRJ007,2025-06-01,2025-07-15,2025-07-11T09:00:00,2025-07-11T10:46:03,2025-07-12T13:36:00,2025-07-12T15:43:51,F012,F001,,,Road,CAR002,,CG004,1,63.88,33.44,8.77,3.26,2.66,Y,Y,N,N,Standard,EXW,1501.0,1498.6,2,2.1,0.09,On time,Y,Delivered,None,17008.94,2010.17,0,925.99,19945.1,1258452.53,0.0158,9094.4,0.095,N,0,49,Medium
SHP00089,PRJ001,2024-10-13,2024-11-08,2024-11-06T15:00:00,2024-11-06T14:03:29,2024-11-10T14:05:59,2024-11-10T16:10:12,F014,F007,P003,P005,Intermodal,CAR006,,CG006,7,47.16,78.98,18.7,4.86,3.86,Y,Y,N,N,Standard,EXW,490.3,501.9,5,2.1,0.09,On time,Y,Delivered,None,4890.1,407.56,3016.65,1195.73,9510.04,249636.95,0.0381,809.52,0.0342,N,0,29,Low
SHP00090,PRJ006,2024-10-07,2024-12-07,2024-11-21T10:00:00,2024-11-21T11:01:24,2024-12-02T01:46:16,2024-12-03T07:06:12,F014,F017,P003,P018,Sea Breakbulk,CAR010,V014,CG006,1,40.07,105.08,18.48,5.86,4.61,Y,N,N,N,Critical,CFR,6168.5,6091.9,12,29.3,1.22,1-2 days,N,Delivered,Customs hold,31422.92,2921.1,2164.0,983.54,37491.56,205554.7,0.1824,6235.13,0.02554,N,0,36,Low
SHP00091,PRJ001,2024-03-09,2024-04-18,2024-04-12T12:00:00,2024-04-12T13:18:05,2024-04-18T02:34:29,2024-04-18T13:37:40,F012,F007,P007,P005,Container Sea,CAR005,V009,CG001,5,3.45,25.55,8.11,2.51,1.86,N,N,N,N,Expedite,DDP,2087.0,2144.2,7,11.1,0.46,On time,Y,Delivered,None,3096.41,303.26,1054.3,297.49,4751.46,212636.57,0.0223,135.04,0.01825,N,0,17,Low
SHP00092,PRJ004,2025-11-21,2025-12-14,2025-12-10T07:00:00,2025-12-10T07:50:39,2025-12-14T20:54:48,2025-12-15T06:34:04,F003,F018,P003,P009,Sea Breakbulk,CAR007,V011,CG006,3,19.32,110.4,17.0,6.11,4.18,Y,N,N,N,Standard,CFR,1692.9,1689.2,5,9.7,0.4,On time,Y,Delivered,Customs hold,7695.5,1169.1,1307.33,745.41,10917.33,87108.25,0.1253,1384.2,0.04241,N,0,24,Low
SHP00093,PRJ006,2025-11-15,2025-12-14,2025-11-26T09:00:00,2025-11-26T10:40:52,2025-12-08T14:19:10,2025-12-09T00:05:45,F014,F017,P003,P018,Sea Breakbulk,CAR010,V004,CG004,1,52.65,238.87,23.96,7.71,6.86,Y,Y,N,N,Standard,DDP,6163.1,6088.4,13,9.8,0.41,On time,Y,Delivered,Road permit delay,32244.01,4571.65,2577.62,1014.99,40408.28,1367927.52,0.0295,8135.15,0.02538,N,0,58,Medium
SHP00094,PRJ005,2025-07-13,2025-07-30,2025-07-21T09:00:00,2025-07-21T11:50:25,2025-07-28T06:43:37,2025-07-29T05:26:17,F009,F016,P009,P016,Sea Breakbulk,CAR007,V005,CG002,6,18.94,112.19,19.33,5.68,5.37,Y,N,N,N,Standard,FCA,3138.0,3185.1,8,22.7,0.95,On time,Y,Delivered,Customs hold,9688.27,691.23,1093.95,817.77,12291.22,161305.85,0.0762,1932.33,0.03203,N,0,41,Low
SHP00095,PRJ006,2024-09-13,2024-10-27,2024-10-07T12:00:00,2024-10-07T12:42:34,2024-10-19T05:55:12,2024-10-19T09:01:46,F004,F017,P004,P018,Sea Breakbulk,CAR004,V001,CG006,5,30.49,79.55,15.79,4.56,3.93,Y,N,N,N,Critical,EXW,5412.9,5589.3,13,3.1,0.13,On time,Y,Delivered,None,24615.9,3708.58,1556.65,660.24,30541.36,149196.03,0.2047,4162.54,0.02443,N,0,26,Low
SHP00096,PRJ002,2025-05-25,2025-06-13,2025-06-12T07:00:00,2025-06-12T08:42:46,2025-06-15T14:22:06,2025-06-15T12:59:21,F013,F008,P001,P012,RoRo,CAR003,V010,CG003,3,11.88,33.63,10.83,3.1,2.48,Y,N,N,N,Critical,DAP,1013.5,1036.0,4,0,0.0,On time,Y,Delivered,None,4912.6,789.27,1291.91,426.37,7420.15,632361.94,0.0117,377.49,0.03067,N,0,25,Low
SHP00097,PRJ002,2024-11-02,2024-11-29,2024-11-19T13:00:00,2024-11-19T14:09:14,2024-11-25T01:04:38,2024-11-25T10:59:45,F010,F008,P010,P012,Sea Breakbulk,CAR004,V008,CG003,2,7.75,56.89,8.51,4.26,4.13,Y,N,N,N,Standard,CFR,2246.3,2203.2,7,9.9,0.41,On time,Y,Delivered,Port congestion,6476.39,705.23,1258.02,511.89,8951.53,336783.48,0.0266,500.04,0.02929,N,0,42,Low
SHP00098,PRJ004,2025-07-15,2025-08-08,2025-08-06T10:00:00,2025-08-06T11:13:19,2025-08-09T20:53:55,2025-08-10T20:48:19,F001,F018,P001,P009,Intermodal,CAR006,,CG003,3,4.7,31.03,10.14,2.85,2.93,Y,N,N,N,Standard,DDP,1060.1,1077.5,4,23.9,1.0,On time,Y,Delivered,None,3490.5,458.31,1058.64,661.71,5669.16,189891.23,0.0299,226.58,0.04474,N,0,27,Low
SHP00099,PRJ004,2024-07-29,2024-08-24,2024-08-16T10:00:00,2024-08-16T09:32:56,2024-08-21T09:29:24,2024-08-22T14:21:23,F015,F018,P011,P009,Container Sea,CAR005,V013,CG009,3,14.96,18.73,6.51,1.94,1.71,N,N,Y,N,Standard,DAP,1481.3,1492.2,6,28.9,1.2,On time,Y,Delivered,Customs hold,2743.24,404.36,1844.03,1263.04,6254.68,101890.2,0.0614,510.22,0.02286,N,0,33,Low
SHP00100,PRJ005,2024-07-06,2024-08-29,2024-08-20T13:00:00,2024-08-20T12:49:47,2024-08-27T05:31:25,2024-08-27T03:52:17,F012,F016,P007,P016,Sea Breakbulk,CAR010,V014,CG006,8,30.65,58.18,12.03,3.49,3.56,Y,N,N,N,Standard,DAP,3161.9,3238.5,8,0,0.0,On time,Y,Delivered,None,10877.15,829.85,1867.55,675.55,14250.1,140265.21,0.1016,2396.82,0.02415,N,0,28,Low
SHP00101,PRJ005,2025-05-31,2025-06-18,2025-06-10T07:00:00,2025-06-10T09:41:43,2025-06-17T20:31:58,2025-06-18T19:39:25,F001,F016,P001,P016,Sea Breakbulk,CAR010,V004,CG003,3,8.83,42.8,11.83,3.25,2.82,Y,N,N,N,Standard,DDP,3502.1,3437.6,8,23.1,0.96,On time,Y,Delivered,Carrier capacity,8119.21,1179.28,826.33,728.01,10852.83,331536.16,0.0327,929.87,0.03063,N,0,32,Low
SHP00102,PRJ007,2024-05-24,2024-06-25,2024-06-12T15:00:00,2024-06-12T17:21:45,2024-06-17T06:40:18,2024-06-19T00:39:35,F010,F001,P010,P001,Sea Breakbulk,CAR004,V008,CG009,5,17.58,36.9,10.08,3.26,2.93,Y,N,Y,N,Standard,DAP,1479.1,1471.3,6,42.0,1.75,1-2 days,N,Delivered,Port congestion,7025.56,834.9,1943.44,1112.53,10916.43,131647.08,0.0829,1164.35,0.04502,Y,3724.31,55,Medium
SHP00103,PRJ002,2024-06-18,2024-07-09,2024-06-27T14:00:00,2024-06-27T16:49:21,2024-07-04T06:10:16,2024-07-04T12:28:57,F011,F008,P006,P012,Intermodal,CAR006,,CG001,2,2.47,8.85,5.26,1.77,1.34,N,N,N,N,Critical,EXW,2479.0,2546.0,8,6.3,0.26,On time,Y,Delivered,None,3997.25,575.73,1206.15,461.02,6240.15,182254.4,0.0342,120.38,0.01914,N,0,30,Low
SHP00104,PRJ003,2024-04-04,2024-05-04,2024-05-01T14:00:00,2024-05-01T14:01:17,2024-05-06T04:37:53,2024-05-06T19:21:42,F002,F011,P001,P006,Intermodal,CAR006,,CG005,3,28.15,163.07,21.03,6.29,5.66,Y,N,N,N,Standard,CFR,1968.6,2001.7,6,14.7,0.61,On time,Y,Delivered,Customs hold,5882.67,643.86,1241.44,1065.17,8833.14,913524.92,0.0097,1901.44,0.03374,N,0,34,Low
SHP00105,PRJ004,2025-10-10,2025-11-23,2025-11-20T07:00:00,2025-11-20T07:02:12,2025-11-25T10:54:24,2025-11-24T18:33:30,F014,F018,P003,P009,Intermodal,CAR006,,CG006,8,34.58,133.41,18.55,6.93,5.05,Y,N,N,N,Standard,DDP,1520.2,1549.8,6,0,0.0,On time,Y,Delivered,None,4864.98,595.74,1476.02,984.76,7921.51,199081.34,0.0398,1353.4,0.02525,N,0,27,Low
SHP00106,PRJ007,2023-12-31,2024-01-09,2024-01-10T08:00:00,2024-01-10T10:35:45,2024-01-11T12:42:00,2024-01-11T15:01:35,F011,F001,,,Road,CAR002,,CG001,2,5.88,15.75,5.67,1.75,1.55,N,N,N,N,Standard,EXW,1488.2,1532.6,2,2.3,0.1,On time,Y,Delivered,None,2738.91,377.95,0,316.6,3433.46,350656.95,0.0098,856.11,0.095,N,0,23,Low
SHP00107,PRJ004,2024-08-19,2024-10-11,2024-09-30T08:00:00,2024-09-30T10:57:26,2024-10-04T18:11:32,2024-10-06T05:16:54,F004,F018,P004,P009,Sea Breakbulk,CAR007,V011,CG006,6,49.28,109.94,15.87,5.33,4.28,Y,Y,N,N,Expedite,DDP,788.2,789.8,5,35.1,1.46,1-2 days,N,Delivered,Road permit delay,11262.72,960.79,2704.14,1018.93,15946.57,283795.22,0.0562,1176.24,0.03022,N,0,54,Medium
SHP00108,PRJ004,2025-08-26,2025-10-09,2025-09-28T08:00:00,2025-09-28T09:44:57,2025-10-02T22:27:35,2025-10-03T02:42:11,F001,F018,P001,P009,Sea Breakbulk,CAR004,V001,CG003,8,10.3,51.68,13.71,4.95,3.11,Y,N,N,N,Expedite,FCA,1031.2,1073.8,5,4.2,0.18,On time,Y,Delivered,None,7252.18,866.21,1032.39,439.78,9590.56,434888.82,0.0221,517.6,0.0468,N,0,22,Low
SHP00109,PRJ002,2024-02-25,2024-03-29,2024-03-29T12:00:00,2024-03-29T11:46:20,2024-03-30T11:42:00,2024-03-30T12:28:08,F013,F008,,,Road,CAR011,,CG003,7,4.11,18.69,8.03,3.26,1.48,Y,N,N,N,Standard,DDP,1087.6,1112.0,2,0.8,0.03,On time,Y,Delivered,None,2651.01,401.84,0,472.35,3525.21,167481.33,0.021,434.18,0.095,N,0,44,Low
SHP00110,PRJ004,2025-08-29,2025-09-19,2025-09-17T08:00:00,2025-09-17T07:12:31,2025-09-21T06:04:07,2025-09-21T05:00:58,F012,F018,P007,P009,Intermodal,CAR006,,CG007,1,4.91,38.56,8.87,3.0,2.43,Y,N,N,N,Standard,DAP,943.5,970.0,5,0,0.0,On time,Y,Delivered,Carrier capacity,2943.4,185.85,770.0,367.78,4267.02,80401.08,0.0531,105.2,0.02209,N,0,28,Low
SHP00111,PRJ005,2025-09-23,2025-10-11,2025-10-06T09:00:00,2025-10-06T11:23:31,2025-10-13T14:54:59,2025-10-13T17:21:13,F003,F016,P003,P016,Intermodal,CAR006,,CG002,5,21.91,67.06,17.14,4.75,3.87,Y,N,N,N,Standard,DAP,3664.2,3733.6,8,2.4,0.1,On time,Y,Delivered,None,6736.43,980.53,1330.14,589.81,9636.91,195802.2,0.0492,2084.87,0.02549,N,0,41,Low
SHP00112,PRJ002,2024-02-06,2024-03-02,2024-02-19T08:00:00,2024-02-19T07:52:31,2024-02-25T02:39:04,2024-02-26T12:00:01,F012,F008,P007,P012,Sea Breakbulk,CAR007,V005,CG006,7,46.6,102.8,17.65,4.97,4.29,Y,Y,N,N,Expedite,CFR,2430.8,2521.3,7,33.3,1.39,1-2 days,N,Delivered,Port congestion,18731.21,2190.49,2785.51,668.72,24375.93,245917.57,0.0991,2857.87,0.02432,N,0,57,Medium
SHP00113,PRJ004,2025-07-21,2025-08-30,2025-08-18T11:00:00,2025-08-18T13:28:20,2025-08-23T08:28:34,2025-08-24T03:31:15,F003,F018,P003,P009,Sea Breakbulk,CAR010,V007,CG002,6,14.39,92.89,19.61,5.78,4.1,Y,N,N,N,Standard,FCA,1861.5,1839.6,6,19.0,0.79,On time,Y,Delivered,Customs hold,7194.13,894.19,1047.12,856.16,9991.61,158874.47,0.0629,1059.63,0.04003,N,0,31,Low
SHP00114,PRJ002,2024-04-22,2024-06-04,2024-05-27T07:00:00,2024-05-27T09:01:59,2024-06-02T18:31:25,2024-06-02T14:24:40,F012,F008,P007,P012,Container Sea,CAR005,V003,CG001,1,4.42,18.13,6.14,2.35,2.47,N,N,N,N,Standard,DAP,2331.6,2372.9,7,0,0.0,On time,Y,Delivered,None,2608.56,226.03,1320.06,823.37,4978.02,337047.48,0.0148,192.61,0.01836,N,0,22,Low
SHP00115,PRJ005,2025-04-13,2025-04-29,2025-04-21T14:00:00,2025-04-21T13:28:21,2025-04-28T00:32:50,2025-04-28T00:33:36,F010,F016,P010,P016,Sea Breakbulk,CAR004,V008,CG003,5,5.11,31.61,9.95,3.37,2.68,Y,N,N,N,Standard,EXW,2535.8,2593.0,8,0.0,0.0,On time,Y,Delivered,None,6504.71,546.88,700.83,788.43,8540.84,229068.6,0.0373,374.02,0.02823,Y,5386.01,31,Low
SHP00116,PRJ002,2025-07-06,2025-08-07,2025-07-28T07:00:00,2025-07-28T08:29:05,2025-08-02T00:59:56,2025-08-02T00:56:25,F010,F008,P010,P012,Intermodal,CAR006,,CG007,7,8.66,49.66,12.75,4.02,2.96,Y,N,N,N,Standard,FCA,2104.8,2151.2,6,0,0.0,On time,Y,Delivered,None,3935.97,592.56,891.92,862.82,6283.27,180271.93,0.0349,442.76,0.02377,N,0,32,Low
SHP00117,PRJ006,2024-08-31,2024-09-19,2024-09-10T13:00:00,2024-09-10T15:10:25,2024-09-21T14:30:36,2024-09-22T03:15:06,F013,F017,P001,P018,Sea Breakbulk,CAR010,V007,CG003,1,10.09,50.15,16.02,3.26,2.95,Y,N,N,N,Expedite,CFR,5586.8,5488.3,12,12.7,0.53,On time,Y,Delivered,Carrier capacity,12610.88,1153.95,1355.9,801.23,15921.96,433778.2,0.0367,1343.95,0.02427,N,0,38,Low
SHP00118,PRJ006,2025-07-15,2025-09-05,2025-08-28T14:00:00,2025-08-28T16:12:20,2025-09-07T07:14:14,2025-09-07T15:03:59,F003,F017,P003,P018,Sea Breakbulk,CAR004,V008,CG002,2,18.62,87.45,13.12,4.39,3.69,Y,N,N,N,Expedite,FCA,6403.8,6371.4,11,7.8,0.33,On time,Y,Delivered,None,17986.63,2482.74,1687.69,667.17,22824.23,171637.96,0.133,3375.27,0.02845,N,0,32,Low
SHP00119,PRJ007,2025-02-15,2025-03-24,2025-03-13T13:00:00,2025-03-13T12:51:00,2025-03-19T05:58:15,2025-03-19T18:14:49,F011,F001,P006,P001,Intermodal,CAR006,,CG001,5,2.87,26.97,9.45,2.45,2.8,N,N,N,N,Critical,DAP,2010.4,2012.1,7,12.3,0.51,On time,Y,Delivered,None,4297.86,477.74,843.87,538.35,6157.82,224565.77,0.0274,175.92,0.03046,N,0,12,Low
SHP00120,PRJ002,2025-06-18,2025-07-13,2025-07-14T08:00:00,2025-07-14T10:13:25,2025-07-15T04:30:00,2025-07-15T05:49:07,F002,F008,,,Road,CAR008,,CG010,4,2.85,8.37,4.73,1.53,1.16,N,N,N,N,Standard,FCA,1023.7,1013.1,2,1.3,0.05,On time,Y,Delivered,None,1736.72,192.9,0,632.55,2562.18,444350.82,0.0058,274.3,0.095,N,0,19,Low
SHP00121,PRJ005,2025-10-18,2025-12-04,2025-11-20T14:00:00,2025-11-20T14:44:16,2025-11-26T13:29:01,2025-11-27T03:28:52,F010,F016,P010,P016,Sea Breakbulk,CAR004,V012,CG003,4,12.56,67.05,13.44,4.2,4.08,Y,N,N,N,Critical,DAP,2782.9,2757.3,7,14.0,0.58,On time,Y,Delivered,None,11980.6,981.87,1591.47,908.22,15462.16,557662.66,0.0277,977.32,0.02822,N,0,32,Low
SHP00122,PRJ001,2025-02-02,2025-03-13,2025-03-02T09:00:00,2025-03-02T08:45:24,2025-03-06T22:16:18,2025-03-06T21:46:18,F001,F007,P001,P005,Sea Breakbulk,CAR007,V011,CG003,3,6.97,41.77,12.0,3.38,3.17,Y,N,N,N,Standard,DDP,1145.7,1155.4,5,0,0.0,On time,Y,Delivered,None,5669.36,917.0,1305.88,324.02,8216.27,277226.46,0.0296,350.6,0.04354,N,0,38,Low
SHP00123,PRJ006,2025-09-17,2025-10-22,2025-10-12T13:00:00,2025-10-12T15:42:44,2025-10-22T21:14:29,2025-10-23T05:15:06,F009,F017,P009,P018,Intermodal,CAR006,,CG002,7,24.03,95.38,16.73,5.23,3.77,Y,N,N,N,Critical,DAP,4897.5,5000.7,11,8.0,0.33,On time,Y,Delivered,None,12455.66,1179.16,1532.63,764.82,15932.27,231894.97,0.0687,2758.99,0.02296,N,0,36,Low
SHP00124,PRJ006,2025-03-07,2025-04-10,2025-03-26T07:00:00,2025-03-26T08:34:35,2025-04-04T13:08:00,2025-04-04T11:26:57,F009,F017,P009,P018,Intermodal,CAR006,,CG002,8,14.72,48.46,11.81,3.82,2.52,Y,N,N,N,Standard,DAP,5131.7,5262.0,10,0,0.0,On time,Y,Delivered,None,6982.58,482.71,1694.37,840.28,9999.94,124893.78,0.0801,1766.56,0.02281,N,0,22,Low
SHP00125,PRJ006,2024-11-02,2024-11-30,2024-11-21T12:00:00,2024-11-21T14:06:53,2024-12-01T22:56:28,2024-12-03T10:38:37,F001,F017,P001,P018,Intermodal,CAR006,,CG009,6,16.3,26.78,7.85,2.7,2.12,Y,N,Y,Y,Standard,EXW,5792.0,5762.7,11,35.7,1.49,1-2 days,N,Delivered,Road permit delay,7419.77,734.03,1377.68,856.99,10388.47,147439.73,0.0705,2095.29,0.02231,N,0,57,Medium
SHP00126,PRJ002,2024-07-30,2024-08-21,2024-08-13T15:00:00,2024-08-13T16:09:18,2024-08-17T13:46:32,2024-08-17T12:54:50,F014,F008,P003,P012,Sea Breakbulk,CAR010,V004,CG004,2,62.42,236.36,26.34,7.05,6.47,Y,Y,N,N,Critical,FCA,466.2,485.6,5,0,0.0,On time,Y,Delivered,None,13157.74,1783.02,2792.28,989.52,18722.56,1375411.07,0.0136,1227.82,0.04051,N,0,64,Medium
SHP00127,PRJ002,2024-04-26,2024-05-29,2024-05-21T14:00:00,2024-05-21T13:15:06,2024-05-25T14:04:24,2024-05-25T20:12:26,F004,F008,P004,P012,RoRo,CAR003,V002,CG006,8,30.2,28.96,8.98,2.1,1.91,N,N,N,N,Standard,FCA,1338.4,1370.1,5,6.1,0.26,On time,Y,Delivered,None,3493.07,552.47,1467.3,1053.14,6565.98,183352.27,0.0358,1282.15,0.03099,N,0,17,Low
SHP00128,PRJ001,2025-03-10,2025-04-30,2025-04-17T09:00:00,2025-04-17T08:34:24,2025-04-23T01:40:40,2025-04-23T11:41:32,F009,F007,P009,P005,Sea Breakbulk,CAR010,V014,CG002,3,11.44,62.2,12.04,3.7,2.82,Y,N,N,N,Standard,FCA,1786.8,1786.9,7,10.0,0.42,On time,Y,Delivered,None,6777.87,883.45,1618.89,519.97,9800.18,98718.47,0.0993,779.04,0.03811,N,0,25,Low
SHP00129,PRJ002,2024-10-04,2024-11-06,2024-10-23T07:00:00,2024-10-23T09:27:30,2024-10-30T09:06:18,2024-10-30T22:11:12,F011,F008,P006,P012,Container Sea,CAR005,V003,CG001,5,4.57,25.83,8.71,2.34,2.23,N,N,N,N,Standard,FCA,2566.5,2566.1,8,13.1,0.55,On time,Y,Delivered,Carrier capacity,2703.75,200.27,1025.21,706.69,4635.91,350360.16,0.0132,224.0,0.0191,N,0,35,Low
SHP00130,PRJ005,2025-12-10,2026-01-04,2025-12-23T12:00:00,2025-12-23T12:18:15,2026-01-01T03:26:29,2026-01-01T12:41:31,F003,F016,P003,P016,Intermodal,CAR006,,CG008,2,65.89,439.63,34.39,11.06,9.68,Y,Y,N,N,Expedite,FCA,4069.9,4097.1,10,9.3,0.39,On time,Y,Delivered,None,21965.47,2880.7,2828.42,1105.59,28780.18,1952336.49,0.0147,6918.59,0.02563,N,0,56,Medium
SHP00131,PRJ001,2024-01-26,2024-03-10,2024-03-04T15:00:00,2024-03-04T15:51:55,2024-03-09T17:41:00,2024-03-10T12:18:12,F012,F007,P007,P005,Sea Breakbulk,CAR010,V014,CG006,3,34.14,104.87,17.47,6.61,4.73,Y,N,N,N,Standard,DAP,1950.3,2028.6,6,18.6,0.78,On time,Y,Delivered,Weather disruption,8548.08,864.62,1480.52,913.9,11807.12,158097.57,0.0747,1679.37,0.02425,N,0,20,Low
SHP00132,PRJ004,2025-11-17,2026-01-03,2025-12-23T15:00:00,2025-12-23T17:43:08,2025-12-28T01:43:02,2025-12-28T12:07:57,F004,F018,P004,P009,Sea Breakbulk,CAR007,V005,CG006,5,33.23,78.48,12.36,4.47,3.75,Y,N,N,N,Standard,DAP,736.8,726.7,6,10.4,0.43,On time,Y,Delivered,None,5949.44,525.21,1934.62,709.79,9119.06,185932.98,0.049,728.19,0.03015,N,0,24,Low
SHP00133,PRJ003,2025-06-26,2025-07-16,2025-07-04T13:00:00,2025-07-04T13:19:58,2025-07-10T01:17:42,2025-07-10T16:55:13,F003,F011,P003,P006,Sea Breakbulk,CAR010,V014,CG006,2,32.5,66.07,10.37,4.22,3.74,Y,N,N,N,Expedite,FCA,2666.9,2680.2,7,15.6,0.65,On time,Y,Delivered,Carrier capacity,14014.66,1452.09,1548.99,633.56,17649.3,172612.95,0.1022,3105.86,0.03566,N,0,37,Low
SHP00134,PRJ002,2025-07-04,2025-08-03,2025-07-21T11:00:00,2025-07-21T10:57:34,2025-07-27T22:28:41,2025-07-27T17:40:43,F011,F008,P006,P012,Intermodal,CAR006,,CG005,1,22.67,131.03,18.43,6.2,5.25,Y,N,N,N,Standard,DAP,2527.6,2492.2,7,0,0.0,On time,Y,Delivered,None,4788.44,584.84,1312.04,996.6,7681.92,665456.29,0.0115,1075.45,0.01904,N,0,39,Low
SHP00135,PRJ007,2023-12-27,2024-01-13,2024-01-10T08:00:00,2024-01-10T09:12:32,2024-01-15T03:49:35,2024-01-15T04:10:54,F012,F001,P007,P001,Sea Breakbulk,CAR004,V001,CG004,1,55.84,283.96,29.15,8.37,7.62,Y,Y,N,N,Standard,DAP,1899.7,1894.2,6,0.4,0.01,On time,Y,Delivered,None,15262.71,945.34,2982.09,934.72,20124.87,1458939.22,0.0138,3745.37,0.03541,Y,42129.7,50,Medium
SHP00136,PRJ002,2025-08-14,2025-09-04,2025-08-25T07:00:00,2025-08-25T08:10:52,2025-08-29T20:41:55,2025-08-29T12:22:00,F004,F008,P004,P012,RoRo,CAR003,V010,CG006,7,26.99,117.49,20.02,5.64,5.17,Y,N,N,N,Expedite,DDP,1409.7,1404.2,5,0,0.0,On time,Y,Delivered,None,5763.11,826.08,1948.67,601.92,9139.78,136193.9,0.0671,1174.87,0.031,N,0,37,Low
SHP00137,PRJ002,2025-01-09,2025-02-07,2025-01-31T09:00:00,2025-01-31T11:02:09,2025-02-03T23:05:29,2025-02-05T06:43:09,F005,F008,P002,P012,RoRo,CAR003,V002,CG005,2,16.83,96.68,15.67,4.76,4.68,Y,N,N,N,Expedite,DAP,1397.2,1448.2,4,31.6,1.32,1-2 days,N,Delivered,Carrier capacity,5215.15,420.73,1359.64,934.68,7930.2,653414.25,0.0121,859.07,0.03525,N,0,51,Medium
SHP00138,PRJ005,2025-01-09,2025-01-30,2025-01-19T10:00:00,2025-01-19T12:30:44,2025-01-26T08:05:11,2025-01-28T14:35:58,F005,F016,P002,P016,Sea Breakbulk,CAR010,V007,CG005,8,27.11,64.74,10.74,3.64,3.2,Y,N,N,N,Expedite,DDP,2960.6,3038.7,8,54.5,2.27,3-5 days,N,Delivered,Documentation issue,12656.79,847.02,1522.58,495.65,15522.05,1004405.48,0.0155,2155.72,0.02617,Y,20696.94,44,Low
SHP00139,PRJ001,2025-05-27,2025-07-17,2025-07-11T07:00:00,2025-07-11T09:17:18,2025-07-11T20:18:00,2025-07-11T22:25:55,F014,F007,,,Road,CAR012,,CG002,1,22.99,47.2,12.17,2.42,3.62,Y,N,N,N,Standard,DDP,340.3,337.2,1,2.1,0.09,On time,Y,Delivered,None,1773.66,271.19,0,494.19,2539.04,226293.5,0.0112,736.46,0.095,N,0,32,Low
SHP00140,PRJ002,2025-03-29,2025-04-30,2025-04-23T12:00:00,2025-04-23T12:36:08,2025-04-29T22:22:27,2025-04-30T18:32:59,F012,F008,P007,P012,Sea Breakbulk,CAR007,V005,CG004,2,81.2,55.66,9.41,3.62,3.83,Y,Y,N,N,Standard,EXW,2256.0,2282.9,7,20.2,0.84,On time,Y,Delivered,None,19842.72,3117.92,3242.8,1438.35,27641.79,2051967.94,0.0135,4512.33,0.02434,N,0,58,Medium
SHP00141,PRJ006,2025-05-12,2025-05-30,2025-05-20T10:00:00,2025-05-20T11:55:48,2025-05-30T08:35:21,2025-05-30T06:21:10,F012,F017,P007,P018,Intermodal,CAR006,,CG001,3,2.23,20.4,6.0,2.28,2.4,N,N,N,N,Expedite,DAP,5025.9,4956.6,11,0,0.0,On time,Y,Delivered,None,4072.47,422.25,1277.4,815.89,6588.01,179637.94,0.0367,202.98,0.01836,N,0,24,Low
SHP00142,PRJ007,2025-07-03,2025-08-19,2025-08-12T12:00:00,2025-08-12T12:45:31,2025-08-16T20:03:53,2025-08-17T12:38:11,F010,F001,P010,P001,Intermodal,CAR006,,CG001,6,4.58,17.78,8.48,1.89,1.63,N,N,N,N,Standard,FCA,1423.2,1415.6,5,16.6,0.69,On time,Y,Delivered,None,2787.19,283.29,1475.92,315.79,4862.19,267047.68,0.0182,277.41,0.04279,N,0,27,Low
SHP00143,PRJ007,2023-12-05,2024-01-20,2024-01-09T10:00:00,2024-01-09T09:17:06,2024-01-14T18:37:05,2024-01-15T11:36:08,F012,F001,P007,P001,Sea Breakbulk,CAR010,V007,CG006,6,40.25,75.56,16.46,4.48,3.28,Y,N,N,N,Standard,DDP,1685.0,1737.7,6,17.0,0.71,On time,Y,Delivered,Documentation issue,9369.15,1136.36,1565.46,1020.96,13091.93,249478.73,0.0525,2533.08,0.03622,Y,11135.5,33,Low
SHP00144,PRJ004,2025-08-18,2025-09-30,2025-09-22T15:00:00,2025-09-22T17:11:42,2025-09-25T13:57:23,2025-09-26T07:03:55,F004,F018,P004,P009,Sea Breakbulk,CAR004,V012,CG006,1,27.44,50.23,10.05,3.94,3.53,Y,N,N,N,Expedite,CFR,757.6,772.0,4,17.1,0.71,On time,Y,Delivered,Road permit delay,7197.86,1158.35,1441.26,776.01,10573.48,165821.44,0.0638,639.14,0.03017,N,0,23,Low
SHP00145,PRJ004,2025-06-20,2025-07-04,2025-06-27T12:00:00,2025-06-27T14:51:03,2025-07-02T06:20:42,2025-07-03T06:31:12,F011,F018,P006,P009,Sea Breakbulk,CAR004,V008,CG005,5,19.22,92.78,14.07,4.18,4.65,Y,N,N,N,Standard,DAP,1121.6,1151.3,6,24.2,1.01,On time,Y,Delivered,Carrier capacity,6049.17,755.43,1604.44,823.01,9232.04,615299.18,0.015,637.92,0.02883,N,0,23,Low
SHP00146,PRJ001,2024-10-10,2024-11-08,2024-11-04T14:00:00,2024-11-04T16:06:37,2024-11-08T13:10:47,2024-11-08T12:02:38,F014,F007,P003,P005,Sea Breakbulk,CAR004,V008,CG004,2,63.56,133.99,15.9,5.22,5.55,Y,Y,N,N,Standard,DAP,538.0,535.2,5,0,0.0,On time,Y,Delivered,None,8816.86,1402.32,3089.77,1401.6,14710.55,1347926.77,0.0109,1320.04,0.0388,N,0,56,Medium
SHP00147,PRJ006,2025-06-30,2025-08-06,2025-07-22T12:00:00,2025-07-22T12:12:05,2025-07-31T07:38:54,2025-08-01T08:00:54,F005,F017,P002,P018,Sea Breakbulk,CAR004,V001,CG005,8,24.78,110.15,15.54,6.14,5.4,Y,N,N,N,Critical,DAP,5211.0,5291.3,10,24.4,1.02,1-2 days,N,Delivered,Customs hold,21652.94,3152.45,1759.56,524.12,27089.07,817138.36,0.0332,3346.36,0.02552,N,0,37,Low
SHP00148,PRJ004,2025-09-16,2025-11-04,2025-10-23T09:00:00,2025-10-23T08:46:04,2025-10-27T11:29:03,2025-10-28T05:37:05,F005,F018,P002,P009,Sea Breakbulk,CAR004,V001,CG005,4,28.5,92.46,13.24,5.67,4.58,Y,N,N,N,Critical,DAP,492.7,506.3,5,18.1,0.76,1-2 days,N,Delivered,Carrier capacity,8566.86,909.89,1773.46,901.73,12151.94,909704.97,0.0134,661.16,0.04582,N,0,40,Low
SHP00149,PRJ004,2025-08-12,2025-09-16,2025-09-11T14:00:00,2025-09-11T13:05:50,2025-09-16T11:31:43,2025-09-16T19:09:35,F011,F018,P006,P009,Sea Breakbulk,CAR004,V001,CG001,8,6.02,26.15,8.34,2.85,2.56,Y,N,N,N,Standard,FCA,1162.2,1148.2,6,7.6,0.32,On time,Y,Delivered,None,5202.61,714.28,1485.88,382.5,7785.27,450726.9,0.0173,197.3,0.02854,N,0,33,Low
SHP00150,PRJ004,2025-01-03,2025-02-15,2025-02-03T10:00:00,2025-02-03T10:59:36,2025-02-07T09:58:40,2025-02-07T08:29:28,F005,F018,P002,P009,Container Sea,CAR005,V009,CG001,1,5.91,15.09,6.56,2.25,1.62,N,N,N,N,Expedite,DDP,491.4,507.8,5,0,0.0,On time,Y,Delivered,None,2725.07,188.9,1088.27,625.19,4627.43,474777.85,0.0097,123.96,0.0413,N,0,18,Low
SHP00151,PRJ006,2025-06-24,2025-07-29,2025-07-22T11:00:00,2025-07-22T13:03:39,2025-07-31T15:24:51,2025-07-31T07:33:32,F010,F017,P010,P018,Intermodal,CAR006,,CG001,3,4.61,11.88,7.23,1.79,1.58,N,N,N,N,Expedite,DAP,5042.4,5036.8,10,0,0.0,On time,Y,Delivered,Documentation issue,4639.09,721.38,1418.03,412.0,7190.5,341361.37,0.0211,477.94,0.02058,N,0,26,Low
SHP00152,PRJ007,2024-02-09,2024-02-19,2024-02-20T09:00:00,2024-02-20T11:31:05,2024-02-20T17:06:00,2024-02-20T18:13:17,F004,F001,,,Road,CAR001,,CG008,1,103.39,197.78,23.1,6.44,6.29,Y,Y,N,N,Expedite,EXW,304.0,301.1,1,1.1,0.05,On time,Y,Delivered,None,6684.0,589.48,0,0,7273.48,2619949.6,0.0028,2957.42,0.095,N,0,49,Medium
SHP00153,PRJ007,2024-01-28,2024-03-04,2024-02-27T14:00:00,2024-02-27T14:40:58,2024-02-28T03:00:00,2024-02-28T01:42:49,F004,F001,,,Road,CAR008,,CG008,1,63.92,579.54,31.5,12.9,11.18,Y,Y,N,N,Critical,DAP,320.3,314.8,2,0,0.0,On time,Y,Delivered,None,6054.17,588.04,0,0,6642.21,2074247.98,0.0032,1911.59,0.095,N,0,39,Low
SHP00154,PRJ007,2025-08-28,2025-09-25,2025-09-26T09:00:00,2025-09-26T11:00:45,2025-09-26T21:48:00,2025-09-27T00:19:33,F004,F001,,,Road,CAR011,,CG002,2,22.25,101.97,19.93,5.3,4.43,Y,N,N,N,Expedite,FCA,291.3,289.6,1,2.5,0.11,On time,Y,Delivered,None,1922.15,273.7,0,0,2195.85,184290.36,0.0119,612.14,0.095,N,0,42,Low
SHP00155,PRJ002,2024-03-15,2024-05-02,2024-04-22T10:00:00,2024-04-22T12:12:59,2024-04-25T19:32:28,2024-04-27T08:06:35,F013,F008,P001,P012,RoRo,CAR003,V006,CG003,6,11.06,43.55,12.22,4.37,3.38,Y,N,N,N,Standard,DAP,959.2,983.3,4,36.6,1.52,1-2 days,N,Delivered,Port congestion,3045.14,388.34,1030.73,499.71,4963.91,596377.19,0.0083,334.95,0.0308,N,0,28,Low
SHP00156,PRJ006,2024-10-02,2024-11-20,2024-11-10T08:00:00,2024-11-10T07:39:29,2024-11-19T21:35:55,2024-11-20T12:28:42,F004,F017,P004,P018,Sea Breakbulk,CAR007,V005,CG002,4,14.75,93.61,14.2,4.66,4.92,Y,N,N,N,Standard,DDP,5656.7,5698.1,10,14.9,0.62,On time,Y,Delivered,None,11685.59,1353.78,1608.22,863.72,15511.31,156233.59,0.0993,2052.21,0.02442,N,0,42,Low
SHP00157,PRJ004,2025-09-05,2025-10-25,2025-10-20T12:00:00,2025-10-20T14:14:36,2025-10-21T14:30:00,2025-10-21T20:20:40,F011,F018,,,Road,CAR002,,CG001,7,5.91,20.66,7.31,3.2,2.03,Y,N,N,N,Expedite,DAP,1279.8,1258.5,2,5.8,0.24,On time,Y,Delivered,None,3938.54,421.12,0,747.6,5107.26,411754.18,0.0124,706.58,0.095,N,0,29,Low
SHP00158,PRJ001,2024-05-25,2024-06-24,2024-06-16T08:00:00,2024-06-16T08:58:04,2024-06-20T07:07:19,2024-06-21T00:29:14,F014,F007,P003,P005,Intermodal,CAR006,,CG006,7,29.87,54.18,13.24,3.75,3.11,Y,N,N,N,Standard,EXW,529.1,522.2,5,17.4,0.72,On time,Y,Delivered,Carrier capacity,3362.64,247.39,1972.24,867.88,6450.16,145775.85,0.0442,536.75,0.03441,N,0,26,Low
SHP00159,PRJ005,2025-09-20,2025-10-11,2025-10-06T08:00:00,2025-10-06T09:28:35,2025-10-12T05:43:37,2025-10-12T14:10:25,F010,F016,P010,P016,Sea Breakbulk,CAR004,V012,CG005,8,11.83,128.67,17.09,6.55,5.02,Y,N,N,N,Critical,DDP,2591.6,2630.2,7,8.4,0.35,On time,Y,Delivered,None,11557.56,1164.23,1061.08,926.78,14709.65,338015.93,0.0435,870.15,0.02797,N,0,28,Low
SHP00160,PRJ002,2024-03-01,2024-04-16,2024-04-11T15:00:00,2024-04-11T14:18:53,2024-04-15T14:24:31,2024-04-16T21:18:27,F014,F008,P003,P012,Sea Breakbulk,CAR010,V014,CG006,5,39.26,115.09,22.09,5.25,4.76,Y,N,N,N,Standard,DDP,490.9,486.4,5,30.9,1.29,1-2 days,N,Delivered,Road permit delay,5680.32,912.86,1560.5,877.58,9031.27,244102.06,0.037,777.19,0.0407,N,0,31,Low
SHP00161,PRJ006,2024-11-22,2024-12-21,2024-12-11T13:00:00,2024-12-11T14:12:04,2024-12-21T03:29:36,2024-12-21T12:11:59,F004,F017,P004,P018,Sea Breakbulk,CAR004,V001,CG002,4,14.38,43.63,12.07,2.98,2.43,Y,N,N,N,Critical,DAP,5543.5,5587.0,11,8.7,0.36,On time,Y,Delivered,None,17599.83,2795.21,1338.02,779.91,22512.97,145058.45,0.1552,1959.93,0.0244,N,0,35,Low
SHP00162,PRJ002,2024-11-11,2024-12-15,2024-12-09T11:00:00,2024-12-09T11:33:57,2024-12-15T08:27:35,2024-12-14T23:29:48,F012,F008,P007,P012,Sea Breakbulk,CAR004,V012,CG005,5,28.25,136.93,17.32,6.05,5.12,Y,N,N,N,Critical,EXW,2243.0,2293.0,7,0,0.0,On time,Y,Delivered,None,13418.28,1791.19,1596.21,678.76,17484.43,1104016.03,0.0158,1576.31,0.02433,N,0,32,Low
SHP00163,PRJ006,2025-10-21,2025-11-28,2025-11-17T08:00:00,2025-11-17T09:23:27,2025-11-27T15:52:08,2025-11-28T12:38:00,F012,F017,P007,P018,Sea Breakbulk,CAR010,V004,CG003,1,4.62,30.82,10.87,2.15,2.62,N,N,N,N,Standard,DDP,5326.5,5471.7,11,20.8,0.87,On time,Y,Delivered,Port congestion,6368.56,566.04,799.38,381.08,8115.07,186180.14,0.0436,614.02,0.02429,N,0,31,Low
SHP00164,PRJ005,2024-11-30,2025-01-20,2025-01-10T15:00:00,2025-01-10T14:23:21,2025-01-18T01:47:21,2025-01-18T04:06:32,F011,F016,P006,P016,Container Sea,CAR005,V013,CG001,4,5.08,17.63,7.03,1.87,1.63,N,N,N,N,Standard,FCA,3371.3,3454.1,9,2.3,0.1,On time,Y,Delivered,None,3022.68,359.07,1144.18,674.05,5199.98,319831.68,0.0163,328.59,0.01873,N,0,28,Low
SHP00165,PRJ003,2024-03-03,2024-04-06,2024-04-02T15:00:00,2024-04-02T15:36:31,2024-04-08T05:20:30,2024-04-08T04:24:54,F013,F011,P001,P006,Sea Breakbulk,CAR004,V008,CG010,8,2.53,12.41,5.64,2.74,1.35,Y,N,N,N,Standard,DAP,1678.1,1665.2,7,0,0.0,On time,Y,Delivered,None,5311.46,629.98,868.12,365.71,7175.27,293327.87,0.0245,107.64,0.02555,N,0,29,Low
SHP00166,PRJ005,2025-06-28,2025-08-04,2025-07-21T09:00:00,2025-07-21T09:04:10,2025-07-28T20:31:45,2025-07-29T19:59:59,F012,F016,P007,P016,Sea Breakbulk,CAR010,V007,CG007,7,14.1,21.76,8.69,2.71,2.29,Y,N,N,N,Standard,DAP,3238.0,3283.7,8,23.5,0.98,On time,Y,Delivered,Carrier capacity,8327.38,746.86,1466.1,394.25,10934.59,257049.41,0.0425,1117.81,0.02414,N,0,57,Medium
SHP00167,PRJ001,2023-12-19,2024-01-31,2024-01-30T15:00:00,2024-01-30T14:31:45,2024-01-31T17:30:00,2024-01-31T19:12:41,F001,F007,,,Road,CAR001,,CG010,6,3.01,8.7,4.48,1.39,1.44,N,N,N,N,Expedite,FCA,1034.6,1023.1,2,1.7,0.07,On time,Y,Delivered,None,2145.37,230.74,0,841.58,3217.69,409326.89,0.0079,292.56,0.095,N,0,11,Low
SHP00168,PRJ002,2025-01-14,2025-02-09,2025-01-31T12:00:00,2025-01-31T11:04:06,2025-02-05T01:00:57,2025-02-06T17:04:23,F009,F008,P009,P012,Intermodal,CAR006,,CG002,1,21.64,86.34,15.7,4.12,4.11,Y,N,N,N,Expedite,CFR,1996.4,2076.7,6,40.1,1.67,1-2 days,N,Delivered,Weather disruption,6610.01,953.74,1392.3,936.37,9892.42,194861.43,0.0508,1420.44,0.03161,N,0,42,Low
SHP00169,PRJ005,2025-06-13,2025-08-02,2025-07-21T10:00:00,2025-07-21T11:04:05,2025-07-27T23:46:20,2025-07-28T17:58:10,F005,F016,P002,P016,Intermodal,CAR006,,CG005,3,26.51,96.35,16.41,5.24,4.25,Y,N,N,N,Standard,DDP,2926.4,2986.8,7,18.2,0.76,On time,Y,Delivered,Documentation issue,5788.6,720.39,1485.13,522.25,8516.37,803895.42,0.0106,1648.76,0.02082,N,0,38,Low
SHP00170,PRJ005,2024-10-22,2024-11-17,2024-11-07T13:00:00,2024-11-07T12:33:13,2024-11-13T12:47:53,2024-11-13T21:54:31,F010,F016,P010,P016,Sea Breakbulk,CAR010,V004,CG003,6,7.14,58.72,15.4,3.42,3.9,Y,N,N,N,Expedite,FCA,2713.5,2728.8,7,9.1,0.38,On time,Y,Delivered,None,8599.56,945.3,1424.89,505.13,11474.88,368082.07,0.0312,544.2,0.02793,N,0,43,Low
SHP00171,PRJ001,2024-03-23,2024-04-08,2024-04-02T12:00:00,2024-04-02T11:56:12,2024-04-06T23:16:25,2024-04-07T08:29:33,F012,F007,P007,P005,Sea Breakbulk,CAR004,V012,CG006,4,19.2,77.6,13.9,4.4,3.85,Y,N,N,N,Critical,FCA,2065.7,2114.3,5,9.2,0.38,On time,Y,Delivered,None,11372.91,1825.94,1242.0,664.16,15105.0,104206.36,0.145,983.81,0.02424,Y,4085.03,38,Low
SHP00172,PRJ006,2025-08-18,2025-10-10,2025-09-24T13:00:00,2025-09-24T12:01:08,2025-10-03T14:07:52,2025-10-05T22:45:32,F010,F017,P010,P018,Sea Breakbulk,CAR010,V014,CG005,4,32.69,117.75,19.68,5.84,4.45,Y,N,N,N,Standard,DDP,4850.8,4894.7,10,56.6,2.36,3-5 days,N,Delivered,Customs hold,15290.59,1671.64,1356.22,824.57,19143.03,1239376.35,0.0154,4245.66,0.02653,N,0,46,Medium
SHP00173,PRJ006,2024-11-11,2024-12-17,2024-12-04T13:00:00,2024-12-04T13:23:46,2024-12-14T18:29:17,2024-12-15T08:58:47,F014,F017,P003,P018,Container Sea,CAR005,V013,CG002,4,20.94,51.53,13.17,2.49,2.69,N,N,N,N,Critical,EXW,5933.6,6012.9,11,14.5,0.6,1-2 days,N,Delivered,None,9108.75,886.28,1580.27,565.15,12140.46,190825.08,0.0636,2456.65,0.01951,N,0,30,Low
SHP00174,PRJ004,2025-06-03,2025-06-29,2025-06-17T07:00:00,2025-06-17T09:12:48,2025-06-21T08:58:37,2025-06-21T15:59:17,F001,F018,P001,P009,Sea Breakbulk,CAR007,V011,CG003,1,10.07,37.93,10.09,2.59,3.16,Y,N,N,N,Expedite,DAP,1043.3,1024.3,5,7.0,0.29,On time,Y,Delivered,None,7190.34,676.56,1039.87,395.11,9301.89,481709.74,0.0193,490.42,0.04755,N,0,23,Low
SHP00175,PRJ007,2024-05-10,2024-06-22,2024-06-10T10:00:00,2024-06-10T09:11:36,2024-06-15T05:56:09,2024-06-16T09:27:37,F003,F001,P003,P001,Sea Breakbulk,CAR007,V011,CG008,1,102.42,435.17,37.41,10.89,9.68,Y,Y,N,N,Standard,DAP,1338.3,1360.3,6,27.5,1.15,On time,Y,Delivered,Carrier capacity,21651.2,3001.79,3576.59,0,28229.59,2746602.73,0.0103,8588.89,0.06165,N,0,53,Medium
SHP00176,PRJ002,2025-08-25,2025-10-06,2025-09-30T11:00:00,2025-09-30T12:16:57,2025-10-07T04:16:10,2025-10-07T20:57:06,F011,F008,P006,P012,Intermodal,CAR006,,CG001,5,4.88,16.15,5.21,1.61,1.76,N,N,N,N,Standard,DAP,2487.8,2468.3,8,16.7,0.7,On time,Y,Delivered,Carrier capacity,2663.58,389.5,1414.19,692.84,5160.11,397642.66,0.013,228.54,0.01897,N,0,25,Low
SHP00177,PRJ002,2025-08-16,2025-09-17,2025-09-05T09:00:00,2025-09-05T09:22:32,2025-09-09T06:22:50,2025-09-10T10:31:47,F003,F008,P003,P012,Sea Breakbulk,CAR007,V011,CG006,6,32.26,39.85,11.86,3.31,2.82,Y,N,N,N,Standard,DDP,739.0,729.3,5,28.1,1.17,On time,Y,Delivered,Port congestion,6678.98,1024.09,1613.59,815.98,10132.64,191090.68,0.053,1401.59,0.05957,N,0,37,Low
SHP00178,PRJ004,2024-07-18,2024-08-24,2024-08-20T14:00:00,2024-08-20T14:02:34,2024-08-24T08:18:48,2024-08-24T19:11:46,F002,F018,P001,P009,Sea Breakbulk,CAR010,V014,CG009,6,12.47,35.45,9.71,2.67,2.79,Y,N,Y,N,Standard,DAP,1178.2,1187.9,5,10.9,0.45,On time,Y,Delivered,None,6316.99,944.23,1872.12,746.69,9880.03,91676.65,0.1078,780.58,0.0527,N,0,44,Low
SHP00179,PRJ006,2024-11-12,2025-01-07,2024-12-25T08:00:00,2024-12-25T07:26:18,2025-01-05T09:28:42,2025-01-06T06:52:38,F004,F017,P004,P018,Sea Breakbulk,CAR004,V012,CG008,2,67.05,164.67,17.76,7.2,5.57,Y,Y,N,N,Standard,EXW,5696.5,5855.5,12,21.4,0.89,On time,Y,Delivered,Documentation issue,36047.03,4863.41,3340.75,1108.34,45359.54,2083580.23,0.0218,9567.87,0.02437,N,0,50,Medium
SHP00180,PRJ004,2024-09-27,2024-11-04,2024-10-29T13:00:00,2024-10-29T15:01:42,2024-11-02T18:54:30,2024-11-03T03:58:32,F001,F018,P001,P009,Sea Breakbulk,CAR007,V005,CG007,6,9.77,23.79,7.98,3.1,1.84,Y,N,N,N,Standard,DDP,935.2,972.2,5,9.1,0.38,On time,Y,Delivered,Carrier capacity,5658.36,414.26,1483.35,588.58,8144.54,224013.54,0.0364,463.81,0.04883,Y,5375.91,30,Low
SHP00181,PRJ001,2024-01-08,2024-02-13,2024-02-06T09:00:00,2024-02-06T11:28:18,2024-02-11T10:52:00,2024-02-12T07:25:23,F012,F007,P007,P005,Sea Breakbulk,CAR004,V001,CG005,8,28.21,127.23,18.38,5.98,5.57,Y,N,N,N,Standard,FCA,1911.1,1986.9,6,20.6,0.86,On time,Y,Delivered,None,7947.67,1016.78,1464.7,836.99,11266.13,814584.83,0.0138,1359.03,0.02425,N,0,28,Low
SHP00182,PRJ001,2024-01-17,2024-03-02,2024-02-28T12:00:00,2024-02-28T12:42:05,2024-03-04T01:49:34,2024-03-03T16:37:24,F005,F007,P002,P005,Sea Breakbulk,CAR010,V004,CG001,8,4.33,24.44,8.14,3.16,1.78,Y,N,N,N,Standard,EXW,1225.1,1229.4,6,0,0.0,On time,Y,Delivered,None,5172.89,575.88,842.65,836.13,7427.55,301339.18,0.0246,158.1,0.0297,N,0,21,Low
SHP00183,PRJ005,2025-01-07,2025-02-22,2025-02-17T07:00:00,2025-02-17T07:21:17,2025-02-24T03:08:12,2025-02-24T07:47:42,F010,F016,P010,P016,Container Sea,CAR005,V013,CG001,4,3.48,27.6,9.11,2.26,2.53,N,N,N,N,Expedite,DAP,2527.5,2616.9,8,4.7,0.19,On time,Y,Delivered,None,3534.28,487.9,807.31,700.88,5530.37,222696.32,0.0248,205.1,0.02252,N,0,34,Low
SHP00184,PRJ007,2025-02-08,2025-03-04,2025-02-28T08:00:00,2025-02-28T10:41:11,2025-03-04T04:06:30,2025-03-04T04:20:52,F004,F001,P004,P001,Intermodal,CAR006,,CG006,7,40.14,74.89,16.18,4.47,3.86,Y,N,N,N,Standard,DDP,803.5,829.3,5,0.2,0.01,On time,Y,Delivered,None,4892.1,319.82,1702.65,0,6914.57,217752.76,0.0318,1558.57,0.04682,N,0,28,Low
SHP00185,PRJ002,2025-07-06,2025-08-16,2025-08-12T07:00:00,2025-08-12T08:19:59,2025-08-17T00:44:04,2025-08-16T16:34:57,F004,F008,P004,P012,RoRo,CAR003,V010,CG004,2,72.68,185.35,25.51,6.38,5.86,Y,Y,N,N,Standard,DAP,1254.1,1249.1,6,0,0.0,On time,Y,Delivered,None,9437.57,1405.18,2963.61,1040.43,14846.78,1819858.69,0.0082,2816.6,0.03103,N,0,56,Medium
SHP00186,PRJ001,2024-04-10,2024-05-08,2024-05-01T08:00:00,2024-05-01T08:58:51,2024-05-06T18:59:36,2024-05-08T05:15:16,F012,F007,P007,P005,Sea Breakbulk,CAR010,V004,CG004,2,42.51,249.5,27.08,7.99,7.24,Y,Y,N,N,Standard,EXW,2025.8,2014.3,6,34.3,1.43,1-2 days,N,Delivered,Port congestion,12784.82,1659.05,2196.67,667.64,17308.17,1052642.09,0.0164,2076.2,0.02425,N,0,55,Medium
SHP00187,PRJ007,2023-12-22,2024-01-11,2024-01-08T13:00:00,2024-01-08T14:09:03,2024-01-12T05:22:34,2024-01-13T04:33:56,F015,F001,P011,P001,Intermodal,CAR006,,CG009,8,10.83,20.39,7.89,2.84,1.86,Y,N,Y,N,Standard,FCA,1039.1,1048.8,5,23.2,0.97,On time,Y,Delivered,Customs hold,3745.54,466.52,1676.9,970.8,6859.75,85379.22,0.0803,493.4,0.04344,N,0,51,Medium
SHP00188,PRJ007,2024-02-26,2024-04-06,2024-03-27T12:00:00,2024-03-27T14:46:47,2024-04-01T16:29:54,2024-04-01T22:04:46,F011,F001,P006,P001,Container Sea,CAR005,V013,CG010,2,5.07,6.63,3.8,0.64,1.31,N,N,N,N,Standard,DAP,1823.8,1821.7,6,5.6,0.23,On time,Y,Delivered,None,2789.82,216.5,845.28,381.33,4232.93,764070.6,0.0055,297.19,0.03218,N,0,31,Low
SHP00189,PRJ006,2024-09-10,2024-11-08,2024-10-22T08:00:00,2024-10-22T07:30:04,2024-11-01T04:55:53,2024-10-31T13:29:24,F005,F017,P002,P018,Sea Breakbulk,CAR010,V004,CG005,3,20.41,106.52,15.7,5.48,4.51,Y,N,N,N,Standard,FCA,4971.1,5172.2,11,0,0.0,On time,Y,Delivered,None,12578.22,1801.71,1174.21,1006.17,16560.31,816011.52,0.0203,2701.79,0.02559,Y,16265.15,29,Low
SHP00190,PRJ003,2025-01-01,2025-02-14,2025-02-05T10:00:00,2025-02-05T09:12:12,2025-02-11T02:15:02,2025-02-11T22:43:24,F014,F011,P003,P006,Sea Breakbulk,CAR010,V007,CG002,5,17.08,94.42,13.74,4.69,3.92,Y,N,N,N,Expedite,FCA,2402.0,2359.9,7,20.5,0.85,1-2 days,N,Delivered,Carrier capacity,9777.68,1452.07,1187.35,651.92,13069.02,137840.59,0.0948,1121.99,0.02784,N,0,12,Low
SHP00191,PRJ007,2024-01-13,2024-02-29,2024-02-27T07:00:00,2024-02-27T08:23:44,2024-03-02T20:51:34,2024-03-04T06:52:49,F010,F001,P010,P001,Sea Breakbulk,CAR010,V014,CG003,8,5.95,36.2,9.86,2.77,2.27,Y,N,N,N,Standard,FCA,1544.1,1523.3,5,34.0,1.42,1-2 days,N,Delivered,Customs hold,6013.32,701.51,1296.7,366.5,8378.03,261920.88,0.032,418.23,0.04614,N,0,30,Low
SHP00192,PRJ001,2024-01-21,2024-02-02,2024-01-29T09:00:00,2024-01-29T10:56:02,2024-02-02T19:06:46,2024-02-02T23:27:59,F002,F007,P001,P005,Intermodal,CAR006,,CG010,4,3.87,12.37,7.31,2.22,0.86,N,N,N,N,Standard,DDP,1136.8,1173.3,5,4.4,0.18,On time,Y,Delivered,None,2583.94,345.4,1351.05,477.89,4758.29,457639.7,0.0104,194.82,0.04291,N,0,24,Low
SHP00193,PRJ001,2025-04-23,2025-06-03,2025-05-28T11:00:00,2025-05-28T11:12:51,2025-06-01T21:38:10,2025-06-02T18:48:38,F013,F007,P001,P005,Intermodal,CAR006,,CG007,6,8.3,29.94,9.49,3.29,1.8,Y,N,N,N,Expedite,DDP,835.4,839.6,5,21.2,0.88,1-2 days,N,Delivered,Customs hold,3603.42,539.57,971.44,569.22,5683.65,173825.45,0.0327,129.46,0.01858,N,0,27,Low
SHP00194,PRJ002,2025-04-23,2025-05-17,2025-05-08T15:00:00,2025-05-08T15:14:11,2025-05-11T09:50:00,2025-05-11T22:18:25,F003,F008,P003,P012,RoRo,CAR003,V010,CG006,2,40.77,101.06,15.82,5.06,4.29,Y,N,N,N,Expedite,EXW,742.8,745.9,4,12.5,0.52,On time,Y,Delivered,Weather disruption,6578.33,544.96,2251.93,677.47,10052.69,201884.3,0.0498,1921.19,0.06318,N,0,34,Low
SHP00195,PRJ006,2025-06-03,2025-07-18,2025-07-01T12:00:00,2025-07-01T14:09:46,2025-07-10T20:36:13,2025-07-11T21:19:53,F005,F017,P002,P018,Sea Breakbulk,CAR004,V008,CG004,1,80.87,234.65,31.88,7.31,6.94,Y,Y,N,N,Critical,EXW,5261.0,5268.4,10,24.7,1.03,1-2 days,N,Delivered,Road permit delay,59886.66,4763.78,2996.24,1229.88,68876.55,1978459.58,0.0348,10873.0,0.02552,N,0,54,Medium
SHP00196,PRJ006,2024-06-10,2024-07-06,2024-06-28T12:00:00,2024-06-28T11:28:47,2024-07-08T19:46:13,2024-07-10T12:36:58,F004,F017,P004,P018,Intermodal,CAR006,,CG002,1,21.66,60.71,13.49,3.96,3.61,Y,N,N,N,Expedite,DAP,5755.5,5735.6,11,40.8,1.7,1-2 days,N,Delivered,Carrier capacity,9324.62,1060.29,1097.26,629.82,12111.99,180184.36,0.0672,2288.06,0.01842,N,0,34,Low
SHP00197,PRJ005,2025-07-15,2025-08-06,2025-07-23T13:00:00,2025-07-23T13:25:43,2025-07-30T23:38:10,2025-07-31T04:45:47,F005,F016,P002,P016,Container Sea,CAR005,V009,CG001,1,2.84,21.51,7.71,2.41,2.51,N,N,N,N,Standard,DDP,3097.4,3141.3,8,5.1,0.21,On time,Y,Delivered,None,2861.07,344.87,1095.06,639.13,4940.13,185433.35,0.0266,181.14,0.0203,N,0,28,Low
SHP00198,PRJ003,2024-03-20,2024-05-04,2024-04-30T08:00:00,2024-04-30T10:46:36,2024-05-04T11:39:00,2024-05-05T09:26:01,F010,F011,P010,P006,Sea Breakbulk,CAR007,V005,CG007,6,7.49,32.9,10.52,3.09,2.41,Y,N,N,N,Expedite,FCA,1205.6,1217.3,5,21.8,0.91,1-2 days,N,Delivered,Road permit delay,6883.15,921.67,1273.38,405.49,9483.7,134989.13,0.0703,314.6,0.0345,N,0,30,Low
SHP00199,PRJ001,2024-12-15,2025-01-15,2025-01-07T13:00:00,2025-01-07T15:14:46,2025-01-11T18:44:01,2025-01-12T08:03:18,F005,F007,P002,P005,Container Sea,CAR005,V003,CG001,6,5.72,20.21,6.47,2.35,2.45,N,N,N,N,Standard,DAP,1202.7,1229.0,5,13.3,0.56,On time,Y,Delivered,Carrier capacity,2348.06,294.45,840.1,811.48,4294.1,452236.22,0.0095,168.81,0.02401,N,0,16,Low
SHP00200,PRJ001,2025-02-13,2025-03-09,2025-02-26T13:00:00,2025-02-26T14:20:07,2025-03-03T23:39:27,2025-03-05T23:56:20,F012,F007,P007,P005,Sea Breakbulk,CAR004,V012,CG004,2,59.22,178.51,24.04,6.02,6.12,Y,Y,N,N,Standard,CFR,2010.3,2019.9,6,48.3,2.01,3-5 days,N,Delivered,Carrier capacity,15265.52,2512.75,3016.86,1283.34,22078.46,1107272.57,0.0199,2900.7,0.02425,N,0,57,Medium
SHP00201,PRJ006,2024-09-29,2024-11-14,2024-10-30T10:00:00,2024-10-30T12:38:30,2024-11-09T02:20:12,2024-11-10T21:05:19,F013,F017,P001,P018,Sea Breakbulk,CAR010,V007,CG003,8,9.78,48.26,10.4,3.42,2.71,Y,N,N,N,Standard,DDP,5299.0,5456.6,11,42.8,1.78,1-2 days,N,Delivered,Port congestion,9944.64,1179.04,1490.42,743.59,13357.68,413980.6,0.0323,1296.82,0.0243,N,0,47,Medium
SHP00202,PRJ002,2025-08-12,2025-10-04,2025-09-26T13:00:00,2025-09-26T12:42:46,2025-09-30T12:20:10,2025-09-30T12:31:19,F004,F008,P004,P012,RoRo,CAR003,V006,CG008,2,93.39,479.48,38.38,11.43,9.93,Y,Y,N,N,Expedite,DDP,1302.0,1330.6,5,0.2,0.01,On time,Y,Delivered,None,14645.35,2091.87,3662.87,1154.77,21554.86,2243167.68,0.0096,3857.24,0.03104,N,0,62,Medium
SHP00203,PRJ007,2024-02-08,2024-03-06,2024-02-28T14:00:00,2024-02-28T15:11:32,2024-03-04T23:29:55,2024-03-05T10:43:57,F012,F001,P007,P001,Intermodal,CAR006,,CG001,1,4.14,10.51,4.36,2.13,1.15,N,N,N,N,Expedite,DAP,1747.2,1773.1,6,11.2,0.47,On time,Y,Delivered,None,3366.68,369.02,1346.54,600.69,5682.92,258767.67,0.022,227.07,0.03093,N,0,11,Low
SHP00204,PRJ004,2025-02-06,2025-03-15,2025-03-06T10:00:00,2025-03-06T10:01:50,2025-03-07T10:24:00,2025-03-07T09:31:31,F012,F018,,,Road,CAR002,,CG006,5,39.48,98.99,17.22,5.4,4.37,Y,N,N,N,Standard,FCA,995.4,1027.7,2,0,0.0,On time,Y,Delivered,None,6311.65,957.66,0,1125.67,8394.98,226397.7,0.0371,3854.49,0.095,N,0,26,Low
SHP00205,PRJ001,2025-08-14,2025-09-22,2025-09-15T13:00:00,2025-09-15T13:34:40,2025-09-16T16:12:00,2025-09-16T23:02:36,F004,F007,,,Road,CAR008,,CG006,1,38.55,137.43,16.22,5.57,5.0,Y,N,N,N,Expedite,DAP,1014.6,1024.0,2,6.8,0.29,On time,Y,Delivered,Road permit delay,7546.74,564.22,0,1006.62,9117.58,249714.83,0.0365,3750.14,0.095,N,0,25,Low
SHP00206,PRJ007,2024-04-25,2024-05-12,2024-05-08T10:00:00,2024-05-08T12:17:50,2024-05-08T20:48:00,2024-05-09T16:38:32,F013,F001,,,Road,CAR002,,CG003,4,10.43,36.84,12.51,3.21,3.33,Y,N,N,N,Standard,CFR,287.8,291.7,1,19.8,0.83,On time,Y,Delivered,Customs hold,1201.22,91.38,0,0,1292.6,571088.32,0.0023,289.03,0.095,Y,16308.42,30,Low
SHP00207,PRJ002,2024-04-24,2024-05-13,2024-05-05T12:00:00,2024-05-05T11:40:18,2024-05-10T19:47:22,2024-05-10T20:48:08,F009,F008,P009,P012,Sea Breakbulk,CAR004,V001,CG002,2,23.76,59.89,13.34,3.21,3.4,Y,N,N,N,Standard,DAP,2010.3,1986.0,6,1.0,0.04,On time,Y,Delivered,None,8405.56,609.24,1629.05,1027.0,11670.84,261152.4,0.0447,1704.2,0.03612,N,0,41,Low
SHP00208,PRJ001,2024-12-22,2025-02-08,2025-02-03T15:00:00,2025-02-03T14:19:38,2025-02-07T15:27:45,2025-02-08T09:14:53,F004,F007,P004,P005,Sea Breakbulk,CAR010,V007,CG008,2,110.14,354.51,37.34,10.09,7.74,Y,Y,N,N,Standard,DAP,827.9,848.5,5,17.8,0.74,On time,Y,Delivered,Road permit delay,12672.36,851.1,3946.71,1288.73,18758.9,3198630.27,0.0059,2375.05,0.02541,N,0,54,Medium
SHP00209,PRJ006,2025-12-01,2026-01-12,2025-12-26T15:00:00,2025-12-26T17:49:22,2026-01-05T23:48:18,2026-01-06T20:59:09,F012,F017,P007,P018,Sea Breakbulk,CAR004,V008,CG006,7,31.11,83.08,15.22,4.98,3.61,Y,N,N,N,Standard,DAP,5344.2,5544.4,11,21.2,0.88,On time,Y,Delivered,Carrier capacity,16265.57,1964.99,1899.34,971.46,21101.35,167582.14,0.1259,4188.93,0.02429,N,0,33,Low
SHP00210,PRJ001,2025-03-18,2025-04-13,2025-04-08T08:00:00,2025-04-08T09:33:31,2025-04-14T16:46:17,2025-04-15T18:50:42,F011,F007,P006,P005,Container Sea,CAR005,V003,CG001,7,3.27,13.83,6.05,1.62,2.06,N,N,N,N,Standard,FCA,2192.3,2204.0,7,26.1,1.09,On time,Y,Delivered,Carrier capacity,2533.25,159.16,1163.89,384.62,4240.92,221686.69,0.0191,137.56,0.01909,N,0,16,Low
SHP00211,PRJ002,2024-06-04,2024-06-24,2024-06-17T08:00:00,2024-06-17T10:00:51,2024-06-22T12:03:19,2024-06-23T07:22:24,F005,F008,P002,P012,Sea Breakbulk,CAR010,V014,CG004,1,42.32,134.42,19.55,5.76,5.09,Y,Y,N,N,Standard,DAP,1497.3,1516.1,6,19.3,0.8,On time,Y,Delivered,None,11283.88,996.61,2330.95,746.06,15357.5,1085104.1,0.0142,1898.94,0.0296,N,0,59,Medium
SHP00212,PRJ004,2025-02-03,2025-03-02,2025-02-27T14:00:00,2025-02-27T15:28:16,2025-02-28T06:36:00,2025-02-28T09:48:36,F010,F018,,,Road,CAR008,,CG007,2,3.79,43.25,11.28,3.08,2.99,Y,N,N,N,Critical,DAP,485.1,488.6,2,3.2,0.13,On time,Y,Delivered,None,2166.76,236.54,0,848.12,3251.42,63676.31,0.0511,175.92,0.095,N,0,19,Low
SHP00213,PRJ003,2024-04-29,2024-06-06,2024-05-24T07:00:00,2024-05-24T09:46:17,2024-05-30T09:29:16,2024-06-01T02:54:29,F014,F011,P003,P006,Sea Breakbulk,CAR010,V004,CG001,2,5.9,21.69,9.39,2.88,2.05,Y,N,N,N,Standard,DAP,2318.4,2319.8,7,41.4,1.73,1-2 days,N,Delivered,Port congestion,6326.4,522.37,1493.31,387.73,8729.81,366696.77,0.0238,385.92,0.0282,N,0,29,Low
SHP00214,PRJ002,2025-12-10,2025-12-25,2025-12-22T13:00:00,2025-12-22T15:47:50,2025-12-24T10:12:00,2025-12-24T14:18:37,F010,F008,,,Road,CAR008,,CG001,8,6.06,20.68,7.75,2.48,1.86,N,N,N,N,Critical,EXW,2403.6,2387.6,3,4.1,0.17,On time,Y,Delivered,None,6586.03,1075.93,0,736.76,8398.72,414812.18,0.0202,1374.54,0.095,N,0,26,Low
SHP00215,PRJ002,2025-10-11,2025-11-07,2025-10-30T07:00:00,2025-10-30T09:29:42,2025-11-05T21:22:26,2025-11-07T10:09:59,F012,F008,P007,P012,Sea Breakbulk,CAR007,V005,CG006,1,33.52,50.32,10.28,3.89,3.14,Y,N,N,N,Expedite,DAP,2316.7,2319.6,7,36.8,1.53,1-2 days,N,Delivered,Road permit delay,11756.72,1723.56,1838.3,930.48,16249.06,194540.82,0.0835,1891.29,0.02432,N,0,36,Low
SHP00216,PRJ001,2023-12-25,2024-02-11,2024-02-06T13:00:00,2024-02-06T12:59:02,2024-02-11T15:07:38,2024-02-11T22:28:27,F011,F007,P006,P005,Sea Breakbulk,CAR010,V014,CG010,7,0.83,11.07,4.6,2.59,2.03,Y,N,N,N,Expedite,DAP,2188.6,2204.2,6,7.3,0.31,On time,Y,Delivered,None,6831.6,599.64,641.56,651.29,8724.09,102383.37,0.0852,45.69,0.02497,N,0,29,Low
SHP00217,PRJ002,2025-09-26,2025-11-15,2025-11-10T07:00:00,2025-11-10T06:09:53,2025-11-13T20:53:33,2025-11-14T03:29:05,F004,F008,P004,P012,RoRo,CAR003,V002,CG004,2,62.44,171.98,22.65,6.63,6.41,Y,Y,N,N,Standard,DDP,1271.0,1275.0,4,6.6,0.27,On time,Y,Delivered,None,8767.38,1051.46,3377.63,1138.04,14334.51,1497834.58,0.0096,2469.09,0.03101,N,0,49,Medium
SHP00218,PRJ006,2024-11-24,2024-12-30,2024-12-10T11:00:00,2024-12-10T12:51:33,2024-12-22T05:14:50,2024-12-23T12:24:20,F013,F017,P001,P018,Intermodal,CAR006,,CG007,8,13.16,37.7,12.2,3.09,2.9,Y,N,N,N,Critical,DDP,5778.1,5740.0,13,31.2,1.3,1-2 days,N,Delivered,Customs hold,9727.24,807.45,1208.42,620.05,12363.17,294962.3,0.0419,1381.07,0.01828,N,0,42,Low
SHP00219,PRJ002,2025-05-13,2025-06-11,2025-06-04T11:00:00,2025-06-04T10:57:46,2025-06-10T15:25:15,2025-06-11T00:29:21,F012,F008,P007,P012,Container Sea,CAR005,V013,CG007,6,10.34,27.54,8.81,2.09,2.31,N,N,N,N,Expedite,FCA,2366.2,2385.7,7,9.1,0.38,On time,Y,Delivered,Port congestion,3602.73,259.45,1018.74,597.26,5478.18,189001.44,0.029,453.5,0.01838,N,0,27,Low
SHP00220,PRJ004,2025-11-16,2025-12-13,2025-12-04T08:00:00,2025-12-04T07:47:20,2025-12-08T11:46:21,2025-12-09T07:27:30,F001,F018,P001,P009,Sea Breakbulk,CAR010,V004,CG003,1,4.5,38.33,10.29,3.37,2.7,Y,N,N,N,Standard,EXW,1046.1,1030.5,5,19.7,0.82,On time,Y,Delivered,Carrier capacity,5427.35,363.87,1444.42,746.18,7981.83,246080.93,0.0324,229.15,0.04942,N,0,28,Low
SHP00221,PRJ001,2025-05-06,2025-06-22,2025-06-17T13:00:00,2025-06-17T15:40:28,2025-06-23T13:29:32,2025-06-23T03:21:45,F012,F007,P007,P005,Sea Breakbulk,CAR004,V012,CG007,8,13.16,42.53,13.24,3.66,2.75,Y,N,N,N,Standard,DAP,1981.9,2025.7,7,0,0.0,On time,Y,Delivered,None,6637.98,583.35,876.28,685.26,8782.86,293433.61,0.0299,645.87,0.02423,N,0,20,Low
SHP00222,PRJ007,2024-06-06,2024-06-20,2024-06-18T07:00:00,2024-06-18T08:54:37,2024-06-19T01:54:00,2024-06-19T14:04:51,F003,F001,,,Road,CAR001,,CG008,2,84.28,524.5,41.03,11.57,10.34,Y,Y,N,N,Critical,FCA,558.5,572.6,2,12.2,0.51,On time,Y,Delivered,Road permit delay,12825.62,1298.8,0,0,14124.42,2114770.72,0.0067,4584.58,0.095,N,0,42,Low
SHP00223,PRJ006,2025-06-30,2025-08-13,2025-07-27T07:00:00,2025-07-27T09:55:09,2025-08-06T03:24:50,2025-08-07T07:50:22,F010,F017,P010,P018,Sea Breakbulk,CAR010,V004,CG007,6,9.35,39.6,10.66,3.34,3.36,Y,N,N,N,Standard,FCA,4882.2,4876.8,11,28.4,1.18,On time,Y,Delivered,Weather disruption,9476.7,1267.28,1317.76,580.25,12641.99,197958.53,0.0639,1213.12,0.0266,N,0,45,Medium
SHP00224,PRJ001,2024-07-19,2024-08-12,2024-08-06T12:00:00,2024-08-06T14:32:47,2024-08-11T14:01:45,2024-08-12T09:52:10,F012,F007,P007,P005,Intermodal,CAR006,,CG005,4,17.36,80.67,13.61,4.94,3.24,Y,N,N,N,Standard,DDP,2088.5,2087.4,6,19.8,0.83,On time,Y,Delivered,Port congestion,4030.7,247.61,1410.2,681.32,6369.83,596674.43,0.0107,661.89,0.01827,N,0,27,Low
SHP00225,PRJ006,2025-03-05,2025-04-07,2025-03-21T08:00:00,2025-03-21T09:44:27,2025-04-03T06:16:09,2025-04-04T19:14:19,F014,F017,P003,P018,Sea Breakbulk,CAR004,V012,CG006,3,25.04,87.47,16.56,4.6,4.23,Y,N,N,N,Standard,DDP,5897.0,5858.6,14,37.0,1.54,1-2 days,N,Delivered,Weather disruption,15495.5,1997.29,1775.53,835.23,20103.55,133296.55,0.1508,3746.92,0.02554,N,0,35,Low
SHP00226,PRJ001,2025-10-08,2025-11-05,2025-11-05T10:00:00,2025-11-05T12:48:31,2025-11-06T13:36:00,2025-11-06T17:53:29,F005,F007,,,Road,CAR011,,CG001,4,5.45,8.74,4.91,1.57,1.73,N,N,N,N,Standard,FCA,1067.2,1095.4,2,4.3,0.18,On time,Y,Delivered,None,2068.33,303.24,0,330.77,2702.35,333233.03,0.0081,567.14,0.095,N,0,17,Low
SHP00227,PRJ001,2025-09-17,2025-11-02,2025-10-26T10:00:00,2025-10-26T09:09:52,2025-11-01T08:36:16,2025-10-31T23:05:26,F012,F007,P007,P005,Sea Breakbulk,CAR004,V008,CG003,1,11.5,43.08,10.86,3.27,3.06,Y,N,N,N,Standard,DAP,2048.5,2039.6,7,0,0.0,On time,Y,Delivered,None,6492.62,506.85,975.96,742.0,8717.43,473840.15,0.0184,569.06,0.02426,N,0,29,Low
SHP00228,PRJ001,2024-05-27,2024-07-06,2024-06-26T12:00:00,2024-06-26T11:56:28,2024-07-01T11:54:57,2024-07-02T05:58:28,F012,F007,P007,P005,Sea Breakbulk,CAR004,V012,CG004,1,39.36,271.37,27.48,7.72,7.37,Y,Y,N,N,Standard,CFR,2016.0,2089.9,6,18.1,0.75,On time,Y,Delivered,Documentation issue,12406.51,1165.81,2138.92,1048.19,16759.43,757356.4,0.0221,1994.04,0.02424,N,0,47,Medium
SHP00229,PRJ006,2024-08-16,2024-09-26,2024-09-13T13:00:00,2024-09-13T15:07:22,2024-09-24T07:58:26,2024-09-24T20:48:52,F004,F017,P004,P018,Sea Breakbulk,CAR004,V012,CG006,4,39.6,41.21,9.52,3.52,3.07,Y,N,N,N,Critical,CFR,5328.3,5383.4,12,12.8,0.54,On time,Y,Delivered,None,27835.68,2905.31,1598.82,978.64,33318.45,245318.66,0.1358,5202.7,0.0244,N,0,36,Low
SHP00230,PRJ001,2024-04-27,2024-06-10,2024-06-04T12:00:00,2024-06-04T12:37:53,2024-06-06T09:54:00,2024-06-06T12:55:33,F012,F007,,,Road,CAR008,,CG005,2,41.37,118.62,18.25,5.17,5.05,Y,N,N,N,Standard,DDP,2510.2,2549.0,3,3.0,0.13,On time,Y,Delivered,None,15063.28,1635.37,0,1166.75,17865.4,1580724.26,0.0113,10017.95,0.095,N,0,31,Low
SHP00231,PRJ007,2023-11-25,2024-01-14,2024-01-07T14:00:00,2024-01-07T15:31:54,2024-01-08T03:48:00,2024-01-08T04:43:13,F002,F001,,,Road,CAR008,,CG009,2,19.03,27.11,10.83,3.01,1.96,Y,N,Y,Y,Standard,DAP,355.1,366.0,2,0.9,0.04,On time,Y,Delivered,None,1695.26,180.71,0,0,1875.97,137461.82,0.0136,661.67,0.095,N,0,56,Medium
SHP00232,PRJ004,2025-08-19,2025-09-06,2025-08-29T13:00:00,2025-08-29T14:42:49,2025-09-03T00:51:24,2025-09-03T12:49:23,F012,F018,P007,P009,Sea Breakbulk,CAR007,V011,CG004,2,56.15,94.58,14.17,4.62,4.57,Y,Y,N,N,Standard,DAP,1029.4,1058.1,6,12.0,0.5,On time,Y,Delivered,Road permit delay,10480.77,759.0,2759.33,862.33,14861.43,1417631.49,0.0105,1653.13,0.02782,N,0,57,Medium
SHP00233,PRJ002,2025-07-14,2025-08-30,2025-08-24T07:00:00,2025-08-24T06:35:03,2025-08-28T18:13:03,2025-08-30T11:57:21,F004,F008,P004,P012,RoRo,CAR003,V002,CG004,1,53.41,103.35,14.92,5.23,4.24,Y,Y,N,N,Standard,DDP,1242.1,1263.8,5,41.7,1.74,1-2 days,N,Delivered,Carrier capacity,7963.08,1110.8,2905.13,963.59,12942.6,1240310.41,0.0104,2101.36,0.03113,N,0,73,Medium
SHP00234,PRJ006,2025-11-06,2026-01-03,2025-12-17T12:00:00,2025-12-17T14:37:28,2025-12-26T17:14:01,2025-12-27T22:02:13,F010,F017,P010,P018,Sea Breakbulk,CAR007,V005,CG007,1,6.07,34.98,11.65,3.97,2.81,Y,N,N,N,Standard,DDP,4922.4,4917.1,10,28.8,1.2,On time,Y,Delivered,Customs hold,8772.15,1267.55,940.42,411.79,11391.9,105732.93,0.1077,785.11,0.0263,N,0,51,Medium
SHP00235,PRJ007,2025-09-16,2025-10-26,2025-10-20T11:00:00,2025-10-20T10:59:46,2025-10-20T18:42:00,2025-10-20T22:04:36,F005,F001,,,Road,CAR011,,CG005,3,29.39,115.67,16.57,6.37,5.13,Y,N,N,N,Standard,DAP,233.0,240.6,1,3.4,0.14,On time,Y,Delivered,None,1526.3,103.85,0,0,1630.15,1021347.35,0.0016,671.77,0.095,N,0,34,Low
SHP00236,PRJ005,2025-04-05,2025-06-01,2025-05-20T07:00:00,2025-05-20T09:59:25,2025-05-27T05:55:49,2025-05-27T10:17:18,F011,F016,P006,P016,Sea Breakbulk,CAR004,V001,CG010,6,1.84,11.59,6.91,1.15,1.64,N,N,N,N,Expedite,EXW,3606.2,3542.7,8,4.4,0.18,On time,Y,Delivered,None,6026.78,724.45,889.67,689.16,8330.06,251759.94,0.0331,160.41,0.02461,N,0,23,Low
SHP00237,PRJ003,2024-02-16,2024-03-25,2024-03-22T12:00:00,2024-03-22T12:33:04,2024-03-27T15:12:58,2024-03-28T11:13:55,F001,F011,P001,P006,Sea Breakbulk,CAR007,V011,CG007,3,16.97,26.25,9.77,2.78,2.28,Y,N,N,N,Standard,DDP,1838.1,1907.2,6,20.0,0.83,On time,Y,Delivered,Weather disruption,7334.8,565.18,1197.52,384.03,9481.53,330993.52,0.0286,1189.19,0.03674,N,0,29,Low
SHP00238,PRJ001,2024-08-12,2024-09-11,2024-09-03T10:00:00,2024-09-03T10:32:44,2024-09-07T00:36:23,2024-09-07T21:06:32,F003,F007,P003,P005,Sea Breakbulk,CAR004,V008,CG002,5,18.45,70.69,16.4,4.35,3.65,Y,N,N,N,Standard,CFR,785.8,787.7,5,20.5,0.85,On time,Y,Delivered,Carrier capacity,6082.62,383.69,1430.36,795.61,8692.28,148386.39,0.0586,868.32,0.05975,N,0,37,Low
SHP00239,PRJ007,2023-11-27,2024-01-16,2024-01-04T11:00:00,2024-01-04T10:49:27,2024-01-08T03:14:50,2024-01-10T08:53:04,F010,F001,P010,P001,Intermodal,CAR006,,CG001,6,7.47,29.86,12.1,2.91,2.22,Y,N,N,N,Standard,DAP,1430.3,1485.9,5,53.6,2.23,3-5 days,N,Delivered,Documentation issue,4013.4,254.31,1323.65,392.18,5983.54,469674.6,0.0127,469.27,0.04228,N,0,36,Low
SHP00240,PRJ007,2024-07-27,2024-09-07,2024-09-03T15:00:00,2024-09-03T14:48:22,2024-09-04T12:48:00,2024-09-04T13:33:08,F014,F001,,,Road,CAR002,,CG002,2,14.07,62.89,11.05,4.19,3.47,Y,N,N,N,Standard,DAP,1001.3,997.5,2,0.8,0.03,On time,Y,Delivered,None,3439.06,280.79,0,0,3719.85,154339.05,0.0241,1333.31,0.095,N,0,28,Low
SHP00241,PRJ006,2024-12-01,2024-12-25,2024-12-09T14:00:00,2024-12-09T15:07:26,2024-12-19T15:57:49,2024-12-20T05:55:12,F012,F017,P007,P018,Sea Breakbulk,CAR010,V007,CG001,1,8.46,28.0,9.23,2.37,1.41,N,N,N,N,Standard,FCA,5352.5,5315.1,11,14.0,0.58,On time,Y,Delivered,Customs hold,6983.21,716.6,1401.71,352.32,9453.84,689477.5,0.0137,1093.11,0.02431,N,0,34,Low
SHP00242,PRJ003,2024-03-07,2024-04-14,2024-04-01T13:00:00,2024-04-01T15:55:24,2024-04-07T21:06:03,2024-04-07T17:58:58,F014,F011,P003,P006,Sea Breakbulk,CAR010,V004,CG001,8,5.34,20.43,8.52,2.83,2.47,Y,N,N,N,Standard,DAP,2245.2,2273.4,7,0,0.0,On time,Y,Delivered,None,6187.92,563.0,1265.39,657.61,8673.91,320170.22,0.0271,343.5,0.02829,Y,4473.58,21,Low
SHP00243,PRJ002,2025-02-15,2025-04-07,2025-03-26T07:00:00,2025-03-26T09:44:48,2025-03-31T23:21:53,2025-04-01T13:15:20,F012,F008,P007,P012,Sea Breakbulk,CAR004,V001,CG006,2,33.88,99.44,16.84,4.72,4.27,Y,N,N,N,Standard,DDP,2510.6,2598.7,6,13.9,0.58,On time,Y,Delivered,None,10238.05,1617.48,1981.71,872.27,14709.52,161750.35,0.0909,2141.92,0.02433,Y,2550.93,27,Low
SHP00244,PRJ001,2023-12-23,2024-02-13,2024-02-02T08:00:00,2024-02-02T10:16:55,2024-02-05T09:28:59,2024-02-06T00:59:42,F014,F007,P003,P005,Sea Breakbulk,CAR004,V008,CG004,2,72.28,144.07,20.36,5.77,4.8,Y,Y,N,N,Standard,FCA,510.8,517.5,4,15.5,0.65,On time,Y,Delivered,Weather disruption,8976.81,1157.81,3058.26,1431.63,14624.51,1424132.98,0.0103,1469.41,0.03928,N,0,43,Low
SHP00245,PRJ004,2024-05-11,2024-06-03,2024-05-27T08:00:00,2024-05-27T09:05:23,2024-06-01T11:59:25,2024-06-02T11:40:02,F012,F018,P007,P009,Sea Breakbulk,CAR007,V005,CG008,2,126.49,473.55,33.23,11.16,9.63,Y,Y,N,N,Standard,FCA,976.1,986.2,6,23.7,0.99,On time,Y,Delivered,Documentation issue,15165.1,2381.73,4795.5,1396.55,23738.87,4079828.61,0.0058,3508.47,0.02813,N,0,53,Medium
SHP00246,PRJ002,2025-01-04,2025-01-23,2025-01-13T08:00:00,2025-01-13T08:09:33,2025-01-15T18:50:53,2025-01-15T15:41:27,F003,F008,P003,P012,RoRo,CAR003,V002,CG008,1,78.45,619.01,37.6,12.94,10.92,Y,Y,N,N,Expedite,DDP,784.5,771.6,3,0,0.0,On time,Y,Delivered,None,12836.07,1993.21,3559.98,1481.26,19870.52,1797057.54,0.0111,3871.46,0.06396,N,0,44,Low
SHP00247,PRJ006,2025-02-14,2025-04-02,2025-03-25T07:00:00,2025-03-25T07:22:42,2025-04-04T15:19:14,2025-04-04T13:18:21,F001,F017,P001,P018,Sea Breakbulk,CAR010,V014,CG003,1,8.16,6.03,4.67,1.74,0.83,N,N,N,N,Standard,DAP,5927.2,5839.2,11,0,0.0,On time,Y,Delivered,None,7826.2,530.35,970.88,476.11,9803.54,373560.65,0.0262,1335.08,0.02802,N,0,33,Low
SHP00248,PRJ002,2024-05-24,2024-06-11,2024-06-06T10:00:00,2024-06-06T12:23:44,2024-06-07T15:00:00,2024-06-07T19:45:55,F001,F008,,,Road,CAR008,,CG003,6,7.98,27.53,10.42,2.74,1.55,Y,N,N,N,Standard,FCA,1280.3,1284.4,2,4.8,0.2,On time,Y,Delivered,None,3463.16,482.86,0,502.56,4448.59,412592.78,0.0108,973.7,0.095,N,0,38,Low
SHP00249,PRJ006,2025-06-14,2025-08-01,2025-07-17T15:00:00,2025-07-17T17:57:45,2025-07-29T14:44:18,2025-07-29T02:59:41,F012,F017,P007,P018,Sea Breakbulk,CAR004,V001,CG006,4,31.72,131.09,16.18,5.59,5.57,Y,N,N,N,Expedite,EXW,5389.2,5381.5,13,0,0.0,On time,Y,Delivered,None,19731.06,1231.85,1383.28,856.96,23203.15,164380.68,0.1412,4145.25,0.02428,N,0,30,Low
SHP00250,PRJ001,2024-04-07,2024-05-12,2024-05-06T09:00:00,2024-05-06T08:00:24,2024-05-11T11:01:50,2024-05-11T20:16:52,F012,F007,P007,P005,Sea Breakbulk,CAR010,V014,CG006,6,43.75,57.09,16.15,3.24,3.84,Y,N,N,N,Standard,DAP,1999.3,1964.4,6,9.3,0.39,On time,Y,Delivered,None,9575.37,1061.15,1717.55,876.31,13230.38,228273.36,0.058,2084.05,0.02425,N,0,31,Low
SHP00251,PRJ005,2024-11-29,2025-01-01,2024-12-26T15:00:00,2024-12-26T14:29:22,2025-01-01T14:22:51,2025-01-01T20:03:53,F013,F016,P001,P016,Sea Breakbulk,CAR007,V005,CG009,6,16.36,31.43,9.1,2.87,2.69,Y,N,Y,N,Standard,DDP,3176.9,3187.7,7,5.7,0.24,On time,Y,Delivered,None,8532.66,1093.14,1893.96,1084.72,12604.48,152833.39,0.0825,1258.47,0.02413,N,0,49,Medium
SHP00252,PRJ003,2024-05-17,2024-07-01,2024-06-26T08:00:00,2024-06-26T09:47:48,2024-06-29T12:04:34,2024-06-30T00:48:06,F012,F011,P007,P006,Sea Breakbulk,CAR010,V004,CG006,1,43.41,123.71,22.01,6.67,5.1,Y,N,N,N,Standard,DDP,119.3,118.8,4,12.7,0.53,On time,Y,Delivered,None,4530.3,585.77,1884.7,969.08,7969.85,266347.79,0.0299,226.1,0.04384,N,0,21,Low
SHP00253,PRJ006,2024-09-10,2024-10-26,2024-10-13T15:00:00,2024-10-13T15:41:05,2024-10-24T13:26:04,2024-10-25T11:48:44,F005,F017,P002,P018,Sea Breakbulk,CAR004,V012,CG004,1,43.63,157.29,22.13,6.67,5.0,Y,Y,N,N,Standard,DAP,5295.9,5364.9,12,22.4,0.93,On time,Y,Delivered,None,25636.62,1904.09,2372.66,1054.61,30967.98,847199.98,0.0366,5994.07,0.02561,N,0,73,Medium
SHP00254,PRJ001,2024-01-17,2024-03-01,2024-02-27T13:00:00,2024-02-27T15:17:53,2024-03-02T18:15:30,2024-03-04T16:40:00,F009,F007,P009,P005,Sea Breakbulk,CAR004,V008,CG002,6,12.41,101.2,14.85,4.92,4.52,Y,N,N,N,Standard,CFR,1748.8,1798.9,5,46.4,1.93,1-2 days,N,Delivered,Documentation issue,6744.59,494.74,914.42,880.06,9033.81,108655.63,0.0831,832.63,0.0373,N,0,37,Low
SHP00255,PRJ005,2024-09-19,2024-10-20,2024-10-08T15:00:00,2024-10-08T16:03:23,2024-10-16T08:00:07,2024-10-16T21:32:09,F012,F016,P007,P016,Sea Breakbulk,CAR010,V007,CG008,2,132.22,653.62,46.85,13.88,11.05,Y,Y,N,N,Expedite,DDP,3453.2,3439.9,9,13.5,0.56,On time,Y,Delivered,Documentation issue,47842.95,5629.12,4387.22,1814.99,59674.28,4152246.07,0.0144,10972.1,0.02412,N,0,51,Medium
SHP00256,PRJ002,2024-07-16,2024-08-07,2024-07-29T13:00:00,2024-07-29T13:28:32,2024-07-31T21:59:57,2024-08-02T01:49:59,F014,F008,P003,P012,RoRo,CAR003,V002,CG004,1,61.64,245.7,24.22,8.47,6.85,Y,Y,N,N,Standard,DAP,475.6,494.4,3,27.8,1.16,On time,Y,Delivered,Port congestion,5737.21,683.14,3365.22,945.63,10731.2,1224335.32,0.0088,1383.82,0.04541,N,0,53,Medium
SHP00257,PRJ007,2024-01-23,2024-03-04,2024-02-29T10:00:00,2024-02-29T11:34:38,2024-02-29T23:30:00,2024-03-01T02:15:20,F005,F001,,,Road,CAR008,,CG004,2,87.83,173.35,22.99,6.83,5.4,Y,Y,N,N,Standard,FCA,245.5,247.4,1,2.8,0.11,On time,Y,Delivered,None,3982.48,517.61,0,0,4500.09,2219096.15,0.002,2064.27,0.095,Y,95015.21,52,Medium
SHP00258,PRJ007,2023-12-31,2024-01-17,2024-01-09T14:00:00,2024-01-09T16:17:46,2024-01-10T09:06:00,2024-01-10T13:41:31,F014,F001,,,Road,CAR012,,CG002,6,17.19,91.65,17.67,4.89,4.86,Y,N,N,N,Standard,FCA,1007.8,993.2,2,4.6,0.19,On time,Y,Delivered,None,3676.5,524.6,0,0,4201.1,137170.55,0.0306,1621.95,0.095,N,0,27,Low
SHP00259,PRJ002,2024-04-10,2024-05-11,2024-05-06T14:00:00,2024-05-06T14:28:31,2024-05-13T09:55:07,2024-05-14T00:50:44,F011,F008,P006,P012,Container Sea,CAR005,V013,CG010,3,3.33,10.77,5.66,1.63,1.49,N,N,N,N,Standard,EXW,2601.6,2582.7,8,14.9,0.62,On time,Y,Delivered,None,2652.79,382.96,1198.21,393.38,4627.34,433612.89,0.0107,163.6,0.01902,N,0,25,Low
SHP00260,PRJ004,2024-07-06,2024-08-06,2024-07-30T11:00:00,2024-07-30T11:23:15,2024-08-03T08:09:42,2024-08-04T21:43:23,F012,F018,P007,P009,Sea Breakbulk,CAR010,V014,CG001,5,4.89,21.3,8.26,2.92,2.25,Y,N,N,N,Standard,DDP,1031.5,1018.4,5,37.6,1.57,1-2 days,N,Delivered,Customs hold,4998.01,539.73,839.53,323.17,6700.44,328013.69,0.0204,138.76,0.02786,N,0,35,Low
SHP00261,PRJ006,2025-11-27,2026-01-03,2025-12-26T10:00:00,2025-12-26T11:05:08,2026-01-04T12:40:17,2026-01-05T23:30:15,F001,F017,P001,P018,Sea Breakbulk,CAR004,V012,CG003,4,6.45,32.27,11.01,3.22,2.44,Y,N,N,N,Standard,DDP,5839.0,5751.8,10,34.8,1.45,1-2 days,N,Delivered,Documentation issue,9919.7,1346.86,1264.88,305.54,12836.98,242012.19,0.053,1054.79,0.02843,N,0,36,Low
SHP00262,PRJ006,2025-11-21,2026-01-01,2025-12-15T09:00:00,2025-12-15T10:53:29,2025-12-26T20:31:08,2025-12-27T03:39:45,F011,F017,P006,P018,Sea Breakbulk,CAR004,V008,CG010,5,3.41,10.22,4.9,1.14,1.26,N,N,N,N,Expedite,DDP,5270.0,5424.8,12,7.1,0.3,On time,Y,Delivered,None,7717.52,507.69,682.25,594.19,9501.64,512346.88,0.0185,455.49,0.02462,N,0,29,Low
SHP00263,PRJ002,2025-02-09,2025-02-28,2025-02-16T15:00:00,2025-02-16T14:07:05,2025-02-20T15:11:01,2025-02-20T19:38:25,F004,F008,P004,P012,Sea Breakbulk,CAR007,V011,CG006,3,38.08,97.2,13.93,5.56,3.73,Y,N,N,N,Expedite,DAP,1335.4,1344.7,5,4.5,0.19,On time,Y,Delivered,Port congestion,9481.36,920.74,2153.53,974.34,13529.97,194091.72,0.0697,1283.83,0.02507,N,0,34,Low
SHP00264,PRJ007,2023-12-18,2024-01-11,2024-01-08T15:00:00,2024-01-08T14:15:06,2024-01-13T05:12:41,2024-01-13T16:52:26,F009,F001,P009,P001,Sea Breakbulk,CAR004,V001,CG002,2,27.3,77.91,15.72,3.68,3.98,Y,N,N,N,Standard,DDP,1336.5,1382.0,6,11.7,0.49,On time,Y,Delivered,None,8328.83,1065.15,1635.45,682.8,11712.22,308651.28,0.0379,2222.18,0.0589,N,0,37,Low
SHP00265,PRJ005,2024-08-28,2024-10-08,2024-09-26T14:00:00,2024-09-26T14:24:47,2024-10-03T19:35:20,2024-10-03T13:31:40,F011,F016,P006,P016,Sea Breakbulk,CAR010,V007,CG010,3,2.45,8.81,5.23,2.04,1.23,N,N,N,N,Critical,EXW,3275.1,3229.0,8,0,0.0,On time,Y,Delivered,Carrier capacity,7358.56,1177.69,1260.7,578.87,10375.82,365323.97,0.0284,194.86,0.02463,N,0,24,Low
SHP00266,PRJ006,2025-04-05,2025-05-04,2025-04-23T12:00:00,2025-04-23T12:16:13,2025-05-04T07:14:43,2025-05-03T22:13:53,F011,F017,P006,P018,Container Sea,CAR005,V009,CG001,1,6.59,12.77,7.13,1.8,1.63,N,N,N,N,Expedite,FCA,5561.8,5459.8,12,0,0.0,On time,Y,Delivered,None,4929.39,482.15,1115.82,794.43,7321.79,483746.27,0.0151,670.58,0.01864,N,0,31,Low
SHP00267,PRJ007,2024-10-03,2024-11-12,2024-10-30T08:00:00,2024-10-30T08:03:50,2024-11-04T14:06:51,2024-11-04T22:42:03,F012,F001,P007,P001,Sea Breakbulk,CAR004,V008,CG009,4,16.46,26.97,9.66,2.84,2.22,Y,N,Y,N,Standard,FCA,1745.1,1809.8,6,8.6,0.36,On time,Y,Delivered,None,7230.71,975.36,1538.48,870.11,10614.65,142503.32,0.0745,1086.81,0.03648,N,0,41,Low
SHP00268,PRJ002,2024-02-15,2024-03-31,2024-03-21T08:00:00,2024-03-21T07:16:29,2024-03-26T11:22:40,2024-03-27T09:26:25,F012,F008,P007,P012,Intermodal,CAR006,,CG007,6,8.83,60.23,13.35,3.97,3.86,Y,N,N,N,Standard,DDP,2544.8,2527.3,6,22.1,0.92,On time,Y,Delivered,None,3853.45,358.0,873.89,772.1,5857.44,179364.78,0.0327,409.7,0.01836,N,0,33,Low
SHP00269,PRJ002,2025-11-29,2026-01-03,2025-12-29T11:00:00,2025-12-29T13:27:39,2026-01-05T03:49:30,2026-01-06T19:47:23,F011,F008,P006,P012,Container Sea,CAR005,V013,CG001,6,3.57,26.16,7.49,1.97,2.9,N,N,N,N,Standard,DAP,2449.7,2406.5,8,40.0,1.67,1-2 days,N,Delivered,Port congestion,2626.18,401.82,1313.45,829.7,5171.15,218996.99,0.0236,164.68,0.01917,N,0,33,Low
SHP00270,PRJ005,2025-08-03,2025-08-23,2025-08-13T13:00:00,2025-08-13T14:51:10,2025-08-21T01:35:24,2025-08-22T12:16:35,F012,F016,P007,P016,Sea Breakbulk,CAR010,V014,CG005,4,22.06,68.22,13.4,4.85,3.8,Y,N,N,N,Expedite,EXW,3163.8,3287.5,9,34.7,1.45,1-2 days,N,Delivered,Customs hold,11964.99,1538.46,1772.45,986.08,16261.98,742857.83,0.0219,1751.18,0.02415,N,0,32,Low
SHP00271,PRJ003,2024-04-05,2024-05-17,2024-05-15T12:00:00,2024-05-15T11:15:38,2024-05-19T21:29:21,2024-05-20T05:35:26,F001,F011,P001,P006,Container Sea,CAR005,V013,CG010,1,0.4,8.46,5.41,1.52,0.64,N,N,N,N,Standard,DAP,1923.0,1898.3,5,8.1,0.34,On time,Y,Delivered,None,2647.59,289.54,630.38,426.35,3993.87,58673.43,0.0681,25.17,0.03315,N,0,10,Low
SHP00272,PRJ006,2025-10-01,2025-11-16,2025-11-03T10:00:00,2025-11-03T12:34:39,2025-11-13T17:00:38,2025-11-14T00:08:31,F013,F017,P001,P018,Sea Breakbulk,CAR010,V004,CG007,4,12.64,43.94,10.61,2.95,3.25,Y,N,N,N,Critical,EXW,5437.0,5419.0,11,7.1,0.3,On time,Y,Delivered,None,16653.67,1530.52,1414.53,868.8,20467.51,220279.62,0.0929,1665.18,0.02431,N,0,28,Low
SHP00273,PRJ001,2024-01-13,2024-01-31,2024-01-22T14:00:00,2024-01-22T14:43:25,2024-01-26T14:08:53,2024-01-27T18:26:07,F005,F007,P002,P005,Sea Breakbulk,CAR004,V008,CG005,3,32.26,138.73,24.54,5.52,5.45,Y,N,N,N,Standard,DDP,1257.8,1256.2,5,28.3,1.18,On time,Y,Delivered,Carrier capacity,7037.57,789.81,1528.09,865.05,10220.53,988964.38,0.0103,1210.12,0.02986,N,0,41,Low
SHP00274,PRJ002,2024-01-11,2024-02-26,2024-02-23T15:00:00,2024-02-23T15:47:32,2024-02-28T23:04:57,2024-02-29T06:14:03,F010,F008,P010,P012,Sea Breakbulk,CAR004,V008,CG003,8,4.94,60.34,13.23,4.27,2.96,Y,N,N,N,Expedite,EXW,2212.9,2262.0,6,7.2,0.3,On time,Y,Delivered,Port congestion,7640.18,877.58,1026.49,707.94,10252.19,241795.96,0.0424,323.11,0.02892,N,0,33,Low
SHP00275,PRJ003,2024-04-04,2024-05-05,2024-04-29T07:00:00,2024-04-29T08:06:46,2024-05-04T01:04:12,2024-05-04T14:52:46,F010,F011,P010,P006,Intermodal,CAR006,,CG003,5,6.1,22.33,7.2,1.82,2.47,N,N,N,N,Expedite,DAP,1180.1,1186.0,6,13.8,0.58,On time,Y,Delivered,Customs hold,3068.42,425.72,1158.57,437.71,5090.42,281069.39,0.0181,217.63,0.03008,N,0,17,Low
SHP00276,PRJ004,2025-11-04,2025-12-05,2025-11-24T09:00:00,2025-11-24T08:09:55,2025-11-29T01:50:14,2025-11-29T18:20:39,F014,F018,P003,P009,Sea Breakbulk,CAR004,V012,CG008,1,114.32,520.65,45.15,11.63,10.2,Y,Y,N,N,Critical,CFR,1527.4,1533.7,6,16.5,0.69,1-2 days,N,Delivered,Customs hold,30744.53,4977.89,4490.81,1622.05,41835.29,3317628.42,0.0126,5433.61,0.03099,N,0,42,Low
SHP00277,PRJ002,2025-12-13,2026-01-07,2025-12-30T15:00:00,2025-12-30T14:38:28,2026-01-03T13:23:19,2026-01-05T01:43:18,F004,F008,P004,P012,RoRo,CAR003,V002,CG002,3,30.36,97.46,16.97,5.73,4.45,Y,N,N,N,Standard,DAP,1265.7,1277.8,5,36.3,1.51,1-2 days,N,Delivered,Documentation issue,4663.85,431.17,1796.18,1085.93,7977.13,285502.96,0.0279,1207.03,0.03111,N,0,39,Low
SHP00278,PRJ006,2025-09-20,2025-11-16,2025-10-29T07:00:00,2025-10-29T09:10:16,2025-11-08T18:47:24,2025-11-09T19:46:21,F003,F017,P003,P018,Sea Breakbulk,CAR010,V014,CG006,5,23.53,95.44,15.42,4.68,4.29,Y,N,N,N,Critical,EXW,6047.3,6153.2,11,25.0,1.04,1-2 days,N,Delivered,Port congestion,24802.52,2783.09,1688.62,678.44,29952.67,116967.85,0.2561,4205.07,0.02904,N,0,48,Medium
SHP00279,PRJ006,2025-06-01,2025-07-23,2025-07-08T14:00:00,2025-07-08T13:48:26,2025-07-19T12:14:21,2025-07-19T21:53:59,F004,F017,P004,P018,Sea Breakbulk,CAR004,V008,CG006,6,38.3,107.74,17.81,5.63,4.86,Y,N,N,N,Standard,DAP,5480.9,5500.7,12,9.7,0.4,On time,Y,Delivered,None,17882.95,2681.29,1571.52,832.16,22967.91,173633.25,0.1323,5142.44,0.02441,N,0,28,Low
SHP00280,PRJ002,2024-08-03,2024-09-19,2024-09-11T08:00:00,2024-09-11T09:40:04,2024-09-17T20:46:42,2024-09-17T19:43:03,F011,F008,P006,P012,Container Sea,CAR005,V003,CG001,8,4.7,18.81,8.25,1.85,2.03,N,N,N,N,Standard,EXW,2635.3,2609.1,7,0,0.0,On time,Y,Delivered,None,2726.29,249.22,1325.92,339.73,4641.16,378187.54,0.0123,233.07,0.01901,N,0,29,Low
SHP00281,PRJ003,2024-05-06,2024-07-01,2024-06-17T13:00:00,2024-06-17T12:19:09,2024-06-23T14:53:10,2024-06-24T23:34:01,F003,F011,P003,P006,Sea Breakbulk,CAR004,V008,CG008,2,75.95,614.59,37.51,12.8,10.89,Y,Y,N,N,Critical,EXW,2523.9,2496.5,7,32.7,1.36,1-2 days,N,Delivered,Port congestion,35021.14,5355.68,3385.6,1470.93,45233.35,2129768.58,0.0212,6952.42,0.03667,N,0,54,Medium
SHP00282,PRJ006,2025-01-28,2025-03-12,2025-02-24T10:00:00,2025-02-24T11:21:47,2025-03-06T20:29:09,2025-03-07T11:33:24,F009,F017,P009,P018,Sea Breakbulk,CAR010,V014,CG002,3,16.22,66.99,13.88,4.63,3.91,Y,N,N,N,Standard,DAP,4980.7,5025.1,11,15.1,0.63,On time,Y,Delivered,Carrier capacity,11925.48,1682.74,1005.17,415.72,15029.11,160260.48,0.0938,2350.95,0.02884,N,0,31,Low
SHP00283,PRJ004,2024-05-01,2024-05-30,2024-05-21T08:00:00,2024-05-21T09:45:20,2024-05-25T10:39:23,2024-05-25T16:43:29,F001,F018,P001,P009,Sea Breakbulk,CAR004,V008,CG003,3,7.07,62.8,14.63,2.91,3.98,Y,N,N,N,Standard,FCA,1022.1,1006.8,5,6.1,0.25,On time,Y,Delivered,Port congestion,5526.23,435.9,807.59,646.21,7415.93,373712.09,0.0198,342.5,0.04812,N,0,32,Low
SHP00284,PRJ001,2025-09-02,2025-09-19,2025-09-17T12:00:00,2025-09-17T12:14:11,2025-09-21T17:12:14,2025-09-22T16:05:51,F004,F007,P004,P005,Intermodal,CAR006,,CG002,4,21.97,52.82,11.04,3.75,3.42,Y,N,N,N,Standard,DAP,937.7,945.8,5,22.9,0.95,On time,Y,Delivered,Road permit delay,3292.68,408.51,1708.67,737.15,6147.0,204014.25,0.0301,402.61,0.01938,N,0,28,Low
SHP00285,PRJ002,2024-04-10,2024-05-30,2024-05-23T15:00:00,2024-05-23T15:31:05,2024-05-27T13:28:17,2024-05-27T13:04:28,F004,F008,P004,P012,RoRo,CAR003,V002,CG002,2,9.63,56.51,14.39,3.88,4.18,Y,N,N,N,Expedite,DAP,1355.3,1350.4,5,0,0.0,On time,Y,Delivered,None,4200.69,639.72,1492.19,608.89,6941.49,85335.51,0.0813,403.65,0.03104,N,0,38,Low
SHP00286,PRJ001,2024-01-23,2024-02-08,2024-02-01T08:00:00,2024-02-01T08:06:12,2024-02-04T03:57:16,2024-02-05T17:24:13,F014,F007,P003,P005,Intermodal,CAR006,,CG006,3,28.66,84.77,18.88,4.77,4.11,Y,N,N,N,Standard,FCA,529.4,523.5,4,37.4,1.56,1-2 days,N,Delivered,Weather disruption,3304.33,505.6,1316.7,739.44,5866.07,155096.7,0.0378,500.23,0.03334,N,0,39,Low
SHP00287,PRJ004,2025-08-19,2025-09-10,2025-09-03T10:00:00,2025-09-03T11:30:42,2025-09-08T03:51:58,2025-09-09T03:01:27,F002,F018,P001,P009,Container Sea,CAR005,V009,CG010,2,0.83,8.87,5.31,1.47,0.77,N,N,N,N,Standard,FCA,1122.8,1151.7,6,23.2,0.96,On time,Y,Delivered,Customs hold,2524.1,160.29,1051.49,779.79,4515.67,98976.89,0.0456,45.43,0.04753,N,0,14,Low
SHP00288,PRJ004,2025-07-19,2025-08-31,2025-08-28T13:00:00,2025-08-28T13:31:59,2025-09-02T21:47:27,2025-09-03T03:11:33,F003,F018,P003,P009,Container Sea,CAR005,V003,CG002,2,25.49,6.12,5.22,0.78,1.04,N,N,N,N,Expedite,DDP,1771.2,1772.8,6,5.4,0.23,On time,Y,Delivered,None,5156.65,511.35,1913.58,784.81,8366.39,275269.47,0.0304,1690.15,0.0374,N,0,29,Low
SHP00289,PRJ002,2024-06-05,2024-07-02,2024-06-25T11:00:00,2024-06-25T13:39:25,2024-06-29T01:49:12,2024-06-29T11:10:05,F004,F008,P004,P012,Sea Breakbulk,CAR004,V012,CG002,4,25.6,102.85,17.89,5.05,4.42,Y,N,N,N,Expedite,FCA,1200.6,1237.1,5,9.3,0.39,On time,Y,Delivered,None,7989.44,1082.91,1553.35,767.91,11393.61,250493.37,0.0455,797.87,0.02519,N,0,33,Low
SHP00290,PRJ006,2025-07-25,2025-09-14,2025-09-01T15:00:00,2025-09-01T17:10:14,2025-09-12T01:36:43,2025-09-11T14:16:23,F001,F017,P001,P018,Sea Breakbulk,CAR007,V005,CG003,8,9.51,36.32,11.55,2.89,3.43,Y,N,N,N,Critical,DAP,5769.5,5936.0,12,0,0.0,On time,Y,Delivered,None,16749.77,2617.87,827.52,626.25,20821.4,447371.69,0.0465,1580.15,0.02799,N,0,37,Low
SHP00291,PRJ001,2025-04-15,2025-05-16,2025-05-14T09:00:00,2025-05-14T08:28:10,2025-05-18T16:54:05,2025-05-18T12:22:56,F003,F007,P003,P005,Sea Breakbulk,CAR010,V004,CG002,3,16.08,94.24,15.66,4.58,3.85,Y,N,N,N,Critical,EXW,818.8,810.7,5,0,0.0,On time,Y,Delivered,None,9233.51,1084.02,1081.12,420.73,11819.39,161364.07,0.0732,764.06,0.05861,N,0,25,Low
SHP00292,PRJ003,2024-02-18,2024-04-06,2024-03-28T07:00:00,2024-03-28T07:36:49,2024-03-29T16:06:00,2024-03-30T19:04:47,F004,F011,,,Road,CAR012,,CG002,1,13.62,92.67,17.63,4.32,4.77,Y,N,N,N,Standard,EXW,1450.3,1470.9,2,27.0,1.12,On time,Y,Delivered,Carrier capacity,4802.84,405.09,0,926.84,6134.77,136788.49,0.0448,1903.2,0.095,N,0,24,Low
SHP00293,PRJ006,2025-08-08,2025-09-27,2025-09-09T09:00:00,2025-09-09T08:19:01,2025-09-19T21:56:52,2025-09-20T15:22:58,F009,F017,P009,P018,Sea Breakbulk,CAR007,V005,CG002,5,16.92,91.12,15.28,4.39,3.77,Y,N,N,N,Expedite,DDP,5322.0,5384.2,11,17.4,0.73,On time,Y,Delivered,Port congestion,15441.8,1435.48,1224.7,699.12,18801.1,153915.25,0.1222,2602.31,0.02857,N,0,33,Low
SHP00294,PRJ001,2024-06-01,2024-07-27,2024-07-14T13:00:00,2024-07-14T15:24:01,2024-07-19T08:33:49,2024-07-19T17:08:43,F005,F007,P002,P005,Container Sea,CAR005,V013,CG001,1,5.75,17.23,7.08,2.21,1.79,N,N,N,N,Standard,DAP,1233.5,1216.7,6,8.6,0.36,On time,Y,Delivered,None,2360.87,161.76,810.48,521.21,3854.31,389333.98,0.0099,175.39,0.02507,N,0,31,Low
SHP00295,PRJ002,2024-10-23,2024-11-11,2024-11-05T08:00:00,2024-11-05T07:14:45,2024-11-08T01:30:00,2024-11-08T00:34:00,F011,F008,,,Road,CAR001,,CG010,1,3.09,4.38,3.23,1.72,0.5,N,N,N,N,Standard,DAP,3015.8,3125.0,4,0,0.0,On time,Y,Delivered,None,4620.74,595.96,0,637.79,5854.49,349693.95,0.0167,917.34,0.095,N,0,31,Low
SHP00296,PRJ001,2025-10-11,2025-11-11,2025-11-06T12:00:00,2025-11-06T12:51:05,2025-11-10T14:41:25,2025-11-12T14:23:19,F002,F007,P001,P005,Container Sea,CAR005,V013,CG010,5,3.35,5.41,5.06,1.54,0.78,N,N,N,N,Standard,CFR,1225.2,1223.2,5,47.7,1.99,1-2 days,N,Delivered,Weather disruption,2606.26,387.61,1249.18,449.97,4693.02,419528.24,0.0112,171.22,0.04178,N,0,40,Low
SHP00297,PRJ006,2025-10-08,2025-11-13,2025-10-29T11:00:00,2025-10-29T12:27:21,2025-11-08T23:48:35,2025-11-09T07:01:33,F013,F017,P001,P018,Intermodal,CAR006,,CG009,3,23.93,21.5,8.68,2.01,1.66,N,N,Y,Y,Standard,DDP,4995.1,5178.6,11,7.2,0.3,On time,Y,Delivered,Port congestion,5382.45,564.75,2070.62,943.87,8961.69,159926.61,0.056,2272.45,0.01834,N,0,45,Medium
SHP00298,PRJ003,2024-12-30,2025-02-10,2025-02-05T12:00:00,2025-02-05T11:27:51,2025-02-10T04:17:57,2025-02-10T15:14:52,F013,F011,P001,P006,Sea Breakbulk,CAR004,V012,CG007,6,13.04,39.59,10.35,3.21,3.1,Y,N,N,N,Standard,DAP,1620.0,1645.6,6,10.9,0.46,On time,Y,Delivered,None,6237.73,752.12,1634.29,688.44,9312.58,243691.32,0.0382,544.92,0.02539,N,0,26,Low
SHP00299,PRJ002,2024-03-28,2024-05-06,2024-04-29T07:00:00,2024-04-29T09:22:50,2024-05-02T05:21:17,2024-05-03T03:14:08,F014,F008,P003,P012,RoRo,CAR003,V002,CG004,2,52.58,218.94,27.25,8.48,6.97,Y,Y,N,N,Expedite,FCA,471.8,487.1,4,21.9,0.91,1-2 days,N,Delivered,Port congestion,6572.17,486.57,2547.6,967.66,10574.01,952231.18,0.0111,1155.57,0.04512,N,0,52,Medium
SHP00300,PRJ006,2025-11-21,2026-01-03,2025-12-22T10:00:00,2025-12-22T12:54:33,2025-12-31T14:51:37,2026-01-01T15:43:46,F005,F017,P002,P018,Sea Breakbulk,CAR007,V005,CG004,1,42.69,169.71,21.84,6.92,5.74,Y,Y,N,N,Standard,DAP,5499.3,5673.4,10,24.9,1.04,On time,Y,Delivered,None,27013.42,3554.27,2843.38,1125.33,34536.4,1109089.92,0.0311,6190.1,0.02556,N,0,67,Medium
SHP00301,PRJ001,2024-01-29,2024-02-24,2024-02-19T15:00:00,2024-02-19T17:03:24,2024-02-21T15:30:00,2024-02-21T19:08:21,F012,F007,,,Road,CAR001,,CG003,2,8.99,29.28,7.57,3.3,2.53,Y,N,N,N,Standard,DAP,2285.3,2372.1,3,3.6,0.15,On time,Y,Delivered,None,6207.61,657.23,0,452.51,7317.35,415467.73,0.0176,2025.89,0.095,N,0,18,Low
SHP00302,PRJ002,2025-01-23,2025-02-14,2025-02-05T10:00:00,2025-02-05T10:44:26,2025-02-11T03:50:07,2025-02-11T12:23:34,F010,F008,P010,P012,Intermodal,CAR006,,CG003,6,8.17,47.79,10.41,3.42,2.39,Y,N,N,N,Standard,DDP,2232.6,2315.7,7,8.6,0.36,On time,Y,Delivered,Port congestion,3972.42,359.05,1233.74,801.28,6366.49,347777.96,0.0183,436.98,0.0231,N,0,35,Low
SHP00303,PRJ001,2025-08-20,2025-10-13,2025-09-30T07:00:00,2025-09-30T09:37:14,2025-10-05T00:17:09,2025-10-05T06:38:58,F004,F007,P004,P005,Intermodal,CAR006,,CG002,3,20.22,64.52,14.27,5.19,3.92,Y,N,N,N,Critical,CFR,893.0,891.6,6,6.4,0.27,On time,Y,Delivered,None,4964.26,394.3,1460.83,425.85,7245.25,209664.28,0.0346,349.57,0.01939,N,0,25,Low
SHP00304,PRJ001,2024-01-30,2024-02-28,2024-02-20T08:00:00,2024-02-20T08:54:13,2024-02-25T08:54:11,2024-02-25T09:12:46,F010,F007,P010,P005,Sea Breakbulk,CAR007,V011,CG007,1,11.91,43.38,9.64,3.48,2.83,Y,N,N,N,Standard,EXW,2002.7,2081.3,6,0.3,0.01,On time,Y,Delivered,None,6703.01,513.59,1118.7,438.67,8773.96,206463.5,0.0425,715.76,0.02887,N,0,28,Low
SHP00305,PRJ006,2024-08-10,2024-09-15,2024-08-30T12:00:00,2024-08-30T13:56:19,2024-09-10T10:10:50,2024-09-10T17:05:31,F012,F017,P007,P018,Sea Breakbulk,CAR010,V007,CG008,1,71.23,419.54,29.85,10.8,8.99,Y,Y,N,N,Standard,FCA,4959.1,5099.2,12,6.9,0.29,On time,Y,Delivered,None,33390.78,2251.09,3287.96,1451.57,40381.41,1766021.97,0.0229,8824.4,0.0243,N,0,59,Medium
SHP00306,PRJ001,2024-09-05,2024-10-15,2024-10-04T07:00:00,2024-10-04T07:06:05,2024-10-08T07:09:17,2024-10-08T14:56:37,F005,F007,P002,P005,Sea Breakbulk,CAR004,V001,CG004,1,67.42,167.93,23.63,6.58,5.94,Y,Y,N,N,Critical,EXW,1296.1,1294.4,5,7.8,0.32,On time,Y,Delivered,None,19955.29,3087.08,2700.42,1356.58,27099.37,1653652.65,0.0164,2584.13,0.02961,N,0,49,Medium
SHP00307,PRJ003,2024-07-18,2024-08-19,2024-08-12T11:00:00,2024-08-12T10:15:22,2024-08-17T04:23:25,2024-08-17T10:45:37,F013,F011,P001,P006,Sea Breakbulk,CAR007,V005,CG007,8,7.44,39.09,10.29,3.37,2.59,Y,N,N,N,Expedite,DAP,1539.3,1523.8,6,6.4,0.27,On time,Y,Delivered,Road permit delay,6988.09,738.68,1332.17,603.12,9662.05,153680.78,0.0629,291.48,0.02571,N,0,27,Low
SHP00308,PRJ001,2024-06-02,2024-06-29,2024-06-27T09:00:00,2024-06-27T08:46:20,2024-07-01T17:18:41,2024-07-01T15:42:34,F001,F007,P001,P005,Sea Breakbulk,CAR004,V008,CG007,1,11.98,49.53,14.06,3.73,2.33,Y,N,N,N,Expedite,DDP,1093.3,1128.1,5,0,0.0,On time,Y,Delivered,Port congestion,7376.72,573.02,1492.57,640.55,10082.86,194821.46,0.0518,588.62,0.04355,N,0,26,Low
SHP00309,PRJ003,2024-09-22,2024-11-10,2024-10-29T11:00:00,2024-10-29T10:00:22,2024-11-02T23:06:09,2024-11-03T06:33:34,F004,F011,P004,P006,Intermodal,CAR006,,CG002,3,15.0,66.32,16.63,4.23,4.02,Y,N,N,N,Standard,DDP,1311.2,1288.8,5,7.5,0.31,On time,Y,Delivered,None,3439.72,489.59,955.58,691.37,5576.26,162913.74,0.0342,395.67,0.02047,N,0,22,Low
SHP00310,PRJ004,2024-08-18,2024-10-06,2024-09-30T09:00:00,2024-09-30T08:03:57,2024-10-03T10:03:06,2024-10-03T21:00:55,F005,F018,P002,P009,Sea Breakbulk,CAR007,V005,CG005,5,28.81,136.24,21.6,6.23,5.23,Y,N,N,N,Standard,DDP,518.8,521.1,4,11.0,0.46,On time,Y,Delivered,None,5550.19,491.64,1942.55,1049.07,9033.45,1119637.41,0.0081,674.91,0.04496,N,0,36,Low
SHP00311,PRJ005,2025-07-14,2025-08-27,2025-08-20T15:00:00,2025-08-20T14:50:43,2025-08-26T21:25:12,2025-08-27T22:44:03,F010,F016,P010,P016,Intermodal,CAR006,,CG003,1,7.38,34.91,9.17,2.64,2.99,Y,N,N,N,Standard,FCA,2511.3,2608.6,7,25.3,1.05,On time,Y,Delivered,Port congestion,4013.67,454.61,1114.85,807.75,6390.87,329162.5,0.0194,427.17,0.02219,N,0,40,Low
SHP00312,PRJ002,2025-02-13,2025-03-02,2025-02-24T07:00:00,2025-02-24T07:48:21,2025-02-27T21:50:25,2025-02-28T12:32:28,F004,F008,P004,P012,RoRo,CAR003,V002,CG002,3,20.36,47.99,11.87,4.23,3.0,Y,N,N,N,Expedite,FCA,1358.1,1351.3,4,14.7,0.61,On time,Y,Delivered,None,5190.45,747.24,1314.16,509.29,7761.13,201136.14,0.0386,852.9,0.031,N,0,38,Low
SHP00313,PRJ002,2025-08-21,2025-09-03,2025-09-01T12:00:00,2025-09-01T12:34:57,2025-09-04T21:20:34,2025-09-05T12:40:10,F013,F008,P001,P012,RoRo,CAR003,V006,CG007,5,15.1,32.14,10.02,2.3,2.63,N,N,N,N,Standard,EXW,982.7,979.0,4,15.3,0.64,On time,Y,Delivered,Road permit delay,2415.35,236.48,1129.03,694.09,4474.95,350351.82,0.0128,453.59,0.03068,N,0,24,Low
SHP00314,PRJ005,2024-08-07,2024-09-04,2024-08-30T10:00:00,2024-08-30T10:05:10,2024-09-06T12:33:16,2024-09-06T18:11:55,F012,F016,P007,P016,Sea Breakbulk,CAR007,V005,CG007,3,12.74,23.23,9.52,3.0,2.42,Y,N,N,N,Standard,CFR,3595.1,3544.6,8,5.6,0.24,On time,Y,Delivered,Carrier capacity,8378.84,537.77,1397.35,626.37,10940.32,267218.62,0.0409,1089.31,0.02412,N,0,37,Low
SHP00315,PRJ001,2024-04-30,2024-05-21,2024-05-16T13:00:00,2024-05-16T12:29:00,2024-05-17T18:06:00,2024-05-17T20:02:25,F004,F007,,,Road,CAR008,,CG004,1,64.36,165.55,19.6,7.02,5.73,Y,Y,N,N,Expedite,CFR,976.4,1006.6,2,1.9,0.08,On time,Y,Delivered,None,14404.83,2090.1,0,921.7,17416.63,1496783.32,0.0116,6154.55,0.095,N,0,43,Low
SHP00316,PRJ002,2024-03-05,2024-04-01,2024-03-27T10:00:00,2024-03-27T10:10:04,2024-03-31T11:52:16,2024-04-02T10:11:09,F004,F008,P004,P012,RoRo,CAR003,V002,CG006,1,41.49,104.31,17.58,5.04,4.28,Y,N,N,N,Expedite,DAP,1306.9,1308.4,5,46.3,1.93,1-2 days,N,Delivered,Weather disruption,6591.7,458.85,1933.73,1073.0,10057.28,262572.09,0.0383,1685.74,0.03105,N,0,38,Low
SHP00317,PRJ006,2024-08-26,2024-09-25,2024-09-13T07:00:00,2024-09-13T07:40:09,2024-09-24T08:22:47,2024-09-24T12:35:06,F004,F017,P004,P018,Intermodal,CAR006,,CG008,2,90.11,429.6,33.68,11.23,8.86,Y,Y,N,N,Critical,FCA,5850.6,5818.4,12,4.2,0.18,On time,Y,Delivered,None,36277.08,3049.88,3389.55,1228.45,43944.96,2736252.15,0.0161,9645.48,0.0184,N,0,64,Medium
SHP00318,PRJ004,2025-04-24,2025-05-28,2025-05-20T07:00:00,2025-05-20T07:07:13,2025-05-25T01:55:31,2025-05-24T15:44:16,F003,F018,P003,P009,Sea Breakbulk,CAR010,V004,CG006,2,30.47,87.52,16.61,5.46,3.71,Y,N,N,N,Standard,FCA,1678.1,1729.8,6,0,0.0,On time,Y,Delivered,None,8864.69,1444.68,1916.37,1040.28,13266.02,151112.45,0.0878,2205.81,0.04185,N,0,34,Low
SHP00319,PRJ003,2024-08-18,2024-10-08,2024-09-30T08:00:00,2024-09-30T09:05:23,2024-10-04T06:41:02,2024-10-05T04:38:55,F004,F011,P004,P006,Intermodal,CAR006,,CG006,6,30.42,134.78,18.44,5.68,5.36,Y,N,N,N,Standard,EXW,1192.0,1219.5,5,22.0,0.92,On time,Y,Delivered,Customs hold,3907.04,587.6,1699.23,889.67,7083.54,141471.68,0.0501,772.45,0.02082,N,0,20,Low
SHP00320,PRJ005,2025-08-10,2025-09-28,2025-09-19T11:00:00,2025-09-19T12:17:28,2025-09-27T11:33:44,2025-09-27T14:10:25,F004,F016,P004,P016,Sea Breakbulk,CAR004,V001,CG002,2,18.09,89.62,13.92,4.7,4.16,Y,N,N,N,Critical,FCA,3243.4,3350.4,9,2.6,0.11,On time,Y,Delivered,None,14030.84,1800.6,1179.94,882.1,17893.49,193225.17,0.0926,1475.29,0.02434,N,0,35,Low
SHP00321,PRJ001,2024-07-31,2024-09-02,2024-08-28T07:00:00,2024-08-28T07:54:33,2024-09-03T04:07:33,2024-09-04T16:53:51,F010,F007,P010,P005,Sea Breakbulk,CAR010,V007,CG003,2,12.7,24.06,9.07,3.09,1.78,Y,N,N,N,Standard,DAP,1981.5,2038.3,7,36.8,1.53,1-2 days,N,Delivered,Carrier capacity,6810.02,581.21,1316.36,894.45,9602.04,633289.68,0.0152,759.77,0.02935,N,0,46,Medium
SHP00322,PRJ001,2024-04-18,2024-05-10,2024-04-29T12:00:00,2024-04-29T11:29:42,2024-05-05T06:11:35,2024-05-06T02:32:21,F012,F007,P007,P005,Sea Breakbulk,CAR004,V008,CG005,3,20.95,76.52,13.1,4.61,3.71,Y,N,N,N,Standard,DDP,2090.8,2107.2,7,20.3,0.85,On time,Y,Delivered,Documentation issue,7508.9,1075.31,1185.92,620.13,10390.26,725059.88,0.0143,1069.76,0.02423,N,0,22,Low
SHP00323,PRJ004,2025-06-18,2025-07-04,2025-07-01T13:00:00,2025-07-01T13:09:04,2025-07-04T13:00:53,2025-07-05T09:08:26,F004,F018,P004,P009,Sea Breakbulk,CAR007,V005,CG008,1,139.74,584.83,35.45,12.73,11.36,Y,Y,N,N,Expedite,DDP,772.4,777.8,4,20.1,0.84,1-2 days,N,Delivered,Weather disruption,17555.7,1599.16,4983.12,1582.63,25720.6,3494015.8,0.0074,3267.34,0.03006,N,0,58,Medium
SHP00324,PRJ006,2025-07-10,2025-08-12,2025-08-04T07:00:00,2025-08-04T08:42:25,2025-08-14T11:39:05,2025-08-14T02:57:25,F013,F017,P001,P018,Sea Breakbulk,CAR010,V014,CG003,6,8.36,32.22,10.61,1.99,3.23,Y,N,N,N,Critical,DDP,5612.7,5559.9,11,0,0.0,On time,Y,Delivered,None,14900.26,1142.66,835.83,792.83,17671.57,426167.88,0.0415,1129.0,0.02429,N,0,40,Low
SHP00325,PRJ006,2025-10-30,2026-01-01,2025-12-14T13:00:00,2025-12-14T15:51:03,2025-12-24T12:06:54,2025-12-26T00:19:14,F013,F017,P001,P018,Sea Breakbulk,CAR007,V005,CG010,8,2.49,7.94,6.11,2.24,1.56,N,N,N,N,Critical,EXW,5837.8,5808.2,11,36.2,1.51,1-2 days,N,Delivered,Carrier capacity,9557.69,748.11,786.31,503.03,11595.15,321056.82,0.0361,350.93,0.02426,N,0,29,Low
SHP00326,PRJ001,2024-11-16,2024-12-20,2024-12-11T08:00:00,2024-12-11T09:53:39,2024-12-17T17:54:04,2024-12-19T05:15:40,F011,F007,P006,P005,Intermodal,CAR006,,CG010,8,0.7,7.14,5.22,1.46,0.84,N,N,N,N,Standard,DDP,2048.0,2053.8,7,35.4,1.47,1-2 days,N,Delivered,Carrier capacity,2364.03,282.88,1392.72,730.01,4769.65,77476.7,0.0616,27.53,0.01915,N,0,23,Low
SHP00327,PRJ001,2024-03-23,2024-04-16,2024-04-16T14:00:00,2024-04-16T13:04:49,2024-04-17T02:42:00,2024-04-17T00:49:27,F014,F007,,,Road,CAR008,,CG006,8,36.73,121.04,16.29,5.06,4.8,Y,N,N,N,Critical,DAP,320.7,321.3,2,0,0.0,On time,Y,Delivered,None,3318.0,319.4,0,906.88,4544.28,224212.94,0.0203,1121.13,0.095,N,0,27,Low
SHP00328,PRJ001,2025-04-15,2025-05-02,2025-04-30T11:00:00,2025-04-30T11:03:15,2025-05-04T09:33:46,2025-05-04T22:19:46,F014,F007,P003,P005,Intermodal,CAR006,,CG004,2,38.32,209.38,26.39,7.56,6.63,Y,Y,N,N,Standard,EXW,502.6,505.2,5,12.8,0.53,On time,Y,Delivered,Carrier capacity,4733.89,322.8,2362.8,994.24,8413.73,780826.64,0.0108,671.85,0.0347,N,0,58,Medium
SHP00329,PRJ003,2024-10-30,2024-12-05,2024-11-25T13:00:00,2024-11-25T15:10:02,2024-11-27T08:13:38,2024-11-27T10:27:22,F012,F011,P007,P006,Intermodal,CAR006,,CG001,2,5.04,20.6,9.04,1.9,2.19,N,N,N,N,Critical,DDP,113.6,115.6,3,2.2,0.09,On time,Y,Delivered,None,2893.96,205.23,958.76,545.94,4603.9,356063.38,0.0129,22.9,0.0393,N,0,19,Low
SHP00330,PRJ004,2024-10-02,2024-11-05,2024-10-31T10:00:00,2024-10-31T09:07:22,2024-11-04T20:37:42,2024-11-05T06:27:24,F004,F018,P004,P009,Intermodal,CAR006,,CG004,1,51.2,151.57,22.24,6.27,5.58,Y,Y,N,N,Critical,EXW,763.9,753.7,5,9.8,0.41,On time,Y,Delivered,None,8190.18,1108.12,2863.37,1055.78,13217.44,1059459.19,0.0125,941.8,0.02441,N,0,42,Low
SHP00331,PRJ004,2025-07-11,2025-08-06,2025-08-01T14:00:00,2025-08-01T14:47:22,2025-08-04T18:01:51,2025-08-04T13:06:47,F013,F018,P001,P009,Sea Breakbulk,CAR010,V004,CG007,3,11.57,43.02,9.97,4.01,3.04,Y,N,N,N,Standard,DAP,746.2,775.6,4,0,0.0,On time,Y,Delivered,None,5074.15,506.92,827.59,421.43,6830.09,264873.75,0.0258,258.0,0.02875,N,0,34,Low
SHP00332,PRJ001,2024-04-08,2024-05-20,2024-05-10T14:00:00,2024-05-10T13:47:29,2024-05-16T05:08:53,2024-05-15T12:07:05,F009,F007,P009,P005,Intermodal,CAR006,,CG002,7,23.76,99.54,17.97,4.93,4.65,Y,N,N,N,Standard,DAP,1683.1,1743.2,7,0,0.0,On time,Y,Delivered,None,4940.3,307.39,1657.49,733.58,7638.76,210844.64,0.0362,1287.61,0.03109,N,0,18,Low
SHP00333,PRJ006,2025-08-01,2025-09-25,2025-09-08T13:00:00,2025-09-08T13:27:46,2025-09-18T10:09:13,2025-09-18T10:21:01,F001,F017,P001,P018,Sea Breakbulk,CAR004,V008,CG003,4,10.34,52.5,9.82,3.58,3.49,Y,N,N,N,Standard,DAP,5570.9,5673.5,11,0.2,0.01,On time,Y,Delivered,None,10778.41,1145.51,1105.79,777.33,13807.05,392064.78,0.0352,1652.55,0.02817,N,0,40,Low
SHP00334,PRJ007,2025-03-24,2025-05-10,2025-05-01T15:00:00,2025-05-01T17:51:05,2025-05-02T09:00:00,2025-05-02T14:40:53,F003,F001,,,Road,CAR002,,CG002,5,17.36,50.28,11.39,3.91,2.97,Y,N,N,N,Standard,DDP,569.3,587.7,2,5.7,0.24,On time,Y,Delivered,None,2385.17,352.39,0,0,2737.56,199127.72,0.0137,969.23,0.095,N,0,11,Low
SHP00335,PRJ004,2024-11-04,2024-11-23,2024-11-14T13:00:00,2024-11-14T14:15:07,2024-11-18T06:10:21,2024-11-19T08:57:26,F010,F018,P010,P009,Intermodal,CAR006,,CG005,5,31.98,150.07,17.29,6.14,5.04,Y,N,N,N,Standard,DAP,594.4,585.9,5,26.8,1.12,On time,Y,Delivered,Port congestion,3841.29,334.86,1704.18,1046.06,6926.38,1084511.14,0.0064,858.08,0.0458,N,0,34,Low
SHP00336,PRJ004,2024-05-01,2024-05-14,2024-05-13T11:00:00,2024-05-13T10:11:46,2024-05-16T12:12:38,2024-05-17T09:19:52,F005,F018,P002,P009,Sea Breakbulk,CAR007,V005,CG004,2,49.69,102.26,14.41,5.6,4.31,Y,Y,N,N,Standard,DAP,532.3,525.6,4,21.1,0.88,On time,Y,Delivered,Road permit delay,8393.85,1302.15,2582.39,784.53,13062.92,1031410.97,0.0127,1176.12,0.04503,N,0,49,Medium
SHP00337,PRJ005,2025-09-29,2025-11-04,2025-10-24T11:00:00,2025-10-24T12:57:03,2025-10-31T07:56:05,2025-10-31T11:04:47,F005,F016,P002,P016,Intermodal,CAR006,,CG001,2,5.51,17.61,6.24,1.72,1.97,N,N,N,N,Critical,DAP,3284.1,3367.5,8,3.1,0.13,On time,Y,Delivered,Customs hold,4804.34,313.98,1166.64,628.59,6913.56,440168.53,0.0157,378.71,0.02041,N,0,36,Low
SHP00338,PRJ003,2025-06-11,2025-07-05,2025-07-02T14:00:00,2025-07-02T15:14:54,2025-07-02T23:00:00,2025-07-03T18:32:42,F012,F011,,,Road,CAR008,,CG001,7,5.73,18.81,5.59,2.94,2.01,Y,N,N,N,Expedite,FCA,92.7,92.2,1,19.5,0.81,On time,Y,Delivered,Weather disruption,792.03,113.39,0,747.87,1653.29,343981.23,0.0048,50.19,0.095,N,0,38,Low
SHP00339,PRJ004,2025-11-03,2025-12-20,2025-12-17T12:00:00,2025-12-17T13:03:13,2025-12-22T21:38:46,2025-12-23T19:59:11,F003,F018,P003,P009,Sea Breakbulk,CAR010,V014,CG008,1,79.66,553.63,34.06,12.67,10.8,Y,Y,N,N,Standard,DDP,1773.7,1812.8,6,22.3,0.93,On time,Y,Delivered,Road permit delay,19896.38,1395.6,3467.21,1490.35,26249.55,2355741.77,0.0111,5932.87,0.04108,N,0,57,Medium
SHP00340,PRJ001,2024-10-03,2024-11-02,2024-10-24T10:00:00,2024-10-24T12:18:55,2024-10-29T10:15:06,2024-10-30T02:41:02,F009,F007,P009,P005,Sea Breakbulk,CAR007,V011,CG002,1,29.98,70.72,15.34,4.29,3.46,Y,N,N,N,Standard,DAP,1771.0,1818.9,6,16.4,0.68,On time,Y,Delivered,None,8745.01,969.74,1773.03,817.72,12305.5,248652.7,0.0495,2027.13,0.03717,N,0,33,Low
SHP00341,PRJ007,2024-04-19,2024-05-02,2024-04-26T09:00:00,2024-04-26T09:41:09,2024-04-26T21:06:00,2024-04-26T22:16:26,F005,F001,,,Road,CAR002,,CG001,5,4.71,25.69,7.41,2.32,2.95,N,N,N,N,Standard,DAP,247.4,252.1,1,1.2,0.05,On time,Y,Delivered,None,702.31,98.0,0,0,800.31,295098.14,0.0027,112.8,0.095,N,0,10,Low
SHP00342,PRJ007,2024-04-16,2024-06-03,2024-05-28T07:00:00,2024-05-28T06:43:25,2024-05-29T17:42:00,2024-05-29T16:55:23,F012,F001,,,Road,CAR008,,CG007,1,9.65,49.13,11.23,3.74,3.08,Y,N,N,N,Critical,DDP,1424.1,1458.0,2,0,0.0,On time,Y,Delivered,None,6448.58,884.38,0,516.09,7849.05,202846.04,0.0387,1336.62,0.095,N,0,21,Low
SHP00343,PRJ004,2024-05-05,2024-05-25,2024-05-16T11:00:00,2024-05-16T11:50:30,2024-05-21T06:02:24,2024-05-22T07:24:43,F014,F018,P003,P009,Intermodal,CAR006,,CG002,6,9.8,41.12,11.36,3.09,2.65,Y,N,N,N,Standard,FCA,1578.1,1573.0,6,25.4,1.06,On time,Y,Delivered,Road permit delay,3657.73,277.13,808.09,413.73,5156.67,77185.29,0.0668,401.01,0.02601,N,0,24,Low
SHP00344,PRJ003,2024-05-19,2024-05-29,2024-05-27T09:00:00,2024-05-27T10:26:46,2024-05-29T00:48:00,2024-05-29T04:03:07,F003,F011,,,Road,CAR012,,CG008,2,107.64,584.81,40.99,12.69,11.25,Y,Y,N,N,Standard,FCA,2223.1,2231.3,3,3.3,0.14,On time,Y,Delivered,None,38023.21,2356.16,0,1303.56,41682.92,3229282.97,0.0129,22816.83,0.095,N,0,48,Medium
SHP00345,PRJ002,2025-03-10,2025-04-22,2025-04-11T08:00:00,2025-04-11T09:14:59,2025-04-15T10:17:22,2025-04-16T01:47:04,F005,F008,P002,P012,RoRo,CAR003,V006,CG001,6,3.28,22.26,9.35,2.36,1.88,N,N,N,N,Standard,EXW,1393.2,1428.1,5,15.5,0.65,On time,Y,Delivered,None,2342.78,276.21,1109.01,491.51,4219.51,212940.65,0.0198,163.34,0.03487,N,0,20,Low
SHP00346,PRJ006,2025-11-14,2025-12-11,2025-11-27T08:00:00,2025-11-27T08:07:19,2025-12-08T21:55:34,2025-12-09T06:08:55,F005,F017,P002,P018,Sea Breakbulk,CAR010,V014,CG005,3,33.47,89.75,16.75,5.67,4.52,Y,N,N,N,Critical,DAP,5236.4,5277.0,12,8.2,0.34,On time,Y,Delivered,None,25396.63,1683.36,1621.19,715.82,29417.01,1109707.29,0.0265,4529.3,0.02564,N,0,46,Medium
SHP00347,PRJ002,2025-11-07,2025-12-01,2025-11-24T13:00:00,2025-11-24T12:04:18,2025-11-26T00:06:00,2025-11-25T21:46:27,F004,F008,,,Road,CAR002,,CG004,2,62.03,205.81,23.32,6.62,6.48,Y,Y,N,N,Standard,FCA,1388.7,1402.2,3,0,0.0,On time,Y,Delivered,None,15571.24,2030.64,0,1124.07,18725.95,1601375.65,0.0117,8262.95,0.095,N,0,52,Medium
SHP00348,PRJ004,2025-05-16,2025-06-26,2025-06-25T09:00:00,2025-06-25T11:03:02,2025-06-28T17:45:32,2025-06-28T23:40:14,F005,F018,P002,P009,Container Sea,CAR005,V003,CG001,2,6.68,17.53,6.51,2.13,2.54,N,N,N,N,Critical,DDP,503.1,497.1,4,5.9,0.25,On time,Y,Delivered,None,3390.43,531.6,753.14,524.34,5199.51,402074.59,0.0129,140.48,0.04231,N,0,22,Low
SHP00349,PRJ002,2024-05-14,2024-06-13,2024-05-30T11:00:00,2024-05-30T11:22:25,2024-06-06T18:14:46,2024-06-07T06:15:47,F011,F008,P006,P012,Intermodal,CAR006,,CG001,6,5.49,15.4,7.37,2.29,2.06,N,N,N,N,Expedite,DAP,2483.6,2564.0,8,12.0,0.5,On time,Y,Delivered,Carrier capacity,3424.08,299.51,856.52,407.2,4987.31,357703.38,0.0139,268.93,0.01911,N,0,41,Low
SHP00350,PRJ005,2025-01-02,2025-01-30,2025-01-23T13:00:00,2025-01-23T14:39:02,2025-01-31T04:47:35,2025-01-31T19:18:58,F011,F016,P006,P016,Sea Breakbulk,CAR010,V004,CG005,3,28.32,93.54,16.2,4.44,4.26,Y,N,N,N,Standard,DDP,3369.7,3398.1,9,14.5,0.61,On time,Y,Delivered,Carrier capacity,10856.61,1249.36,1812.71,571.45,14490.14,818797.78,0.0177,2365.92,0.02459,N,0,42,Low
SHP00351,PRJ006,2024-11-28,2025-01-19,2025-01-08T10:00:00,2025-01-08T09:26:08,2025-01-19T04:42:19,2025-01-20T06:55:58,F003,F017,P003,P018,Intermodal,CAR006,,CG002,1,23.84,94.87,17.83,4.78,3.77,Y,N,N,N,Standard,DAP,6076.7,6103.5,12,26.2,1.09,On time,Y,Delivered,Port congestion,9261.46,1001.75,1249.72,861.07,12374.0,238329.21,0.0519,3340.19,0.02296,N,0,28,Low
SHP00352,PRJ004,2024-08-08,2024-08-21,2024-08-21T14:00:00,2024-08-21T13:25:06,2024-08-22T16:42:00,2024-08-22T16:11:45,F014,F018,,,Road,CAR008,,CG002,4,15.47,118.51,20.9,5.31,5.23,Y,N,N,N,Standard,DDP,1467.6,1521.4,2,0,0.0,On time,Y,Delivered,None,5208.89,756.07,0,676.29,6641.25,134629.45,0.0493,2235.93,0.095,N,0,29,Low
SHP00353,PRJ006,2025-12-09,2026-01-08,2025-12-23T08:00:00,2025-12-23T09:35:39,2026-01-02T00:46:24,2026-01-01T19:17:13,F005,F017,P002,P018,Container Sea,CAR005,V003,CG001,7,3.44,18.8,7.59,1.99,2.35,N,N,N,N,Expedite,DAP,5410.7,5312.5,11,0,0.0,On time,Y,Delivered,None,4569.86,527.48,1063.21,570.84,6731.38,242360.05,0.0278,358.03,0.01959,N,0,27,Low
SHP00354,PRJ007,2025-10-09,2025-11-17,2025-11-11T15:00:00,2025-11-11T15:42:56,2025-11-15T22:20:33,2025-11-17T16:46:45,F014,F001,P003,P001,Sea Breakbulk,CAR010,V007,CG008,1,109.76,691.87,35.78,13.63,11.51,Y,Y,N,N,Standard,DDP,1151.7,1129.2,5,42.4,1.77,1-2 days,N,Delivered,Carrier capacity,18913.69,3009.86,4430.45,0,26354.0,2866549.67,0.0092,6562.46,0.05295,N,0,62,Medium
SHP00355,PRJ006,2024-10-21,2024-11-23,2024-11-06T13:00:00,2024-11-06T12:44:19,2024-11-17T09:36:10,2024-11-17T22:46:15,F003,F017,P003,P018,Sea Breakbulk,CAR010,V007,CG002,5,15.06,66.85,11.71,3.95,3.54,Y,N,N,N,Standard,DDP,6035.0,6270.2,12,13.2,0.55,On time,Y,Delivered,None,13218.7,1670.54,1625.86,478.96,16994.06,137249.85,0.1238,2699.99,0.02859,N,0,38,Low
SHP00356,PRJ003,2025-01-02,2025-02-14,2025-02-07T14:00:00,2025-02-07T15:32:04,2025-02-13T19:32:51,2025-02-14T13:19:18,F001,F011,P001,P006,Sea Breakbulk,CAR010,V014,CG007,7,16.15,31.92,10.76,2.78,3.02,Y,N,N,N,Expedite,DAP,1936.6,1959.2,7,17.8,0.74,On time,Y,Delivered,None,9465.6,1050.64,1388.62,622.28,12527.14,316834.1,0.0395,1166.1,0.03685,N,0,23,Low
SHP00357,PRJ003,2024-07-13,2024-08-13,2024-08-07T15:00:00,2024-08-07T17:37:38,2024-08-11T05:13:26,2024-08-10T22:18:16,F012,F011,P007,P006,Container Sea,CAR005,V013,CG001,2,4.59,17.37,7.9,1.89,2.28,N,N,N,N,Standard,DDP,118.1,117.2,5,0,0.0,On time,Y,Delivered,None,1867.6,181.54,1165.97,499.57,3714.68,319882.56,0.0116,21.09,0.0392,N,0,13,Low
SHP00358,PRJ003,2024-11-02,2024-12-01,2024-11-19T14:00:00,2024-11-19T16:01:33,2024-11-24T13:34:05,2024-11-25T00:55:03,F004,F011,P004,P006,Sea Breakbulk,CAR010,V007,CG006,4,48.82,93.93,17.78,5.6,4.63,Y,Y,N,N,Expedite,DAP,1244.9,1269.4,6,11.3,0.47,On time,Y,Delivered,None,13527.01,1848.21,2652.84,959.71,18987.77,309316.4,0.0614,1654.06,0.02669,Y,16791.63,57,Medium
SHP00359,PRJ003,2024-02-26,2024-04-13,2024-04-08T08:00:00,2024-04-08T07:45:40,2024-04-12T20:22:15,2024-04-12T22:08:50,F013,F011,P001,P006,Intermodal,CAR006,,CG009,3,18.6,39.38,9.28,3.25,3.26,Y,N,Y,N,Standard,FCA,1624.7,1679.5,5,1.8,0.07,On time,Y,Delivered,Customs hold,3852.9,235.48,1908.17,1169.28,7165.84,174458.86,0.0411,615.29,0.0197,N,0,36,Low
SHP00360,PRJ005,2025-07-22,2025-08-30,2025-08-19T12:00:00,2025-08-19T11:43:54,2025-08-25T20:39:21,2025-08-26T22:07:13,F009,F016,P009,P016,Sea Breakbulk,CAR007,V011,CG002,1,18.43,56.97,12.06,4.88,3.96,Y,N,N,N,Critical,CFR,3014.1,3083.1,7,25.5,1.06,1-2 days,N,Delivered,Documentation issue,14361.17,1601.16,1283.38,445.51,17691.22,198923.47,0.0889,1758.76,0.03095,N,0,43,Low
SHP00361,PRJ003,2024-02-16,2024-04-01,2024-03-27T15:00:00,2024-03-27T16:18:03,2024-03-30T05:10:18,2024-03-31T04:33:50,F012,F011,P007,P006,Sea Breakbulk,CAR004,V012,CG007,1,16.09,60.03,13.45,4.03,3.0,Y,N,N,N,Standard,DAP,120.1,119.0,4,23.4,0.97,On time,Y,Delivered,Documentation issue,4326.46,662.27,1493.05,627.09,7108.88,272300.58,0.0261,87.42,0.04566,Y,6795.19,42,Low
SHP00362,PRJ006,2024-09-25,2024-10-28,2024-10-16T14:00:00,2024-10-16T15:51:07,2024-10-26T13:18:56,2024-10-26T09:56:38,F010,F017,P010,P018,Sea Breakbulk,CAR007,V005,CG007,8,12.05,30.18,6.09,3.4,2.04,Y,N,N,N,Standard,EXW,4533.4,4608.9,11,0,0.0,On time,Y,Delivered,None,9786.65,799.01,1028.63,666.42,12280.71,209903.6,0.0585,1467.56,0.02642,N,0,40,Low
SHP00363,PRJ006,2024-10-28,2024-11-30,2024-11-21T09:00:00,2024-11-21T10:20:30,2024-11-30T16:21:04,2024-12-02T13:24:47,F009,F017,P009,P018,Intermodal,CAR006,,CG002,2,5.02,44.93,11.61,2.87,3.33,Y,N,N,N,Standard,DAP,5095.2,5227.9,10,45.1,1.88,1-2 days,N,Delivered,Road permit delay,5304.12,710.3,719.28,289.43,7023.13,45433.98,0.1546,592.38,0.02257,N,0,48,Medium
SHP00364,PRJ001,2025-07-18,2025-08-02,2025-07-25T09:00:00,2025-07-25T09:42:00,2025-07-29T06:28:48,2025-07-29T14:18:17,F004,F007,P004,P005,Sea Breakbulk,CAR004,V012,CG004,1,66.89,213.45,28.02,7.82,6.4,Y,Y,N,N,Standard,DAP,871.1,866.2,5,7.8,0.33,On time,Y,Delivered,None,10087.93,1562.69,3055.15,1030.03,15735.8,1551128.85,0.0101,1467.51,0.02533,N,0,55,Medium
SHP00365,PRJ001,2025-10-18,2025-11-12,2025-11-04T15:00:00,2025-11-04T14:55:07,2025-11-08T18:02:13,2025-11-08T09:32:29,F003,F007,P003,P005,Sea Breakbulk,CAR007,V005,CG002,5,15.43,85.48,13.77,4.61,4.99,Y,N,N,N,Standard,EXW,761.5,789.5,5,0,0.0,On time,Y,Delivered,Documentation issue,5911.08,510.07,1160.45,804.1,8385.7,171200.55,0.049,726.85,0.05967,N,0,16,Low
SHP00366,PRJ006,2024-08-10,2024-08-31,2024-08-23T07:00:00,2024-08-23T06:22:50,2024-09-01T21:11:37,2024-09-02T18:23:47,F012,F017,P007,P018,Sea Breakbulk,CAR004,V008,CG003,8,6.65,36.55,9.74,3.13,2.82,Y,N,N,N,Expedite,DAP,5190.2,5293.3,10,21.2,0.88,1-2 days,N,Delivered,Customs hold,11141.18,1290.5,1048.66,733.47,14213.81,340273.12,0.0418,855.1,0.02429,N,0,44,Low
SHP00367,PRJ001,2024-06-10,2024-07-07,2024-07-01T15:00:00,2024-07-01T16:34:22,2024-07-07T14:45:38,2024-07-08T18:26:44,F010,F007,P010,P005,Sea Breakbulk,CAR010,V014,CG007,3,14.13,27.03,8.98,2.85,2.31,Y,N,N,N,Expedite,FCA,1929.4,1958.4,7,27.7,1.15,1-2 days,N,Delivered,Customs hold,8548.62,1052.93,1593.24,769.27,11964.06,248252.04,0.0482,816.22,0.0295,N,0,30,Low
SHP00368,PRJ007,2024-03-16,2024-04-05,2024-03-27T13:00:00,2024-03-27T12:35:32,2024-04-01T02:34:13,2024-04-01T12:25:18,F012,F001,P007,P001,Sea Breakbulk,CAR004,V008,CG006,6,36.37,91.46,12.93,4.31,4.47,Y,N,N,N,Standard,DDP,1725.3,1757.4,6,9.9,0.41,On time,Y,Delivered,None,9036.57,1414.87,1498.21,1147.68,13097.33,189680.05,0.069,2363.43,0.03698,N,0,38,Low
SHP00369,PRJ002,2025-08-24,2025-10-10,2025-09-30T15:00:00,2025-09-30T14:27:19,2025-10-06T06:51:24,2025-10-06T12:34:59,F011,F008,P006,P012,Intermodal,CAR006,,CG001,7,6.25,22.44,8.19,2.35,1.94,N,N,N,N,Expedite,FCA,2513.9,2545.2,7,5.7,0.24,On time,Y,Delivered,None,3446.97,274.2,978.16,560.33,5259.66,423519.16,0.0124,302.31,0.019,N,0,21,Low
SHP00370,PRJ004,2025-10-03,2025-11-23,2025-11-11T14:00:00,2025-11-11T14:17:06,2025-11-15T13:43:11,2025-11-15T12:14:08,F012,F018,P007,P009,Sea Breakbulk,CAR010,V004,CG005,6,25.69,73.6,10.74,4.42,4.34,Y,N,N,N,Standard,FCA,1019.4,1027.2,5,0,0.0,On time,Y,Delivered,None,6164.13,745.0,1459.91,969.79,9338.83,718436.01,0.013,737.3,0.02794,N,0,26,Low
SHP00371,PRJ006,2024-10-30,2024-12-07,2024-11-20T07:00:00,2024-11-20T09:57:23,2024-11-30T20:24:53,2024-11-30T21:47:01,F005,F017,P002,P018,Sea Breakbulk,CAR007,V005,CG001,1,4.8,23.72,8.29,2.86,2.26,Y,N,N,N,Critical,FCA,5468.4,5396.3,11,1.4,0.06,On time,Y,Delivered,None,13488.55,2092.17,815.03,848.78,17244.52,366671.46,0.047,664.08,0.02564,N,0,34,Low
SHP00372,PRJ006,2025-11-19,2025-12-24,2025-12-17T12:00:00,2025-12-17T11:17:13,2025-12-21T11:12:00,2025-12-21T10:47:01,F012,F017,,,Road,CAR008,,CG005,5,35.28,79.01,13.74,4.36,3.83,Y,N,N,N,Critical,DAP,5574.7,5743.3,5,0,0.0,On time,Y,Delivered,None,47458.16,4852.95,0,1075.57,53386.68,1276894.3,0.0418,19249.24,0.095,N,0,33,Low
SHP00373,PRJ006,2025-02-25,2025-04-01,2025-03-19T10:00:00,2025-03-19T10:05:02,2025-03-30T03:58:31,2025-03-30T15:03:11,F013,F017,P001,P018,Sea Breakbulk,CAR010,V004,CG007,2,11.53,53.23,9.85,3.68,3.39,Y,N,N,N,Standard,FCA,5346.3,5329.3,12,11.1,0.46,On time,Y,Delivered,None,10508.45,1699.32,933.04,335.59,13476.4,244957.98,0.055,1491.5,0.02427,Y,8013.89,41,Low
SHP00374,PRJ002,2024-07-07,2024-08-12,2024-08-08T12:00:00,2024-08-08T11:05:21,2024-08-12T08:05:10,2024-08-12T02:59:03,F004,F008,P004,P012,RoRo,CAR003,V010,CG006,7,42.76,134.92,17.9,6.48,5.02,Y,N,N,N,Standard,DAP,1314.8,1338.7,5,0,0.0,On time,Y,Delivered,None,5456.92,598.59,1686.33,688.1,8429.94,243515.01,0.0346,1779.82,0.03109,N,0,45,Medium
SHP00375,PRJ006,2025-02-10,2025-04-01,2025-03-21T15:00:00,2025-03-21T16:21:11,2025-03-31T19:01:07,2025-04-02T03:44:01,F013,F017,P001,P018,Sea Breakbulk,CAR004,V012,CG009,8,24.93,17.08,6.77,2.28,1.67,N,N,Y,N,Standard,DAP,5483.3,5562.3,11,32.7,1.36,1-2 days,N,Delivered,Port congestion,10849.78,1777.09,1563.48,888.0,15078.35,203655.45,0.074,3367.5,0.02428,N,0,45,Medium
SHP00376,PRJ005,2025-05-12,2025-06-19,2025-06-11T08:00:00,2025-06-11T08:05:19,2025-06-18T03:41:29,2025-06-19T05:14:29,F010,F016,P010,P016,Sea Breakbulk,CAR007,V011,CG001,6,5.68,13.49,6.14,2.37,1.59,N,N,N,N,Standard,DDP,2774.6,2795.4,8,25.6,1.06,On time,Y,Delivered,Port congestion,4992.82,763.53,1339.89,427.11,7523.34,409665.29,0.0184,443.09,0.02791,N,0,29,Low
SHP00377,PRJ001,2025-09-09,2025-10-08,2025-09-29T12:00:00,2025-09-29T12:48:59,2025-10-04T09:02:25,2025-10-04T16:32:02,F001,F007,P001,P005,Sea Breakbulk,CAR004,V012,CG007,7,7.03,41.11,9.9,3.49,2.6,Y,N,N,N,Standard,FCA,1154.4,1144.5,6,7.5,0.31,On time,Y,Delivered,None,5597.64,555.5,798.39,521.01,7472.54,138304.58,0.054,352.17,0.04377,N,0,29,Low
SHP00378,PRJ001,2025-06-26,2025-08-15,2025-08-06T11:00:00,2025-08-06T11:27:44,2025-08-11T08:57:51,2025-08-11T19:57:57,F012,F007,P007,P005,Intermodal,CAR006,,CG006,6,36.7,70.12,14.5,3.89,3.78,Y,N,N,N,Expedite,DAP,2024.1,2035.1,6,11.0,0.46,On time,Y,Delivered,None,6177.22,594.37,1898.09,816.39,9486.07,213623.82,0.0444,1365.3,0.01828,N,0,29,Low
SHP00379,PRJ003,2024-07-09,2024-07-29,2024-07-26T08:00:00,2024-07-26T09:55:10,2024-07-31T22:40:52,2024-07-31T22:11:26,F013,F011,P001,P006,Intermodal,CAR006,,CG007,5,9.18,48.2,10.69,3.64,3.52,Y,N,N,N,Standard,DAP,1598.2,1591.8,6,0,0.0,On time,Y,Delivered,None,3384.06,460.49,1342.09,392.64,5579.28,197334.56,0.0283,288.47,0.01974,N,0,25,Low
SHP00380,PRJ001,2025-08-18,2025-09-28,2025-09-25T07:00:00,2025-09-25T06:32:00,2025-09-29T11:52:12,2025-09-29T05:15:14,F001,F007,P001,P005,Intermodal,CAR006,,CG007,3,13.18,24.87,8.64,2.51,2.36,N,N,N,N,Expedite,DDP,1237.6,1223.8,5,0,0.0,On time,Y,Delivered,None,3676.87,353.14,1030.52,760.79,5821.33,298810.25,0.0195,629.19,0.03901,N,0,20,Low
SHP00381,PRJ006,2025-07-24,2025-08-14,2025-08-06T11:00:00,2025-08-06T11:04:16,2025-08-16T05:57:05,2025-08-17T12:59:53,F011,F017,P006,P018,Intermodal,CAR006,,CG001,8,7.31,7.96,5.47,1.22,1.33,N,N,N,N,Expedite,DDP,5021.6,5185.1,11,31.0,1.29,1-2 days,N,Delivered,Carrier capacity,4785.53,557.2,1229.1,429.75,7001.58,571181.56,0.0123,710.06,0.01873,N,0,39,Low
SHP00382,PRJ001,2025-06-07,2025-07-21,2025-07-14T10:00:00,2025-07-14T09:08:42,2025-07-20T05:37:08,2025-07-19T17:27:31,F012,F007,P007,P005,Sea Breakbulk,CAR004,V001,CG004,2,68.19,182.77,20.93,7.08,5.8,Y,Y,N,N,Standard,DAP,1952.2,1997.4,7,0,0.0,On time,Y,Delivered,None,16100.93,1997.97,2812.65,1170.24,22081.79,1770744.11,0.0125,3301.79,0.02424,N,0,53,Medium
SHP00383,PRJ006,2024-11-18,2025-01-10,2024-12-24T08:00:00,2024-12-24T07:52:58,2025-01-04T04:07:38,2025-01-05T23:13:05,F002,F017,P001,P018,Sea Breakbulk,CAR004,V008,CG009,3,15.33,12.01,5.71,1.45,1.24,N,N,Y,N,Standard,DAP,5444.7,5618.0,12,43.1,1.8,1-2 days,N,Delivered,Weather disruption,9142.68,696.73,1447.83,1090.76,12378.01,136995.93,0.0904,2508.12,0.02912,N,0,42,Low
SHP00384,PRJ006,2024-08-04,2024-09-14,2024-09-02T15:00:00,2024-09-02T15:18:44,2024-09-12T07:03:22,2024-09-12T14:58:25,F013,F017,P001,P018,Sea Breakbulk,CAR010,V007,CG003,4,7.46,49.16,11.34,2.97,2.96,Y,N,N,N,Standard,FCA,5095.2,5147.7,11,7.9,0.33,On time,Y,Delivered,Customs hold,9043.87,1147.4,1342.92,306.27,11840.47,308554.46,0.0384,933.57,0.02431,N,0,47,Medium
SHP00385,PRJ004,2024-04-27,2024-05-26,2024-05-24T07:00:00,2024-05-24T08:10:20,2024-05-27T12:14:30,2024-05-28T22:08:36,F005,F018,P002,P009,Sea Breakbulk,CAR010,V014,CG004,2,62.99,222.92,21.42,8.13,6.63,Y,Y,N,N,Standard,FCA,524.0,527.3,4,33.9,1.41,1-2 days,N,Delivered,Road permit delay,8959.41,664.46,2743.86,1299.01,13666.75,1275423.24,0.0107,1448.76,0.04362,N,0,46,Medium
SHP00386,PRJ002,2025-10-05,2025-11-14,2025-11-06T14:00:00,2025-11-06T14:27:08,2025-11-09T04:08:39,2025-11-09T20:20:32,F014,F008,P003,P012,RoRo,CAR003,V002,CG002,3,24.15,73.27,14.53,4.23,4.15,Y,N,N,N,Standard,CFR,490.4,493.4,4,16.2,0.67,On time,Y,Delivered,Carrier capacity,3119.54,546.65,1415.27,780.6,5862.06,243060.42,0.0241,518.68,0.04353,N,0,33,Low
SHP00387,PRJ001,2025-04-26,2025-05-11,2025-05-06T13:00:00,2025-05-06T14:29:01,2025-05-07T14:42:00,2025-05-07T18:17:12,F001,F007,,,Road,CAR008,,CG010,1,2.45,11.86,5.01,1.98,1.57,N,N,N,N,Standard,DAP,901.3,917.8,2,3.6,0.15,On time,Y,Delivered,None,1549.0,125.69,0,330.74,2005.43,326151.53,0.0061,213.62,0.095,N,0,28,Low
SHP00388,PRJ006,2024-07-10,2024-07-28,2024-07-18T14:00:00,2024-07-18T15:52:29,2024-07-27T13:44:14,2024-07-28T04:34:49,F005,F017,P002,P018,Sea Breakbulk,CAR004,V012,CG005,3,34.98,81.22,15.69,4.46,3.67,Y,N,N,N,Standard,EXW,5551.4,5572.8,10,14.8,0.62,On time,Y,Delivered,Documentation issue,17132.88,1210.47,1591.49,781.36,20716.21,1161666.31,0.0178,4952.66,0.02541,N,0,44,Low
SHP00389,PRJ004,2025-03-23,2025-05-03,2025-04-28T15:00:00,2025-04-28T15:40:10,2025-05-02T21:55:29,2025-05-03T02:41:39,F013,F018,P001,P009,Intermodal,CAR006,,CG003,5,7.33,57.45,13.23,4.1,2.91,Y,N,N,N,Expedite,FCA,685.0,711.9,5,4.8,0.2,On time,Y,Delivered,None,3630.82,344.34,1504.36,537.52,6017.04,358966.78,0.0168,127.35,0.0244,N,0,30,Low
SHP00390,PRJ002,2024-05-19,2024-06-10,2024-05-30T13:00:00,2024-05-30T13:22:48,2024-06-06T16:28:02,2024-06-06T12:06:33,F012,F008,P007,P012,Sea Breakbulk,CAR007,V011,CG007,1,11.52,32.73,11.73,3.66,2.7,Y,N,N,N,Standard,DDP,2368.4,2377.2,8,0,0.0,On time,Y,Delivered,None,6880.85,728.27,1394.63,384.02,9387.77,205963.77,0.0456,666.4,0.02433,N,0,33,Low
SHP00391,PRJ006,2025-10-12,2025-11-21,2025-11-11T12:00:00,2025-11-11T11:27:39,2025-11-22T13:55:14,2025-11-22T14:01:09,F014,F017,P003,P018,Sea Breakbulk,CAR007,V011,CG004,1,68.61,165.31,25.94,6.74,5.88,Y,Y,N,N,Critical,DDP,6039.6,6132.1,12,0.1,0.0,On time,Y,Delivered,None,60665.54,7563.13,2921.44,1010.0,72160.11,1393943.24,0.0518,10697.99,0.02543,N,0,46,Medium
SHP00392,PRJ006,2025-10-26,2025-12-10,2025-11-28T12:00:00,2025-11-28T12:12:25,2025-12-03T05:30:00,2025-12-03T08:12:00,F012,F017,,,Road,CAR002,,CG005,4,15.43,109.37,19.82,5.56,3.96,Y,N,N,N,Standard,FCA,5866.2,5922.9,6,2.7,0.11,On time,Y,Delivered,None,19322.23,2448.98,0,780.31,22551.52,552472.0,0.0408,8682.08,0.095,N,0,41,Low
SHP00393,PRJ007,2025-09-11,2025-10-08,2025-10-06T12:00:00,2025-10-06T11:56:17,2025-10-07T01:42:00,2025-10-07T04:36:25,F003,F001,,,Road,CAR008,,CG006,5,21.34,72.23,14.17,4.72,3.71,Y,N,N,N,Standard,DDP,509.1,504.3,2,2.9,0.12,On time,Y,Delivered,None,2312.81,284.53,0,0,2597.34,95234.14,0.0273,1022.37,0.095,N,0,31,Low
SHP00394,PRJ002,2024-06-10,2024-07-06,2024-06-25T13:00:00,2024-06-25T13:36:07,2024-06-28T23:08:54,2024-06-29T13:51:22,F005,F008,P002,P012,RoRo,CAR003,V006,CG001,4,5.03,15.05,7.36,1.65,1.59,N,N,N,N,Expedite,DAP,1449.6,1445.6,4,14.7,0.61,On time,Y,Delivered,None,3030.57,321.48,1027.0,390.13,4769.19,373532.2,0.0128,254.73,0.03503,N,0,38,Low
SHP00395,PRJ006,2024-10-07,2024-11-30,2024-11-21T13:00:00,2024-11-21T13:15:24,2024-11-26T00:12:00,2024-11-25T23:55:38,F011,F017,,,Road,CAR001,,CG001,7,3.85,27.63,8.74,2.09,2.45,Y,N,N,N,Standard,FCA,5937.9,6028.5,6,0,0.0,On time,Y,Delivered,None,12094.51,1285.09,0,807.35,14186.95,228989.24,0.062,2204.92,0.095,N,0,33,Low
SHP00396,PRJ001,2024-03-06,2024-04-05,2024-03-26T07:00:00,2024-03-26T07:39:50,2024-03-30T22:02:59,2024-03-31T10:15:01,F004,F007,P004,P005,Sea Breakbulk,CAR004,V008,CG006,2,41.28,78.4,12.65,4.7,4.06,Y,N,N,N,Standard,DAP,850.4,843.1,5,12.2,0.51,On time,Y,Delivered,None,6284.06,691.59,1519.84,854.03,9349.52,189084.46,0.0494,886.86,0.02548,N,0,31,Low
SHP00397,PRJ005,2025-11-01,2025-12-16,2025-12-08T14:00:00,2025-12-08T15:04:14,2025-12-16T13:58:31,2025-12-16T17:47:58,F011,F016,P006,P016,Sea Breakbulk,CAR007,V005,CG005,2,23.43,201.36,20.38,7.36,7.1,Y,N,N,N,Standard,EXW,3389.7,3381.0,9,3.8,0.16,On time,Y,Delivered,None,10229.26,962.11,1353.92,452.91,12998.2,731894.26,0.0178,1952.11,0.02464,N,0,36,Low
SHP00398,PRJ005,2025-10-27,2025-12-11,2025-11-25T13:00:00,2025-11-25T12:08:01,2025-12-03T01:43:13,2025-12-03T20:38:45,F005,F016,P002,P016,Intermodal,CAR006,,CG005,2,29.36,109.76,12.27,5.68,4.65,Y,N,N,N,Standard,DAP,2975.5,2937.6,9,18.9,0.79,On time,Y,Delivered,Customs hold,5937.68,832.85,1943.04,703.13,9416.71,983704.82,0.0096,1781.25,0.02065,N,0,43,Low
SHP00399,PRJ005,2024-07-30,2024-09-11,2024-09-02T13:00:00,2024-09-02T12:35:43,2024-09-09T16:50:55,2024-09-10T07:12:20,F012,F016,P007,P016,Intermodal,CAR006,,CG006,5,43.39,115.87,18.36,6.16,4.66,Y,N,N,N,Critical,DAP,3313.9,3317.3,8,14.4,0.6,1-2 days,N,Delivered,Port congestion,11039.7,1113.02,2212.69,773.33,15138.74,195484.83,0.0774,2612.93,0.01815,N,0,48,Medium
SHP00400,PRJ001,2025-04-15,2025-05-02,2025-04-30T10:00:00,2025-04-30T09:40:48,2025-05-04T10:50:54,2025-05-06T08:22:48,F004,F007,P004,P005,Sea Breakbulk,CAR004,V012,CG004,1,50.3,69.02,14.1,4.21,3.68,Y,Y,N,N,Expedite,DAP,866.2,858.5,5,45.5,1.9,1-2 days,N,Delivered,Carrier capacity,11418.76,1378.46,2837.69,835.16,16470.07,1062792.29,0.0155,1091.02,0.02527,N,0,47,Medium
SHP00401,PRJ003,2024-10-23,2024-11-08,2024-11-04T13:00:00,2024-11-04T14:06:51,2024-11-07T09:55:48,2024-11-07T11:48:57,F012,F011,P007,P006,Sea Breakbulk,CAR007,V011,CG005,6,24.82,146.69,17.63,5.31,5.21,Y,N,N,N,Standard,DDP,121.8,120.6,4,1.9,0.08,On time,Y,Delivered,None,4410.34,326.92,1640.49,726.95,7104.69,917725.05,0.0077,136.52,0.04561,Y,23424.8,32,Low
SHP00402,PRJ002,2025-05-14,2025-06-08,2025-05-27T07:00:00,2025-05-27T08:19:33,2025-06-01T18:59:41,2025-06-02T11:03:47,F009,F008,P009,P012,Sea Breakbulk,CAR010,V007,CG002,2,23.09,95.2,14.66,5.04,4.15,Y,N,N,N,Standard,DDP,2145.5,2183.4,6,16.1,0.67,On time,Y,Delivered,Customs hold,8634.98,636.87,1355.42,748.42,11375.69,194263.76,0.0586,1772.43,0.03516,N,0,31,Low
SHP00403,PRJ001,2024-04-17,2024-05-17,2024-05-16T13:00:00,2024-05-16T14:36:01,2024-05-18T14:36:00,2024-05-18T14:57:10,F010,F007,,,Road,CAR012,,CG007,2,12.96,27.99,11.04,3.05,1.82,Y,N,N,N,Standard,DAP,2276.0,2363.0,3,0.4,0.01,On time,Y,Delivered,None,7275.21,806.99,0,722.87,8805.07,222609.0,0.0396,2909.33,0.095,N,0,17,Low
SHP00404,PRJ007,2025-08-15,2025-09-27,2025-09-29T10:00:00,2025-09-29T11:11:05,2025-09-29T19:00:00,2025-09-29T22:28:53,F002,F001,,,Road,CAR002,,CG010,2,3.37,9.46,4.91,2.03,1.63,N,N,N,N,Standard,FCA,315.1,324.7,1,3.5,0.15,On time,Y,Delivered,None,777.0,91.2,0,0,868.2,446113.17,0.0019,103.95,0.095,N,0,18,Low
SHP00405,PRJ001,2024-01-10,2024-02-15,2024-02-04T07:00:00,2024-02-04T06:21:49,2024-02-07T02:22:16,2024-02-07T11:47:44,F014,F007,P003,P005,Sea Breakbulk,CAR004,V012,CG002,3,13.23,46.89,9.95,3.83,3.26,Y,N,N,N,Standard,DAP,532.8,528.5,4,9.4,0.39,On time,Y,Delivered,Documentation issue,4936.92,368.01,1080.8,618.92,7004.65,146058.14,0.048,278.74,0.03987,N,0,33,Low
SHP00406,PRJ003,2025-05-10,2025-05-31,2025-05-21T07:00:00,2025-05-21T09:52:26,2025-05-26T13:59:15,2025-05-26T06:53:29,F005,F011,P002,P006,Sea Breakbulk,CAR004,V012,CG004,2,71.41,216.42,21.04,8.16,6.77,Y,Y,N,N,Expedite,EXW,1429.0,1461.1,6,0,0.0,On time,Y,Delivered,None,18030.44,1199.32,3484.54,904.9,23619.21,1824717.95,0.0129,3236.22,0.03102,N,0,50,Medium
SHP00407,PRJ007,2024-02-10,2024-03-20,2024-03-12T08:00:00,2024-03-12T10:36:27,2024-03-12T22:54:00,2024-03-13T01:22:00,F002,F001,,,Road,CAR008,,CG009,3,14.67,22.12,6.63,2.62,1.72,Y,N,Y,N,Expedite,DAP,334.4,346.7,1,2.5,0.1,On time,Y,Delivered,None,1874.49,157.6,0,0,2032.09,106783.62,0.019,483.18,0.095,N,0,40,Low
SHP00408,PRJ003,2024-06-02,2024-07-08,2024-06-26T10:00:00,2024-06-26T11:31:34,2024-06-30T17:05:29,2024-07-01T03:34:25,F005,F011,P002,P006,Intermodal,CAR006,,CG001,8,5.87,24.35,7.8,2.47,2.29,N,N,N,N,Expedite,CFR,1394.6,1396.2,5,10.5,0.44,On time,Y,Delivered,Carrier capacity,3060.21,369.88,794.82,357.98,4582.88,351879.49,0.013,206.73,0.02522,N,0,11,Low
SHP00409,PRJ004,2024-09-15,2024-10-18,2024-10-10T10:00:00,2024-10-10T12:07:54,2024-10-13T20:42:45,2024-10-14T10:12:26,F004,F018,P004,P009,Sea Breakbulk,CAR010,V007,CG008,2,98.51,540.22,35.66,12.32,10.85,Y,Y,N,N,Standard,DDP,748.5,736.9,4,13.5,0.56,On time,Y,Delivered,Customs hold,11339.3,1296.12,3864.89,1548.06,18048.37,2408486.76,0.0075,2156.28,0.0297,N,0,54,Medium
SHP00410,PRJ002,2024-11-05,2024-12-06,2024-11-27T08:00:00,2024-11-27T10:09:23,2024-11-30T22:30:11,2024-11-30T22:47:53,F004,F008,P004,P012,RoRo,CAR003,V010,CG002,6,21.26,80.72,15.84,4.53,4.31,Y,N,N,N,Standard,FCA,1209.5,1248.1,4,0.3,0.01,On time,Y,Delivered,None,3957.63,651.71,1480.27,719.87,6809.48,215779.29,0.0316,827.55,0.03119,N,0,32,Low
SHP00411,PRJ006,2025-07-15,2025-08-26,2025-08-14T15:00:00,2025-08-14T14:11:57,2025-08-26T07:05:16,2025-08-26T15:04:23,F003,F017,P003,P018,Intermodal,CAR006,,CG006,6,35.43,117.15,19.27,5.01,4.46,Y,N,N,N,Standard,DAP,6768.3,6705.5,13,8.0,0.33,On time,Y,Delivered,Customs hold,12152.44,1002.01,1627.5,771.98,15553.92,184800.72,0.0842,5469.91,0.02302,N,0,39,Low
SHP00412,PRJ004,2024-11-20,2024-12-11,2024-12-04T10:00:00,2024-12-04T09:49:50,2024-12-09T04:07:15,2024-12-09T21:50:37,F012,F018,P007,P009,Intermodal,CAR006,,CG005,5,25.75,115.47,18.25,4.8,4.91,Y,N,N,N,Standard,DAP,1024.8,1007.7,6,17.7,0.74,On time,Y,Delivered,None,3569.91,369.64,1775.3,849.53,6564.39,902303.99,0.0073,573.15,0.02209,N,0,33,Low
SHP00413,PRJ004,2025-05-09,2025-06-18,2025-06-12T14:00:00,2025-06-12T14:03:52,2025-06-16T01:39:46,2025-06-17T06:17:43,F012,F018,P007,P009,Sea Breakbulk,CAR010,V014,CG006,6,36.51,38.47,11.83,2.88,2.8,Y,N,N,N,Standard,FCA,1068.7,1051.5,5,28.6,1.19,On time,Y,Delivered,Carrier capacity,6822.46,956.53,1926.63,854.35,10559.98,206506.35,0.0511,1074.57,0.02799,N,0,29,Low
SHP00414,PRJ005,2025-04-06,2025-05-24,2025-05-12T14:00:00,2025-05-12T15:09:10,2025-05-19T19:26:20,2025-05-20T13:44:51,F012,F016,P007,P016,Sea Breakbulk,CAR004,V012,CG007,2,9.01,40.82,12.04,4.11,2.59,Y,N,N,N,Expedite,EXW,3459.1,3441.0,8,18.3,0.76,On time,Y,Delivered,Carrier capacity,9549.77,1216.0,1084.87,711.84,12562.48,186421.89,0.0674,748.3,0.02414,N,0,46,Medium
SHP00415,PRJ003,2025-03-10,2025-04-25,2025-04-21T13:00:00,2025-04-21T15:16:35,2025-04-25T22:53:20,2025-04-26T17:37:25,F005,F011,P002,P006,Sea Breakbulk,CAR010,V014,CG005,6,21.97,147.85,20.9,6.54,5.58,Y,N,N,N,Standard,DAP,1468.9,1452.7,5,18.7,0.78,On time,Y,Delivered,Weather disruption,6856.64,1015.25,1245.32,772.37,9889.59,641012.79,0.0154,963.62,0.03019,N,0,37,Low
SHP00416,PRJ007,2024-11-26,2025-01-01,2024-12-27T12:00:00,2024-12-27T11:56:04,2024-12-31T22:18:18,2025-01-01T02:40:56,F012,F001,P007,P001,Sea Breakbulk,CAR007,V011,CG005,8,27.47,123.12,15.71,5.44,4.92,Y,N,N,N,Expedite,FCA,1840.2,1815.8,5,4.4,0.18,On time,Y,Delivered,None,10516.97,825.2,1528.63,546.46,13417.26,837848.54,0.016,1824.37,0.03658,N,0,25,Low
SHP00417,PRJ002,2025-05-19,2025-06-08,2025-06-03T08:00:00,2025-06-03T09:27:35,2025-06-09T21:56:31,2025-06-11T01:25:19,F010,F008,P010,P012,Sea Breakbulk,CAR007,V011,CG007,5,8.58,28.69,9.58,2.2,2.64,Y,N,N,N,Expedite,EXW,2138.9,2103.6,7,27.5,1.15,1-2 days,N,Delivered,Road permit delay,8113.92,685.09,1287.77,656.4,10743.18,139949.32,0.0768,536.12,0.0297,N,0,37,Low
SHP00418,PRJ002,2024-03-08,2024-04-03,2024-03-25T09:00:00,2024-03-25T11:05:25,2024-03-29T06:33:30,2024-03-30T19:09:24,F013,F008,P001,P012,RoRo,CAR003,V006,CG007,2,18.89,48.08,13.18,2.87,3.05,Y,N,N,N,Expedite,FCA,1066.0,1091.3,5,36.6,1.52,1-2 days,N,Delivered,Carrier capacity,4440.73,304.92,1781.13,788.93,7315.71,350953.49,0.0208,631.08,0.03061,N,0,32,Low
SHP00419,PRJ002,2025-04-08,2025-04-24,2025-04-17T09:00:00,2025-04-17T10:49:38,2025-04-22T13:51:49,2025-04-22T15:57:26,F010,F008,P010,P012,Sea Breakbulk,CAR010,V014,CG005,2,24.44,114.52,18.87,5.56,5.06,Y,N,N,N,Critical,CFR,2163.0,2193.4,6,2.1,0.09,On time,Y,Delivered,Port congestion,13150.62,1720.57,1511.74,645.44,17028.37,898866.71,0.0189,1562.98,0.02916,N,0,42,Low
SHP00420,PRJ001,2024-01-08,2024-03-04,2024-02-22T13:00:00,2024-02-22T13:08:22,2024-02-28T01:38:54,2024-02-27T21:50:07,F010,F007,P010,P005,Sea Breakbulk,CAR010,V014,CG005,2,39.23,72.89,16.8,3.21,3.63,Y,N,N,N,Standard,DDP,1996.2,2059.8,7,0,0.0,On time,Y,Delivered,None,9641.37,1324.15,1492.83,670.5,13128.85,1341510.7,0.0098,2374.68,0.02939,N,0,30,Low
SHP00421,PRJ007,2023-12-11,2024-01-18,2024-01-16T11:00:00,2024-01-16T10:35:58,2024-01-17T00:06:00,2024-01-17T00:26:05,F003,F001,,,Road,CAR008,,CG002,1,19.79,74.86,18.14,4.96,3.92,Y,N,N,N,Critical,DDP,489.4,497.5,2,0.3,0.01,On time,Y,Delivered,None,3390.02,275.43,0,0,3665.45,196035.8,0.0187,935.32,0.095,N,0,27,Low
SHP00422,PRJ002,2024-12-18,2025-01-30,2025-01-21T08:00:00,2025-01-21T09:47:00,2025-01-23T02:48:00,2025-01-23T02:47:03,F010,F008,,,Road,CAR001,,CG001,7,6.14,17.22,7.53,2.11,2.05,N,N,N,N,Standard,FCA,2422.4,2394.7,3,0,0.0,On time,Y,Delivered,None,4205.82,673.04,0,764.69,5643.55,413913.82,0.0136,1396.83,0.095,N,0,29,Low
SHP00423,PRJ002,2024-03-20,2024-04-11,2024-04-01T10:00:00,2024-04-01T09:52:51,2024-04-04T16:38:21,2024-04-05T02:22:05,F001,F008,P001,P012,RoRo,CAR003,V006,CG009,5,20.76,29.91,9.96,2.72,2.85,Y,N,Y,N,Standard,FCA,1326.9,1336.5,4,9.7,0.41,On time,Y,Delivered,Road permit delay,4787.05,686.08,1637.12,1323.43,8433.69,183216.0,0.046,1279.15,0.0461,N,0,50,Medium
SHP00424,PRJ001,2025-08-13,2025-09-09,2025-08-29T12:00:00,2025-08-29T14:18:45,2025-09-03T13:04:36,2025-09-04T05:58:06,F005,F007,P002,P005,Intermodal,CAR006,,CG004,2,89.55,143.29,21.26,5.68,4.87,Y,Y,N,N,Standard,FCA,1176.9,1203.5,6,16.9,0.7,On time,Y,Delivered,Customs hold,8315.78,588.62,3582.01,1152.91,13639.32,2286913.67,0.006,2624.63,0.02435,N,0,47,Medium
SHP00425,PRJ001,2024-09-13,2024-10-02,2024-09-20T09:00:00,2024-09-20T09:49:32,2024-09-24T08:47:37,2024-09-24T14:13:33,F004,F007,P004,P005,Sea Breakbulk,CAR007,V011,CG004,1,38.43,153.24,22.97,6.7,5.12,Y,Y,N,N,Standard,FCA,870.5,881.7,5,5.4,0.23,On time,Y,Delivered,None,8474.87,818.78,2248.19,678.0,12219.84,718318.75,0.017,857.69,0.02531,N,0,53,Medium
SHP00426,PRJ001,2024-03-16,2024-04-28,2024-04-16T09:00:00,2024-04-16T10:41:51,2024-04-20T17:30:31,2024-04-21T14:58:44,F013,F007,P001,P005,Sea Breakbulk,CAR010,V004,CG003,6,9.92,44.88,11.39,3.4,3.37,Y,N,N,N,Critical,FCA,815.8,848.4,5,21.5,0.89,1-2 days,N,Delivered,Port congestion,7775.92,1129.49,1255.49,468.28,10629.18,421360.95,0.0252,206.28,0.02451,N,0,33,Low
SHP00427,PRJ004,2025-10-23,2025-11-09,2025-11-03T11:00:00,2025-11-03T13:17:23,2025-11-08T03:00:27,2025-11-08T09:38:17,F011,F018,P006,P009,Intermodal,CAR006,,CG001,2,4.57,20.81,7.35,2.5,2.25,N,N,N,N,Expedite,DDP,1109.0,1147.2,6,6.6,0.28,On time,Y,Delivered,None,2841.52,203.46,860.72,767.88,4673.58,314366.63,0.0149,121.89,0.02325,N,0,16,Low
SHP00428,PRJ004,2024-07-28,2024-09-01,2024-08-20T11:00:00,2024-08-20T13:43:46,2024-08-24T06:49:08,2024-08-25T23:21:53,F012,F018,P007,P009,Intermodal,CAR006,,CG004,2,77.81,220.39,27.12,7.86,6.98,Y,Y,N,N,Standard,DAP,944.1,976.7,5,40.5,1.69,1-2 days,N,Delivered,Carrier capacity,6688.59,747.75,3723.14,1115.58,12275.07,1878718.18,0.0065,1705.86,0.02245,N,0,54,Medium
SHP00429,PRJ005,2025-12-07,2026-01-03,2025-12-24T08:00:00,2025-12-24T08:24:32,2026-01-01T13:10:24,2026-01-01T17:43:08,F013,F016,P001,P016,Container Sea,CAR005,V003,CG010,6,0.93,5.06,4.14,2.03,0.74,N,N,N,N,Expedite,DAP,3389.5,3352.7,9,4.5,0.19,On time,Y,Delivered,None,3418.76,333.68,1011.99,686.02,5450.44,110669.16,0.0492,56.57,0.01814,N,0,24,Low
SHP00430,PRJ002,2025-11-21,2025-12-22,2025-12-10T07:00:00,2025-12-10T08:14:35,2025-12-17T07:23:17,2025-12-18T06:48:32,F011,F008,P006,P012,Intermodal,CAR006,,CG001,8,3.88,14.34,6.94,1.85,1.38,N,N,N,N,Standard,CFR,2654.1,2677.0,8,23.4,0.98,On time,Y,Delivered,Port congestion,2707.48,439.96,1419.69,757.0,5324.13,319629.0,0.0167,197.18,0.01898,N,0,35,Low
SHP00431,PRJ006,2025-09-29,2025-11-01,2025-10-21T14:00:00,2025-10-21T14:10:00,2025-10-31T19:24:43,2025-11-02T14:41:20,F012,F017,P007,P018,Sea Breakbulk,CAR007,V011,CG008,1,106.51,737.13,47.68,14.63,11.94,Y,Y,N,N,Standard,EXW,5446.6,5363.7,11,43.3,1.8,1-2 days,N,Delivered,Carrier capacity,48182.6,4338.54,3687.83,1649.0,57857.97,2836642.87,0.0204,13883.32,0.0243,N,0,59,Medium
SHP00432,PRJ001,2025-04-04,2025-05-05,2025-04-28T10:00:00,2025-04-28T10:39:02,2025-05-03T16:12:52,2025-05-04T00:29:47,F012,F007,P007,P005,Intermodal,CAR006,,CG001,7,7.39,16.28,7.76,2.14,1.86,N,N,N,N,Critical,DAP,2092.7,2081.4,6,8.3,0.35,On time,Y,Delivered,None,4066.25,470.95,1163.69,385.61,6086.5,510341.36,0.0119,280.85,0.01826,N,0,25,Low
SHP00433,PRJ006,2024-11-15,2025-01-05,2024-12-18T08:00:00,2024-12-18T08:26:30,2024-12-28T14:52:50,2024-12-28T18:03:02,F005,F017,P002,P018,Sea Breakbulk,CAR010,V007,CG001,4,4.54,16.96,5.8,2.81,1.61,Y,N,N,N,Critical,DDP,5052.8,5133.7,11,3.2,0.13,On time,Y,Delivered,None,12968.21,1333.2,1168.01,462.96,15932.38,378012.14,0.0421,597.83,0.02565,N,0,41,Low
SHP00434,PRJ001,2025-10-14,2025-11-05,2025-10-28T11:00:00,2025-10-28T13:26:30,2025-10-29T00:06:00,2025-10-29T03:54:02,F014,F007,,,Road,CAR008,,CG004,2,47.07,176.67,23.15,7.03,5.88,Y,Y,N,N,Expedite,FCA,376.3,378.2,2,3.8,0.16,On time,Y,Delivered,None,4720.22,696.68,0,1251.36,6668.26,938100.99,0.0071,1691.18,0.095,N,0,43,Low
SHP00435,PRJ007,2023-12-07,2024-01-26,2024-01-15T10:00:00,2024-01-15T10:30:17,2024-01-20T01:16:14,2024-01-20T07:03:23,F010,F001,P010,P001,Sea Breakbulk,CAR010,V007,CG001,8,5.12,24.27,8.27,2.78,1.86,Y,N,N,N,Critical,DAP,1447.3,1507.4,6,5.8,0.24,On time,Y,Delivered,Customs hold,9152.93,1100.65,769.56,570.77,11593.91,406648.6,0.0285,355.43,0.04605,N,0,37,Low
SHP00436,PRJ001,2023-12-19,2024-02-03,2024-01-26T07:00:00,2024-01-26T09:34:42,2024-01-31T15:29:43,2024-01-31T13:59:12,F010,F007,P010,P005,Sea Breakbulk,CAR007,V005,CG003,3,5.65,31.01,9.29,2.65,2.39,Y,N,N,N,Expedite,DDP,1932.7,1991.4,6,0,0.0,On time,Y,Delivered,None,7454.88,667.6,726.75,782.62,9631.84,232352.22,0.0415,332.81,0.02958,N,0,37,Low
SHP00437,PRJ002,2025-01-02,2025-02-18,2025-02-11T07:00:00,2025-02-11T07:04:38,2025-02-17T17:25:52,2025-02-19T00:56:14,F011,F008,P006,P012,Intermodal,CAR006,,CG001,8,3.37,16.07,6.38,1.56,1.31,N,N,N,N,Critical,DAP,2506.3,2550.2,7,31.5,1.31,1-2 days,N,Delivered,Road permit delay,4082.2,509.22,1380.19,386.21,6357.82,272172.35,0.0234,162.79,0.01894,N,0,27,Low
SHP00438,PRJ005,2024-12-01,2025-01-09,2025-01-03T07:00:00,2025-01-03T06:55:45,2025-01-11T16:07:45,2025-01-11T19:29:45,F004,F016,P004,P016,Sea Breakbulk,CAR004,V012,CG004,1,74.31,233.72,28.94,7.71,6.57,Y,Y,N,N,Standard,DAP,3610.5,3616.9,9,3.4,0.14,On time,Y,Delivered,Documentation issue,25977.38,2970.08,3232.57,1105.68,33285.71,1474837.66,0.0226,6541.8,0.02434,Y,11287.31,55,Medium
SHP00439,PRJ002,2025-07-20,2025-08-18,2025-08-11T13:00:00,2025-08-11T12:00:13,2025-08-15T06:27:37,2025-08-15T20:10:45,F013,F008,P001,P012,Sea Breakbulk,CAR007,V011,CG003,8,9.47,21.22,8.29,2.51,1.98,Y,N,N,N,Expedite,EXW,980.5,976.4,5,13.7,0.57,On time,Y,Delivered,Customs hold,6421.31,876.71,1004.79,635.59,8938.4,442123.72,0.0202,229.99,0.02487,N,0,37,Low
SHP00440,PRJ006,2025-09-26,2025-10-22,2025-10-14T10:00:00,2025-10-14T09:22:38,2025-10-23T13:17:29,2025-10-23T11:42:34,F010,F017,P010,P018,Container Sea,CAR005,V009,CG003,2,11.82,20.53,7.09,2.25,2.1,N,N,N,N,Critical,FCA,4373.8,4516.5,10,0,0.0,On time,Y,Delivered,Weather disruption,6505.9,874.42,957.84,869.01,9207.17,579952.96,0.0159,1097.63,0.02056,N,0,27,Low
SHP00441,PRJ001,2025-08-31,2025-10-11,2025-09-30T10:00:00,2025-09-30T11:13:34,2025-10-05T08:56:48,2025-10-06T06:21:45,F010,F007,P010,P005,Intermodal,CAR006,,CG007,5,9.85,31.11,10.53,2.48,2.56,N,N,N,N,Expedite,FCA,1967.3,1945.6,6,21.4,0.89,1-2 days,N,Delivered,Documentation issue,3547.43,562.61,1296.87,507.37,5914.28,207703.2,0.0285,455.53,0.02377,N,0,25,Low
SHP00442,PRJ006,2025-02-26,2025-03-29,2025-03-12T13:00:00,2025-03-12T13:19:11,2025-03-22T03:38:36,2025-03-21T22:08:02,F010,F017,P010,P018,Sea Breakbulk,CAR010,V014,CG003,8,7.01,47.12,10.4,4.42,2.92,Y,N,N,N,Expedite,FCA,4889.0,4824.2,11,0,0.0,On time,Y,Delivered,None,11248.43,951.03,1130.97,434.07,13764.5,343257.95,0.0401,899.02,0.02658,N,0,30,Low
SHP00443,PRJ002,2025-11-04,2025-11-29,2025-11-26T14:00:00,2025-11-26T16:58:52,2025-11-29T06:52:38,2025-11-29T23:16:56,F014,F008,P003,P012,RoRo,CAR003,V010,CG008,1,47.3,548.62,41.08,11.37,10.71,Y,Y,N,N,Standard,DAP,500.3,504.9,4,16.4,0.68,On time,Y,Delivered,Weather disruption,5254.29,884.1,3060.07,1177.37,10375.83,1214223.28,0.0085,1101.99,0.04614,N,0,51,Medium
SHP00444,PRJ007,2024-12-15,2024-12-31,2024-12-25T11:00:00,2024-12-25T11:49:58,2024-12-26T13:36:00,2024-12-26T15:23:24,F011,F001,,,Road,CAR001,,CG001,6,4.18,15.05,6.85,1.8,1.78,N,N,N,N,Standard,DDP,1418.9,1456.3,2,1.8,0.07,On time,Y,Delivered,None,2473.23,241.24,0,551.49,3265.96,303150.09,0.0108,578.3,0.095,N,0,14,Low
SHP00445,PRJ001,2024-03-15,2024-04-25,2024-04-21T11:00:00,2024-04-21T13:19:31,2024-04-24T20:42:57,2024-04-25T09:47:01,F001,F007,P001,P005,Sea Breakbulk,CAR004,V001,CG003,5,7.64,36.55,9.92,3.15,2.7,Y,N,N,N,Standard,DDP,1060.8,1103.0,4,13.1,0.54,On time,Y,Delivered,None,5584.6,779.6,1036.56,757.53,8158.28,390145.92,0.0209,367.91,0.04366,N,0,33,Low
SHP00446,PRJ001,2024-12-18,2025-01-01,2024-12-31T14:00:00,2024-12-31T16:05:24,2025-01-03T20:41:42,2025-01-05T16:21:20,F005,F007,P002,P005,Sea Breakbulk,CAR004,V012,CG001,8,3.2,28.99,11.07,3.04,2.89,Y,N,N,N,Standard,DDP,1183.0,1201.9,4,43.7,1.82,1-2 days,N,Delivered,Customs hold,5098.46,558.15,1377.2,366.64,7400.45,228339.47,0.0324,113.78,0.02958,N,0,37,Low
SHP00447,PRJ005,2024-10-24,2024-12-09,2024-12-03T12:00:00,2024-12-03T13:16:11,2024-12-11T02:10:25,2024-12-10T21:06:17,F004,F016,P004,P016,Sea Breakbulk,CAR010,V004,CG002,7,14.68,69.76,14.52,4.26,3.55,Y,N,N,N,Standard,CFR,3174.7,3295.4,9,0,0.0,On time,Y,Delivered,None,8427.68,1044.33,1559.62,802.56,11834.18,121650.32,0.0973,1178.86,0.02437,N,0,38,Low
SHP00448,PRJ002,2024-11-08,2024-12-16,2024-12-09T10:00:00,2024-12-09T10:19:31,2024-12-14T20:17:14,2024-12-15T01:43:26,F012,F008,P007,P012,Intermodal,CAR006,,CG005,1,23.96,104.43,14.7,5.21,4.42,Y,N,N,N,Expedite,FCA,2397.9,2375.1,6,5.4,0.23,On time,Y,Delivered,None,5822.55,882.34,1160.36,987.53,8852.78,878614.28,0.0101,1045.0,0.01836,N,0,32,Low
SHP00449,PRJ005,2025-06-16,2025-08-08,2025-07-27T10:00:00,2025-07-27T09:29:39,2025-08-03T22:29:05,2025-08-03T16:53:30,F004,F016,P004,P016,Sea Breakbulk,CAR007,V011,CG008,2,107.09,373.87,37.74,10.62,8.3,Y,Y,N,N,Expedite,DAP,3580.8,3613.0,8,0,0.0,On time,Y,Delivered,None,42624.39,5716.52,3750.83,1337.17,53428.92,2947853.6,0.0181,9412.2,0.02433,N,0,59,Medium
SHP00450,PRJ001,2025-04-08,2025-05-25,2025-05-20T13:00:00,2025-05-20T12:16:30,2025-05-25T12:23:44,2025-05-26T00:36:35,F009,F007,P009,P005,Intermodal,CAR006,,CG002,5,14.12,53.14,12.19,3.55,2.93,Y,N,N,N,Critical,DDP,1736.4,1736.2,6,12.2,0.51,On time,Y,Delivered,None,6701.6,902.54,978.68,779.28,9362.1,125889.48,0.0744,780.38,0.03183,N,0,35,Low
SHP00451,PRJ001,2025-01-19,2025-03-01,2025-02-18T07:00:00,2025-02-18T07:07:36,2025-02-24T14:03:28,2025-02-26T02:00:15,F012,F007,P007,P005,Sea Breakbulk,CAR004,V012,CG007,3,14.82,53.3,11.85,3.91,3.22,Y,N,N,N,Standard,EXW,1928.9,1973.1,7,35.9,1.5,1-2 days,N,Delivered,Carrier capacity,6785.78,658.65,1021.07,944.53,9410.04,247048.76,0.0381,708.63,0.02423,Y,12797.39,27,Low
SHP00452,PRJ002,2024-03-27,2024-04-26,2024-04-16T15:00:00,2024-04-16T17:12:16,2024-04-22T06:50:14,2024-04-22T10:41:50,F010,F008,P010,P012,Container Sea,CAR005,V013,CG001,4,5.49,15.86,8.06,2.39,1.56,N,N,N,N,Standard,DAP,2216.6,2229.5,7,3.9,0.16,On time,Y,Delivered,None,2755.38,313.04,740.34,719.69,4528.45,441594.23,0.0103,280.78,0.02294,N,0,37,Low
SHP00453,PRJ002,2025-11-05,2025-12-26,2025-12-15T09:00:00,2025-12-15T11:08:39,2025-12-19T15:34:31,2025-12-20T05:03:39,F004,F008,P004,P012,Sea Breakbulk,CAR010,V014,CG006,4,24.75,38.5,12.62,3.15,2.91,Y,N,N,N,Standard,EXW,1347.8,1389.9,5,13.5,0.56,On time,Y,Delivered,Port congestion,6738.23,624.37,1361.01,855.1,9578.71,142545.39,0.0672,863.56,0.0251,N,0,33,Low
SHP00454,PRJ007,2025-03-19,2025-04-15,2025-04-08T13:00:00,2025-04-08T14:07:57,2025-04-12T07:16:48,2025-04-12T04:33:25,F005,F001,P002,P001,Intermodal,CAR006,,CG005,6,19.9,120.88,19.87,5.82,4.09,Y,N,N,N,Standard,CFR,757.3,756.3,5,0,0.0,On time,Y,Delivered,None,4208.73,295.54,1530.58,0,6034.85,678754.04,0.0089,892.1,0.05927,N,0,26,Low
SHP00455,PRJ001,2025-09-11,2025-10-14,2025-10-05T15:00:00,2025-10-05T17:15:57,2025-10-10T18:08:56,2025-10-10T23:48:45,F012,F007,P007,P005,Intermodal,CAR006,,CG003,1,8.83,31.28,8.1,2.24,2.97,N,N,N,N,Critical,CFR,2025.9,2049.5,6,5.7,0.24,On time,Y,Delivered,None,4094.61,363.97,1211.32,538.76,6208.66,429489.38,0.0145,330.5,0.01826,N,0,9,Low
SHP00456,PRJ007,2024-03-15,2024-04-03,2024-03-25T11:00:00,2024-03-25T13:50:19,2024-03-29T17:24:05,2024-03-30T20:41:30,F012,F001,P007,P001,Sea Breakbulk,CAR004,V012,CG007,3,14.48,39.46,9.22,3.19,2.86,Y,N,N,N,Standard,DDP,1889.4,1891.5,5,27.3,1.14,On time,Y,Delivered,Road permit delay,7028.37,888.61,1673.04,686.53,10276.55,314475.69,0.0327,999.17,0.03648,Y,3112.06,19,Low
SHP00457,PRJ002,2024-04-02,2024-04-23,2024-04-16T10:00:00,2024-04-16T11:00:44,2024-04-23T13:02:23,2024-04-24T07:37:46,F012,F008,P007,P012,Intermodal,CAR006,,CG003,1,6.13,37.67,11.01,3.22,2.57,Y,N,N,N,Critical,DDP,2371.9,2426.9,8,18.6,0.77,1-2 days,N,Delivered,Documentation issue,5623.81,732.35,1201.88,697.87,8255.91,330130.54,0.025,273.54,0.01839,N,0,42,Low
SHP00458,PRJ004,2025-03-17,2025-05-06,2025-05-01T12:00:00,2025-05-01T12:15:30,2025-05-01T22:48:00,2025-05-01T21:35:54,F009,F018,,,Road,CAR008,,CG002,8,21.02,75.18,14.36,5.09,3.58,Y,N,N,N,Standard,DDP,347.7,349.2,1,0,0.0,On time,Y,Delivered,None,1722.46,239.83,0,0,1962.29,234667.39,0.0084,697.32,0.095,N,0,38,Low
SHP00459,PRJ007,2024-10-23,2024-11-29,2024-11-22T08:00:00,2024-11-22T07:15:49,2024-11-27T06:07:42,2024-11-27T23:19:18,F010,F001,P010,P001,Container Sea,CAR005,V003,CG001,5,5.08,12.71,5.95,1.7,2.38,N,N,N,N,Standard,FCA,1453.8,1485.2,6,17.2,0.72,On time,Y,Delivered,Customs hold,2852.02,432.25,869.48,831.99,4985.74,369454.53,0.0135,308.74,0.04092,N,0,30,Low
SHP00460,PRJ003,2025-01-12,2025-02-17,2025-02-07T15:00:00,2025-02-07T14:17:45,2025-02-10T18:14:25,2025-02-10T16:05:25,F012,F011,P007,P006,Sea Breakbulk,CAR010,V007,CG007,2,11.37,28.05,9.04,2.65,2.58,Y,N,N,N,Standard,DAP,122.2,124.8,4,0,0.0,On time,Y,Delivered,Carrier capacity,4312.15,370.7,1530.11,692.94,6905.9,230238.49,0.03,63.76,0.04493,N,0,27,Low
SHP00461,PRJ001,2024-08-31,2024-10-17,2024-10-14T10:00:00,2024-10-14T12:31:58,2024-10-17T07:39:20,2024-10-18T05:23:53,F003,F007,P003,P005,Sea Breakbulk,CAR004,V001,CG008,2,119.64,493.99,37.62,10.84,9.61,Y,Y,N,N,Standard,DDP,758.1,776.4,4,21.7,0.91,On time,Y,Delivered,None,16045.71,2560.61,4361.23,1651.33,24618.89,3179244.38,0.0077,5511.58,0.05934,N,0,54,Medium
SHP00462,PRJ006,2024-11-09,2024-12-05,2024-12-02T14:00:00,2024-12-02T14:36:48,2024-12-06T20:18:00,2024-12-06T20:45:03,F010,F017,,,Road,CAR001,,CG005,2,32.8,134.92,17.63,7.27,4.87,Y,N,N,N,Critical,CFR,5538.2,5656.7,5,0.5,0.02,On time,Y,Delivered,None,43839.58,4609.09,0,604.01,49052.68,1169123.8,0.042,17626.28,0.095,N,0,28,Low
SHP00463,PRJ001,2023-12-26,2024-01-27,2024-01-22T14:00:00,2024-01-22T14:58:41,2024-01-28T13:08:15,2024-01-29T03:07:15,F012,F007,P007,P005,Sea Breakbulk,CAR004,V008,CG007,2,10.15,50.12,12.9,4.17,3.5,Y,N,N,N,Standard,FCA,1981.0,2054.0,7,14.0,0.58,On time,Y,Delivered,None,6273.6,399.43,1296.52,451.93,8421.47,176575.01,0.0477,505.76,0.02426,N,0,36,Low
SHP00464,PRJ002,2024-05-31,2024-07-19,2024-07-12T13:00:00,2024-07-12T13:33:43,2024-07-19T07:28:14,2024-07-19T15:49:20,F011,F008,P006,P012,Intermodal,CAR006,,CG001,1,5.97,18.35,7.34,2.56,2.09,Y,N,N,N,Critical,EXW,2606.6,2636.5,8,8.4,0.35,On time,Y,Delivered,None,5829.57,677.41,763.45,528.04,7798.47,459125.97,0.017,300.83,0.01911,N,0,42,Low
SHP00465,PRJ006,2025-04-14,2025-05-16,2025-04-28T10:00:00,2025-04-28T12:46:58,2025-05-09T16:04:51,2025-05-09T17:01:34,F012,F017,P007,P018,Sea Breakbulk,CAR010,V007,CG008,2,122.05,407.3,27.72,10.99,9.07,Y,Y,N,N,Critical,DAP,5104.3,5228.4,12,0.9,0.04,On time,Y,Delivered,None,81865.1,9517.28,3965.52,1878.13,97226.04,3196252.19,0.0304,15499.61,0.02429,N,0,59,Medium
SHP00466,PRJ006,2025-01-13,2025-02-23,2025-02-11T12:00:00,2025-02-11T14:23:00,2025-02-21T06:55:19,2025-02-23T06:17:22,F014,F017,P003,P018,Sea Breakbulk,CAR004,V008,CG006,1,43.25,114.06,14.31,5.81,4.94,Y,N,N,N,Critical,EXW,5711.1,5917.9,11,47.4,1.97,1-2 days,N,Delivered,Documentation issue,32789.18,4002.39,1519.8,958.8,39270.16,243292.49,0.1614,6544.13,0.02557,N,0,38,Low
SHP00467,PRJ007,2025-04-09,2025-05-09,2025-05-04T08:00:00,2025-05-04T10:08:10,2025-05-04T16:24:00,2025-05-04T21:52:54,F005,F001,,,Road,CAR011,,CG004,2,62.16,106.62,17.18,5.77,4.93,Y,Y,N,N,Standard,CFR,226.5,230.8,1,5.5,0.23,On time,Y,Delivered,None,3000.17,269.39,0,0,3269.56,1199331.28,0.0027,1362.92,0.095,N,0,49,Medium
SHP00468,PRJ007,2024-02-20,2024-03-26,2024-03-14T15:00:00,2024-03-14T15:29:07,2024-03-18T18:23:31,2024-03-18T14:15:17,F010,F001,P010,P001,Container Sea,CAR005,V013,CG009,7,20.22,17.87,6.73,2.11,1.77,N,N,Y,N,Critical,FCA,1432.8,1431.8,5,0,0.0,On time,Y,Delivered,Port congestion,5517.47,584.16,1521.38,879.67,8502.68,180149.36,0.0472,1224.39,0.04229,N,0,39,Low
SHP00469,PRJ006,2024-11-26,2024-12-27,2024-12-17T14:00:00,2024-12-17T13:13:09,2024-12-28T06:53:15,2024-12-29T10:34:25,F001,F017,P001,P018,Sea Breakbulk,CAR007,V011,CG009,3,11.76,27.02,9.11,2.4,1.98,N,N,Y,N,Critical,DDP,5587.3,5699.7,12,27.7,1.15,1-2 days,N,Delivered,Carrier capacity,12872.81,1842.83,1225.71,724.41,16665.76,103918.29,0.1604,1867.19,0.02786,N,0,45,Medium
SHP00470,PRJ007,2024-11-02,2024-11-20,2024-11-12T07:00:00,2024-11-12T06:30:49,2024-11-12T19:36:00,2024-11-12T18:19:58,F013,F001,,,Road,CAR008,,CG007,6,13.04,27.74,8.38,2.56,2.37,Y,N,N,N,Standard,EXW,313.7,311.0,1,0,0.0,On time,Y,Delivered,None,1321.88,137.62,0,0,1459.5,289585.73,0.005,385.27,0.095,N,0,34,Low
SHP00471,PRJ002,2025-09-02,2025-09-24,2025-09-15T07:00:00,2025-09-15T09:44:55,2025-09-19T02:12:03,2025-09-19T14:05:51,F015,F008,P011,P012,Intermodal,CAR006,,CG009,8,3.52,44.4,13.41,3.33,2.93,Y,N,Y,N,Standard,FCA,430.2,423.5,5,11.9,0.5,On time,Y,Delivered,None,2662.75,191.66,930.5,0,3784.91,28143.38,0.1345,38.93,0.02611,N,0,49,Medium
SHP00472,PRJ006,2025-07-21,2025-08-24,2025-08-12T09:00:00,2025-08-12T08:21:32,2025-08-22T08:44:36,2025-08-23T09:43:12,F010,F017,P010,P018,Sea Breakbulk,CAR004,V008,CG001,1,5.32,11.04,6.86,1.26,1.24,N,N,N,N,Standard,DDP,4988.6,5090.6,11,25.0,1.04,On time,Y,Delivered,Port congestion,6343.93,863.0,1169.43,369.87,8746.23,387824.79,0.0226,711.12,0.02626,N,0,23,Low
SHP00473,PRJ004,2024-06-13,2024-07-12,2024-07-03T11:00:00,2024-07-03T11:08:14,2024-07-04T04:36:00,2024-07-04T07:59:13,F001,F018,,,Road,CAR012,,CG003,2,2.65,56.13,10.5,3.4,3.02,Y,N,N,N,Standard,DAP,641.1,664.7,2,3.4,0.14,On time,Y,Delivered,None,1649.92,102.38,0,620.03,2372.33,133114.48,0.0178,167.34,0.095,N,0,19,Low
SHP00474,PRJ003,2025-03-20,2025-04-17,2025-04-07T15:00:00,2025-04-07T16:52:29,2025-04-14T13:40:16,2025-04-15T15:21:39,F015,F011,P011,P006,Intermodal,CAR006,,CG009,5,16.3,21.94,9.0,2.05,2.05,N,N,Y,N,Standard,DDP,2225.0,2272.8,8,25.7,1.07,On time,Y,Delivered,Customs hold,3206.34,291.42,1585.49,949.41,6032.66,115265.44,0.0523,759.84,0.02051,N,0,39,Low
SHP00475,PRJ006,2024-06-19,2024-08-01,2024-07-25T13:00:00,2024-07-25T13:50:58,2024-08-03T17:40:24,2024-08-03T06:31:56,F010,F017,P010,P018,Sea Breakbulk,CAR010,V004,CG001,3,5.04,27.04,9.16,2.93,3.01,Y,N,N,N,Standard,DAP,4412.0,4527.1,10,0,0.0,On time,Y,Delivered,None,8015.97,1251.85,947.86,414.23,10629.92,340470.43,0.0312,608.04,0.02665,Y,13483.14,37,Low
SHP00476,PRJ001,2024-02-27,2024-03-25,2024-03-12T11:00:00,2024-03-12T10:46:40,2024-03-17T03:04:07,2024-03-17T12:13:53,F010,F007,P010,P005,Intermodal,CAR006,,CG007,1,11.68,39.08,12.15,2.88,2.73,Y,N,N,N,Standard,DDP,2064.8,2070.4,6,9.2,0.38,On time,Y,Delivered,None,4040.12,458.43,892.32,580.82,5971.7,194441.13,0.0307,569.47,0.02355,N,0,38,Low
SHP00477,PRJ003,2024-11-07,2024-12-11,2024-12-02T07:00:00,2024-12-02T07:00:31,2024-12-03T19:54:00,2024-12-03T20:39:31,F005,F011,,,Road,CAR002,,CG001,6,5.36,9.55,4.94,1.77,0.94,N,N,N,N,Standard,DDP,1405.3,1461.7,2,0.8,0.03,On time,Y,Delivered,None,2611.9,235.13,0,844.78,3691.81,358648.37,0.0103,744.3,0.095,N,0,19,Low
SHP00478,PRJ002,2025-04-27,2025-05-12,2025-05-04T12:00:00,2025-05-04T14:39:03,2025-05-05T01:06:00,2025-05-05T02:35:05,F015,F008,,,Road,CAR001,,CG009,6,9.18,24.14,9.6,2.89,2.69,Y,N,Y,Y,Expedite,EXW,373.6,372.8,2,1.5,0.06,On time,Y,Delivered,None,1701.22,144.21,0,0,1845.43,63417.72,0.0291,325.12,0.095,N,0,41,Low
SHP00479,PRJ001,2025-01-31,2025-02-19,2025-02-07T11:00:00,2025-02-07T11:05:00,2025-02-12T05:51:53,2025-02-11T22:58:45,F013,F007,P001,P005,Intermodal,CAR006,,CG009,7,24.1,25.07,9.07,2.79,1.96,Y,N,Y,N,Critical,FCA,839.9,840.8,6,0,0.0,On time,Y,Delivered,None,5006.44,534.69,2006.26,970.76,8518.15,169677.75,0.0502,377.17,0.01861,N,0,41,Low
SHP00480,PRJ006,2024-07-04,2024-08-02,2024-07-22T13:00:00,2024-07-22T14:08:17,2024-08-02T08:04:12,2024-08-01T21:24:30,F011,F017,P006,P018,Container Sea,CAR005,V013,CG010,1,3.45,16.14,6.63,1.9,2.1,N,N,N,N,Critical,FCA,4750.8,4939.5,12,0,0.0,On time,Y,Delivered,None,5255.98,493.27,998.34,414.96,7162.55,437381.47,0.0164,318.64,0.0187,N,0,30,Low
SHP00481,PRJ006,2025-01-08,2025-03-01,2025-02-14T15:00:00,2025-02-14T15:13:05,2025-02-25T04:10:56,2025-02-24T22:59:34,F001,F017,P001,P018,Sea Breakbulk,CAR004,V008,CG009,2,20.36,42.77,11.7,2.58,3.28,Y,N,Y,Y,Critical,FCA,5650.6,5680.8,12,0,0.0,On time,Y,Delivered,None,21791.61,2630.13,1295.68,991.52,26708.93,140176.26,0.1905,3217.63,0.02782,N,0,41,Low
SHP00482,PRJ002,2024-04-05,2024-04-28,2024-04-16T12:00:00,2024-04-16T13:36:50,2024-04-20T05:56:54,2024-04-22T03:50:39,F002,F008,P001,P012,Sea Breakbulk,CAR004,V001,CG009,2,14.6,25.91,8.26,1.94,2.62,N,N,Y,N,Standard,FCA,1380.9,1427.2,5,45.9,1.91,1-2 days,N,Delivered,Documentation issue,4954.19,492.43,1863.23,883.22,8193.07,106878.73,0.0767,928.0,0.04454,N,0,49,Medium
SHP00483,PRJ001,2024-12-28,2025-02-11,2025-02-06T09:00:00,2025-02-06T10:46:31,2025-02-10T02:49:04,2025-02-11T07:43:18,F004,F007,P004,P005,Sea Breakbulk,CAR004,V012,CG006,5,30.07,76.6,18.31,4.72,4.26,Y,N,N,N,Standard,DAP,860.0,879.8,5,28.9,1.2,On time,Y,Delivered,Carrier capacity,6027.07,644.76,1552.98,549.88,8774.69,164088.68,0.0535,672.29,0.02541,N,0,36,Low
SHP00484,PRJ007,2023-12-23,2024-02-06,2024-02-02T14:00:00,2024-02-02T13:55:00,2024-02-08T09:45:59,2024-02-09T00:30:38,F011,F001,P006,P001,Sea Breakbulk,CAR010,V014,CG001,5,4.3,14.58,6.22,2.89,1.07,Y,N,N,N,Standard,DAP,1957.0,1995.8,7,14.7,0.61,On time,Y,Delivered,Weather disruption,6018.38,932.61,1472.96,453.43,8877.38,299763.65,0.0296,301.1,0.03509,N,0,40,Low
SHP00485,PRJ007,2023-12-19,2024-01-27,2024-01-15T14:00:00,2024-01-15T16:34:26,2024-01-20T05:26:52,2024-01-21T16:09:49,F010,F001,P010,P001,Sea Breakbulk,CAR007,V011,CG005,4,23.2,58.49,14.35,3.54,3.14,Y,N,N,N,Standard,DDP,1489.5,1513.2,6,34.7,1.45,1-2 days,N,Delivered,Road permit delay,7677.08,1196.35,1645.87,991.15,11510.45,719152.35,0.016,1619.7,0.04614,N,0,25,Low
SHP00486,PRJ005,2025-11-20,2025-12-20,2025-12-17T14:00:00,2025-12-17T14:58:28,2025-12-20T17:24:00,2025-12-20T19:16:36,F002,F016,,,Road,CAR011,,CG009,1,12.36,34.29,8.65,3.06,2.79,Y,N,Y,N,Expedite,DAP,4187.7,4274.7,4,1.9,0.08,On time,Y,Delivered,None,15906.41,2474.68,0,1106.81,19487.9,92805.7,0.21,5019.35,0.095,N,0,42,Low
SHP00487,PRJ002,2025-11-22,2026-01-03,2025-12-29T12:00:00,2025-12-29T14:46:13,2026-01-04T04:10:10,2026-01-04T14:45:47,F012,F008,P007,P012,Intermodal,CAR006,,CG001,4,5.36,16.08,6.88,2.33,2.32,N,N,N,N,Standard,DDP,2487.8,2446.1,7,10.6,0.44,On time,Y,Delivered,None,2673.59,304.61,900.87,689.92,4568.99,427941.66,0.0107,240.79,0.01837,N,0,21,Low
SHP00488,PRJ002,2025-03-17,2025-04-19,2025-04-07T15:00:00,2025-04-07T16:01:06,2025-04-13T15:06:33,2025-04-15T04:39:47,F010,F008,P010,P012,Intermodal,CAR006,,CG003,5,9.74,28.71,8.28,2.81,2.07,Y,N,N,N,Standard,CFR,2240.8,2204.9,7,37.6,1.56,1-2 days,N,Delivered,Customs hold,4031.12,582.15,1010.55,860.95,6484.77,534119.91,0.0121,499.74,0.02327,N,0,37,Low
SHP00489,PRJ007,2023-12-23,2024-01-11,2024-01-03T10:00:00,2024-01-03T12:05:29,2024-01-08T00:22:42,2024-01-08T20:23:21,F014,F001,P003,P001,Intermodal,CAR006,,CG004,2,63.12,187.07,26.49,7.37,6.6,Y,Y,N,N,Standard,FCA,1100.0,1101.1,6,20.0,0.83,On time,Y,Delivered,Port congestion,9491.72,588.12,3205.92,0,13285.76,1135900.84,0.0117,3395.85,0.04886,N,0,50,Medium
SHP00490,PRJ006,2025-11-29,2026-01-10,2025-12-24T13:00:00,2025-12-24T12:29:04,2026-01-03T16:25:43,2026-01-04T09:13:18,F004,F017,P004,P018,Sea Breakbulk,CAR004,V008,CG008,1,86.22,604.61,33.67,12.68,11.05,Y,Y,N,N,Expedite,DAP,5333.2,5399.5,11,16.8,0.7,On time,Y,Delivered,Port congestion,52102.26,6109.96,3603.22,1350.96,63166.4,1946113.26,0.0325,11375.69,0.02444,N,0,49,Medium
SHP00491,PRJ001,2024-01-27,2024-03-05,2024-02-22T11:00:00,2024-02-22T11:42:04,2024-02-26T19:54:36,2024-02-26T20:18:41,F013,F007,P001,P005,Intermodal,CAR006,,CG007,5,10.28,34.81,9.81,3.06,2.23,Y,N,N,N,Standard,DDP,862.4,855.9,5,0.4,0.02,On time,Y,Delivered,None,2925.57,244.36,1242.2,574.05,4986.18,190532.69,0.0262,163.21,0.01855,N,0,26,Low
SHP00492,PRJ001,2024-03-03,2024-04-28,2024-04-15T12:00:00,2024-04-15T12:50:43,2024-04-21T07:22:58,2024-04-21T03:37:06,F012,F007,P007,P005,Sea Breakbulk,CAR010,V007,CG003,7,9.74,52.28,13.67,3.96,2.99,Y,N,N,N,Expedite,DDP,2137.4,2114.4,7,0,0.0,On time,Y,Delivered,Road permit delay,7933.96,600.38,1436.9,473.86,10445.1,533591.76,0.0196,499.04,0.02423,N,0,35,Low
SHP00493,PRJ006,2025-05-26,2025-06-30,2025-06-18T14:00:00,2025-06-18T15:07:55,2025-06-28T07:35:46,2025-06-28T06:14:43,F012,F017,P007,P018,Container Sea,CAR005,V003,CG001,8,5.25,24.48,7.36,2.42,1.84,N,N,N,N,Standard,DDP,4990.5,5196.6,11,0,0.0,On time,Y,Delivered,None,3664.5,501.73,1113.28,834.6,6114.11,433540.41,0.0141,499.81,0.01832,N,0,25,Low
SHP00494,PRJ004,2025-07-07,2025-08-02,2025-07-28T11:00:00,2025-07-28T10:09:29,2025-08-02T16:25:47,2025-08-03T01:51:02,F014,F018,P003,P009,Intermodal,CAR006,,CG004,2,85.8,276.85,31.42,9.07,7.63,Y,Y,N,N,Expedite,CFR,1343.6,1373.5,6,9.4,0.39,On time,Y,Delivered,None,11779.22,1699.47,3712.79,1045.83,18237.31,1647211.25,0.0111,3142.62,0.02667,N,0,50,Medium
SHP00495,PRJ002,2024-03-20,2024-04-10,2024-04-08T12:00:00,2024-04-08T13:36:00,2024-04-11T22:23:23,2024-04-13T02:32:26,F013,F008,P001,P012,RoRo,CAR003,V006,CG010,3,3.65,7.72,4.11,2.7,1.21,Y,N,N,N,Standard,DDP,1002.3,1035.3,4,28.2,1.17,On time,Y,Delivered,Documentation issue,2738.79,377.47,1163.81,515.67,4795.73,502366.63,0.0095,116.13,0.03073,N,0,46,Medium
SHP00496,PRJ001,2024-08-21,2024-09-13,2024-09-13T10:00:00,2024-09-13T10:27:57,2024-09-14T23:06:00,2024-09-15T06:38:22,F009,F007,,,Road,CAR011,,CG002,7,13.04,1.69,2.33,0.61,1.3,N,N,N,N,Expedite,DDP,1775.0,1816.3,2,7.5,0.31,On time,Y,Delivered,Road permit delay,5292.23,452.29,0,468.5,6213.02,127368.42,0.0488,2250.03,0.095,N,0,15,Low
SHP00497,PRJ007,2024-08-22,2024-09-01,2024-08-30T14:00:00,2024-08-30T13:04:27,2024-08-30T22:30:00,2024-08-30T20:32:42,F004,F001,,,Road,CAR001,,CG002,8,18.81,62.38,12.67,4.04,3.05,Y,N,N,N,Standard,CFR,289.3,290.3,1,0,0.0,On time,Y,Delivered,None,1442.31,126.41,0,0,1568.72,208925.02,0.0075,518.75,0.095,N,0,19,Low
SHP00498,PRJ006,2025-01-22,2025-02-25,2025-02-10T14:00:00,2025-02-10T13:51:31,2025-02-22T03:55:52,2025-02-22T08:41:29,F005,F017,P002,P018,Sea Breakbulk,CAR010,V014,CG005,1,23.8,102.0,13.35,5.02,4.55,Y,N,N,N,Critical,DAP,5188.4,5296.0,13,4.8,0.2,On time,Y,Delivered,None,21681.08,2199.23,1448.06,821.55,26149.93,657523.28,0.0398,3232.24,0.02564,N,0,35,Low
SHP00499,PRJ006,2025-01-10,2025-02-02,2025-01-20T09:00:00,2025-01-20T08:28:19,2025-01-25T23:00:00,2025-01-26T01:04:39,F014,F017,,,Road,CAR002,,CG006,7,38.34,87.21,15.89,4.95,4.52,Y,N,N,N,Critical,DAP,6224.0,6361.5,6,2.1,0.09,On time,Y,Delivered,None,54659.9,3653.48,0,816.96,59130.35,179616.31,0.3292,23170.49,0.095,N,0,37,Low
SHP00500,PRJ006,2024-11-01,2024-11-30,2024-11-12T11:00:00,2024-11-12T11:19:20,2024-11-23T08:57:36,2024-11-22T16:47:16,F014,F017,P003,P018,Sea Breakbulk,CAR007,V011,CG004,1,51.11,155.53,22.53,5.93,6.04,Y,Y,N,N,Standard,DDP,5947.0,6031.9,12,0,0.0,On time,Y,Delivered,None,31312.58,2126.75,2641.26,863.13,36943.72,949853.2,0.0389,7841.31,0.02543,N,0,46,Medium
SHP00501,PRJ006,2024-08-11,2024-09-26,2024-09-18T08:00:00,2024-09-18T07:52:22,2024-09-28T03:46:09,2024-09-29T02:34:00,F005,F017,P002,P018,Intermodal,CAR006,,CG004,1,79.19,302.55,27.62,8.8,7.95,Y,Y,N,N,Standard,DAP,5478.2,5520.4,11,22.8,0.95,On time,Y,Delivered,Weather disruption,21351.89,1977.01,3166.91,1169.45,27665.25,1509804.59,0.0183,8654.87,0.0198,N,0,69,Medium
SHP00502,PRJ001,2024-12-21,2025-02-08,2025-02-04T10:00:00,2025-02-04T10:36:03,2025-02-08T23:37:18,2025-02-10T04:28:33,F004,F007,P004,P005,Intermodal,CAR006,,CG002,1,21.2,77.47,11.95,4.59,3.62,Y,N,N,N,Standard,DDP,832.3,849.3,5,28.9,1.2,On time,Y,Delivered,Carrier capacity,3207.9,493.82,1169.02,464.47,5335.21,166304.21,0.0321,353.31,0.01962,N,0,34,Low
SHP00503,PRJ004,2025-01-10,2025-02-06,2025-01-30T10:00:00,2025-01-30T12:34:25,2025-02-02T15:49:17,2025-02-03T07:22:35,F002,F018,P001,P009,Container Sea,CAR005,V003,CG010,5,5.07,10.29,6.35,1.5,0.88,N,N,N,N,Standard,EXW,1189.5,1197.7,4,15.6,0.65,On time,Y,Delivered,Carrier capacity,2783.65,289.9,1408.57,420.02,4902.13,708780.25,0.0069,297.51,0.04899,N,0,12,Low
SHP00504,PRJ005,2024-08-28,2024-09-19,2024-09-09T07:00:00,2024-09-09T06:39:54,2024-09-15T20:15:06,2024-09-15T23:33:00,F012,F016,P007,P016,Sea Breakbulk,CAR004,V008,CG004,1,100.49,177.5,25.36,7.01,5.82,Y,Y,N,N,Standard,DDP,3315.9,3345.0,7,3.3,0.14,On time,Y,Delivered,None,30464.14,3982.17,3519.35,1572.12,39537.79,2030585.57,0.0195,8114.43,0.02414,N,0,54,Medium
SHP00505,PRJ002,2024-01-17,2024-03-04,2024-02-27T07:00:00,2024-02-27T08:02:51,2024-03-01T22:08:24,2024-03-02T14:39:56,F001,F008,P001,P012,RoRo,CAR003,V006,CG010,8,1.97,10.07,4.88,2.41,1.35,N,N,N,N,Critical,DDP,1369.4,1356.1,4,16.5,0.69,1-2 days,N,Delivered,None,3786.17,314.7,1274.99,833.52,6209.39,258197.04,0.024,124.43,0.04658,N,0,26,Low
SHP00506,PRJ006,2025-03-28,2025-04-19,2025-04-06T09:00:00,2025-04-06T10:10:54,2025-04-15T15:02:45,2025-04-18T04:55:10,F014,F017,P003,P018,Intermodal,CAR006,,CG008,1,107.19,530.02,39.26,11.99,10.32,Y,Y,N,N,Standard,FCA,5577.1,5580.7,10,61.9,2.58,3-5 days,N,Delivered,Port congestion,27404.01,1897.0,3944.53,1685.2,34930.74,2979762.59,0.0117,11753.83,0.01965,N,0,71,Medium
SHP00507,PRJ003,2025-06-09,2025-07-12,2025-07-09T13:00:00,2025-07-09T12:25:47,2025-07-13T17:12:23,2025-07-14T01:26:21,F004,F011,P004,P006,Sea Breakbulk,CAR010,V004,CG002,3,23.7,70.56,16.9,4.2,4.06,Y,N,N,N,Standard,DDP,1370.9,1346.2,5,8.2,0.34,On time,Y,Delivered,Customs hold,6582.6,967.72,1553.56,1008.28,10112.17,266621.52,0.0379,845.64,0.0265,N,0,25,Low
SHP00508,PRJ002,2024-11-29,2025-01-05,2025-01-02T07:00:00,2025-01-02T06:24:38,2025-01-06T11:43:39,2025-01-06T18:46:40,F005,F008,P002,P012,RoRo,CAR003,V002,CG004,1,56.73,216.75,19.27,7.43,6.69,Y,Y,N,N,Standard,DAP,1531.1,1553.4,5,7.1,0.29,On time,Y,Delivered,Carrier capacity,10012.61,1010.76,2952.38,751.09,14726.83,1377482.53,0.0107,3080.33,0.03495,N,0,54,Medium
SHP00509,PRJ001,2024-01-02,2024-01-26,2024-01-22T15:00:00,2024-01-22T15:19:28,2024-01-27T01:29:59,2024-01-27T08:03:39,F013,F007,P001,P005,Sea Breakbulk,CAR007,V005,CG003,5,6.31,37.01,9.58,3.32,2.84,Y,N,N,N,Standard,DAP,841.3,831.0,6,6.6,0.27,On time,Y,Delivered,None,4831.87,455.86,1252.64,316.96,6857.33,345628.29,0.0198,128.72,0.02455,N,0,37,Low
SHP00510,PRJ006,2025-09-06,2025-10-03,2025-09-17T14:00:00,2025-09-17T15:23:50,2025-09-28T05:59:10,2025-09-27T22:46:31,F001,F017,P001,P018,Sea Breakbulk,CAR004,V012,CG010,5,5.75,12.62,6.08,1.54,1.21,N,N,N,N,Standard,DDP,5738.8,5638.2,12,0,0.0,On time,Y,Delivered,None,6950.91,766.43,1452.3,738.6,9908.25,650066.96,0.0152,914.58,0.02821,N,0,29,Low
SHP00511,PRJ003,2024-04-21,2024-06-01,2024-05-27T11:00:00,2024-05-27T11:24:00,2024-05-31T14:07:29,2024-06-02T05:49:53,F004,F011,P004,P006,Intermodal,CAR006,,CG002,8,17.9,62.43,12.85,4.28,4.04,Y,N,N,N,Critical,CFR,1221.4,1244.2,5,39.7,1.65,1-2 days,N,Delivered,Road permit delay,5432.33,726.13,1179.93,492.92,7831.31,172782.78,0.0453,462.21,0.02075,N,0,49,Medium
SHP00512,PRJ007,2024-08-05,2024-09-19,2024-09-12T07:00:00,2024-09-12T07:58:25,2024-09-17T16:06:54,2024-09-17T09:30:52,F012,F001,P007,P001,Intermodal,CAR006,,CG003,7,9.21,56.25,13.3,3.34,3.51,Y,N,N,N,Critical,FCA,1753.7,1804.6,6,0,0.0,On time,Y,Delivered,None,6291.61,820.16,768.89,469.48,8350.14,490507.66,0.017,523.76,0.03151,N,0,24,Low
SHP00513,PRJ005,2025-11-03,2025-12-24,2025-12-16T11:00:00,2025-12-16T11:24:07,2025-12-23T11:04:08,2025-12-23T18:30:47,F014,F016,P003,P016,Sea Breakbulk,CAR007,V011,CG008,1,95.43,443.18,36.07,10.95,10.12,Y,Y,N,N,Standard,CFR,3752.6,3849.6,8,7.4,0.31,On time,Y,Delivered,None,34415.67,2318.51,3685.59,1575.25,41995.01,2219448.11,0.0189,9540.44,0.02597,N,0,54,Medium
SHP00514,PRJ002,2024-03-25,2024-05-10,2024-05-06T10:00:00,2024-05-06T11:36:57,2024-05-12T09:52:45,2024-05-12T14:10:53,F012,F008,P007,P012,Sea Breakbulk,CAR007,V005,CG005,7,36.83,82.93,14.91,3.84,3.91,Y,N,N,N,Expedite,DDP,2424.9,2500.7,7,4.3,0.18,On time,Y,Delivered,None,12760.31,1746.64,1549.0,645.62,16701.56,1203701.04,0.0139,2240.75,0.02433,N,0,36,Low
SHP00515,PRJ003,2025-02-10,2025-03-22,2025-03-18T14:00:00,2025-03-18T14:21:25,2025-03-24T05:12:33,2025-03-24T09:11:30,F014,F011,P003,P006,Intermodal,CAR006,,CG008,2,90.52,539.69,40.38,11.36,10.32,Y,Y,N,N,Expedite,FCA,2116.2,2121.5,7,4.0,0.17,On time,Y,Delivered,Documentation issue,15318.93,1238.33,3424.59,1258.51,21240.36,2607028.85,0.0081,4470.13,0.02328,N,0,49,Medium
SHP00516,PRJ003,2024-09-01,2024-10-18,2024-10-08T13:00:00,2024-10-08T14:37:54,2024-10-11T19:53:35,2024-10-13T09:51:21,F012,F011,P007,P006,Sea Breakbulk,CAR010,V007,CG006,6,22.03,95.22,13.63,5.31,3.59,Y,N,N,N,Standard,DDP,119.3,119.6,4,38.0,1.58,1-2 days,N,Delivered,Customs hold,4376.19,428.92,1412.89,900.38,7118.39,139391.13,0.0511,114.85,0.04359,N,0,40,Low
SHP00517,PRJ001,2024-01-11,2024-02-19,2024-02-12T13:00:00,2024-02-12T13:20:26,2024-02-16T20:40:43,2024-02-16T18:06:24,F003,F007,P003,P005,Sea Breakbulk,CAR004,V008,CG006,6,27.49,120.78,17.22,6.04,4.72,Y,N,N,N,Standard,DDP,761.5,772.1,5,0,0.0,On time,Y,Delivered,None,6507.13,863.24,1705.1,1034.24,10109.71,134503.56,0.0752,1270.6,0.05986,N,0,28,Low
SHP00518,PRJ007,2025-10-01,2025-11-18,2025-11-10T10:00:00,2025-11-10T11:18:29,2025-11-11T01:54:00,2025-11-11T03:04:56,F003,F001,,,Road,CAR012,,CG002,4,20.35,66.2,13.68,4.5,3.75,Y,N,N,N,Expedite,EXW,529.3,542.1,2,1.2,0.05,On time,Y,Delivered,None,3046.83,278.51,0,0,3325.34,212525.82,0.0156,1048.01,0.095,N,0,32,Low
SHP00519,PRJ006,2025-02-01,2025-03-13,2025-02-26T07:00:00,2025-02-26T08:21:30,2025-03-08T07:44:36,2025-03-08T21:36:51,F012,F017,P007,P018,Intermodal,CAR006,,CG006,8,43.28,103.41,16.02,5.98,4.78,Y,N,N,N,Standard,FCA,5105.6,5259.5,11,13.9,0.58,On time,Y,Delivered,None,9980.41,1600.37,1767.61,1160.51,14508.9,258893.21,0.056,4172.01,0.01833,N,0,45,Medium
SHP00520,PRJ004,2024-08-23,2024-10-04,2024-09-23T12:00:00,2024-09-23T12:25:28,2024-09-27T21:53:06,2024-09-30T09:03:11,F014,F018,P003,P009,Sea Breakbulk,CAR010,V007,CG008,1,92.35,481.04,43.02,12.35,9.74,Y,Y,N,N,Standard,DDP,1445.4,1502.6,5,59.2,2.47,3-5 days,N,Delivered,Road permit delay,17121.44,2306.7,3946.91,1416.07,24791.12,2308152.52,0.0107,4364.38,0.03145,N,0,55,Medium
SHP00521,PRJ007,2025-01-14,2025-02-19,2025-02-10T11:00:00,2025-02-10T12:41:00,2025-02-11T00:06:00,2025-02-11T04:04:40,F002,F001,,,Road,CAR008,,CG010,8,3.98,8.63,4.07,1.68,0.61,N,N,N,N,Expedite,DAP,338.8,349.1,2,4.0,0.17,On time,Y,Delivered,None,1045.36,170.69,0,0,1216.05,441472.23,0.0028,131.99,0.095,N,0,20,Low
SHP00522,PRJ002,2025-10-24,2025-11-28,2025-11-13T15:00:00,2025-11-13T15:29:27,2025-11-20T02:44:55,2025-11-20T11:23:10,F012,F008,P007,P012,Sea Breakbulk,CAR010,V004,CG005,1,35.33,153.77,19.7,6.15,6.03,Y,N,N,N,Standard,DDP,2446.6,2400.6,8,8.6,0.36,On time,Y,Delivered,None,9788.75,1183.48,1439.53,782.93,13194.69,1157332.04,0.0114,2062.61,0.02432,N,0,35,Low
SHP00523,PRJ004,2024-06-29,2024-08-09,2024-08-05T10:00:00,2024-08-05T12:18:27,2024-08-08T23:49:15,2024-08-09T20:46:14,F012,F018,P007,P009,Intermodal,CAR006,,CG003,6,5.45,50.32,10.08,3.69,2.66,Y,N,N,N,Standard,DDP,971.9,990.5,4,20.9,0.87,On time,Y,Delivered,Documentation issue,2973.79,344.98,1423.45,422.07,5164.29,291047.73,0.0177,119.78,0.02219,N,0,31,Low
SHP00524,PRJ001,2025-05-11,2025-06-17,2025-06-13T12:00:00,2025-06-13T14:16:33,2025-06-17T02:27:01,2025-06-17T21:26:34,F001,F007,P001,P005,Sea Breakbulk,CAR007,V011,CG007,5,12.66,33.03,10.71,3.09,2.56,Y,N,N,N,Standard,CFR,1166.4,1162.8,5,19.0,0.79,On time,Y,Delivered,Customs hold,6065.5,931.16,1241.01,421.46,8659.14,293612.89,0.0295,639.32,0.04343,N,0,35,Low
SHP00525,PRJ006,2025-08-04,2025-08-23,2025-08-15T13:00:00,2025-08-15T13:18:04,2025-08-24T17:48:26,2025-08-26T18:39:49,F010,F017,P010,P018,Sea Breakbulk,CAR004,V012,CG005,8,28.21,116.64,18.81,5.5,5.23,Y,N,N,N,Critical,FCA,4936.1,5011.1,10,48.9,2.04,3-5 days,N,Delivered,Customs hold,22229.42,2505.36,1262.41,525.94,26523.14,884407.44,0.03,3720.8,0.02632,N,0,34,Low
SHP00526,PRJ001,2024-01-30,2024-02-10,2024-02-06T13:00:00,2024-02-06T13:34:11,2024-02-11T09:12:40,2024-02-11T02:20:59,F004,F007,P004,P005,Sea Breakbulk,CAR004,V008,CG004,1,41.99,155.7,16.78,6.87,5.54,Y,Y,N,N,Expedite,DAP,902.8,892.8,6,0,0.0,On time,Y,Delivered,None,10777.74,907.49,2576.16,854.41,15115.8,938264.72,0.0161,945.64,0.02522,N,0,48,Medium
SHP00527,PRJ001,2025-01-20,2025-02-08,2025-02-06T11:00:00,2025-02-06T13:27:34,2025-02-10T08:17:22,2025-02-11T06:38:12,F014,F007,P003,P005,Intermodal,CAR006,,CG004,2,82.46,84.66,12.79,4.04,3.82,Y,Y,N,N,Standard,DAP,534.2,524.7,5,22.3,0.93,On time,Y,Delivered,Carrier capacity,6030.6,396.59,3743.8,1079.76,11250.75,1763844.9,0.0064,1479.78,0.0342,N,0,55,Medium
SHP00528,PRJ003,2024-04-30,2024-06-07,2024-05-31T10:00:00,2024-05-31T10:08:22,2024-06-04T22:01:21,2024-06-05T12:16:36,F005,F011,P002,P006,Sea Breakbulk,CAR010,V014,CG001,3,4.49,22.29,8.35,2.69,2.73,Y,N,N,N,Expedite,DAP,1377.3,1417.5,5,14.3,0.59,On time,Y,Delivered,Road permit delay,6773.12,855.1,949.51,670.6,9248.33,274429.43,0.0337,195.41,0.0307,N,0,35,Low
SHP00529,PRJ002,2024-04-25,2024-05-11,2024-05-09T09:00:00,2024-05-09T10:27:12,2024-05-13T11:01:23,2024-05-13T21:07:04,F005,F008,P002,P012,RoRo,CAR003,V006,CG004,1,61.92,307.43,24.83,8.7,7.71,Y,Y,N,N,Standard,DDP,1497.5,1477.6,5,10.1,0.42,On time,Y,Delivered,None,10166.51,1738.59,3300.36,969.55,16175.02,1432780.48,0.0113,3214.49,0.03513,N,0,67,Medium
SHP00530,PRJ007,2025-06-02,2025-07-07,2025-07-07T11:00:00,2025-07-07T13:12:09,2025-07-07T20:00:00,2025-07-07T20:31:01,F005,F001,,,Road,CAR002,,CG004,1,54.53,272.43,32.71,9.07,7.82,Y,Y,N,N,Critical,DDP,249.8,258.0,1,0.5,0.02,On time,Y,Delivered,None,4760.32,696.4,0,0,5456.72,1299429.65,0.0042,1336.53,0.095,N,0,43,Low
SHP00531,PRJ006,2025-11-29,2025-12-24,2025-12-09T13:00:00,2025-12-09T12:59:06,2025-12-20T03:34:01,2025-12-20T23:00:29,F011,F017,P006,P018,Sea Breakbulk,CAR004,V001,CG005,2,38.22,74.08,17.63,5.0,3.59,Y,N,N,N,Critical,CFR,5658.3,5554.9,12,19.4,0.81,1-2 days,N,Delivered,None,28505.45,3161.35,1744.93,866.04,34277.77,1408633.76,0.0243,5223.48,0.0246,N,0,31,Low
SHP00532,PRJ007,2024-05-15,2024-06-25,2024-06-19T11:00:00,2024-06-19T11:19:01,2024-06-20T16:12:00,2024-06-20T16:05:54,F014,F001,,,Road,CAR008,,CG006,5,28.34,93.71,16.34,4.76,4.36,Y,N,N,N,Standard,EXW,991.7,995.2,2,0,0.0,On time,Y,Delivered,None,4831.78,449.54,0,0,5281.32,169867.28,0.0311,2679.38,0.095,N,0,28,Low
SHP00533,PRJ006,2025-04-06,2025-05-28,2025-05-11T11:00:00,2025-05-11T11:33:48,2025-05-23T09:42:08,2025-05-24T18:21:09,F004,F017,P004,P018,Sea Breakbulk,CAR004,V001,CG006,7,32.81,32.39,9.01,3.49,2.68,Y,N,N,N,Critical,EXW,5592.8,5616.6,13,32.7,1.36,1-2 days,N,Delivered,Weather disruption,25692.6,2686.91,1394.06,947.86,30721.43,191744.93,0.1602,4500.07,0.02442,N,0,47,Medium
SHP00534,PRJ002,2024-03-01,2024-04-22,2024-04-15T12:00:00,2024-04-15T13:39:03,2024-04-21T04:50:47,2024-04-22T05:03:02,F010,F008,P010,P012,Sea Breakbulk,CAR010,V004,CG003,8,9.46,43.74,11.23,3.48,3.31,Y,N,N,N,Critical,FCA,2183.8,2259.8,7,24.2,1.01,1-2 days,N,Delivered,Road permit delay,10370.88,987.24,946.01,612.19,12916.33,449931.71,0.0287,616.5,0.02884,N,0,47,Medium
SHP00535,PRJ004,2024-08-30,2024-09-11,2024-09-10T14:00:00,2024-09-10T14:29:47,2024-09-11T13:24:00,2024-09-11T13:06:54,F011,F018,,,Road,CAR008,,CG010,4,3.65,11.83,4.6,1.84,1.66,N,N,N,N,Expedite,CFR,1291.0,1269.0,2,0,0.0,On time,Y,Delivered,None,2686.88,371.45,0,546.83,3605.16,532307.96,0.0068,440.03,0.095,N,0,22,Low
SHP00536,PRJ004,2025-07-10,2025-08-08,2025-07-28T11:00:00,2025-07-28T13:30:30,2025-08-01T14:20:48,2025-08-02T08:09:15,F011,F018,P006,P009,Container Sea,CAR005,V009,CG001,2,5.92,16.36,5.94,1.69,1.86,N,N,N,N,Expedite,EXW,1097.4,1107.7,5,17.8,0.74,On time,Y,Delivered,Port congestion,2868.8,400.36,889.12,353.7,4511.98,396725.29,0.0114,154.19,0.02351,N,0,19,Low
SHP00537,PRJ002,2024-12-31,2025-02-11,2025-02-05T15:00:00,2025-02-05T15:03:20,2025-02-09T16:25:08,2025-02-09T06:37:53,F014,F008,P003,P012,Sea Breakbulk,CAR010,V004,CG002,6,22.93,61.57,16.11,3.32,3.79,Y,N,N,N,Standard,DAP,490.7,496.7,5,0,0.0,On time,Y,Delivered,None,5246.44,488.65,1405.96,767.33,7908.38,224861.28,0.0352,460.24,0.04041,N,0,36,Low
SHP00538,PRJ001,2025-01-21,2025-02-10,2025-02-04T12:00:00,2025-02-04T11:39:43,2025-02-07T15:52:57,2025-02-07T20:45:45,F003,F007,P003,P005,Sea Breakbulk,CAR010,V004,CG002,5,22.97,63.48,11.23,4.38,4.41,Y,N,N,N,Standard,FCA,755.3,765.3,4,4.9,0.2,On time,Y,Delivered,None,6297.91,1014.27,1148.72,668.12,9129.02,189211.18,0.0482,1015.53,0.05777,N,0,40,Low
SHP00539,PRJ006,2024-12-16,2025-02-09,2025-01-23T14:00:00,2025-01-23T13:22:14,2025-02-03T20:09:30,2025-02-03T23:30:17,F004,F017,P004,P018,Sea Breakbulk,CAR010,V004,CG002,5,11.28,101.54,15.68,4.6,4.68,Y,N,N,N,Expedite,FCA,5724.4,5667.2,12,3.3,0.14,On time,Y,Delivered,None,13189.06,1421.97,885.96,551.23,16048.22,101115.25,0.1587,1560.17,0.02441,N,0,37,Low
SHP00540,PRJ001,2024-01-12,2024-02-27,2024-02-18T12:00:00,2024-02-18T14:34:37,2024-02-20T13:36:00,2024-02-20T17:55:13,F010,F007,,,Road,CAR002,,CG001,7,5.27,17.28,7.63,1.95,1.88,N,N,N,N,Expedite,CFR,2276.3,2248.1,3,4.3,0.18,On time,Y,Delivered,None,4693.1,310.91,0,671.39,5675.4,330284.17,0.0172,1125.51,0.095,N,0,12,Low
SHP00541,PRJ005,2025-03-02,2025-03-29,2025-03-17T12:00:00,2025-03-17T13:59:09,2025-03-24T20:54:45,2025-03-26T21:20:25,F012,F016,P007,P016,Sea Breakbulk,CAR007,V011,CG006,4,21.2,80.24,13.79,5.33,4.38,Y,N,N,N,Standard,EXW,3434.8,3370.9,8,48.4,2.02,3-5 days,N,Delivered,Documentation issue,9827.59,867.13,1184.67,837.76,12717.15,114890.42,0.1107,1725.19,0.02414,N,0,44,Low
SHP00542,PRJ003,2025-04-22,2025-05-15,2025-05-09T10:00:00,2025-05-09T09:58:10,2025-05-15T12:22:09,2025-05-15T17:06:12,F014,F011,P003,P006,Intermodal,CAR006,,CG006,5,45.78,61.66,14.07,4.29,3.33,Y,Y,N,N,Standard,FCA,2237.1,2309.3,7,4.7,0.2,On time,Y,Delivered,None,8606.18,877.22,2954.77,845.3,13283.47,250086.24,0.0531,2404.22,0.02274,N,0,45,Medium
SHP00543,PRJ003,2025-04-18,2025-05-19,2025-05-13T09:00:00,2025-05-13T11:13:47,2025-05-19T19:04:31,2025-05-20T05:06:18,F003,F011,P003,P006,Sea Breakbulk,CAR004,V008,CG008,1,90.24,508.27,33.5,11.18,10.16,Y,Y,N,N,Standard,DAP,2417.9,2440.8,7,10.0,0.42,On time,Y,Delivered,None,25106.38,2683.86,3211.08,1564.65,32565.97,2855373.4,0.0114,7913.71,0.03593,N,0,42,Low
SHP00544,PRJ007,2025-01-17,2025-02-04,2025-01-27T08:00:00,2025-01-27T10:02:35,2025-01-27T19:48:00,2025-01-27T21:56:48,F005,F001,,,Road,CAR012,,CG004,2,69.05,196.7,21.46,7.83,6.33,Y,Y,N,N,Standard,EXW,231.8,240.6,1,2.1,0.09,On time,Y,Delivered,Customs hold,3337.58,487.11,0,0,3824.69,1653255.11,0.0023,1578.28,0.095,N,0,41,Low
SHP00545,PRJ006,2025-10-05,2025-11-15,2025-11-03T08:00:00,2025-11-03T10:38:08,2025-11-07T18:06:00,2025-11-07T19:17:56,F010,F017,,,Road,CAR002,,CG007,1,11.52,28.07,10.89,3.22,2.82,Y,N,N,N,Expedite,DAP,5242.3,5303.7,5,1.2,0.05,On time,Y,Delivered,None,18996.81,1801.47,0,596.25,21394.53,264568.32,0.0809,5804.37,0.095,N,0,34,Low
SHP00546,PRJ001,2025-09-23,2025-10-22,2025-10-10T13:00:00,2025-10-10T13:56:10,2025-10-16T09:26:58,2025-10-17T10:24:07,F011,F007,P006,P005,Sea Breakbulk,CAR010,V014,CG005,6,28.64,157.74,24.85,6.91,5.42,Y,N,N,N,Expedite,DDP,1920.8,1992.0,7,25.0,1.04,1-2 days,N,Delivered,Port congestion,10282.16,1232.97,1511.17,847.79,13874.08,1111950.24,0.0125,1435.3,0.02516,N,0,24,Low
SHP00547,PRJ005,2024-07-19,2024-08-25,2024-08-21T14:00:00,2024-08-21T15:54:02,2024-08-24T20:24:00,2024-08-25T00:21:57,F014,F016,,,Road,CAR012,,CG004,1,59.55,235.86,21.65,7.17,7.15,Y,Y,N,N,Expedite,DAP,4292.9,4417.0,4,4.0,0.17,On time,Y,Delivered,None,56910.78,7950.95,0,1326.01,66187.74,1241882.18,0.0533,24988.07,0.095,N,0,58,Medium
SHP00548,PRJ006,2024-12-06,2024-12-30,2024-12-17T10:00:00,2024-12-17T11:12:12,2024-12-27T04:33:44,2024-12-28T18:41:03,F012,F017,P007,P018,Sea Breakbulk,CAR007,V011,CG007,7,11.75,31.89,10.18,3.51,2.37,Y,N,N,N,Critical,EXW,5228.3,5437.2,11,38.1,1.59,1-2 days,N,Delivered,Carrier capacity,16174.25,1263.75,1326.06,708.96,19473.02,205980.6,0.0945,1551.4,0.02428,N,0,45,Medium
SHP00549,PRJ005,2025-05-25,2025-06-26,2025-06-18T15:00:00,2025-06-18T17:36:54,2025-06-26T05:37:29,2025-06-26T16:49:43,F003,F016,P003,P016,Sea Breakbulk,CAR010,V007,CG002,6,12.84,78.68,14.89,4.97,3.74,Y,N,N,N,Critical,FCA,3947.9,3885.0,9,11.2,0.47,On time,Y,Delivered,None,14856.77,1655.11,1258.11,621.38,18391.36,141253.25,0.1302,1572.07,0.03151,N,0,38,Low
SHP00550,PRJ003,2024-11-07,2024-12-07,2024-12-03T10:00:00,2024-12-03T11:22:54,2024-12-08T09:36:47,2024-12-10T12:23:38,F005,F011,P002,P006,Sea Breakbulk,CAR010,V014,CG005,6,13.4,95.44,16.5,4.37,4.22,Y,N,N,N,Standard,DDP,1462.9,1482.9,6,50.8,2.12,3-5 days,N,Delivered,Carrier capacity,6180.97,881.29,1326.25,777.5,9166.01,458128.75,0.02,609.05,0.03065,N,0,29,Low
SHP00551,PRJ002,2025-10-27,2025-12-04,2025-11-28T11:00:00,2025-11-28T13:25:21,2025-12-04T08:58:57,2025-12-04T11:10:26,F010,F008,P010,P012,Intermodal,CAR006,,CG001,6,7.12,16.23,6.69,2.08,1.73,N,N,N,N,Standard,DAP,2287.5,2262.4,7,2.2,0.09,On time,Y,Delivered,None,2876.23,290.89,817.54,563.37,4548.04,455314.09,0.01,376.13,0.02335,N,0,29,Low
SHP00552,PRJ006,2024-08-12,2024-10-09,2024-09-23T11:00:00,2024-09-23T11:46:48,2024-10-02T15:40:37,2024-10-04T14:21:13,F012,F017,P007,P018,Sea Breakbulk,CAR004,V008,CG005,2,34.81,45.31,12.64,3.83,2.8,Y,N,N,N,Critical,EXW,5206.7,5293.8,10,46.7,1.94,1-2 days,N,Delivered,Documentation issue,25473.8,3038.75,1774.87,948.6,31236.02,1096651.01,0.0285,4479.0,0.02431,N,0,44,Low
SHP00553,PRJ006,2025-06-14,2025-07-13,2025-07-07T08:00:00,2025-07-07T09:57:31,2025-07-15T22:06:44,2025-07-17T12:09:24,F010,F017,P010,P018,Sea Breakbulk,CAR007,V005,CG007,1,12.77,43.41,11.99,2.88,3.04,Y,N,N,N,Critical,FCA,4660.8,4817.9,9,38.0,1.59,1-2 days,N,Delivered,Road permit delay,15848.19,1609.3,1244.52,849.07,19551.09,288374.28,0.0678,1615.49,0.02626,N,0,42,Low
SHP00554,PRJ003,2024-03-03,2024-03-20,2024-03-13T10:00:00,2024-03-13T12:27:29,2024-03-18T21:24:05,2024-03-19T14:21:46,F001,F011,P001,P006,Sea Breakbulk,CAR004,V001,CG009,1,7.01,31.37,7.28,2.82,2.5,Y,N,Y,Y,Standard,CFR,1934.3,1968.9,6,17.0,0.71,On time,Y,Delivered,None,6321.23,519.67,1163.41,872.56,8876.88,61253.73,0.1449,506.09,0.03667,N,0,42,Low
SHP00555,PRJ002,2024-04-02,2024-05-20,2024-05-08T15:00:00,2024-05-08T16:03:49,2024-05-15T00:37:37,2024-05-14T22:18:55,F010,F008,P010,P012,Container Sea,CAR005,V003,CG001,7,4.78,6.68,3.45,2.23,1.14,N,N,N,N,Standard,DDP,2252.8,2252.7,8,0,0.0,On time,Y,Delivered,None,2764.13,270.82,1432.62,273.99,4741.56,377526.42,0.0126,253.15,0.02351,N,0,34,Low
SHP00556,PRJ005,2025-04-25,2025-05-30,2025-05-20T08:00:00,2025-05-20T08:56:54,2025-05-27T14:22:41,2025-05-26T22:52:15,F014,F016,P003,P016,Sea Breakbulk,CAR010,V014,CG002,5,10.14,118.65,22.59,5.5,4.61,Y,N,N,N,Standard,CFR,3795.3,3842.7,8,0,0.0,On time,Y,Delivered,None,8429.86,986.04,926.34,459.16,10801.4,99523.93,0.1085,1015.58,0.02606,N,0,33,Low
SHP00557,PRJ006,2024-05-23,2024-07-07,2024-06-21T13:00:00,2024-06-21T12:12:53,2024-07-03T07:42:13,2024-07-04T06:43:53,F003,F017,P003,P018,Sea Breakbulk,CAR007,V005,CG002,3,22.41,64.68,13.39,3.75,3.74,Y,N,N,N,Standard,CFR,6563.9,6565.3,13,23.0,0.96,On time,Y,Delivered,Road permit delay,15827.07,1491.68,1111.9,795.95,19226.61,195974.39,0.0981,4161.63,0.02829,N,0,48,Medium
SHP00558,PRJ006,2024-10-20,2024-11-13,2024-11-04T12:00:00,2024-11-04T14:07:38,2024-11-14T06:26:00,2024-11-15T07:33:06,F011,F017,P006,P018,Sea Breakbulk,CAR004,V008,CG005,4,22.28,116.62,18.55,5.6,4.69,Y,N,N,N,Expedite,FCA,4922.2,5009.9,11,25.1,1.05,1-2 days,N,Delivered,Port congestion,15879.4,2587.95,1119.29,509.64,20096.28,767768.41,0.0262,2751.66,0.02465,N,0,39,Low
SHP00559,PRJ004,2024-04-21,2024-05-27,2024-05-16T15:00:00,2024-05-16T14:34:56,2024-05-19T21:47:12,2024-05-20T12:23:52,F004,F018,P004,P009,Sea Breakbulk,CAR004,V012,CG004,2,73.68,307.4,25.95,9.41,7.74,Y,Y,N,N,Standard,CFR,739.2,764.3,4,14.6,0.61,On time,Y,Delivered,None,10253.48,1278.03,3250.44,1029.17,15811.12,1896185.94,0.0083,1687.37,0.02996,N,0,34,Low
SHP00560,PRJ006,2024-12-19,2025-01-17,2024-12-31T13:00:00,2024-12-31T12:33:19,2025-01-10T01:14:18,2025-01-10T08:37:23,F013,F017,P001,P018,Sea Breakbulk,CAR010,V004,CG003,2,9.55,57.45,13.36,3.87,3.64,Y,N,N,N,Expedite,DAP,5241.0,5263.0,11,7.4,0.31,On time,Y,Delivered,None,12073.15,1676.31,1250.3,399.03,15398.8,494513.55,0.0311,1221.13,0.0243,N,0,32,Low
SHP00561,PRJ002,2025-12-01,2025-12-24,2025-12-17T09:00:00,2025-12-17T10:38:14,2025-12-20T01:41:48,2025-12-20T19:11:38,F003,F008,P003,P012,RoRo,CAR003,V002,CG002,7,28.26,63.21,13.09,4.34,3.15,Y,N,N,N,Standard,FCA,740.4,747.1,4,17.5,0.73,On time,Y,Delivered,None,4622.68,525.44,1719.74,501.65,7369.5,285806.71,0.0258,1343.91,0.06365,N,0,34,Low
SHP00562,PRJ005,2025-08-08,2025-09-01,2025-08-18T13:00:00,2025-08-18T12:22:03,2025-08-26T08:17:48,2025-08-26T09:38:54,F014,F016,P003,P016,Sea Breakbulk,CAR004,V008,CG004,1,90.55,184.54,19.44,7.08,6.05,Y,Y,N,N,Standard,DDP,3827.4,3830.2,9,1.4,0.06,On time,Y,Delivered,None,31957.29,2743.15,3494.28,1287.41,39482.13,2062226.74,0.0191,8995.63,0.02594,N,0,45,Medium
SHP00563,PRJ002,2025-04-04,2025-05-12,2025-05-09T13:00:00,2025-05-09T14:54:02,2025-05-13T22:30:41,2025-05-15T07:19:07,F001,F008,P001,P012,Sea Breakbulk,CAR010,V004,CG003,7,11.06,44.72,12.06,3.56,3.46,Y,N,N,N,Standard,DAP,1352.4,1356.3,5,32.8,1.37,1-2 days,N,Delivered,Carrier capacity,6145.25,868.22,1436.22,446.32,8896.01,558598.43,0.0159,612.32,0.04082,N,0,42,Low
SHP00564,PRJ003,2024-03-30,2024-04-20,2024-04-16T07:00:00,2024-04-16T09:55:41,2024-04-21T00:48:04,2024-04-20T12:04:12,F004,F011,P004,P006,Sea Breakbulk,CAR004,V008,CG006,8,19.0,101.71,16.59,4.32,4.71,Y,N,N,N,Expedite,DAP,1227.6,1259.4,6,0,0.0,On time,Y,Delivered,None,7630.3,1045.21,1398.62,728.12,10802.25,110517.49,0.0977,637.95,0.02666,N,0,26,Low
SHP00565,PRJ005,2024-10-28,2024-12-17,2024-12-11T13:00:00,2024-12-11T14:13:51,2024-12-18T16:01:22,2024-12-20T12:46:30,F011,F016,P006,P016,Sea Breakbulk,CAR007,V011,CG010,8,1.76,5.22,3.0,1.02,1.76,N,N,N,N,Standard,DAP,3483.0,3427.3,8,44.8,1.86,1-2 days,N,Delivered,Customs hold,4747.34,523.04,615.4,821.26,6707.04,231396.73,0.029,148.13,0.02456,Y,5957.06,39,Low
SHP00566,PRJ001,2024-08-30,2024-10-14,2024-10-08T10:00:00,2024-10-08T10:33:24,2024-10-09T11:24:00,2024-10-09T13:55:25,F001,F007,,,Road,CAR008,,CG009,5,16.61,20.54,9.46,2.19,1.88,N,N,Y,Y,Standard,DAP,1056.1,1065.8,2,2.5,0.11,On time,Y,Delivered,None,2925.94,458.89,0,962.16,4346.99,157250.58,0.0276,1681.78,0.095,N,0,24,Low
SHP00567,PRJ006,2025-09-12,2025-10-08,2025-09-30T12:00:00,2025-09-30T11:02:09,2025-10-09T08:17:54,2025-10-10T00:22:44,F012,F017,P007,P018,Sea Breakbulk,CAR007,V011,CG003,8,10.16,63.44,12.16,4.11,3.26,Y,N,N,N,Standard,DAP,5259.3,5400.3,10,16.1,0.67,On time,Y,Delivered,Port congestion,9952.06,1309.97,1597.49,854.42,13713.93,553444.97,0.0248,1333.33,0.0243,Y,20735.47,32,Low
SHP00568,PRJ007,2024-01-31,2024-02-22,2024-02-20T08:00:00,2024-02-20T09:49:50,2024-02-20T18:54:00,2024-02-20T22:31:04,F005,F001,,,Road,CAR008,,CG005,8,44.85,141.32,17.63,6.3,5.02,Y,N,N,N,Standard,EXW,254.2,263.7,1,3.6,0.15,On time,Y,Delivered,None,2020.65,157.43,0,0,2178.08,1790146.46,0.0012,1123.56,0.095,N,0,36,Low
SHP00569,PRJ003,2024-07-24,2024-08-20,2024-08-21T14:00:00,2024-08-21T15:26:23,2024-08-21T22:30:00,2024-08-22T03:36:17,F012,F011,,,Road,CAR012,,CG001,3,4.07,18.44,7.1,2.76,2.17,Y,N,N,N,Expedite,DAP,92.9,94.7,1,5.1,0.21,On time,Y,Delivered,None,774.12,95.8,0,859.2,1729.12,244065.09,0.0071,36.62,0.09501,N,0,29,Low
SHP00570,PRJ003,2025-04-25,2025-05-20,2025-05-12T09:00:00,2025-05-12T08:54:47,2025-05-17T22:18:00,2025-05-18T04:50:40,F014,F011,P003,P006,Sea Breakbulk,CAR007,V011,CG006,2,36.73,57.6,12.06,4.2,3.55,Y,N,N,N,Standard,DAP,2266.7,2234.0,6,6.5,0.27,On time,Y,Delivered,None,9883.67,820.76,1806.89,651.57,13162.89,163157.22,0.0807,2338.58,0.0285,N,0,18,Low
SHP00571,PRJ005,2024-12-09,2025-01-27,2025-01-13T12:00:00,2025-01-13T13:10:48,2025-01-21T09:19:04,2025-01-21T19:18:20,F013,F016,P001,P016,Sea Breakbulk,CAR010,V004,CG007,1,13.8,49.12,10.77,3.74,2.73,Y,N,N,N,Standard,EXW,3163.3,3221.4,9,10.0,0.42,On time,Y,Delivered,None,8149.17,868.01,1169.89,609.15,10796.23,323308.4,0.0334,1072.91,0.02413,N,0,39,Low
SHP00572,PRJ007,2024-01-31,2024-03-16,2024-03-15T14:00:00,2024-03-15T16:02:23,2024-03-16T07:48:00,2024-03-16T10:28:20,F014,F001,,,Road,CAR012,,CG006,8,35.08,118.97,15.96,6.21,5.02,Y,N,N,N,Standard,EXW,970.0,959.1,2,2.7,0.11,On time,Y,Delivered,None,5394.41,580.58,0,0,5974.99,171706.36,0.0348,3196.3,0.095,N,0,23,Low
SHP00573,PRJ004,2025-09-26,2025-10-16,2025-10-13T11:00:00,2025-10-13T11:25:12,2025-10-16T19:24:42,2025-10-17T05:39:18,F005,F018,P002,P009,Sea Breakbulk,CAR007,V011,CG004,1,62.18,90.07,17.99,4.31,4.02,Y,Y,N,N,Standard,EXW,516.3,519.9,4,10.2,0.43,On time,Y,Delivered,None,8954.92,1047.79,2778.03,1033.48,13814.22,1359916.31,0.0102,1458.38,0.04511,N,0,50,Medium
SHP00574,PRJ005,2025-01-01,2025-02-05,2025-01-21T11:00:00,2025-01-21T10:33:15,2025-01-29T14:57:06,2025-01-30T23:05:54,F012,F016,P007,P016,Sea Breakbulk,CAR007,V011,CG006,4,20.08,119.88,16.74,5.2,5.19,Y,N,N,N,Standard,FCA,3555.7,3564.9,9,32.1,1.34,1-2 days,N,Delivered,Customs hold,9683.25,909.94,1672.09,780.76,13046.04,128909.84,0.1012,1727.26,0.02413,N,0,38,Low
SHP00575,PRJ005,2024-08-03,2024-09-11,2024-09-01T10:00:00,2024-09-01T09:11:38,2024-09-10T05:22:00,2024-09-10T13:39:14,F014,F016,P003,P016,Sea Breakbulk,CAR004,V012,CG006,8,33.77,54.12,13.67,3.53,3.11,Y,N,N,N,Expedite,DAP,3933.9,3871.0,10,8.3,0.35,On time,Y,Delivered,None,16456.39,2113.67,1547.46,1094.57,21212.09,159606.08,0.1329,3385.52,0.0259,N,0,32,Low
SHP00576,PRJ006,2024-10-30,2024-12-03,2024-11-20T10:00:00,2024-11-20T12:43:30,2024-11-29T22:49:07,2024-11-30T21:50:05,F005,F017,P002,P018,Sea Breakbulk,CAR010,V014,CG005,5,25.32,112.86,17.02,5.63,4.78,Y,N,N,N,Expedite,DDP,5290.2,5330.1,10,23.0,0.96,1-2 days,N,Delivered,Weather disruption,17801.11,1333.82,1507.73,703.16,21345.81,708844.34,0.0301,3455.26,0.0256,N,0,32,Low
SHP00577,PRJ001,2024-06-29,2024-07-17,2024-07-10T14:00:00,2024-07-10T15:47:07,2024-07-16T00:02:07,2024-07-16T17:59:44,F012,F007,P007,P005,Sea Breakbulk,CAR004,V008,CG005,2,24.86,127.37,22.22,6.22,4.72,Y,N,N,N,Expedite,EXW,1926.5,1967.3,7,18.0,0.75,On time,Y,Delivered,Carrier capacity,9542.78,833.7,1296.09,746.24,12418.81,969213.78,0.0128,1185.6,0.02424,N,0,34,Low
SHP00578,PRJ006,2025-06-04,2025-07-13,2025-07-07T12:00:00,2025-07-07T13:20:31,2025-07-15T17:32:00,2025-07-16T13:58:32,F010,F017,P010,P018,Sea Breakbulk,CAR004,V001,CG003,2,10.82,65.02,11.06,3.93,3.27,Y,N,N,N,Critical,FCA,4727.5,4848.3,9,20.4,0.85,1-2 days,N,Delivered,Carrier capacity,15196.26,1189.61,991.08,841.5,18218.45,455828.65,0.04,1390.75,0.02651,N,0,31,Low
SHP00579,PRJ007,2025-09-23,2025-10-16,2025-10-15T15:00:00,2025-10-15T16:10:46,2025-10-16T06:24:00,2025-10-16T07:48:40,F002,F001,,,Road,CAR002,,CG010,6,2.92,8.86,5.58,0.94,1.53,N,N,N,N,Critical,DAP,372.5,367.8,2,1.4,0.06,On time,Y,Delivered,None,1279.9,97.4,0,0,1377.3,431178.36,0.0032,102.03,0.095,N,0,17,Low
SHP00580,PRJ002,2024-11-14,2024-12-13,2024-12-06T07:00:00,2024-12-06T09:03:37,2024-12-08T20:12:10,2024-12-10T05:17:19,F014,F008,P003,P012,RoRo,CAR003,V002,CG002,6,14.71,52.75,11.29,3.59,3.67,Y,N,N,N,Standard,DAP,506.9,506.9,3,33.1,1.38,1-2 days,N,Delivered,Port congestion,2854.01,389.81,1625.53,901.35,5770.7,168104.53,0.0343,329.26,0.04416,N,0,47,Medium
SHP00581,PRJ002,2024-01-31,2024-02-11,2024-02-07T13:00:00,2024-02-07T14:48:46,2024-02-10T03:20:56,2024-02-11T07:21:40,F003,F008,P003,P012,RoRo,CAR003,V006,CG002,6,19.97,84.9,14.95,4.37,4.84,Y,N,N,N,Standard,DDP,730.7,733.9,4,28.0,1.17,On time,Y,Delivered,Road permit delay,3951.78,603.34,1526.39,678.38,6759.9,201332.1,0.0336,903.09,0.06162,N,0,31,Low
SHP00582,PRJ003,2024-06-26,2024-08-06,2024-07-30T13:00:00,2024-07-30T14:15:06,2024-08-03T16:29:30,2024-08-04T16:43:13,F010,F011,P010,P006,Sea Breakbulk,CAR004,V012,CG005,8,38.7,123.34,15.42,5.95,5.27,Y,N,N,N,Standard,DAP,1129.6,1147.7,5,24.2,1.01,On time,Y,Delivered,Weather disruption,7479.34,1088.27,2002.89,929.82,11500.32,1428055.91,0.0081,1560.85,0.03514,N,0,41,Low
SHP00583,PRJ003,2024-03-13,2024-04-26,2024-04-16T13:00:00,2024-04-16T14:27:06,2024-04-21T20:58:33,2024-04-21T17:49:10,F013,F011,P001,P006,Sea Breakbulk,CAR010,V007,CG007,1,11.39,40.6,8.75,3.63,2.79,Y,N,N,N,Standard,FCA,1498.0,1546.2,6,0,0.0,On time,Y,Delivered,None,5921.74,871.01,1464.03,816.56,9073.34,225783.8,0.0402,452.43,0.02569,N,0,22,Low
SHP00584,PRJ004,2025-05-18,2025-06-26,2025-06-17T09:00:00,2025-06-17T10:16:56,2025-06-21T05:51:59,2025-06-22T19:38:06,F001,F018,P001,P009,Sea Breakbulk,CAR010,V007,CG009,1,23.25,30.24,8.22,2.75,2.26,Y,N,Y,Y,Critical,EXW,1025.9,1027.6,5,37.8,1.57,1-2 days,N,Delivered,Carrier capacity,10383.57,1093.68,1599.03,1241.45,14317.73,165342.85,0.0866,1149.02,0.04809,N,0,49,Medium
SHP00585,PRJ002,2025-01-15,2025-02-07,2025-01-29T13:00:00,2025-01-29T14:53:47,2025-02-01T03:15:13,2025-02-02T06:47:32,F014,F008,P003,P012,RoRo,CAR003,V010,CG004,2,69.46,186.43,24.63,7.7,6.4,Y,Y,N,N,Standard,FCA,474.4,473.3,4,27.5,1.15,On time,Y,Delivered,Carrier capacity,5859.16,580.76,2839.55,1189.46,10468.92,1709949.97,0.0061,1473.87,0.04483,N,0,61,Medium
SHP00586,PRJ006,2024-07-21,2024-08-29,2024-08-19T08:00:00,2024-08-19T08:00:24,2024-08-29T01:03:43,2024-08-29T01:29:06,F012,F017,P007,P018,Sea Breakbulk,CAR010,V007,CG006,1,37.65,86.95,15.95,4.69,4.51,Y,N,N,N,Standard,DDP,5621.3,5568.0,11,0.4,0.02,On time,Y,Delivered,Weather disruption,17712.97,1211.76,2016.69,934.73,21876.16,208237.49,0.1051,5095.94,0.02431,N,0,43,Low
SHP00587,PRJ005,2024-12-25,2025-02-18,2025-02-04T12:00:00,2025-02-04T12:45:00,2025-02-10T13:01:45,2025-02-10T07:19:30,F010,F016,P010,P016,Sea Breakbulk,CAR004,V008,CG001,5,5.49,24.79,8.75,2.42,2.08,N,N,N,N,Expedite,EXW,2925.6,2899.3,7,0,0.0,On time,Y,Delivered,None,6342.02,745.02,876.58,444.38,8407.99,391134.62,0.0215,441.46,0.02773,N,0,24,Low
SHP00588,PRJ006,2025-03-21,2025-04-22,2025-04-09T09:00:00,2025-04-09T09:28:02,2025-04-22T01:31:34,2025-04-22T14:33:26,F014,F017,P003,P018,Sea Breakbulk,CAR004,V012,CG002,4,18.81,65.45,14.36,4.22,4.36,Y,N,N,N,Standard,DDP,6347.9,6244.3,14,13.0,0.54,On time,Y,Delivered,Port congestion,13964.05,1954.44,1271.36,748.21,17938.06,208112.36,0.0862,2974.39,0.02532,N,0,43,Low
SHP00589,PRJ002,2025-02-27,2025-03-19,2025-03-17T09:00:00,2025-03-17T08:26:44,2025-03-18T11:18:00,2025-03-18T13:44:50,F004,F008,,,Road,CAR002,,CG002,6,18.36,66.78,15.71,3.97,3.46,Y,N,N,N,Standard,EXW,1467.5,1509.3,2,2.4,0.1,On time,Y,Delivered,None,5739.85,606.18,0,610.91,6956.94,193441.25,0.036,2632.52,0.095,N,0,44,Low
SHP00590,PRJ007,2025-07-07,2025-07-19,2025-07-14T13:00:00,2025-07-14T12:40:53,2025-07-15T13:42:00,2025-07-15T11:59:26,F010,F001,,,Road,CAR008,,CG003,3,10.35,32.56,9.44,2.46,2.49,N,N,N,N,Standard,CFR,1005.6,1041.0,2,0,0.0,On time,Y,Delivered,None,2376.18,365.23,0,510.6,3252.01,397161.13,0.0082,1023.56,0.095,N,0,10,Low
SHP00591,PRJ006,2025-02-20,2025-03-17,2025-02-27T12:00:00,2025-02-27T12:13:14,2025-03-09T16:41:01,2025-03-09T13:51:03,F001,F017,P001,P018,Sea Breakbulk,CAR004,V008,CG003,1,6.2,31.47,9.08,2.34,2.18,N,N,N,N,Standard,DAP,5284.8,5437.9,11,0,0.0,On time,Y,Delivered,None,7038.85,1180.18,781.18,648.65,9648.86,339070.66,0.0285,948.08,0.02812,N,0,23,Low
SHP00592,PRJ001,2024-01-14,2024-02-24,2024-02-13T07:00:00,2024-02-13T08:14:41,2024-02-17T13:55:35,2024-02-17T16:22:39,F013,F007,P001,P005,Sea Breakbulk,CAR010,V014,CG003,8,10.04,50.19,13.92,4.39,3.47,Y,N,N,N,Standard,DDP,784.6,784.6,5,2.5,0.1,On time,Y,Delivered,None,4936.36,535.2,886.83,563.73,6922.13,425539.73,0.0163,193.69,0.02459,N,0,27,Low
SHP00593,PRJ001,2024-01-05,2024-02-17,2024-02-12T11:00:00,2024-02-12T10:16:20,2024-02-18T14:21:43,2024-02-19T03:01:53,F010,F007,P010,P005,Sea Breakbulk,CAR004,V001,CG005,4,43.49,47.15,10.07,4.13,2.92,Y,N,N,N,Expedite,DAP,1930.9,1961.7,7,12.7,0.53,On time,Y,Delivered,None,12293.06,1945.46,2201.08,708.99,17148.59,1302632.2,0.0132,2526.15,0.02961,N,0,26,Low
SHP00594,PRJ001,2024-06-28,2024-08-10,2024-08-07T12:00:00,2024-08-07T11:35:55,2024-08-12T20:11:42,2024-08-13T13:54:06,F012,F007,P007,P005,Sea Breakbulk,CAR007,V005,CG005,5,27.67,85.94,18.63,4.4,4.0,Y,N,N,N,Critical,CFR,1873.9,1931.4,6,17.7,0.74,1-2 days,N,Delivered,None,12191.17,1321.4,1393.28,789.18,15695.03,842590.87,0.0186,1295.38,0.02424,N,0,32,Low
SHP00595,PRJ006,2025-10-05,2025-11-19,2025-11-03T12:00:00,2025-11-03T14:51:33,2025-11-14T21:52:32,2025-11-15T09:10:59,F003,F017,P003,P018,Sea Breakbulk,CAR010,V007,CG006,7,47.2,113.01,19.81,5.9,5.01,Y,Y,N,N,Standard,DDP,6466.3,6483.5,12,11.3,0.47,On time,Y,Delivered,None,32954.24,2210.65,2528.88,717.97,38411.74,230791.96,0.1664,8737.94,0.02855,N,0,59,Medium
SHP00596,PRJ002,2025-07-20,2025-09-09,2025-08-28T13:00:00,2025-08-28T13:49:00,2025-09-03T03:50:00,2025-09-03T08:41:42,F012,F008,P007,P012,Sea Breakbulk,CAR007,V011,CG007,7,13.68,14.07,6.83,2.66,1.56,Y,N,N,N,Standard,EXW,2423.5,2492.3,7,4.9,0.2,On time,Y,Delivered,None,7231.32,982.86,1627.6,672.28,10514.07,253886.93,0.0414,829.74,0.02434,N,0,35,Low
SHP00597,PRJ004,2025-06-07,2025-06-26,2025-06-23T11:00:00,2025-06-23T11:27:12,2025-06-28T00:10:21,2025-06-27T22:35:25,F001,F018,P001,P009,Sea Breakbulk,CAR004,V012,CG003,8,10.97,28.76,10.0,2.61,2.81,Y,N,N,N,Critical,DDP,990.4,997.5,6,0,0.0,On time,Y,Delivered,None,9018.54,1108.46,1480.15,371.68,11978.83,479693.61,0.025,543.47,0.04967,N,0,29,Low
SHP00598,PRJ006,2025-06-03,2025-06-26,2025-06-11T08:00:00,2025-06-11T07:31:43,2025-06-22T20:33:28,2025-06-22T15:11:15,F001,F017,P001,P018,Sea Breakbulk,CAR010,V007,CG003,3,9.5,53.75,12.75,3.84,3.04,Y,N,N,N,Standard,FCA,5806.0,5893.2,12,0,0.0,On time,Y,Delivered,Carrier capacity,10864.44,1575.07,1302.78,361.76,14104.06,501897.42,0.0281,1565.02,0.02795,N,0,41,Low
SHP00599,PRJ006,2025-05-17,2025-06-08,2025-05-29T14:00:00,2025-05-29T14:31:12,2025-06-08T07:47:18,2025-06-09T08:13:36,F013,F017,P001,P018,Intermodal,CAR006,,CG010,3,4.74,10.62,5.57,2.17,1.48,N,N,N,N,Expedite,EXW,5288.6,5375.6,11,24.4,1.02,1-2 days,N,Delivered,Weather disruption,4533.59,587.99,954.47,489.57,6565.62,649089.61,0.0101,467.08,0.01833,N,0,30,Low
SHP00600,PRJ005,2024-08-02,2024-09-11,2024-08-27T11:00:00,2024-08-27T11:32:52,2024-09-03T11:01:53,2024-09-03T20:17:15,F010,F016,P010,P016,Sea Breakbulk,CAR010,V007,CG007,3,13.87,42.7,12.51,3.21,2.45,Y,N,N,N,Critical,FCA,2840.2,2841.3,8,9.3,0.39,On time,Y,Delivered,Port congestion,12308.62,847.67,1464.05,642.16,15262.5,300291.67,0.0508,1093.13,0.02774,N,0,45,Medium
SHP00601,PRJ003,2024-04-09,2024-05-21,2024-05-17T08:00:00,2024-05-17T07:26:11,2024-05-18T18:30:00,2024-05-18T17:12:02,F004,F011,,,Road,CAR011,,CG006,7,23.33,158.6,20.96,5.66,5.31,Y,N,N,N,Standard,DDP,1318.7,1357.7,2,0,0.0,On time,Y,Delivered,None,5804.98,924.28,0,866.88,7596.14,141223.43,0.0538,3009.14,0.095,N,0,31,Low
SHP00602,PRJ007,2024-08-03,2024-09-03,2024-08-30T09:00:00,2024-08-30T09:25:25,2024-09-04T07:18:09,2024-09-05T05:30:06,F012,F001,P007,P001,Sea Breakbulk,CAR007,V011,CG008,1,123.6,648.98,42.9,12.92,11.86,Y,Y,N,N,Standard,DAP,1869.2,1879.7,6,22.2,0.92,On time,Y,Delivered,Customs hold,25222.71,2103.5,4300.27,1388.86,33015.34,3282292.74,0.0101,8207.74,0.03533,N,0,43,Low
SHP00603,PRJ001,2025-05-14,2025-05-28,2025-05-26T12:00:00,2025-05-26T11:22:05,2025-05-30T01:00:47,2025-05-30T15:32:06,F014,F007,P003,P005,Sea Breakbulk,CAR004,V012,CG002,3,21.13,75.97,11.61,4.15,4.25,Y,N,N,N,Standard,FCA,501.8,499.9,5,14.5,0.61,On time,Y,Delivered,None,5141.78,833.98,1289.24,563.94,7828.94,204466.07,0.0383,411.48,0.03896,N,0,25,Low
SHP00604,PRJ001,2024-04-16,2024-05-17,2024-05-15T10:00:00,2024-05-15T11:29:25,2024-05-19T16:46:14,2024-05-21T04:58:00,F013,F007,P001,P005,Sea Breakbulk,CAR007,V005,CG007,1,7.5,42.02,12.37,2.65,2.96,Y,N,N,N,Expedite,CFR,824.9,840.5,5,36.2,1.51,1-2 days,N,Delivered,Customs hold,6149.31,936.29,1112.14,446.01,8643.75,156080.38,0.0554,154.76,0.02455,N,0,47,Medium
SHP00605,PRJ007,2025-02-23,2025-04-14,2025-04-09T11:00:00,2025-04-09T10:30:54,2025-04-13T14:45:28,2025-04-13T14:51:14,F014,F001,P003,P001,Sea Breakbulk,CAR010,V007,CG004,1,60.45,92.63,18.71,5.33,4.76,Y,Y,N,N,Standard,DAP,1020.6,1063.0,5,0.1,0.0,On time,Y,Delivered,Road permit delay,13029.25,1645.97,2756.13,0,17431.35,1278565.98,0.0136,3316.5,0.05161,N,0,49,Medium
SHP00606,PRJ006,2024-10-04,2024-11-29,2024-11-13T13:00:00,2024-11-13T14:49:30,2024-11-24T19:39:45,2024-11-24T15:15:24,F004,F017,P004,P018,Intermodal,CAR006,,CG002,5,16.39,38.3,9.25,3.52,2.4,Y,N,N,N,Standard,CFR,5182.6,5346.9,12,0,0.0,On time,Y,Delivered,None,6411.39,649.01,984.02,619.35,8663.77,144745.76,0.0599,1616.57,0.01845,N,0,31,Low
SHP00607,PRJ002,2024-09-04,2024-10-16,2024-10-09T12:00:00,2024-10-09T12:24:50,2024-10-11T08:24:00,2024-10-11T10:25:48,F010,F008,,,Road,CAR008,,CG007,8,13.25,31.09,9.32,2.34,2.6,N,N,N,N,Standard,CFR,2473.1,2557.6,3,2.0,0.08,On time,Y,Delivered,None,5915.69,504.82,0,351.75,6772.26,274907.43,0.0246,3219.38,0.095,N,0,31,Low
SHP00608,PRJ006,2025-04-22,2025-06-19,2025-06-02T13:00:00,2025-06-02T13:23:05,2025-06-11T16:49:07,2025-06-11T06:47:03,F010,F017,P010,P018,Sea Breakbulk,CAR004,V001,CG005,3,18.69,121.7,19.71,6.07,5.36,Y,N,N,N,Expedite,FCA,4704.9,4890.2,10,0,0.0,On time,Y,Delivered,None,14902.94,2217.94,1496.21,500.81,19117.89,582778.81,0.0328,2436.26,0.02666,N,0,26,Low
SHP00609,PRJ001,2025-06-13,2025-07-18,2025-07-10T12:00:00,2025-07-10T11:20:43,2025-07-14T11:45:07,2025-07-14T23:25:50,F001,F007,P001,P005,Container Sea,CAR005,V003,CG007,6,12.11,35.03,10.73,1.85,2.17,N,N,N,N,Critical,FCA,1136.0,1153.5,5,11.7,0.49,On time,Y,Delivered,None,4475.48,616.52,985.53,573.83,6651.36,282722.56,0.0235,563.17,0.04032,N,0,12,Low
SHP00610,PRJ004,2024-06-23,2024-07-29,2024-07-25T15:00:00,2024-07-25T14:11:35,2024-07-29T13:11:07,2024-07-29T15:05:29,F014,F018,P003,P009,Sea Breakbulk,CAR007,V005,CG004,1,43.72,221.13,23.96,7.37,6.72,Y,Y,N,N,Expedite,DDP,1415.5,1470.0,5,1.9,0.08,On time,Y,Delivered,None,14378.76,979.81,2410.12,861.13,18629.82,889581.29,0.0209,2049.96,0.0319,N,0,53,Medium
SHP00611,PRJ006,2024-10-20,2024-11-28,2024-11-25T07:00:00,2024-11-25T09:22:40,2024-11-29T19:24:00,2024-11-29T21:23:13,F004,F017,,,Road,CAR001,,CG006,3,45.14,71.17,14.44,4.32,4.01,Y,Y,N,N,Standard,DAP,7055.1,6974.4,5,2.0,0.08,On time,Y,Delivered,None,57287.12,7333.99,0,1168.45,65789.57,217898.69,0.3019,29908.32,0.095,N,0,55,Medium
SHP00612,PRJ004,2024-09-14,2024-11-04,2024-10-23T13:00:00,2024-10-23T13:12:04,2024-10-28T14:49:54,2024-10-29T10:01:21,F003,F018,P003,P009,Intermodal,CAR006,,CG002,4,12.75,66.05,13.56,4.51,3.58,Y,N,N,N,Standard,DDP,1738.2,1757.0,6,19.2,0.8,On time,Y,Delivered,Port congestion,4542.14,574.93,1646.14,860.66,7623.87,100165.15,0.0761,825.87,0.03687,N,0,31,Low
SHP00613,PRJ007,2023-12-25,2024-01-08,2024-01-09T15:00:00,2024-01-09T16:11:08,2024-01-10T20:00:00,2024-01-10T23:59:54,F010,F001,,,Road,CAR001,,CG007,6,16.92,41.95,10.44,2.83,2.47,Y,N,N,N,Critical,DDP,1129.9,1144.6,2,4.0,0.17,On time,Y,Delivered,None,6417.05,395.09,0,825.83,7637.97,341237.74,0.0224,1839.83,0.095,N,0,27,Low
SHP00614,PRJ003,2024-07-30,2024-09-01,2024-08-25T07:00:00,2024-08-25T07:33:37,2024-08-30T11:42:37,2024-08-30T12:45:49,F014,F011,P003,P006,Sea Breakbulk,CAR010,V014,CG002,6,14.55,62.82,12.98,4.0,3.32,Y,N,N,N,Standard,FCA,2092.3,2176.7,6,1.1,0.04,On time,Y,Delivered,None,7158.31,634.39,1270.99,594.4,9658.09,135213.61,0.0714,900.39,0.02843,N,0,33,Low
SHP00615,PRJ006,2024-06-29,2024-08-06,2024-07-29T11:00:00,2024-07-29T13:33:32,2024-08-08T04:07:15,2024-08-09T18:46:27,F004,F017,P004,P018,Sea Breakbulk,CAR007,V005,CG002,1,22.86,79.18,14.68,4.48,4.65,Y,N,N,N,Standard,FCA,5784.2,5797.3,11,38.7,1.61,1-2 days,N,Delivered,Carrier capacity,13969.61,1886.31,1652.7,962.18,18470.81,213591.59,0.0865,3236.15,0.02442,N,0,38,Low
SHP00616,PRJ002,2025-11-12,2025-12-29,2025-12-24T09:00:00,2025-12-24T09:43:06,2025-12-26T22:19:43,2025-12-27T09:03:56,F014,F008,P003,P012,RoRo,CAR003,V010,CG006,2,37.41,132.84,19.55,6.54,5.71,Y,N,N,N,Standard,DAP,478.6,479.2,3,10.7,0.45,On time,Y,Delivered,None,3525.02,518.51,1850.19,1124.9,7018.61,228698.84,0.0307,792.15,0.04419,N,0,34,Low
SHP00617,PRJ004,2024-06-12,2024-07-10,2024-07-01T08:00:00,2024-07-01T09:39:02,2024-07-06T13:44:51,2024-07-07T23:25:47,F014,F018,P003,P009,Sea Breakbulk,CAR007,V011,CG004,1,68.21,151.99,22.48,6.35,5.01,Y,Y,N,N,Standard,DDP,1426.1,1479.5,6,33.7,1.4,1-2 days,N,Delivered,Documentation issue,14100.88,2057.35,2904.72,1324.78,20387.73,1253917.88,0.0163,3148.92,0.0312,N,0,49,Medium
SHP00618,PRJ001,2025-06-29,2025-07-29,2025-07-28T07:00:00,2025-07-28T08:41:49,2025-07-30T04:18:00,2025-07-30T06:19:30,F011,F007,,,Road,CAR011,,CG001,6,7.01,19.81,7.87,1.59,1.93,N,N,N,N,Standard,FCA,2333.2,2296.1,3,2.0,0.08,On time,Y,Delivered,None,4265.46,415.53,0,560.37,5241.36,502308.79,0.0104,1529.09,0.095,N,0,20,Low
SHP00619,PRJ002,2025-11-04,2025-11-16,2025-11-13T12:00:00,2025-11-13T12:59:16,2025-11-18T18:15:46,2025-11-19T13:45:22,F009,F008,P009,P012,Sea Breakbulk,CAR010,V004,CG002,4,9.22,60.87,14.41,4.18,3.47,Y,N,N,N,Expedite,EXW,1944.9,1971.4,6,19.5,0.81,On time,Y,Delivered,Documentation issue,8318.46,761.96,1250.63,604.72,10935.77,102397.97,0.1068,646.7,0.03558,N,0,30,Low
SHP00620,PRJ001,2024-06-17,2024-07-24,2024-07-16T14:00:00,2024-07-16T15:14:53,2024-07-21T10:41:00,2024-07-21T19:22:43,F004,F007,P004,P005,Sea Breakbulk,CAR004,V008,CG008,1,118.38,616.52,46.4,12.73,10.7,Y,Y,N,N,Standard,CFR,832.1,862.9,6,8.7,0.36,On time,Y,Delivered,Weather disruption,12963.72,1611.84,4286.02,1596.17,20457.75,3033853.22,0.0067,2602.06,0.02547,N,0,43,Low
SHP00621,PRJ007,2024-04-15,2024-04-28,2024-04-23T14:00:00,2024-04-23T13:22:10,2024-04-24T18:12:00,2024-04-24T15:47:28,F012,F001,,,Road,CAR012,,CG005,2,15.95,146.63,15.9,6.54,5.4,Y,N,N,N,Standard,FCA,1475.3,1506.4,2,0,0.0,On time,Y,Delivered,None,5245.51,377.28,0,699.92,6322.71,611619.79,0.0103,2282.57,0.095,N,0,26,Low
SHP00622,PRJ007,2024-02-23,2024-03-23,2024-03-18T14:00:00,2024-03-18T14:03:45,2024-03-23T11:52:55,2024-03-24T10:53:55,F010,F001,P010,P001,Container Sea,CAR005,V003,CG003,1,7.61,20.51,8.76,2.16,2.06,N,N,N,N,Standard,FCA,1384.7,1426.6,6,23.0,0.96,On time,Y,Delivered,Customs hold,2890.99,184.19,1537.39,458.65,5071.21,340431.81,0.0149,446.56,0.04113,N,0,31,Low
SHP00623,PRJ004,2025-11-06,2025-12-26,2025-12-15T13:00:00,2025-12-15T14:59:46,2025-12-21T01:09:48,2025-12-20T22:08:01,F014,F018,P003,P009,Sea Breakbulk,CAR007,V011,CG006,3,35.86,97.0,15.92,5.39,5.3,Y,N,N,N,Standard,CFR,1434.3,1479.7,7,0,0.0,On time,Y,Delivered,None,8166.4,1326.4,1489.55,1003.26,11985.61,229917.46,0.0521,1673.99,0.03155,N,0,33,Low
SHP00624,PRJ004,2024-05-20,2024-07-06,2024-06-28T11:00:00,2024-06-28T13:28:08,2024-07-02T20:24:07,2024-07-03T00:53:20,F011,F018,P006,P009,Sea Breakbulk,CAR010,V004,CG001,2,3.46,28.74,9.48,2.84,2.21,Y,N,N,N,Standard,EXW,1190.2,1176.8,5,4.5,0.19,On time,Y,Delivered,None,5062.13,507.05,1103.57,364.05,7036.8,232973.35,0.0302,117.42,0.02884,N,0,30,Low
SHP00625,PRJ004,2025-11-08,2025-12-22,2025-12-10T10:00:00,2025-12-10T09:52:48,2025-12-14T03:06:47,2025-12-15T00:26:54,F011,F018,P006,P009,Intermodal,CAR006,,CG001,5,5.91,3.88,3.56,0.83,1.25,N,N,N,N,Critical,FCA,1136.0,1162.5,5,21.3,0.89,1-2 days,N,Delivered,Carrier capacity,3591.39,253.27,861.47,463.34,5169.48,470685.94,0.011,160.29,0.02333,N,0,32,Low
SHP00626,PRJ002,2025-07-23,2025-08-17,2025-08-14T10:00:00,2025-08-14T09:31:51,2025-08-19T12:53:49,2025-08-19T10:06:32,F012,F008,P007,P012,Intermodal,CAR006,,CG001,6,3.63,18.58,7.63,2.02,1.41,N,N,N,N,Standard,EXW,2283.6,2314.9,6,0,0.0,On time,Y,Delivered,None,2531.4,326.37,1122.72,784.25,4764.74,254073.6,0.0188,154.6,0.0184,N,0,14,Low
SHP00627,PRJ005,2024-10-11,2024-11-13,2024-10-31T14:00:00,2024-10-31T16:44:28,2024-11-07T06:12:56,2024-11-08T04:37:10,F013,F016,P001,P016,Sea Breakbulk,CAR010,V004,CG003,7,2.73,27.65,8.72,2.37,2.53,N,N,N,N,Standard,DAP,3115.2,3160.4,8,22.4,0.93,On time,Y,Delivered,Customs hold,4716.76,530.16,724.76,316.83,6288.51,136368.7,0.0461,208.18,0.02413,N,0,28,Low
SHP00628,PRJ005,2025-09-21,2025-11-07,2025-10-28T07:00:00,2025-10-28T07:16:26,2025-11-04T16:51:59,2025-11-05T04:40:49,F014,F016,P003,P016,Sea Breakbulk,CAR004,V001,CG004,2,44.02,237.93,27.98,7.24,7.12,Y,Y,N,N,Expedite,EXW,3919.4,3983.1,8,11.8,0.49,On time,Y,Delivered,None,26045.33,4293.71,2304.28,959.21,33602.53,1060448.89,0.0317,4544.99,0.02592,N,0,68,Medium
SHP00629,PRJ004,2025-11-15,2025-12-26,2025-12-22T08:00:00,2025-12-22T08:21:11,2025-12-27T08:39:09,2025-12-27T01:20:32,F012,F018,P007,P009,Intermodal,CAR006,,CG005,3,41.49,103.52,19.06,6.56,4.19,Y,N,N,N,Expedite,FCA,989.7,973.6,6,0,0.0,On time,Y,Delivered,None,5002.05,586.39,1626.2,1008.88,8223.52,1623292.02,0.0051,897.7,0.02222,N,0,25,Low
SHP00630,PRJ007,2025-08-31,2025-10-10,2025-10-07T07:00:00,2025-10-07T09:48:42,2025-10-07T19:36:00,2025-10-07T23:50:30,F005,F001,,,Road,CAR001,,CG007,6,17.49,51.63,13.59,3.92,3.48,Y,N,N,N,Standard,DAP,234.6,243.1,1,4.2,0.18,On time,Y,Delivered,None,1243.47,97.26,0,0,1340.73,304633.14,0.0044,403.92,0.095,N,0,27,Low
SHP00631,PRJ005,2024-11-14,2024-12-29,2024-12-17T12:00:00,2024-12-17T14:27:51,2024-12-25T14:16:10,2024-12-25T17:39:55,F004,F016,P004,P016,Intermodal,CAR006,,CG008,1,71.99,693.07,43.74,13.49,11.72,Y,Y,N,N,Standard,EXW,3460.6,3545.9,9,3.4,0.14,On time,Y,Delivered,None,13349.13,1434.14,2901.85,935.19,18620.3,2043725.74,0.0091,4691.85,0.01838,N,0,58,Medium
SHP00632,PRJ001,2024-11-28,2024-12-27,2024-12-16T14:00:00,2024-12-16T15:42:34,2024-12-20T10:13:04,2024-12-20T12:59:33,F005,F007,P002,P005,Sea Breakbulk,CAR010,V004,CG005,5,8.86,141.78,18.98,6.61,4.86,Y,N,N,N,Standard,DAP,1201.4,1229.9,5,2.8,0.12,On time,Y,Delivered,None,5491.04,514.76,1194.51,345.92,7546.23,334210.67,0.0226,320.6,0.02942,N,0,29,Low
SHP00633,PRJ003,2024-09-10,2024-09-29,2024-09-17T12:00:00,2024-09-17T14:19:16,2024-09-21T09:07:40,2024-09-21T09:32:56,F009,F011,P009,P006,Intermodal,CAR006,,CG002,7,9.49,46.92,12.0,3.81,2.33,Y,N,N,N,Standard,DDP,1306.8,1344.2,5,0.4,0.02,On time,Y,Delivered,None,3904.21,422.93,1526.61,371.9,6225.66,100030.18,0.0622,494.65,0.03878,N,0,17,Low
SHP00634,PRJ004,2024-06-11,2024-07-18,2024-07-16T07:00:00,2024-07-16T09:39:03,2024-07-20T04:34:23,2024-07-20T13:09:22,F011,F018,P006,P009,Sea Breakbulk,CAR010,V014,CG005,5,28.94,88.04,17.33,5.11,3.75,Y,N,N,N,Standard,FCA,1102.7,1147.0,5,8.6,0.36,On time,Y,Delivered,Customs hold,6582.11,1007.49,1222.65,789.92,9602.17,1109581.4,0.0087,959.4,0.0289,N,0,31,Low
SHP00635,PRJ006,2024-06-06,2024-08-08,2024-07-21T14:00:00,2024-07-21T13:47:55,2024-07-31T09:28:03,2024-08-01T13:58:37,F014,F017,P003,P018,Sea Breakbulk,CAR010,V014,CG002,7,21.15,51.37,12.65,3.87,2.67,Y,N,N,N,Standard,DDP,5403.4,5568.9,11,28.5,1.19,On time,Y,Delivered,Documentation issue,13287.82,2029.22,1707.27,910.67,17934.98,172781.48,0.1038,3000.96,0.02548,N,0,35,Low
SHP00636,PRJ001,2025-09-17,2025-10-21,2025-10-13T15:00:00,2025-10-13T15:39:53,2025-10-17T03:24:59,2025-10-17T11:34:53,F003,F007,P003,P005,Sea Breakbulk,CAR004,V001,CG006,6,30.63,54.52,10.43,3.93,4.09,Y,N,N,N,Expedite,DDP,800.5,803.6,5,8.2,0.34,On time,Y,Delivered,Port congestion,8511.49,1250.13,1240.63,1011.11,12013.36,193543.87,0.0621,1396.26,0.05673,N,0,26,Low
SHP00637,PRJ003,2025-03-20,2025-04-15,2025-04-06T15:00:00,2025-04-06T15:02:53,2025-04-07T15:06:00,2025-04-07T18:59:02,F009,F011,,,Road,CAR012,,CG002,3,20.18,76.09,14.67,4.28,3.94,Y,N,N,N,Standard,CFR,833.1,828.2,2,3.9,0.16,On time,Y,Delivered,None,3509.41,517.32,0,757.61,4784.34,165310.88,0.0289,1587.74,0.095,N,0,34,Low
SHP00638,PRJ002,2025-10-13,2025-11-27,2025-11-24T09:00:00,2025-11-24T11:43:27,2025-11-28T05:11:13,2025-11-29T07:59:29,F004,F008,P004,P012,RoRo,CAR003,V010,CG008,1,58.22,313.15,24.06,9.25,8.4,Y,Y,N,N,Expedite,DAP,1281.3,1314.7,5,26.8,1.12,1-2 days,N,Delivered,Carrier capacity,10757.41,1155.5,2546.34,1141.59,15600.84,1751701.66,0.0089,2378.37,0.03107,N,0,59,Medium
SHP00639,PRJ001,2024-02-08,2024-03-13,2024-03-05T09:00:00,2024-03-05T08:28:24,2024-03-10T08:19:10,2024-03-10T09:33:43,F010,F007,P010,P005,Sea Breakbulk,CAR004,V001,CG003,5,4.37,52.81,10.38,3.29,3.09,Y,N,N,N,Standard,DDP,1808.4,1856.0,6,1.2,0.05,On time,Y,Delivered,None,5705.4,542.93,1352.15,803.0,8403.48,236301.77,0.0356,242.62,0.02991,N,0,34,Low
SHP00640,PRJ001,2024-03-07,2024-03-23,2024-03-21T10:00:00,2024-03-21T12:27:45,2024-03-25T18:47:53,2024-03-26T10:13:45,F004,F007,P004,P005,Sea Breakbulk,CAR010,V004,CG006,3,29.18,108.0,17.47,4.45,4.54,Y,N,N,N,Expedite,FCA,856.1,881.6,5,15.4,0.64,On time,Y,Delivered,Carrier capacity,7324.96,948.78,1301.65,939.75,10515.14,174530.69,0.0602,652.0,0.02534,N,0,35,Low
SHP00641,PRJ007,2023-12-14,2024-01-06,2024-01-01T10:00:00,2024-01-01T12:15:37,2024-01-01T23:06:00,2024-01-02T03:44:52,F003,F001,,,Road,CAR002,,CG006,7,40.63,87.56,16.78,4.94,4.27,Y,N,N,N,Standard,EXW,499.6,505.1,1,4.6,0.19,On time,Y,Delivered,None,3271.2,336.81,0,0,3608.01,195813.5,0.0184,1949.61,0.095,N,0,28,Low
SHP00642,PRJ006,2025-08-02,2025-10-02,2025-09-16T10:00:00,2025-09-16T10:07:08,2025-09-27T04:55:16,2025-09-27T19:08:22,F001,F017,P001,P018,Intermodal,CAR006,,CG007,2,11.61,53.79,9.45,3.47,3.33,Y,N,N,N,Expedite,FCA,5755.7,5828.9,12,14.2,0.59,On time,Y,Delivered,Customs hold,8325.25,593.0,1339.83,358.04,10616.12,275389.5,0.0385,1480.06,0.02187,N,0,30,Low
SHP00643,PRJ002,2024-06-08,2024-06-24,2024-06-19T12:00:00,2024-06-19T12:17:28,2024-06-25T09:05:03,2024-06-25T21:12:02,F012,F008,P007,P012,Sea Breakbulk,CAR004,V012,CG007,6,10.8,24.74,8.29,2.56,1.69,Y,N,N,N,Standard,DAP,2347.7,2361.9,7,12.1,0.5,On time,Y,Delivered,None,6699.47,851.68,864.03,664.05,9079.23,187328.6,0.0485,621.26,0.02435,N,0,40,Low
SHP00644,PRJ002,2025-01-08,2025-02-22,2025-02-18T11:00:00,2025-02-18T13:26:19,2025-02-24T07:19:08,2025-02-24T01:12:41,F012,F008,P007,P012,Sea Breakbulk,CAR010,V004,CG003,1,12.11,59.92,13.28,4.05,3.25,Y,N,N,N,Standard,FCA,2432.9,2496.1,7,0,0.0,On time,Y,Delivered,None,7155.28,774.82,1025.64,685.56,9641.3,581954.43,0.0166,735.27,0.02432,N,0,28,Low
SHP00645,PRJ007,2024-05-04,2024-06-03,2024-05-29T08:00:00,2024-05-29T10:55:44,2024-05-30T08:48:00,2024-05-30T14:20:16,F014,F001,,,Road,CAR012,,CG002,3,24.38,37.38,8.48,3.27,3.33,Y,N,N,N,Standard,FCA,946.2,937.8,2,5.5,0.23,On time,Y,Delivered,None,4244.05,324.46,0,0,4568.51,234010.56,0.0195,2172.04,0.095,N,0,23,Low
SHP00646,PRJ003,2024-10-14,2024-10-24,2024-10-22T12:00:00,2024-10-22T12:16:07,2024-10-25T20:32:37,2024-10-25T06:53:34,F012,F011,P007,P006,Sea Breakbulk,CAR007,V011,CG008,2,70.42,682.81,50.3,14.18,12.2,Y,Y,N,N,Standard,DAP,123.9,127.5,4,0,0.0,On time,Y,Delivered,None,6406.32,893.6,3264.29,890.47,11454.67,1938685.54,0.0059,404.97,0.0451,N,0,50,Medium
SHP00647,PRJ006,2025-11-15,2026-01-10,2025-12-30T12:00:00,2025-12-30T13:12:42,2026-01-11T06:00:35,2026-01-11T23:27:02,F003,F017,P003,P018,Sea Breakbulk,CAR004,V008,CG002,1,19.21,98.93,17.93,5.61,5.02,Y,N,N,N,Standard,FCA,6053.1,6180.5,13,17.4,0.73,On time,Y,Delivered,Customs hold,14731.61,2064.86,1114.85,614.53,18525.86,185576.92,0.0998,3429.53,0.02889,N,0,42,Low
SHP00648,PRJ005,2025-10-11,2025-11-23,2025-11-11T08:00:00,2025-11-11T08:35:49,2025-11-19T18:17:12,2025-11-21T08:37:39,F011,F016,P006,P016,Sea Breakbulk,CAR007,V011,CG001,4,4.39,15.84,6.18,1.91,1.6,N,N,N,N,Standard,EXW,3623.5,3685.0,9,38.3,1.6,1-2 days,N,Delivered,Port congestion,5264.46,469.41,1098.95,751.59,7584.41,355415.2,0.0213,397.76,0.02459,N,0,20,Low
SHP00649,PRJ007,2024-08-13,2024-10-07,2024-09-23T08:00:00,2024-09-23T07:58:33,2024-09-29T04:55:14,2024-09-30T01:34:20,F011,F001,P006,P001,Sea Breakbulk,CAR010,V007,CG005,2,21.74,104.96,18.22,5.75,3.78,Y,N,N,N,Standard,FCA,2025.9,2001.7,7,20.7,0.86,On time,Y,Delivered,None,8177.21,758.54,1455.68,986.92,11378.35,705686.79,0.0161,1567.05,0.03601,N,0,30,Low
SHP00650,PRJ006,2025-06-08,2025-07-11,2025-06-26T10:00:00,2025-06-26T11:56:53,2025-07-05T17:00:40,2025-07-06T12:01:15,F010,F017,P010,P018,Container Sea,CAR005,V013,CG001,5,7.61,17.28,7.58,1.6,1.36,N,N,N,N,Standard,DAP,4908.7,4899.1,10,19.0,0.79,On time,Y,Delivered,Weather disruption,3968.56,346.89,1485.72,684.51,6485.68,555708.34,0.0117,765.48,0.02053,N,0,25,Low
SHP00651,PRJ001,2024-03-07,2024-04-02,2024-03-26T11:00:00,2024-03-26T12:47:23,2024-03-30T20:45:49,2024-04-01T09:08:52,F004,F007,P004,P005,Sea Breakbulk,CAR004,V008,CG006,6,34.72,106.16,19.84,5.72,4.85,Y,N,N,N,Expedite,DDP,877.6,870.1,5,36.4,1.52,1-2 days,N,Delivered,Customs hold,7592.63,944.4,1503.21,845.95,10886.18,161598.18,0.0674,768.17,0.02543,N,0,29,Low
SHP00652,PRJ006,2024-06-04,2024-07-12,2024-06-30T07:00:00,2024-06-30T09:06:11,2024-07-12T02:00:47,2024-07-12T12:21:33,F003,F017,P003,P018,Sea Breakbulk,CAR004,V008,CG006,5,38.6,132.61,14.54,5.9,5.35,Y,N,N,N,Critical,DDP,6337.0,6551.5,13,10.3,0.43,On time,Y,Delivered,None,33001.21,4890.71,1688.08,947.45,40527.45,227956.59,0.1778,7153.49,0.02829,N,0,36,Low
SHP00653,PRJ001,2024-09-10,2024-10-01,2024-09-20T15:00:00,2024-09-20T17:03:18,2024-09-26T10:45:13,2024-09-26T11:42:09,F012,F007,P007,P005,Sea Breakbulk,CAR004,V008,CG007,8,10.44,51.81,11.94,3.2,2.8,Y,N,N,N,Standard,DDP,1984.8,2041.0,7,0.9,0.04,On time,Y,Delivered,None,6364.53,687.05,796.57,604.33,8452.48,174790.75,0.0484,516.74,0.02425,N,0,27,Low
SHP00654,PRJ006,2024-11-25,2024-12-24,2024-12-20T12:00:00,2024-12-20T12:43:32,2024-12-24T13:48:00,2024-12-24T14:43:16,F004,F017,,,Road,CAR008,,CG008,2,56.97,670.05,39.84,14.03,11.46,Y,Y,N,N,Critical,FCA,6310.7,6247.7,5,0.9,0.04,On time,Y,Delivered,None,96389.86,9492.52,0,1247.16,107129.54,1719529.67,0.0623,33813.49,0.095,N,0,62,Medium
SHP00655,PRJ006,2025-11-05,2025-12-08,2025-11-25T12:00:00,2025-11-25T13:18:25,2025-12-05T14:05:47,2025-12-06T19:41:36,F012,F017,P007,P018,Sea Breakbulk,CAR010,V007,CG004,2,59.69,156.84,18.44,6.37,4.81,Y,Y,N,N,Critical,DAP,4975.0,5171.2,11,29.6,1.23,1-2 days,N,Delivered,Road permit delay,46892.68,3543.07,2886.75,898.54,54221.04,1463897.67,0.037,7504.26,0.02431,N,0,65,Medium
SHP00656,PRJ003,2024-07-22,2024-08-14,2024-08-06T14:00:00,2024-08-06T15:38:44,2024-08-11T17:35:33,2024-08-12T09:12:21,F001,F011,P001,P006,Container Sea,CAR005,V009,CG010,1,2.08,8.62,5.41,1.09,1.39,N,N,N,N,Expedite,DAP,1948.4,1979.5,6,15.6,0.65,On time,Y,Delivered,None,3446.66,377.83,668.87,329.18,4822.54,294800.1,0.0164,134.61,0.03269,N,0,28,Low
SHP00657,PRJ001,2024-11-22,2025-01-10,2024-12-30T09:00:00,2024-12-30T09:39:36,2025-01-04T09:52:58,2025-01-04T15:19:33,F011,F007,P006,P005,Sea Breakbulk,CAR004,V008,CG005,7,39.44,51.04,13.08,3.93,2.8,Y,N,N,N,Critical,DAP,2111.0,2133.9,6,5.4,0.23,On time,Y,Delivered,None,14856.66,1934.48,1828.11,943.01,19562.25,1343663.65,0.0146,2099.39,0.02494,N,0,18,Low
SHP00658,PRJ001,2025-01-20,2025-03-03,2025-03-04T07:00:00,2025-03-04T08:07:43,2025-03-04T23:54:00,2025-03-05T04:06:36,F004,F007,,,Road,CAR008,,CG002,3,19.64,5.17,4.69,2.46,1.28,N,N,N,N,Expedite,FCA,918.5,949.8,1,4.2,0.18,On time,Y,Delivered,None,3610.29,524.35,0,530.51,4665.15,193024.26,0.0242,1772.14,0.095,N,0,17,Low
SHP00659,PRJ006,2025-10-01,2025-11-12,2025-10-30T11:00:00,2025-10-30T12:48:20,2025-11-10T03:36:11,2025-11-10T02:43:19,F013,F017,P001,P018,Sea Breakbulk,CAR010,V004,CG009,5,27.23,41.07,11.91,3.51,2.74,Y,N,Y,N,Critical,DDP,5418.8,5544.6,12,0,0.0,On time,Y,Delivered,None,23263.28,2042.48,1805.8,1296.37,28407.92,264619.97,0.1074,3668.74,0.0243,N,0,55,Medium
SHP00660,PRJ005,2025-08-31,2025-10-06,2025-09-23T13:00:00,2025-09-23T12:02:57,2025-09-30T07:51:04,2025-10-01T09:56:39,F005,F016,P002,P016,Sea Breakbulk,CAR004,V012,CG001,7,6.15,16.23,6.79,2.41,1.61,N,N,N,N,Standard,DAP,3001.6,2947.7,8,26.1,1.09,On time,Y,Delivered,Weather disruption,5069.95,653.98,1242.27,386.21,7352.42,501762.13,0.0147,484.56,0.02673,N,0,21,Low
SHP00661,PRJ001,2025-07-30,2025-08-21,2025-08-08T09:00:00,2025-08-08T09:58:40,2025-08-14T05:39:43,2025-08-14T04:27:08,F011,F007,P006,P005,Intermodal,CAR006,,CG010,2,2.58,7.99,5.47,2.02,0.99,N,N,N,N,Expedite,DAP,2104.4,2091.9,7,0,0.0,On time,Y,Delivered,Weather disruption,3050.26,421.49,980.0,554.6,5006.35,345929.33,0.0145,103.17,0.01912,N,0,33,Low
SHP00662,PRJ006,2025-03-18,2025-05-06,2025-04-28T13:00:00,2025-04-28T14:50:32,2025-05-04T08:30:00,2025-05-04T09:46:26,F014,F017,,,Road,CAR002,,CG006,2,27.96,97.87,14.5,5.13,4.53,Y,N,N,N,Standard,FCA,7187.3,7363.0,7,1.3,0.05,On time,Y,Delivered,None,33785.02,4072.92,0,671.08,38529.01,126220.53,0.3053,19557.6,0.095,N,0,48,Medium
SHP00663,PRJ004,2024-10-05,2024-10-24,2024-10-17T13:00:00,2024-10-17T14:41:52,2024-10-20T02:33:37,2024-10-21T04:27:45,F010,F018,P010,P009,Sea Breakbulk,CAR004,V012,CG007,7,16.16,35.87,9.42,2.95,2.53,Y,N,N,N,Standard,EXW,567.7,585.3,4,25.9,1.08,On time,Y,Delivered,Road permit delay,5265.45,614.63,1620.08,947.03,8447.19,377611.53,0.0224,443.4,0.04688,N,0,32,Low
SHP00664,PRJ007,2024-09-26,2024-10-28,2024-10-21T09:00:00,2024-10-21T11:51:25,2024-10-26T10:10:29,2024-10-27T02:52:46,F011,F001,P006,P001,Intermodal,CAR006,,CG010,4,4.02,9.0,4.87,1.01,1.58,N,N,N,N,Standard,DDP,1867.4,1865.0,6,16.7,0.7,On time,Y,Delivered,Weather disruption,2768.19,348.8,927.17,412.49,4456.65,560586.03,0.0079,232.89,0.03106,N,0,25,Low
SHP00665,PRJ006,2024-06-19,2024-08-17,2024-07-30T07:00:00,2024-07-30T06:45:22,2024-08-09T11:31:45,2024-08-10T12:58:17,F013,F017,P001,P018,Container Sea,CAR005,V003,CG009,5,14.92,22.83,9.48,2.14,1.83,N,N,Y,N,Expedite,EXW,5403.1,5446.3,11,25.4,1.06,1-2 days,N,Delivered,Port congestion,5840.65,882.17,1716.07,845.73,9284.62,140848.05,0.0659,1488.85,0.01832,N,0,47,Medium
SHP00666,PRJ001,2024-05-14,2024-06-17,2024-06-04T14:00:00,2024-06-04T15:54:32,2024-06-09T20:24:54,2024-06-10T10:29:19,F012,F007,P007,P005,Intermodal,CAR006,,CG006,2,32.04,153.63,18.42,5.97,5.79,Y,N,N,N,Standard,DDP,1969.3,1943.5,6,14.1,0.59,On time,Y,Delivered,Port congestion,4610.52,608.6,1906.38,802.96,7928.47,177241.9,0.0447,1137.89,0.01827,N,0,28,Low
SHP00667,PRJ007,2023-12-17,2024-01-08,2024-01-08T11:00:00,2024-01-08T10:21:19,2024-01-09T00:00:00,2024-01-08T22:49:20,F003,F001,,,Road,CAR002,,CG006,3,34.22,127.03,16.68,6.71,5.89,Y,N,N,N,Expedite,DAP,526.3,523.3,2,0,0.0,On time,Y,Delivered,None,3795.74,576.39,0,0,4372.13,164407.91,0.0266,1701.2,0.095,N,0,26,Low
SHP00668,PRJ005,2024-11-27,2025-01-04,2024-12-24T13:00:00,2024-12-24T15:53:38,2025-01-01T23:15:28,2025-01-03T15:54:02,F014,F016,P003,P016,Sea Breakbulk,CAR007,V005,CG002,5,12.52,75.92,14.93,5.08,4.25,Y,N,N,N,Expedite,EXW,3921.5,3922.5,9,40.6,1.69,1-2 days,N,Delivered,Port congestion,11215.38,1209.53,844.22,435.82,13704.95,120749.57,0.1135,1272.77,0.02592,N,0,33,Low
SHP00669,PRJ006,2024-11-28,2024-12-30,2024-12-20T14:00:00,2024-12-20T16:21:47,2024-12-30T20:58:28,2024-12-31T11:39:29,F002,F017,P001,P018,Intermodal,CAR006,,CG010,2,4.24,10.81,5.59,2.22,2.06,N,N,N,N,Standard,CFR,5457.9,5525.5,11,14.7,0.61,On time,Y,Delivered,None,4085.23,311.32,864.04,393.59,5654.18,572449.07,0.0099,555.76,0.02372,Y,14979.61,23,Low
SHP00670,PRJ005,2025-07-22,2025-08-07,2025-07-29T07:00:00,2025-07-29T06:27:25,2025-08-06T02:47:54,2025-08-06T22:19:37,F012,F016,P007,P016,Sea Breakbulk,CAR004,V008,CG006,8,47.38,114.99,14.76,6.03,4.74,Y,Y,N,N,Critical,EXW,3195.4,3165.2,9,19.5,0.81,1-2 days,N,Delivered,Port congestion,27750.9,2024.31,2895.64,1186.26,33857.11,258561.25,0.1309,3618.73,0.02413,N,0,61,Medium
SHP00671,PRJ002,2024-07-10,2024-07-29,2024-07-26T08:00:00,2024-07-26T07:43:45,2024-07-30T20:52:39,2024-07-31T08:10:57,F003,F008,P003,P012,Sea Breakbulk,CAR004,V001,CG006,5,30.17,43.05,11.61,3.4,2.92,Y,N,N,N,Expedite,DDP,800.8,822.9,5,11.3,0.47,On time,Y,Delivered,None,8651.22,822.84,1272.25,503.56,11249.86,164036.48,0.0686,1532.78,0.06174,N,0,38,Low
SHP00672,PRJ006,2024-06-29,2024-07-23,2024-07-09T10:00:00,2024-07-09T12:09:13,2024-07-18T09:01:30,2024-07-18T16:55:22,F014,F017,P003,P018,Sea Breakbulk,CAR010,V014,CG004,1,53.28,234.73,25.82,8.46,6.33,Y,Y,N,N,Standard,DAP,5715.4,5748.6,10,7.9,0.33,On time,Y,Delivered,None,30430.37,4516.03,3118.2,730.11,38794.71,991140.14,0.0391,7804.42,0.02548,N,0,54,Medium
SHP00673,PRJ004,2024-07-25,2024-08-11,2024-08-01T07:00:00,2024-08-01T06:09:22,2024-08-05T20:06:41,2024-08-06T10:20:51,F014,F018,P003,P009,Sea Breakbulk,CAR010,V004,CG006,3,36.67,64.35,14.0,3.5,3.45,Y,N,N,N,Standard,DDP,1427.3,1478.9,5,14.2,0.59,On time,Y,Delivered,Customs hold,8099.03,663.1,1638.99,663.59,11064.71,210939.99,0.0525,1716.29,0.03165,N,0,39,Low
SHP00674,PRJ004,2024-08-12,2024-09-07,2024-09-03T09:00:00,2024-09-03T09:29:32,2024-09-07T01:22:32,2024-09-07T09:55:37,F013,F018,P001,P009,Container Sea,CAR005,V003,CG010,5,1.85,13.1,5.83,2.15,2.01,N,N,N,N,Expedite,DDP,730.1,740.7,5,8.6,0.36,On time,Y,Delivered,None,2573.96,306.43,1079.66,302.39,4262.44,214465.51,0.0199,32.11,0.02343,N,0,15,Low
SHP00675,PRJ001,2025-07-01,2025-08-13,2025-08-12T09:00:00,2025-08-12T11:49:36,2025-08-14T00:18:00,2025-08-14T05:17:40,F012,F007,,,Road,CAR012,,CG006,5,41.17,134.66,20.37,6.08,5.45,Y,N,N,N,Expedite,FCA,2076.1,2131.6,3,5.0,0.21,On time,Y,Delivered,None,15745.09,1922.18,0,750.31,18417.58,250790.57,0.0734,8337.01,0.095,N,0,34,Low
SHP00676,PRJ005,2024-11-20,2025-01-06,2024-12-31T11:00:00,2024-12-31T10:47:48,2025-01-07T04:11:27,2025-01-07T21:26:08,F013,F016,P001,P016,Sea Breakbulk,CAR010,V014,CG009,4,10.57,28.07,7.79,2.46,2.61,N,N,Y,N,Expedite,DDP,2903.3,2974.5,8,17.2,0.72,On time,Y,Delivered,Port congestion,6836.55,969.33,1490.92,844.98,10141.78,95622.63,0.1061,758.85,0.02414,N,0,38,Low
SHP00677,PRJ004,2025-02-09,2025-02-27,2025-02-24T09:00:00,2025-02-24T10:00:14,2025-02-25T03:54:00,2025-02-25T05:05:35,F005,F018,,,Road,CAR001,,CG005,5,33.29,125.55,19.63,6.1,4.68,Y,N,N,N,Critical,EXW,531.2,522.3,2,1.2,0.05,On time,Y,Delivered,None,4738.88,609.25,0,1096.66,6444.79,1069663.55,0.006,1651.8,0.095,N,0,24,Low
SHP00678,PRJ006,2024-06-19,2024-07-28,2024-07-15T15:00:00,2024-07-15T17:55:52,2024-07-25T20:30:14,2024-07-26T06:51:41,F005,F017,P002,P018,Sea Breakbulk,CAR004,V012,CG005,7,30.55,143.29,17.86,5.93,5.46,Y,N,N,N,Critical,FCA,5120.0,5063.3,11,10.4,0.43,On time,Y,Delivered,Carrier capacity,23063.64,1626.12,1581.78,1090.13,27361.67,910605.83,0.03,3978.77,0.02572,N,0,25,Low
SHP00679,PRJ006,2024-12-20,2025-02-06,2025-01-29T14:00:00,2025-01-29T14:04:50,2025-02-08T07:40:56,2025-02-08T20:54:01,F002,F017,P001,P018,Intermodal,CAR006,,CG010,4,4.3,8.83,4.29,0.6,1.55,N,N,N,N,Standard,DDP,5333.9,5376.1,11,13.2,0.55,On time,Y,Delivered,None,4028.64,646.49,668.09,354.01,5697.23,593488.21,0.0096,549.61,0.02377,N,0,33,Low
SHP00680,PRJ002,2024-09-05,2024-10-18,2024-10-10T15:00:00,2024-10-10T14:16:27,2024-10-12T21:17:03,2024-10-13T09:10:53,F014,F008,P003,P012,RoRo,CAR003,V006,CG002,3,22.75,32.24,10.65,2.47,2.61,N,N,N,N,Expedite,DDP,497.2,511.4,3,11.9,0.5,On time,Y,Delivered,Weather disruption,2909.23,431.56,1100.83,623.03,5064.66,210409.74,0.0241,522.04,0.04487,N,0,29,Low
SHP00681,PRJ006,2024-12-21,2025-02-13,2025-02-03T10:00:00,2025-02-03T11:11:19,2025-02-09T01:12:00,2025-02-09T09:25:35,F004,F017,,,Road,CAR012,,CG006,2,33.56,60.21,14.06,4.06,3.68,Y,N,N,N,Standard,DAP,6901.5,7031.1,7,8.2,0.34,On time,Y,Delivered,Customs hold,35970.06,5456.72,0,1041.43,42468.21,152177.83,0.2791,22416.55,0.095,N,0,43,Low
SHP00682,PRJ005,2024-08-05,2024-08-24,2024-08-19T13:00:00,2024-08-19T13:29:14,2024-08-22T11:06:00,2024-08-22T14:26:56,F004,F016,,,Road,CAR011,,CG002,8,11.81,25.38,9.38,3.02,2.38,Y,N,N,N,Standard,DDP,3778.1,3745.5,4,3.3,0.14,On time,Y,Delivered,None,10794.79,856.71,0,338.27,11989.77,101779.82,0.1178,4202.26,0.095,N,0,51,Medium
SHP00683,PRJ004,2025-08-23,2025-10-12,2025-10-01T14:00:00,2025-10-01T15:49:25,2025-10-06T08:11:11,2025-10-06T10:36:50,F014,F018,P003,P009,Sea Breakbulk,CAR007,V005,CG004,1,50.85,198.24,30.34,6.87,6.12,Y,Y,N,N,Standard,FCA,1443.9,1435.5,6,2.4,0.1,On time,Y,Delivered,None,12265.34,1074.92,3125.53,1154.03,17619.82,932333.66,0.0189,2306.07,0.03159,N,0,49,Medium
SHP00684,PRJ004,2025-06-17,2025-07-31,2025-07-18T11:00:00,2025-07-18T12:33:12,2025-07-23T01:25:50,2025-07-24T09:41:28,F014,F018,P003,P009,Sea Breakbulk,CAR004,V001,CG002,2,18.3,87.75,14.95,4.69,4.51,Y,N,N,N,Standard,DAP,1383.3,1420.1,6,32.3,1.34,1-2 days,N,Delivered,Weather disruption,6508.78,830.02,1018.72,807.05,9164.58,173442.27,0.0528,810.16,0.03117,N,0,37,Low
SHP00685,PRJ001,2024-03-29,2024-04-15,2024-04-11T11:00:00,2024-04-11T11:39:34,2024-04-17T11:28:08,2024-04-18T15:22:15,F012,F007,P007,P005,Intermodal,CAR006,,CG003,3,7.04,54.93,13.42,3.4,2.41,Y,N,N,N,Critical,EXW,2020.1,2032.5,7,27.9,1.16,1-2 days,N,Delivered,Customs hold,5380.85,619.54,849.5,863.65,7713.54,309742.66,0.0249,261.29,0.01826,N,0,39,Low
SHP00686,PRJ006,2024-08-31,2024-10-25,2024-10-07T15:00:00,2024-10-07T17:08:41,2024-10-18T23:03:27,2024-10-19T08:49:08,F013,F017,P001,P018,Sea Breakbulk,CAR007,V005,CG003,6,11.27,30.77,10.26,3.46,2.55,Y,N,N,N,Critical,FCA,5322.2,5433.8,12,9.8,0.41,On time,Y,Delivered,None,15997.75,1987.07,1505.72,680.28,20170.81,480232.7,0.042,1486.86,0.02428,N,0,31,Low
SHP00687,PRJ007,2025-07-05,2025-08-04,2025-07-29T14:00:00,2025-07-29T16:08:00,2025-07-30T16:24:00,2025-07-30T18:33:06,F014,F001,,,Road,CAR011,,CG006,6,24.97,92.9,19.52,5.61,4.71,Y,N,N,N,Standard,DAP,955.5,990.2,2,2.2,0.09,On time,Y,Delivered,None,4575.4,286.9,0,0,4862.3,118643.56,0.041,2348.9,0.095,N,0,31,Low
SHP00688,PRJ002,2024-06-13,2024-08-04,2024-07-25T10:00:00,2024-07-25T10:44:44,2024-07-28T05:31:49,2024-07-29T04:53:24,F003,F008,P003,P012,RoRo,CAR003,V010,CG002,7,15.29,82.44,16.75,4.94,3.97,Y,N,N,N,Standard,FCA,767.2,768.5,4,23.4,0.97,On time,Y,Delivered,Carrier capacity,3855.92,272.27,924.45,468.04,5520.69,149138.35,0.037,764.56,0.06507,N,0,35,Low
SHP00689,PRJ007,2023-12-25,2024-01-27,2024-01-22T13:00:00,2024-01-22T14:28:19,2024-01-22T23:48:00,2024-01-23T04:00:56,F004,F001,,,Road,CAR002,,CG004,1,48.51,90.55,17.94,5.29,4.83,Y,Y,N,N,Standard,DAP,299.3,306.9,1,4.2,0.18,On time,Y,Delivered,None,3200.02,246.08,0,0,3446.1,1044766.58,0.0033,1414.33,0.095,N,0,50,Medium
SHP00690,PRJ001,2025-04-06,2025-05-15,2025-05-05T14:00:00,2025-05-05T16:57:20,2025-05-11T16:14:42,2025-05-13T04:37:23,F011,F007,P006,P005,Sea Breakbulk,CAR004,V001,CG001,2,2.55,22.18,8.05,2.64,2.0,Y,N,N,N,Standard,DDP,1932.3,1960.3,7,36.4,1.52,1-2 days,N,Delivered,Carrier capacity,5517.11,770.91,823.88,589.55,7701.45,206230.65,0.0373,125.05,0.02502,N,0,31,Low
SHP00691,PRJ003,2024-09-08,2024-10-10,2024-09-30T12:00:00,2024-09-30T11:41:44,2024-10-04T02:01:27,2024-10-04T15:23:15,F010,F011,P010,P006,Intermodal,CAR006,,CG007,8,9.37,20.92,8.51,1.91,1.56,N,N,N,N,Critical,EXW,1184.6,1181.4,5,13.4,0.56,On time,Y,Delivered,None,3972.61,297.82,808.56,914.05,5993.05,163320.73,0.0367,334.46,0.03021,N,0,17,Low
SHP00692,PRJ001,2024-06-08,2024-07-11,2024-07-08T12:00:00,2024-07-08T13:43:56,2024-07-13T17:31:00,2024-07-13T18:49:06,F005,F007,P002,P005,Container Sea,CAR005,V013,CG001,5,2.99,28.41,8.11,2.39,2.67,N,N,N,N,Standard,CFR,1130.2,1164.3,6,1.3,0.05,On time,Y,Delivered,None,2249.64,272.8,883.16,431.82,3837.42,180810.96,0.0212,84.82,0.02436,N,0,21,Low
SHP00693,PRJ002,2024-02-10,2024-03-16,2024-03-14T08:00:00,2024-03-14T08:41:40,2024-03-17T18:08:23,2024-03-18T16:13:18,F014,F008,P003,P012,Sea Breakbulk,CAR010,V007,CG004,2,62.16,114.77,17.1,5.57,4.63,Y,Y,N,N,Standard,EXW,478.4,484.0,4,22.1,0.92,On time,Y,Delivered,Road permit delay,8423.16,1245.32,2998.19,1327.47,13994.14,1584928.67,0.0088,1263.57,0.042,N,0,66,Medium
SHP00694,PRJ007,2024-08-05,2024-09-16,2024-09-09T09:00:00,2024-09-09T10:30:38,2024-09-09T18:54:00,2024-09-09T22:26:41,F004,F001,,,Road,CAR011,,CG002,2,22.11,56.83,15.88,3.18,3.63,Y,N,N,N,Expedite,EXW,343.3,347.3,1,3.5,0.15,On time,Y,Delivered,None,2206.56,195.2,0,0,2401.76,225734.03,0.0106,729.49,0.095,N,0,26,Low
SHP00695,PRJ006,2025-07-11,2025-08-20,2025-08-06T07:00:00,2025-08-06T09:32:19,2025-08-15T17:54:05,2025-08-16T07:38:09,F012,F017,P007,P018,Intermodal,CAR006,,CG007,1,11.67,37.52,11.05,3.0,2.65,Y,N,N,N,Standard,DAP,5588.1,5496.8,10,13.7,0.57,On time,Y,Delivered,None,5872.02,573.19,1117.14,813.48,8375.83,200460.53,0.0418,1176.05,0.01833,N,0,39,Low
SHP00696,PRJ004,2025-11-06,2025-12-07,2025-12-08T08:00:00,2025-12-08T08:57:33,2025-12-09T15:06:00,2025-12-09T15:46:15,F014,F018,,,Road,CAR011,,CG006,4,32.89,19.38,7.53,2.05,2.29,N,N,N,N,Standard,FCA,1691.3,1664.5,2,0.7,0.03,On time,Y,Delivered,None,6494.31,1020.18,0,606.6,8121.09,147185.08,0.0552,5200.81,0.095,N,0,17,Low
SHP00697,PRJ002,2024-10-28,2024-11-11,2024-11-06T13:00:00,2024-11-06T14:47:40,2024-11-12T04:44:25,2024-11-12T17:52:36,F012,F008,P007,P012,Intermodal,CAR006,,CG008,2,60.18,611.94,54.01,11.96,10.89,Y,Y,N,N,Critical,EXW,2294.9,2363.4,7,13.1,0.55,On time,Y,Delivered,None,13891.04,1336.5,3284.55,1256.56,19768.65,1940104.17,0.0102,2614.35,0.01838,N,0,62,Medium
SHP00698,PRJ005,2024-07-18,2024-08-09,2024-08-07T08:00:00,2024-08-07T09:13:38,2024-08-10T01:12:00,2024-08-10T05:08:08,F004,F016,,,Road,CAR008,,CG004,2,56.56,244.5,32.99,8.28,7.15,Y,Y,N,N,Expedite,CFR,4221.0,4240.0,4,3.9,0.16,On time,Y,Delivered,None,52505.35,8414.64,0,1149.29,62069.28,1137233.46,0.0546,22782.37,0.095,N,0,52,Medium
SHP00699,PRJ006,2024-12-02,2025-01-04,2024-12-25T07:00:00,2024-12-25T06:11:33,2025-01-04T10:15:34,2025-01-05T06:18:13,F012,F017,P007,P018,Sea Breakbulk,CAR010,V007,CG005,2,40.16,105.5,15.11,6.03,4.35,Y,N,N,N,Critical,CFR,5361.9,5402.1,11,20.0,0.84,1-2 days,N,Delivered,Documentation issue,27921.07,2990.87,1816.09,976.51,33704.54,1174191.17,0.0287,5266.36,0.02427,N,0,40,Low
SHP00700,PRJ006,2024-11-17,2024-12-12,2024-11-27T11:00:00,2024-11-27T11:29:01,2024-12-06T11:41:18,2024-12-07T06:45:43,F012,F017,P007,P018,Sea Breakbulk,CAR010,V014,CG001,5,3.16,23.06,9.01,2.51,2.31,N,N,N,N,Critical,CFR,5171.9,5178.3,10,19.1,0.79,1-2 days,N,Delivered,Port congestion,9144.98,623.78,1004.19,847.72,11620.67,267982.44,0.0434,397.43,0.02429,N,0,24,Low
SHP00701,PRJ005,2025-02-24,2025-03-19,2025-03-12T09:00:00,2025-03-12T08:03:14,2025-03-19T07:46:57,2025-03-20T12:53:17,F002,F016,P001,P016,Sea Breakbulk,CAR007,V005,CG009,6,15.46,28.01,11.5,2.95,2.35,Y,N,Y,N,Expedite,DDP,3457.3,3401.8,8,29.1,1.21,1-2 days,N,Delivered,Road permit delay,11953.56,1563.18,1533.19,1188.25,16238.17,145877.72,0.1113,1667.24,0.0317,N,0,55,Medium
SHP00702,PRJ004,2024-05-28,2024-06-15,2024-06-04T11:00:00,2024-06-04T11:15:46,2024-06-07T20:23:07,2024-06-08T01:17:01,F004,F018,P004,P009,Sea Breakbulk,CAR007,V011,CG002,3,4.51,74.06,13.87,5.18,3.76,Y,N,N,N,Standard,FCA,800.8,785.4,4,4.9,0.2,On time,Y,Delivered,None,4798.66,500.64,1317.73,291.19,6908.21,46052.87,0.15,105.35,0.02974,N,0,26,Low
SHP00703,PRJ002,2024-05-25,2024-07-04,2024-06-26T14:00:00,2024-06-26T14:43:17,2024-06-29T10:22:39,2024-06-29T20:57:53,F003,F008,P003,P012,Sea Breakbulk,CAR007,V011,CG006,1,40.41,88.41,20.31,5.31,3.84,Y,N,N,N,Expedite,DDP,737.4,748.3,4,10.6,0.44,On time,Y,Delivered,None,8919.79,1254.71,1700.4,809.01,12683.91,220113.03,0.0576,1776.4,0.05875,N,0,37,Low
SHP00704,PRJ006,2025-04-17,2025-05-11,2025-04-25T09:00:00,2025-04-25T08:20:23,2025-05-04T13:39:25,2025-05-04T17:18:01,F012,F017,P007,P018,Container Sea,CAR005,V003,CG001,5,7.1,13.95,7.32,1.58,1.5,N,N,N,N,Standard,FCA,5386.5,5282.3,10,3.6,0.15,On time,Y,Delivered,None,3895.64,390.17,1216.65,556.04,6058.5,497689.36,0.0122,687.05,0.01832,N,0,20,Low
SHP00705,PRJ006,2024-08-03,2024-09-29,2024-09-13T11:00:00,2024-09-13T10:11:23,2024-09-24T18:56:04,2024-09-25T20:18:05,F014,F017,P003,P018,Sea Breakbulk,CAR007,V011,CG002,4,17.43,47.95,12.93,3.81,2.55,Y,N,N,N,Standard,DDP,6067.3,6182.5,12,25.4,1.06,On time,Y,Delivered,Carrier capacity,13305.82,1870.54,1541.73,953.47,17671.56,148426.78,0.1191,2734.88,0.02538,N,0,34,Low
SHP00706,PRJ003,2024-04-20,2024-05-31,2024-05-20T07:00:00,2024-05-20T06:58:58,2024-05-25T03:28:13,2024-05-25T21:33:39,F013,F011,P001,P006,Intermodal,CAR006,,CG007,1,8.32,50.15,11.34,3.46,3.8,Y,N,N,N,Standard,DDP,1627.3,1629.2,6,18.1,0.75,On time,Y,Delivered,None,3377.36,517.13,924.28,370.89,5189.66,147475.98,0.0352,268.59,0.01981,N,0,19,Low
SHP00707,PRJ006,2024-08-22,2024-10-17,2024-10-04T11:00:00,2024-10-04T12:02:48,2024-10-15T21:19:40,2024-10-17T01:52:43,F004,F017,P004,P018,Sea Breakbulk,CAR007,V005,CG008,2,31.85,561.16,41.11,12.98,10.77,Y,Y,N,N,Standard,FCA,5439.2,5512.0,12,28.6,1.19,On time,Y,Delivered,Customs hold,21457.06,2200.46,2248.31,1005.01,26910.84,938214.06,0.0287,4288.22,0.02443,N,0,68,Medium
SHP00708,PRJ001,2025-06-27,2025-08-16,2025-08-04T10:00:00,2025-08-04T12:42:22,2025-08-09T00:15:07,2025-08-09T10:47:20,F002,F007,P001,P005,Intermodal,CAR006,,CG010,7,3.41,11.79,6.82,0.8,1.68,N,N,N,N,Standard,DAP,1209.1,1256.4,6,10.5,0.44,On time,Y,Delivered,None,2651.8,256.72,1288.14,386.01,4582.67,531871.84,0.0086,190.54,0.04447,Y,24101.86,12,Low
SHP00709,PRJ002,2025-08-10,2025-09-08,2025-09-03T13:00:00,2025-09-03T14:48:10,2025-09-09T01:51:16,2025-09-10T16:53:14,F005,F008,P002,P012,Sea Breakbulk,CAR010,V004,CG005,1,18.85,91.29,15.44,4.88,4.31,Y,N,N,N,Standard,CFR,1527.9,1540.4,7,39.0,1.63,1-2 days,N,Delivered,Port congestion,6652.97,990.98,1771.18,488.39,9903.53,744844.81,0.0133,850.79,0.0293,N,0,40,Low
SHP00710,PRJ005,2024-08-09,2024-09-18,2024-09-02T09:00:00,2024-09-02T10:23:03,2024-09-10T02:04:28,2024-09-10T23:39:31,F014,F016,P003,P016,Sea Breakbulk,CAR004,V001,CG006,1,49.94,102.25,15.82,5.61,3.92,Y,Y,N,N,Expedite,DAP,3938.7,3865.4,9,21.6,0.9,1-2 days,N,Delivered,Road permit delay,27381.05,2366.49,2673.03,1041.29,33461.85,319763.01,0.1046,5066.91,0.02625,N,0,57,Medium
SHP00711,PRJ006,2025-03-18,2025-04-02,2025-03-26T12:00:00,2025-03-26T14:50:32,2025-04-04T19:02:03,2025-04-04T21:40:44,F005,F017,P002,P018,Sea Breakbulk,CAR004,V012,CG001,3,5.35,25.65,9.6,2.03,2.44,N,N,N,N,Critical,CFR,5405.0,5613.6,10,2.6,0.11,On time,Y,Delivered,None,10539.43,709.67,836.85,317.18,12403.13,414080.44,0.03,764.16,0.02544,N,0,23,Low
SHP00712,PRJ007,2024-01-02,2024-01-12,2024-01-09T08:00:00,2024-01-09T09:31:20,2024-01-13T22:45:35,2024-01-14T20:09:58,F015,F001,P011,P001,Intermodal,CAR006,,CG009,8,15.1,40.84,9.96,3.83,3.07,Y,N,Y,N,Expedite,CFR,959.4,989.6,5,21.4,0.89,1-2 days,N,Delivered,Customs hold,4848.58,334.06,1696.98,1242.78,8122.4,124258.07,0.0654,649.06,0.04344,N,0,42,Low
SHP00713,PRJ002,2024-02-05,2024-03-05,2024-03-01T08:00:00,2024-03-01T10:50:27,2024-03-04T18:45:38,2024-03-05T00:21:31,F003,F008,P003,P012,RoRo,CAR003,V006,CG002,6,21.63,57.12,12.65,4.52,3.01,Y,N,N,N,Expedite,DDP,792.6,786.3,4,5.6,0.23,On time,Y,Delivered,None,5269.45,436.25,1226.32,864.01,7796.03,200138.85,0.039,1083.72,0.06372,N,0,32,Low
SHP00714,PRJ005,2025-04-15,2025-05-28,2025-05-16T13:00:00,2025-05-16T13:20:04,2025-05-23T18:10:28,2025-05-23T23:58:28,F011,F016,P006,P016,Intermodal,CAR006,,CG005,3,10.06,131.89,16.91,5.46,4.68,Y,N,N,N,Standard,EXW,3363.5,3338.4,8,5.8,0.24,On time,Y,Delivered,None,4426.38,605.07,876.78,338.57,6246.79,307012.49,0.0203,627.52,0.01868,N,0,40,Low
SHP00715,PRJ001,2024-12-31,2025-01-25,2025-01-17T15:00:00,2025-01-17T16:00:00,2025-01-21T01:12:22,2025-01-22T14:09:08,F013,F007,P001,P005,Sea Breakbulk,CAR007,V011,CG003,1,8.95,37.24,8.39,2.81,3.28,Y,N,N,N,Standard,DAP,828.8,855.6,5,36.9,1.54,1-2 days,N,Delivered,Carrier capacity,4980.94,401.38,895.44,596.83,6874.59,391777.15,0.0175,187.86,0.02453,N,0,34,Low
SHP00716,PRJ007,2025-12-09,2026-01-02,2025-12-22T13:00:00,2025-12-22T15:10:11,2025-12-25T22:44:10,2025-12-27T08:03:35,F009,F001,P009,P001,Sea Breakbulk,CAR007,V011,CG002,4,13.89,40.65,12.55,4.12,2.38,Y,N,N,N,Critical,DAP,1247.4,1290.4,4,33.3,1.39,1-2 days,N,Delivered,Customs hold,10649.37,690.65,1372.15,671.46,13383.62,141130.98,0.0948,1023.36,0.0571,N,0,30,Low
SHP00717,PRJ001,2024-10-10,2024-11-11,2024-11-08T10:00:00,2024-11-08T12:47:45,2024-11-12T18:27:09,2024-11-12T19:19:17,F001,F007,P001,P005,Container Sea,CAR005,V013,CG010,7,0.95,6.1,3.6,1.35,1.25,N,N,N,N,Standard,EXW,1135.7,1150.3,5,0.9,0.04,On time,Y,Delivered,None,2401.32,212.33,608.94,368.21,3590.81,133650.6,0.0269,41.7,0.03816,N,0,12,Low
SHP00718,PRJ001,2024-01-06,2024-02-28,2024-02-19T09:00:00,2024-02-19T09:32:04,2024-02-24T22:29:13,2024-02-25T12:55:51,F005,F007,P002,P005,Intermodal,CAR006,,CG001,3,5.66,22.21,9.19,2.76,2.54,Y,N,N,N,Standard,DDP,1262.5,1287.5,6,14.4,0.6,On time,Y,Delivered,Documentation issue,3183.55,475.62,786.58,675.25,5121.0,379264.67,0.0135,174.53,0.02395,N,0,22,Low
SHP00719,PRJ004,2025-04-02,2025-05-04,2025-04-23T13:00:00,2025-04-23T12:57:26,2025-04-26T16:46:13,2025-04-28T10:53:12,F013,F018,P001,P009,Intermodal,CAR006,,CG010,3,3.15,11.69,5.24,2.31,2.56,N,N,N,N,Standard,CFR,703.6,701.1,4,42.1,1.75,1-2 days,N,Delivered,Customs hold,2071.78,291.81,881.01,461.39,3705.99,394604.27,0.0094,52.7,0.02386,N,0,27,Low
SHP00720,PRJ006,2024-06-28,2024-08-14,2024-08-02T09:00:00,2024-08-02T11:49:08,2024-08-12T07:22:56,2024-08-14T20:35:23,F010,F017,P010,P018,Intermodal,CAR006,,CG001,1,4.21,18.72,6.61,2.77,2.26,Y,N,N,N,Standard,DDP,4535.8,4618.9,11,61.2,2.55,3-5 days,N,Delivered,Carrier capacity,4693.95,436.98,746.89,618.21,6496.02,335605.84,0.0194,398.64,0.0205,N,0,38,Low
SHP00721,PRJ002,2025-06-15,2025-07-29,2025-07-17T10:00:00,2025-07-17T11:51:08,2025-07-22T04:52:03,2025-07-22T11:59:18,F010,F008,P010,P012,Container Sea,CAR005,V009,CG001,2,4.05,17.2,6.51,2.31,1.75,N,N,N,N,Standard,FCA,2023.9,2102.7,6,7.1,0.3,On time,Y,Delivered,None,2659.16,268.94,1414.25,462.68,4805.03,246594.3,0.0195,200.06,0.02349,N,0,32,Low
SHP00722,PRJ006,2025-07-27,2025-09-19,2025-09-08T15:00:00,2025-09-08T17:38:04,2025-09-17T22:09:05,2025-09-18T19:01:26,F012,F017,P007,P018,Intermodal,CAR006,,CG005,6,21.58,113.41,17.79,5.5,4.6,Y,N,N,N,Critical,DDP,5163.6,5332.3,10,20.9,0.87,1-2 days,N,Delivered,None,10987.48,1682.43,1642.73,981.59,15294.23,645953.69,0.0237,2106.34,0.0183,N,0,33,Low
SHP00723,PRJ004,2025-12-13,2025-12-25,2025-12-22T11:00:00,2025-12-22T11:18:15,2025-12-23T11:42:00,2025-12-24T11:28:18,F004,F018,,,Road,CAR001,,CG002,6,24.77,66.47,15.67,4.92,4.13,Y,N,N,N,Expedite,DDP,915.6,948.1,2,23.8,0.99,1-2 days,N,Delivered,Documentation issue,5475.44,604.39,0,847.48,6927.31,196455.02,0.0353,2231.02,0.095,N,0,39,Low
SHP00724,PRJ007,2023-12-11,2024-01-09,2024-01-03T12:00:00,2024-01-03T13:50:48,2024-01-04T01:30:00,2024-01-04T04:17:17,F002,F001,,,Road,CAR011,,CG010,3,2.71,9.64,5.06,0.69,1.21,N,N,N,N,Standard,FCA,339.0,350.2,2,2.8,0.12,On time,Y,Delivered,None,790.13,90.82,0,0,880.95,394565.61,0.0022,90.16,0.095,N,0,19,Low
SHP00725,PRJ003,2024-12-08,2024-12-26,2024-12-16T15:00:00,2024-12-16T17:13:20,2024-12-21T03:20:05,2024-12-21T23:07:48,F010,F011,P010,P006,Container Sea,CAR005,V013,CG007,4,11.38,23.86,9.14,2.39,1.95,N,N,N,N,Standard,DAP,1204.1,1193.0,6,19.8,0.82,On time,Y,Delivered,None,2598.12,260.77,876.75,451.47,4187.11,236879.17,0.0177,386.77,0.02849,N,0,23,Low
SHP00726,PRJ006,2025-08-10,2025-09-25,2025-09-19T14:00:00,2025-09-19T15:46:18,2025-09-27T21:18:55,2025-09-28T04:28:30,F010,F017,P010,P018,Intermodal,CAR006,,CG003,8,10.97,64.77,16.85,4.01,3.42,Y,N,N,N,Critical,DDP,4639.9,4783.5,9,7.2,0.3,On time,Y,Delivered,None,8748.65,803.85,1190.71,330.22,11073.43,499574.23,0.0222,1078.85,0.02056,N,0,40,Low
SHP00727,PRJ002,2024-06-02,2024-07-13,2024-07-11T08:00:00,2024-07-11T09:33:36,2024-07-14T23:03:06,2024-07-15T05:44:44,F013,F008,P001,P012,RoRo,CAR003,V006,CG009,3,9.08,37.51,7.13,3.18,2.97,Y,N,Y,Y,Standard,DAP,1035.2,1045.9,4,6.7,0.28,On time,Y,Delivered,None,3032.88,219.72,1043.26,665.99,4961.86,61259.18,0.081,291.58,0.0307,N,0,54,Medium
SHP00728,PRJ004,2024-05-15,2024-06-27,2024-06-26T12:00:00,2024-06-26T12:24:31,2024-06-27T06:54:00,2024-06-27T07:31:11,F001,F018,,,Road,CAR012,,CG010,1,3.61,8.14,3.93,2.13,0.96,N,N,N,N,Standard,CFR,645.4,639.7,2,0.6,0.03,On time,Y,Delivered,None,1228.66,84.01,0,665.2,1977.87,435703.81,0.0045,219.39,0.095,N,0,14,Low
SHP00729,PRJ002,2025-08-30,2025-09-27,2025-09-18T09:00:00,2025-09-18T10:51:46,2025-09-22T06:18:35,2025-09-22T22:10:12,F002,F008,P001,P012,RoRo,CAR003,V010,CG009,7,17.65,29.07,9.31,2.57,2.53,Y,N,Y,N,Standard,CFR,1402.3,1382.2,5,15.9,0.66,On time,Y,Delivered,Documentation issue,4743.95,531.05,1943.53,806.93,8025.47,126664.7,0.0634,1146.49,0.047,N,0,49,Medium
SHP00730,PRJ002,2025-04-27,2025-06-06,2025-06-02T14:00:00,2025-06-02T16:24:55,2025-06-06T05:05:29,2025-06-06T05:42:26,F013,F008,P001,P012,RoRo,CAR003,V010,CG007,6,7.07,28.35,7.78,2.98,3.08,Y,N,N,N,Expedite,FCA,971.6,972.1,5,0.6,0.03,On time,Y,Delivered,None,3593.81,542.61,1361.85,386.98,5885.26,154187.77,0.0382,211.38,0.03076,N,0,39,Low
SHP00731,PRJ006,2025-07-14,2025-08-30,2025-08-22T07:00:00,2025-08-22T09:22:55,2025-09-01T06:46:01,2025-09-01T13:19:53,F013,F017,P001,P018,Sea Breakbulk,CAR004,V008,CG007,6,13.52,43.66,11.12,3.53,2.66,Y,N,N,N,Standard,FCA,5098.3,5300.7,11,6.6,0.27,On time,Y,Delivered,None,10707.52,1155.27,1150.73,662.94,13676.46,252369.03,0.0542,1740.8,0.02429,N,0,43,Low
SHP00732,PRJ007,2024-10-16,2024-11-18,2024-11-13T15:00:00,2024-11-13T15:08:39,2024-11-14T09:36:00,2024-11-14T10:44:27,F003,F001,,,Road,CAR001,,CG008,1,105.48,428.96,38.56,10.62,8.87,Y,Y,N,N,Standard,EXW,602.2,600.7,2,1.1,0.05,On time,Y,Delivered,None,10334.21,1501.38,0,0,11835.59,2613331.04,0.0045,6019.37,0.095,N,0,54,Medium
SHP00733,PRJ004,2025-05-04,2025-05-30,2025-05-27T11:00:00,2025-05-27T13:12:12,2025-06-01T04:53:41,2025-06-01T22:12:29,F011,F018,P006,P009,Intermodal,CAR006,,CG001,1,4.96,6.96,4.35,0.69,1.46,N,N,N,N,Standard,EXW,1109.7,1147.9,6,17.3,0.72,On time,Y,Delivered,None,2274.7,346.17,1081.59,383.15,4085.61,410515.34,0.01,132.62,0.02329,N,0,18,Low
SHP00734,PRJ002,2025-10-05,2025-10-31,2025-10-23T11:00:00,2025-10-23T12:39:04,2025-10-29T23:24:40,2025-10-29T18:15:03,F012,F008,P007,P012,Intermodal,CAR006,,CG006,3,36.37,110.61,14.79,5.42,5.1,Y,N,N,N,Expedite,CFR,2470.4,2434.1,7,0,0.0,On time,Y,Delivered,None,6812.91,1015.48,2012.18,833.42,10673.99,235273.01,0.0454,1626.83,0.01838,N,0,26,Low
SHP00735,PRJ002,2023-12-27,2024-02-20,2024-02-09T15:00:00,2024-02-09T16:25:41,2024-02-14T02:07:56,2024-02-14T22:38:36,F013,F008,P001,P012,Sea Breakbulk,CAR004,V012,CG003,5,4.57,28.25,8.87,2.68,2.4,Y,N,N,N,Standard,EXW,1003.6,1031.6,6,20.5,0.85,On time,Y,Delivered,Documentation issue,4926.26,429.86,1093.11,778.02,7227.25,183434.47,0.0394,116.68,0.02475,N,0,41,Low
SHP00736,PRJ002,2025-07-12,2025-08-22,2025-08-18T10:00:00,2025-08-18T09:51:19,2025-08-23T13:34:58,2025-08-24T00:47:33,F009,F008,P009,P012,Sea Breakbulk,CAR004,V008,CG002,6,22.89,74.73,15.04,3.78,3.99,Y,N,N,N,Standard,FCA,1909.5,1973.9,6,11.2,0.47,On time,Y,Delivered,Weather disruption,8214.8,1234.36,1490.07,777.22,11716.45,249819.17,0.0469,1638.57,0.03627,N,0,37,Low
SHP00737,PRJ002,2025-08-02,2025-09-21,2025-09-15T14:00:00,2025-09-15T13:30:38,2025-09-17T08:18:00,2025-09-17T09:22:07,F009,F008,,,Road,CAR002,,CG002,7,15.86,65.87,15.68,4.2,4.02,Y,N,N,N,Standard,DAP,2272.6,2245.8,3,1.1,0.04,On time,Y,Delivered,None,7548.8,1103.52,0,406.25,9058.58,137333.91,0.066,3383.75,0.095,N,0,23,Low
SHP00738,PRJ006,2025-11-12,2025-11-30,2025-11-19T14:00:00,2025-11-19T13:52:18,2025-12-01T01:30:12,2025-12-01T08:08:28,F014,F017,P003,P018,Sea Breakbulk,CAR007,V005,CG006,7,36.38,73.44,15.47,4.43,4.29,Y,N,N,N,Expedite,CFR,5862.0,5769.6,13,6.6,0.28,On time,Y,Delivered,None,22991.36,1492.41,2153.18,833.24,27470.19,171610.16,0.1601,5382.13,0.02564,N,0,42,Low
SHP00739,PRJ003,2024-05-11,2024-06-03,2024-06-02T13:00:00,2024-06-02T14:14:18,2024-06-04T15:06:00,2024-06-04T16:42:51,F015,F011,,,Road,CAR001,,CG009,5,18.27,33.48,9.51,1.88,2.2,N,N,Y,Y,Expedite,DDP,2327.9,2377.3,3,1.6,0.07,On time,Y,Delivered,None,7887.67,847.4,0,1030.39,9765.45,171593.81,0.0569,4126.16,0.095,N,0,31,Low
SHP00740,PRJ006,2025-05-04,2025-06-10,2025-05-26T12:00:00,2025-05-26T12:29:16,2025-06-05T00:14:49,2025-06-05T03:40:48,F013,F017,P001,P018,Sea Breakbulk,CAR010,V007,CG003,7,9.95,47.55,11.64,4.13,3.25,Y,N,N,N,Standard,DDP,5224.4,5166.3,11,3.4,0.14,On time,Y,Delivered,None,9670.13,915.77,1022.15,788.81,12396.86,416898.2,0.0297,1248.2,0.02428,N,0,37,Low
SHP00741,PRJ002,2024-01-20,2024-02-28,2024-02-19T15:00:00,2024-02-19T17:07:07,2024-02-23T16:44:45,2024-02-23T08:59:13,F002,F008,P001,P012,RoRo,CAR003,V002,CG010,7,1.88,8.16,5.39,1.99,1.3,N,N,N,N,Expedite,FCA,1383.7,1432.5,5,0,0.0,On time,Y,Delivered,None,3144.32,207.33,977.98,460.27,4789.91,290763.86,0.0165,128.68,0.04778,N,0,29,Low
SHP00742,PRJ002,2024-01-17,2024-03-08,2024-02-25T13:00:00,2024-02-25T12:24:00,2024-03-03T03:51:40,2024-03-02T14:28:00,F012,F008,P007,P012,Sea Breakbulk,CAR010,V007,CG007,7,12.93,39.67,9.47,3.57,3.09,Y,N,N,N,Standard,DAP,2530.2,2502.7,8,0,0.0,On time,Y,Delivered,None,7096.53,603.39,1152.91,877.35,9730.18,248274.28,0.0392,787.38,0.02433,N,0,39,Low
SHP00743,PRJ007,2025-03-31,2025-04-13,2025-04-10T07:00:00,2025-04-10T07:52:52,2025-04-10T21:42:00,2025-04-10T23:33:55,F004,F001,,,Road,CAR012,,CG006,1,28.33,98.46,16.03,5.38,4.34,Y,N,N,N,Standard,DDP,321.7,329.2,1,1.9,0.08,On time,Y,Delivered,None,1935.96,224.49,0,0,2160.45,143655.77,0.015,885.99,0.095,N,0,33,Low
SHP00744,PRJ005,2025-03-07,2025-04-21,2025-04-09T14:00:00,2025-04-09T13:41:23,2025-04-18T00:20:52,2025-04-19T19:42:42,F009,F016,P009,P016,Sea Breakbulk,CAR010,V014,CG002,8,14.52,100.47,17.47,5.79,4.27,Y,N,N,N,Standard,EXW,3172.3,3153.1,10,43.4,1.81,1-2 days,N,Delivered,Port congestion,8860.94,1151.41,1128.37,735.74,11876.46,150001.24,0.0792,1428.79,0.03121,N,0,41,Low
SHP00745,PRJ002,2025-04-13,2025-06-04,2025-05-28T11:00:00,2025-05-28T13:28:40,2025-06-03T14:59:11,2025-06-05T13:55:02,F012,F008,P007,P012,Intermodal,CAR006,,CG005,3,35.45,119.9,18.73,6.02,3.99,Y,N,N,N,Expedite,DDP,2425.8,2455.4,7,46.9,1.96,1-2 days,N,Delivered,Carrier capacity,6769.07,1033.48,1608.41,615.22,10026.19,1352346.48,0.0074,1596.55,0.01834,N,0,43,Low
SHP00746,PRJ007,2025-10-23,2025-11-22,2025-11-19T08:00:00,2025-11-19T07:40:45,2025-11-19T20:24:00,2025-11-19T23:30:23,F004,F001,,,Road,CAR001,,CG002,4,21.69,29.24,9.1,2.38,2.08,N,N,N,N,Expedite,DDP,290.3,291.9,1,3.1,0.13,On time,Y,Delivered,None,1437.42,195.95,0,0,1633.37,197786.35,0.0083,601.47,0.095,N,0,18,Low
SHP00747,PRJ004,2025-08-08,2025-10-01,2025-09-22T11:00:00,2025-09-22T11:17:24,2025-09-27T11:30:05,2025-09-27T18:23:05,F014,F018,P003,P009,Sea Breakbulk,CAR007,V011,CG002,6,15.06,54.74,13.31,3.06,3.27,Y,N,N,N,Standard,DAP,1561.9,1549.7,6,6.9,0.29,On time,Y,Delivered,None,6415.4,853.23,1313.58,881.88,9464.09,126716.92,0.0747,719.45,0.03083,N,0,28,Low
SHP00748,PRJ005,2024-12-10,2025-01-24,2025-01-15T14:00:00,2025-01-15T15:34:17,2025-01-22T20:01:48,2025-01-23T23:21:28,F014,F016,P003,P016,Sea Breakbulk,CAR010,V014,CG002,4,18.37,37.26,10.85,3.62,2.81,Y,N,N,N,Critical,CFR,3744.6,3796.7,8,27.3,1.14,1-2 days,N,Delivered,Carrier capacity,15364.23,1692.32,1153.97,878.92,19089.44,204752.2,0.0932,1805.88,0.02589,N,0,43,Low
SHP00749,PRJ002,2023-12-26,2024-02-15,2024-02-07T07:00:00,2024-02-07T08:04:29,2024-02-11T08:26:27,2024-02-13T10:43:38,F013,F008,P001,P012,RoRo,CAR003,V002,CG009,5,4.66,41.29,9.05,2.91,2.64,Y,N,Y,Y,Critical,DDP,1086.6,1066.8,5,50.3,2.1,3-5 days,N,Delivered,Customs hold,4378.61,692.68,1028.45,1107.32,7207.06,43466.87,0.1658,152.5,0.03068,N,0,62,Medium
SHP00750,PRJ004,2024-06-14,2024-07-15,2024-07-12T07:00:00,2024-07-12T09:53:14,2024-07-14T22:14:56,2024-07-15T09:00:19,F010,F018,P010,P009,Intermodal,CAR006,,CG001,4,4.54,17.13,7.25,1.26,0.9,N,N,N,N,Standard,DDP,566.2,561.5,3,10.8,0.45,On time,Y,Delivered,None,2196.77,248.72,890.1,589.37,3924.96,374603.16,0.0105,111.64,0.04379,Y,3761.93,19,Low
SHP00751,PRJ006,2024-09-21,2024-10-30,2024-10-28T07:00:00,2024-10-28T08:37:12,2024-10-31T21:54:00,2024-11-01T15:43:21,F009,F017,,,Road,CAR008,,CG002,3,19.6,76.93,19.54,4.03,3.79,Y,N,N,N,Critical,FCA,5493.1,5460.3,4,17.8,0.74,1-2 days,N,Delivered,Road permit delay,31220.94,4150.98,0,511.08,35883.0,223260.83,0.1607,10167.08,0.095,N,0,42,Low
SHP00752,PRJ007,2025-08-17,2025-09-11,2025-09-04T11:00:00,2025-09-04T11:40:57,2025-09-09T17:13:00,2025-09-10T08:26:47,F010,F001,P010,P001,Sea Breakbulk,CAR007,V005,CG003,6,8.0,41.15,12.54,3.66,3.06,Y,N,N,N,Standard,DAP,1517.9,1490.8,6,15.2,0.63,On time,Y,Delivered,Road permit delay,6229.86,845.58,1185.54,891.2,9152.18,348615.36,0.0263,556.82,0.04669,N,0,36,Low
SHP00753,PRJ006,2024-05-20,2024-07-08,2024-06-24T07:00:00,2024-06-24T06:11:23,2024-07-04T23:23:58,2024-07-05T06:01:25,F003,F017,P003,P018,Sea Breakbulk,CAR010,V007,CG002,4,17.34,101.6,19.93,5.43,4.57,Y,N,N,N,Critical,FCA,6003.8,6208.5,11,6.6,0.28,On time,Y,Delivered,None,21203.25,2582.36,953.42,560.47,25299.5,158488.88,0.1596,3121.86,0.029,N,0,43,Low
SHP00754,PRJ007,2025-02-06,2025-02-28,2025-02-28T10:00:00,2025-02-28T11:09:06,2025-03-01T00:00:00,2025-03-01T02:23:38,F005,F001,,,Road,CAR011,,CG003,3,10.4,54.87,12.15,4.07,3.68,Y,N,N,N,Standard,FCA,243.7,247.1,2,2.4,0.1,On time,Y,Delivered,None,1089.34,69.14,0,0,1158.48,425074.47,0.0027,244.13,0.095,N,0,24,Low
SHP00755,PRJ005,2024-06-22,2024-08-17,2024-08-06T09:00:00,2024-08-06T11:21:37,2024-08-14T00:43:34,2024-08-15T20:46:46,F012,F016,P007,P016,Intermodal,CAR006,,CG006,3,14.92,110.3,21.23,5.33,4.67,Y,N,N,N,Expedite,FCA,3248.2,3373.1,9,44.1,1.84,1-2 days,N,Delivered,Road permit delay,6011.49,916.75,1047.19,876.23,8851.66,85847.43,0.1031,913.34,0.01815,N,0,49,Medium
SHP00756,PRJ002,2024-11-07,2024-11-24,2024-11-15T07:00:00,2024-11-15T06:40:10,2024-11-22T10:15:18,2024-11-22T16:27:02,F012,F008,P007,P012,Sea Breakbulk,CAR004,V012,CG005,2,15.43,89.46,18.48,4.69,4.04,Y,N,N,N,Standard,CFR,2473.1,2498.1,8,6.2,0.26,On time,Y,Delivered,None,7508.66,488.84,1385.45,783.5,10166.44,585583.76,0.0174,938.46,0.02435,N,0,36,Low
SHP00757,PRJ004,2025-04-26,2025-06-01,2025-05-21T08:00:00,2025-05-21T09:35:14,2025-05-25T12:23:00,2025-05-25T10:48:33,F012,F018,P007,P009,Sea Breakbulk,CAR010,V007,CG006,6,33.37,111.9,20.58,5.95,5.1,Y,N,N,N,Standard,FCA,1053.6,1038.6,5,0,0.0,On time,Y,Delivered,None,6575.62,655.09,1749.96,572.1,9552.76,184716.59,0.0517,961.87,0.02775,N,0,33,Low
SHP00758,PRJ007,2025-07-02,2025-07-11,2025-07-10T08:00:00,2025-07-10T09:45:10,2025-07-10T20:12:00,2025-07-11T01:55:19,F005,F001,,,Road,CAR008,,CG004,2,49.91,114.22,14.57,5.54,4.57,Y,Y,N,N,Critical,FCA,256.9,265.9,1,5.7,0.24,On time,Y,Delivered,None,4615.15,685.51,0,0,5300.66,1163281.53,0.0046,1260.75,0.095,Y,9665.35,44,Low
SHP00759,PRJ006,2025-04-13,2025-06-06,2025-05-27T10:00:00,2025-05-27T12:02:48,2025-06-07T02:37:55,2025-06-06T13:43:23,F011,F017,P006,P018,Sea Breakbulk,CAR007,V005,CG010,1,0.4,13.67,7.11,2.11,1.44,N,N,N,N,Standard,EXW,4885.0,4919.4,12,0,0.0,On time,Y,Delivered,None,5254.09,728.38,1262.55,820.67,8065.69,49117.18,0.1642,48.53,0.02466,N,0,27,Low
SHP00760,PRJ001,2024-07-04,2024-08-01,2024-07-30T08:00:00,2024-07-30T07:56:27,2024-08-02T01:30:50,2024-08-02T12:09:05,F014,F007,P003,P005,Sea Breakbulk,CAR007,V005,CG006,3,24.28,129.5,16.3,6.0,4.58,Y,N,N,N,Critical,DDP,515.5,505.9,4,10.6,0.44,On time,Y,Delivered,Port congestion,8126.94,609.11,1911.39,810.56,11458.0,156471.48,0.0732,483.73,0.03938,N,0,32,Low
SHP00761,PRJ004,2025-01-28,2025-03-18,2025-03-07T15:00:00,2025-03-07T16:57:01,2025-03-11T15:40:55,2025-03-12T22:38:38,F012,F018,P007,P009,Sea Breakbulk,CAR007,V005,CG004,1,55.98,212.01,24.15,7.75,6.33,Y,Y,N,N,Standard,FCA,1024.9,1021.8,5,31.0,1.29,1-2 days,N,Delivered,Carrier capacity,10542.14,1638.35,2945.47,1083.29,16209.25,1079056.34,0.015,1602.54,0.02802,N,0,50,Medium
SHP00762,PRJ003,2024-02-19,2024-03-28,2024-03-18T13:00:00,2024-03-18T15:48:27,2024-03-23T12:59:20,2024-03-24T12:29:48,F004,F011,P004,P006,Sea Breakbulk,CAR007,V011,CG006,1,45.03,142.51,20.8,6.25,5.39,Y,Y,N,N,Standard,DAP,1300.2,1329.2,6,23.5,0.98,On time,Y,Delivered,None,10464.03,1581.23,2502.01,914.8,15462.06,248379.82,0.0623,1587.71,0.02653,N,0,62,Medium
SHP00763,PRJ005,2025-02-15,2025-04-06,2025-04-01T08:00:00,2025-04-01T07:09:22,2025-04-08T08:17:19,2025-04-08T04:20:42,F012,F016,P007,P016,Intermodal,CAR006,,CG003,2,7.71,52.18,12.74,4.45,3.04,Y,N,N,N,Critical,EXW,3309.1,3267.9,8,0,0.0,On time,Y,Delivered,None,6510.23,467.89,1135.48,316.76,8430.36,332331.07,0.0254,457.08,0.01814,N,0,38,Low
SHP00764,PRJ005,2024-09-15,2024-10-14,2024-10-10T13:00:00,2024-10-10T14:53:43,2024-10-16T19:04:17,2024-10-18T13:04:13,F013,F016,P001,P016,Sea Breakbulk,CAR010,V004,CG007,7,17.68,42.14,9.61,3.04,2.56,Y,N,N,N,Standard,EXW,3201.5,3165.5,7,42.0,1.75,1-2 days,N,Delivered,Weather disruption,8722.67,1160.77,1731.47,850.12,12465.04,311478.11,0.04,1349.84,0.02412,N,0,41,Low
SHP00765,PRJ002,2025-03-04,2025-04-08,2025-03-28T08:00:00,2025-03-28T09:04:41,2025-04-01T07:42:14,2025-04-03T00:30:06,F004,F008,P004,P012,RoRo,CAR003,V002,CG004,2,49.12,240.95,25.17,7.75,6.81,Y,Y,N,N,Critical,EXW,1265.2,1290.7,5,40.8,1.7,1-2 days,N,Delivered,Customs hold,12082.57,1629.63,2743.61,867.96,17323.77,1280061.74,0.0135,1965.2,0.031,N,0,59,Medium
SHP00766,PRJ002,2025-09-01,2025-10-01,2025-09-30T11:00:00,2025-09-30T11:20:03,2025-10-03T01:59:18,2025-10-04T18:20:49,F014,F008,P003,P012,RoRo,CAR003,V002,CG002,7,14.05,113.1,17.47,5.93,4.41,Y,N,N,N,Standard,FCA,488.1,501.8,4,40.4,1.68,1-2 days,N,Delivered,Customs hold,2873.06,200.19,1065.77,490.64,4629.66,114911.88,0.0403,325.03,0.0461,N,0,47,Medium
SHP00767,PRJ004,2025-09-22,2025-11-15,2025-11-03T08:00:00,2025-11-03T08:08:42,2025-11-07T14:36:22,2025-11-07T15:55:03,F012,F018,P007,P009,Sea Breakbulk,CAR010,V007,CG006,8,33.34,95.3,15.63,4.91,4.52,Y,N,N,N,Expedite,DAP,997.2,1010.6,5,1.3,0.05,On time,Y,Delivered,None,8175.2,889.29,1499.01,981.56,11545.06,185004.71,0.0624,940.25,0.02791,N,0,28,Low
SHP00768,PRJ004,2025-11-10,2025-12-04,2025-11-26T11:00:00,2025-11-26T11:07:13,2025-11-29T20:03:25,2025-11-29T19:09:53,F005,F018,P002,P009,Intermodal,CAR006,,CG001,5,4.73,16.52,7.94,2.46,1.52,N,N,N,N,Standard,DDP,504.6,496.5,4,0,0.0,On time,Y,Delivered,None,2136.91,197.8,783.78,729.96,3848.44,327756.61,0.0117,95.96,0.04086,N,0,14,Low
SHP00769,PRJ006,2024-07-25,2024-08-31,2024-08-19T13:00:00,2024-08-19T13:24:07,2024-08-29T02:09:25,2024-08-29T12:55:51,F001,F017,P001,P018,Sea Breakbulk,CAR010,V004,CG007,4,18.43,43.52,9.83,3.57,3.1,Y,N,N,N,Standard,DAP,5782.2,5757.3,11,10.8,0.45,On time,Y,Delivered,Customs hold,13279.01,1012.55,1144.27,791.44,16227.27,425487.83,0.0381,2964.38,0.02794,N,0,33,Low
SHP00770,PRJ007,2024-03-30,2024-05-05,2024-04-29T08:00:00,2024-04-29T08:37:15,2024-05-04T03:20:07,2024-05-04T21:08:46,F009,F001,P009,P001,Sea Breakbulk,CAR004,V008,CG002,6,17.66,62.0,13.44,3.09,3.38,Y,N,N,N,Critical,DAP,1298.6,1316.3,6,17.8,0.74,1-2 days,N,Delivered,Customs hold,11222.11,1334.14,1258.48,763.1,14577.83,170990.21,0.0853,1352.47,0.05818,N,0,39,Low
SHP00771,PRJ005,2025-04-07,2025-04-22,2025-04-14T12:00:00,2025-04-14T12:39:12,2025-04-21T19:03:48,2025-04-22T04:43:09,F012,F016,P007,P016,Sea Breakbulk,CAR004,V012,CG006,1,42.86,61.25,13.73,4.05,3.04,Y,N,N,N,Critical,EXW,3202.7,3263.7,8,9.7,0.4,On time,Y,Delivered,None,20339.95,1389.57,2267.17,1067.46,25064.14,213121.68,0.1176,3376.96,0.02414,N,0,38,Low
SHP00772,PRJ004,2025-09-25,2025-11-12,2025-11-06T14:00:00,2025-11-06T13:20:52,2025-11-10T07:19:40,2025-11-11T01:38:28,F013,F018,P001,P009,Intermodal,CAR006,,CG007,4,11.68,39.52,10.96,3.57,2.86,Y,N,N,N,Standard,CFR,778.6,800.2,5,18.3,0.76,On time,Y,Delivered,Customs hold,3047.22,414.87,1328.48,655.4,5445.97,201481.9,0.027,218.78,0.02341,N,0,27,Low
SHP00773,PRJ001,2025-05-08,2025-06-11,2025-05-28T09:00:00,2025-05-28T10:27:04,2025-06-03T07:38:02,2025-06-04T17:44:17,F010,F007,P010,P005,Intermodal,CAR006,,CG005,5,36.87,155.11,19.59,6.45,6.28,Y,N,N,N,Expedite,DAP,1983.7,1957.3,7,34.1,1.42,1-2 days,N,Delivered,Documentation issue,6786.29,929.47,2104.4,975.8,10795.95,1317324.15,0.0082,1709.78,0.02369,N,0,36,Low
SHP00774,PRJ002,2024-08-25,2024-10-04,2024-09-24T10:00:00,2024-09-24T09:38:33,2024-09-30T19:11:11,2024-10-01T10:12:18,F012,F008,P007,P012,Intermodal,CAR006,,CG001,2,4.74,29.66,9.02,2.88,2.74,Y,N,N,N,Expedite,CFR,2423.0,2396.4,7,15.0,0.63,On time,Y,Delivered,Road permit delay,4417.92,354.51,904.0,802.98,6479.41,293853.51,0.022,208.88,0.01839,N,0,32,Low
SHP00775,PRJ003,2024-12-11,2025-01-27,2025-01-14T12:00:00,2025-01-14T12:34:51,2025-01-19T01:34:25,2025-01-19T21:25:20,F010,F011,P010,P006,Intermodal,CAR006,,CG005,6,37.95,124.9,14.87,6.74,5.0,Y,N,N,N,Standard,DAP,1140.1,1134.0,6,19.8,0.83,On time,Y,Delivered,Customs hold,4598.67,424.92,1410.0,759.95,7193.54,1374661.47,0.0052,1295.66,0.03011,N,0,27,Low
SHP00776,PRJ001,2025-09-04,2025-10-20,2025-10-14T13:00:00,2025-10-14T13:33:40,2025-10-18T09:19:18,2025-10-18T14:20:53,F003,F007,P003,P005,Sea Breakbulk,CAR007,V011,CG008,2,75.77,416.29,30.3,10.43,9.52,Y,Y,N,N,Standard,FCA,787.9,779.0,5,5.0,0.21,On time,Y,Delivered,None,12591.91,2068.72,3434.61,1320.75,19415.99,2189768.55,0.0089,3417.29,0.0579,N,0,48,Medium
SHP00777,PRJ006,2025-10-12,2025-11-16,2025-11-05T11:00:00,2025-11-05T11:54:50,2025-11-16T20:20:23,2025-11-18T05:41:48,F001,F017,P001,P018,Intermodal,CAR006,,CG003,5,8.74,33.11,11.34,3.37,2.46,Y,N,N,N,Standard,CFR,5839.9,5964.2,12,33.4,1.39,1-2 days,N,Delivered,Customs hold,6365.46,563.65,1295.83,783.72,9008.66,390983.38,0.023,1144.02,0.02195,N,0,39,Low
SHP00778,PRJ003,2024-03-12,2024-04-25,2024-04-21T13:00:00,2024-04-21T13:22:40,2024-04-25T04:46:00,2024-04-25T00:09:04,F012,F011,P007,P006,Sea Breakbulk,CAR010,V004,CG006,7,42.46,97.32,18.64,4.27,4.28,Y,N,N,N,Critical,DAP,119.1,117.5,5,0,0.0,On time,Y,Delivered,None,7024.31,817.84,1709.53,663.89,10215.57,194367.71,0.0526,224.95,0.04509,N,0,19,Low
SHP00779,PRJ007,2025-09-21,2025-11-05,2025-10-29T14:00:00,2025-10-29T13:31:12,2025-11-02T21:35:16,2025-11-04T13:47:49,F010,F001,P010,P001,Sea Breakbulk,CAR007,V011,CG007,4,12.48,38.7,13.72,2.99,3.26,Y,N,N,N,Expedite,FCA,1548.7,1568.1,5,40.2,1.68,1-2 days,N,Delivered,Port congestion,8535.84,868.62,1376.42,615.8,11396.67,213576.93,0.0534,897.39,0.04586,N,0,35,Low
SHP00780,PRJ001,2025-01-27,2025-02-17,2025-02-13T15:00:00,2025-02-13T16:33:21,2025-02-14T16:12:00,2025-02-14T19:12:00,F005,F007,,,Road,CAR011,,CG005,8,33.79,87.58,14.21,4.87,3.97,Y,N,N,N,Standard,FCA,1183.1,1200.4,2,3.0,0.12,On time,Y,Delivered,None,6527.85,571.52,0,1106.08,8205.45,1227993.34,0.0067,3853.34,0.095,N,0,27,Low
SHP00781,PRJ002,2024-11-09,2024-12-16,2024-12-16T10:00:00,2024-12-16T12:21:07,2024-12-18T13:30:00,2024-12-18T19:20:24,F012,F008,,,Road,CAR008,,CG001,7,6.7,14.12,6.76,1.39,1.7,N,N,N,N,Standard,DDP,2792.4,2846.2,3,5.8,0.24,On time,Y,Delivered,None,5071.74,404.95,0,674.77,6151.46,404855.17,0.0152,1811.61,0.095,N,0,21,Low
SHP00782,PRJ006,2025-08-25,2025-10-12,2025-09-22T12:00:00,2025-09-22T14:28:46,2025-10-04T01:37:32,2025-10-04T01:03:47,F003,F017,P003,P018,Sea Breakbulk,CAR004,V001,CG002,5,9.17,52.44,10.77,3.53,3.67,Y,N,N,N,Standard,DDP,6454.2,6468.0,13,0,0.0,On time,Y,Delivered,None,11390.85,1162.11,1156.83,572.88,14282.67,80923.96,0.1765,1703.43,0.02872,N,0,39,Low
SHP00783,PRJ002,2025-05-28,2025-06-13,2025-06-10T11:00:00,2025-06-10T12:35:43,2025-06-13T03:06:25,2025-06-14T17:36:52,F003,F008,P003,P012,RoRo,CAR003,V006,CG002,8,12.45,78.7,13.2,4.45,3.01,Y,N,N,N,Expedite,DAP,745.3,749.8,4,38.5,1.6,1-2 days,N,Delivered,Weather disruption,4545.04,711.1,1528.15,877.25,7661.54,127070.66,0.0603,601.64,0.06445,N,0,43,Low
SHP00784,PRJ003,2025-01-18,2025-02-03,2025-01-30T13:00:00,2025-01-30T13:41:53,2025-02-02T20:20:50,2025-02-03T21:41:59,F004,F011,P004,P006,Sea Breakbulk,CAR007,V005,CG002,3,23.78,74.19,15.04,4.62,3.66,Y,N,N,N,Critical,DAP,1247.6,1286.3,4,25.4,1.06,1-2 days,N,Delivered,None,9993.35,779.52,1517.8,518.94,12809.61,223301.38,0.0574,809.41,0.02646,N,0,45,Medium
SHP00785,PRJ007,2023-12-13,2024-01-08,2024-01-08T11:00:00,2024-01-08T12:24:50,2024-01-08T23:30:00,2024-01-09T04:21:43,F004,F001,,,Road,CAR002,,CG006,5,36.08,139.42,17.92,6.05,5.62,Y,N,N,N,Standard,DDP,289.5,290.2,1,4.9,0.2,On time,Y,Delivered,None,1930.61,254.63,0,0,2185.24,204812.95,0.0107,994.69,0.095,N,0,26,Low
SHP00786,PRJ001,2025-02-28,2025-03-26,2025-03-17T10:00:00,2025-03-17T11:00:40,2025-03-21T07:24:50,2025-03-22T12:56:18,F005,F007,P002,P005,Sea Breakbulk,CAR010,V014,CG005,8,40.37,78.79,15.17,4.19,4.69,Y,N,N,N,Standard,DAP,1212.2,1225.8,5,29.5,1.23,On time,Y,Delivered,Carrier capacity,7740.0,532.37,1509.71,809.89,10591.97,1134407.41,0.0093,1491.19,0.03013,N,0,36,Low
SHP00787,PRJ004,2025-06-20,2025-07-28,2025-07-18T07:00:00,2025-07-18T09:55:50,2025-07-22T08:31:56,2025-07-22T02:18:39,F013,F018,P001,P009,Intermodal,CAR006,,CG010,2,0.82,9.74,5.53,1.36,1.09,N,N,N,N,Standard,CFR,726.3,756.5,5,0,0.0,On time,Y,Delivered,None,2051.4,308.76,1277.93,261.02,3899.11,97119.55,0.0401,14.81,0.02387,N,0,21,Low
SHP00788,PRJ007,2023-12-28,2024-01-27,2024-01-21T15:00:00,2024-01-21T17:04:49,2024-01-22T03:48:00,2024-01-22T09:06:28,F002,F001,,,Road,CAR001,,CG009,5,23.89,36.54,9.13,3.86,2.09,Y,N,Y,Y,Standard,DDP,357.2,352.1,2,5.3,0.22,On time,Y,Delivered,None,1819.16,136.21,0,0,1955.37,218384.85,0.009,799.11,0.095,N,0,46,Medium
SHP00789,PRJ007,2025-05-16,2025-06-05,2025-05-27T11:00:00,2025-05-27T11:26:12,2025-05-31T20:50:30,2025-06-01T12:31:00,F011,F001,P006,P001,Sea Breakbulk,CAR004,V001,CG005,7,26.36,104.78,17.89,5.54,4.72,Y,N,N,N,Standard,DAP,1956.0,1979.4,5,15.7,0.65,On time,Y,Delivered,Customs hold,8632.66,1064.48,1350.63,1026.92,12074.7,958210.74,0.0126,1869.67,0.03583,N,0,41,Low
SHP00790,PRJ004,2025-10-20,2025-11-07,2025-11-04T08:00:00,2025-11-04T09:21:55,2025-11-08T17:55:30,2025-11-10T02:23:04,F014,F018,P003,P009,Intermodal,CAR006,,CG002,6,20.92,73.68,16.78,4.01,3.62,Y,N,N,N,Standard,EXW,1483.3,1519.4,5,32.5,1.35,1-2 days,N,Delivered,Documentation issue,4213.76,266.6,1834.36,961.27,7275.98,188110.6,0.0387,840.19,0.02643,N,0,29,Low
SHP00791,PRJ001,2024-06-27,2024-08-03,2024-07-23T15:00:00,2024-07-23T15:51:03,2024-07-29T06:40:04,2024-07-30T13:20:23,F012,F007,P007,P005,Sea Breakbulk,CAR007,V011,CG003,1,7.77,41.02,11.73,3.13,3.2,Y,N,N,N,Critical,EXW,1967.0,2046.5,7,30.7,1.28,1-2 days,N,Delivered,Port congestion,9392.06,576.57,816.8,676.19,11461.62,321274.08,0.0357,385.49,0.02424,N,0,35,Low
SHP00792,PRJ003,2024-09-15,2024-09-28,2024-09-23T14:00:00,2024-09-23T13:52:49,2024-09-24T09:24:00,2024-09-24T11:02:38,F009,F011,,,Road,CAR008,,CG002,1,13.88,68.31,13.37,3.65,3.77,Y,N,N,N,Expedite,DDP,914.6,908.3,2,1.6,0.07,On time,Y,Delivered,Documentation issue,3940.58,302.98,0,797.4,5040.96,112793.23,0.0447,1197.68,0.095,N,0,24,Low
SHP00793,PRJ005,2025-06-21,2025-07-14,2025-07-03T07:00:00,2025-07-03T06:38:09,2025-07-10T19:32:56,2025-07-11T22:02:33,F012,F016,P007,P016,Sea Breakbulk,CAR007,V005,CG005,6,27.23,118.03,20.16,5.97,5.38,Y,N,N,N,Standard,DDP,3336.1,3333.7,8,26.5,1.1,On time,Y,Delivered,Road permit delay,10574.53,1431.88,1602.21,1068.4,14677.02,877454.58,0.0167,2191.02,0.02414,N,0,49,Medium
SHP00794,PRJ004,2024-09-19,2024-10-10,2024-10-01T10:00:00,2024-10-01T10:38:52,2024-10-06T06:04:51,2024-10-07T00:00:28,F014,F018,P003,P009,Intermodal,CAR006,,CG002,7,19.33,46.52,11.55,3.76,3.39,Y,N,N,N,Standard,FCA,1510.2,1481.6,6,17.9,0.75,On time,Y,Delivered,Customs hold,4055.76,337.88,1694.91,456.25,6544.81,195448.1,0.0335,741.45,0.02589,N,0,27,Low
SHP00795,PRJ001,2024-10-25,2024-12-11,2024-12-06T12:00:00,2024-12-06T12:38:54,2024-12-12T00:04:42,2024-12-12T19:06:27,F012,F007,P007,P005,Intermodal,CAR006,,CG003,3,7.12,37.69,10.33,2.81,2.66,Y,N,N,N,Standard,CFR,1930.4,1998.9,7,19.0,0.79,On time,Y,Delivered,Carrier capacity,3459.76,314.23,1232.56,745.75,5752.3,273145.78,0.0211,259.96,0.01827,N,0,25,Low
SHP00796,PRJ001,2024-01-19,2024-02-21,2024-02-13T09:00:00,2024-02-13T08:24:10,2024-02-17T08:24:12,2024-02-17T18:28:55,F001,F007,P001,P005,Intermodal,CAR006,,CG010,3,4.76,9.73,4.65,1.18,1.98,N,N,N,N,Standard,DAP,1236.1,1218.1,5,10.1,0.42,On time,Y,Delivered,None,2577.79,322.21,1169.66,649.48,4719.14,595024.52,0.0079,225.76,0.03894,Y,26031.33,10,Low
SHP00797,PRJ001,2025-02-24,2025-04-04,2025-03-26T08:00:00,2025-03-26T09:26:55,2025-03-29T21:30:35,2025-03-30T12:03:43,F003,F007,P003,P005,Intermodal,CAR006,,CG006,7,37.39,87.69,19.78,4.46,3.84,Y,N,N,N,Standard,EXW,806.3,796.4,4,14.6,0.61,On time,Y,Delivered,None,5044.22,402.51,1401.03,1134.47,7982.23,175765.94,0.0454,1631.18,0.05478,N,0,33,Low
SHP00798,PRJ006,2025-10-31,2025-12-23,2025-12-12T12:00:00,2025-12-12T12:29:44,2025-12-23T17:29:12,2025-12-23T10:19:10,F001,F017,P001,P018,Sea Breakbulk,CAR007,V005,CG010,2,1.66,8.31,4.87,1.32,1.5,N,N,N,N,Expedite,DAP,5508.5,5563.1,12,0,0.0,On time,Y,Delivered,None,7664.31,940.3,1118.52,549.64,10272.76,195516.45,0.0525,262.55,0.02843,N,0,29,Low
SHP00799,PRJ001,2025-04-16,2025-05-07,2025-04-28T13:00:00,2025-04-28T13:31:49,2025-05-02T20:52:10,2025-05-03T06:06:53,F004,F007,P004,P005,Sea Breakbulk,CAR004,V001,CG006,1,14.47,71.43,10.58,3.75,4.33,Y,N,N,N,Standard,FCA,830.5,836.3,5,9.2,0.39,On time,Y,Delivered,Road permit delay,5241.92,368.4,1687.91,675.13,7973.36,85866.69,0.0929,309.02,0.02554,N,0,24,Low
SHP00800,PRJ007,2025-09-22,2025-10-07,2025-09-30T14:00:00,2025-09-30T16:05:19,2025-10-01T00:54:00,2025-10-01T08:00:03,F005,F001,,,Road,CAR002,,CG004,2,58.22,201.96,27.61,7.0,6.57,Y,Y,N,N,Expedite,FCA,255.0,254.5,2,7.1,0.3,On time,Y,Delivered,Road permit delay,3889.5,247.8,0,0,4137.3,1305487.84,0.0032,1407.61,0.095,N,0,48,Medium
SHP00801,PRJ001,2025-04-20,2025-06-16,2025-06-02T10:00:00,2025-06-02T11:09:56,2025-06-08T02:36:56,2025-06-08T10:03:19,F012,F007,P007,P005,Container Sea,CAR005,V013,CG007,3,16.32,24.05,9.02,2.32,2.37,N,N,N,N,Standard,EXW,1881.0,1895.0,7,7.4,0.31,On time,Y,Delivered,Customs hold,2866.58,203.74,1282.34,596.5,4949.16,325356.37,0.0152,565.35,0.01828,N,0,17,Low
SHP00802,PRJ006,2025-01-10,2025-02-21,2025-02-05T14:00:00,2025-02-05T15:23:42,2025-02-15T19:23:55,2025-02-17T03:53:05,F001,F017,P001,P018,Sea Breakbulk,CAR010,V007,CG003,5,3.44,27.62,8.61,2.32,2.42,N,N,N,N,Critical,FCA,5745.7,5909.4,11,32.5,1.35,1-2 days,N,Delivered,Customs hold,10384.05,723.15,800.68,619.39,12527.26,142577.54,0.0879,563.52,0.02772,N,0,35,Low
SHP00803,PRJ002,2024-04-01,2024-04-25,2024-04-18T13:00:00,2024-04-18T14:02:04,2024-04-22T23:44:55,2024-04-24T07:55:37,F004,F008,P004,P012,Sea Breakbulk,CAR010,V007,CG002,7,13.19,50.82,11.09,4.18,3.03,Y,N,N,N,Standard,DDP,1323.2,1345.5,5,32.2,1.34,1-2 days,N,Delivered,Road permit delay,5787.85,633.87,1604.27,920.44,8946.43,147179.81,0.0608,444.66,0.02506,N,0,42,Low
SHP00804,PRJ002,2024-02-15,2024-03-15,2024-03-06T15:00:00,2024-03-06T14:52:59,2024-03-10T01:34:46,2024-03-10T07:27:53,F013,F008,P001,P012,RoRo,CAR003,V006,CG009,7,13.39,28.15,8.27,2.45,2.37,N,N,Y,N,Standard,FCA,1005.3,1036.1,5,5.9,0.25,On time,Y,Delivered,None,2378.53,272.12,1752.62,801.58,5204.85,119368.14,0.0436,425.86,0.0307,N,0,28,Low
SHP00805,PRJ003,2024-04-28,2024-06-17,2024-06-12T11:00:00,2024-06-12T12:56:33,2024-06-17T22:15:55,2024-06-19T00:08:52,F015,F011,P011,P006,Container Sea,CAR005,V009,CG009,6,14.83,17.54,7.47,2.53,2.3,N,N,Y,N,Standard,FCA,2196.5,2219.1,6,25.9,1.08,On time,Y,Delivered,Customs hold,3064.02,252.87,1680.86,1108.66,6106.41,119301.76,0.0512,675.95,0.02054,N,0,36,Low
SHP00806,PRJ002,2024-01-17,2024-02-29,2024-02-19T14:00:00,2024-02-19T13:14:19,2024-02-24T04:01:12,2024-02-24T13:35:02,F004,F008,P004,P012,RoRo,CAR003,V002,CG002,8,15.35,62.41,11.16,3.88,4.1,Y,N,N,N,Standard,EXW,1351.0,1366.9,6,9.6,0.4,On time,Y,Delivered,None,3766.05,627.42,961.19,727.77,6082.43,162769.51,0.0374,651.3,0.03104,N,0,39,Low
SHP00807,PRJ002,2025-10-21,2025-11-15,2025-11-03T12:00:00,2025-11-03T12:28:08,2025-11-08T12:21:18,2025-11-09T16:04:53,F011,F008,P006,P012,Container Sea,CAR005,V003,CG001,7,6.71,20.71,5.88,1.98,2.08,N,N,N,N,Standard,FCA,2484.6,2473.8,6,27.7,1.16,On time,Y,Delivered,Weather disruption,2784.33,438.16,800.92,301.52,4324.93,509834.78,0.0085,317.79,0.01914,N,0,24,Low
SHP00808,PRJ001,2023-12-14,2024-01-30,2024-01-22T09:00:00,2024-01-22T11:39:58,2024-01-26T08:08:11,2024-01-26T20:52:46,F001,F007,P001,P005,Container Sea,CAR005,V009,CG009,1,15.13,12.59,7.53,1.68,1.94,N,N,Y,Y,Standard,DAP,1169.8,1177.5,5,12.7,0.53,On time,Y,Delivered,None,2913.22,377.31,1396.77,990.56,5677.86,106111.81,0.0535,663.31,0.03723,N,0,36,Low
SHP00809,PRJ006,2025-05-30,2025-07-19,2025-07-07T14:00:00,2025-07-07T15:56:40,2025-07-18T04:09:43,2025-07-19T03:24:03,F011,F017,P006,P018,Sea Breakbulk,CAR010,V004,CG005,7,23.29,94.7,14.88,5.74,4.61,Y,N,N,N,Standard,DDP,4989.3,5065.4,12,23.2,0.97,On time,Y,Delivered,Customs hold,13019.83,1569.41,1522.68,979.19,17091.11,885346.07,0.0193,2905.6,0.02463,N,0,32,Low
SHP00810,PRJ005,2025-11-20,2025-12-24,2025-12-10T15:00:00,2025-12-10T14:17:21,2025-12-17T04:12:02,2025-12-18T09:21:49,F014,F016,P003,P016,Sea Breakbulk,CAR004,V001,CG002,6,15.92,52.83,11.51,3.63,3.79,Y,N,N,N,Expedite,FCA,3869.9,3850.5,8,29.2,1.22,1-2 days,N,Delivered,Customs hold,12158.31,1671.72,1356.34,719.17,15905.55,181200.33,0.0878,1591.24,0.02596,N,0,43,Low
SHP00811,PRJ003,2024-02-01,2024-03-13,2024-03-11T13:00:00,2024-03-11T15:07:33,2024-03-15T17:57:55,2024-03-15T14:46:36,F005,F011,P002,P006,Sea Breakbulk,CAR004,V001,CG001,2,3.91,23.58,8.08,2.79,2.43,Y,N,N,N,Expedite,CFR,1467.3,1469.3,5,0,0.0,On time,Y,Delivered,None,6675.36,456.01,904.44,511.66,8547.46,239292.4,0.0357,172.72,0.03006,N,0,21,Low
SHP00812,PRJ003,2025-04-18,2025-05-12,2025-05-06T07:00:00,2025-05-06T06:42:07,2025-05-11T16:06:35,2025-05-13T14:00:23,F009,F011,P009,P006,Sea Breakbulk,CAR004,V008,CG002,8,15.97,70.56,14.18,4.19,3.9,Y,N,N,N,Expedite,EXW,1434.8,1427.7,6,45.9,1.91,1-2 days,N,Delivered,Customs hold,8434.19,688.65,1217.25,470.02,10810.12,159662.06,0.0677,966.07,0.04237,N,0,29,Low
SHP00813,PRJ006,2024-10-02,2024-11-16,2024-11-12T13:00:00,2024-11-12T15:58:06,2024-11-17T08:12:00,2024-11-17T11:49:26,F014,F017,,,Road,CAR012,,CG006,2,40.16,114.56,18.81,5.58,5.03,Y,N,N,N,Expedite,DDP,6643.7,6662.4,6,3.6,0.15,On time,Y,Delivered,None,47145.83,4772.6,0,891.41,52809.85,245830.94,0.2148,25418.39,0.095,N,0,43,Low
SHP00814,PRJ006,2025-09-09,2025-10-06,2025-09-25T07:00:00,2025-09-25T08:23:03,2025-10-07T10:20:10,2025-10-08T08:05:04,F014,F017,P003,P018,Intermodal,CAR006,,CG002,7,14.55,69.98,12.48,4.47,3.81,Y,N,N,N,Critical,DDP,5603.8,5836.1,13,21.7,0.91,1-2 days,N,Delivered,Carrier capacity,10437.28,1457.29,1415.01,948.66,14258.24,123612.79,0.1153,1657.88,0.01952,N,0,41,Low
SHP00815,PRJ003,2025-03-25,2025-04-18,2025-04-11T08:00:00,2025-04-11T07:09:24,2025-04-17T08:04:24,2025-04-17T23:23:20,F003,F011,P003,P006,Sea Breakbulk,CAR010,V014,CG006,3,29.71,71.12,12.52,4.42,3.7,Y,N,N,N,Expedite,DAP,2331.4,2380.9,7,15.3,0.64,On time,Y,Delivered,Road permit delay,12766.4,2014.54,1236.4,971.97,16989.3,133713.64,0.1271,2595.45,0.03669,N,0,31,Low
SHP00816,PRJ005,2024-08-27,2024-09-26,2024-09-11T14:00:00,2024-09-11T13:19:17,2024-09-18T21:56:10,2024-09-20T06:21:56,F013,F016,P001,P016,Intermodal,CAR006,,CG003,7,6.71,31.85,10.18,2.72,2.24,Y,N,N,N,Expedite,FCA,3180.1,3136.0,8,32.4,1.35,1-2 days,N,Delivered,Weather disruption,5020.0,633.09,745.42,580.17,6978.68,325587.88,0.0214,381.71,0.01814,N,0,47,Medium
SHP00817,PRJ002,2024-05-23,2024-06-12,2024-06-10T12:00:00,2024-06-10T13:04:08,2024-06-14T07:01:13,2024-06-15T08:22:54,F003,F008,P003,P012,Sea Breakbulk,CAR010,V004,CG008,2,71.26,807.02,43.82,15.47,12.64,Y,Y,N,N,Expedite,DDP,773.6,788.2,5,25.4,1.06,1-2 days,N,Delivered,Carrier capacity,15347.57,2435.61,2908.24,1071.6,21763.02,1854987.37,0.0117,3410.75,0.06073,N,0,59,Medium
SHP00818,PRJ003,2024-02-15,2024-04-02,2024-03-25T15:00:00,2024-03-25T17:02:04,2024-03-30T10:29:00,2024-03-30T16:23:24,F009,F011,P009,P006,Sea Breakbulk,CAR007,V011,CG002,7,25.25,76.26,14.78,4.46,4.33,Y,N,N,N,Standard,EXW,1355.6,1335.7,6,5.9,0.25,On time,Y,Delivered,None,7232.65,880.86,1618.46,771.69,10503.66,289140.59,0.0363,1426.5,0.0423,N,0,29,Low
SHP00819,PRJ001,2025-02-03,2025-03-07,2025-02-21T10:00:00,2025-02-21T12:57:48,2025-02-27T02:16:57,2025-02-27T15:34:31,F012,F007,P007,P005,Sea Breakbulk,CAR004,V012,CG004,1,72.53,130.44,18.28,5.52,4.97,Y,Y,N,N,Standard,EXW,1883.7,1927.1,7,13.3,0.55,On time,Y,Delivered,Road permit delay,16569.47,1947.19,3133.98,899.76,22550.41,1785833.18,0.0126,3389.55,0.02425,N,0,55,Medium
SHP00820,PRJ007,2024-04-18,2024-06-02,2024-05-29T08:00:00,2024-05-29T10:25:06,2024-05-29T21:30:00,2024-05-29T22:37:42,F004,F001,,,Road,CAR012,,CG002,7,16.9,72.64,13.62,4.35,3.92,Y,N,N,N,Standard,DDP,280.9,286.5,1,1.1,0.05,On time,Y,Delivered,None,1377.24,214.22,0,0,1591.46,158905.25,0.01,459.98,0.095,N,0,28,Low
SHP00821,PRJ001,2024-01-01,2024-02-18,2024-02-13T13:00:00,2024-02-13T12:48:53,2024-02-17T15:14:00,2024-02-18T08:50:11,F004,F007,P004,P005,Sea Breakbulk,CAR007,V005,CG006,8,34.02,143.19,14.94,5.97,5.54,Y,N,N,N,Standard,FCA,864.3,884.5,5,17.6,0.73,On time,Y,Delivered,Carrier capacity,6106.23,596.64,2060.23,1032.0,9795.11,211373.65,0.0463,766.38,0.02547,N,0,44,Low
SHP00822,PRJ006,2025-03-04,2025-04-17,2025-04-01T10:00:00,2025-04-01T09:53:28,2025-04-12T09:12:46,2025-04-12T22:45:52,F014,F017,P003,P018,Sea Breakbulk,CAR010,V004,CG004,1,48.1,131.22,19.92,5.93,4.99,Y,Y,N,N,Standard,DDP,5965.4,6069.8,12,13.6,0.56,On time,Y,Delivered,Port congestion,30587.63,2278.02,2410.33,922.44,36198.42,940508.3,0.0385,7470.75,0.02559,N,0,65,Medium
SHP00823,PRJ005,2025-01-28,2025-02-24,2025-02-10T12:00:00,2025-02-10T13:47:50,2025-02-17T06:57:27,2025-02-17T22:15:56,F002,F016,P001,P016,Sea Breakbulk,CAR004,V008,CG009,2,16.72,31.7,10.3,3.39,3.39,Y,N,Y,N,Standard,EXW,3514.0,3589.0,8,15.3,0.64,On time,Y,Delivered,Port congestion,10000.01,1482.51,1165.94,1182.1,13830.56,120828.88,0.1145,1858.77,0.03098,N,0,49,Medium
SHP00824,PRJ002,2024-02-10,2024-03-31,2024-03-25T13:00:00,2024-03-25T12:50:11,2024-03-29T00:32:27,2024-03-30T11:32:08,F002,F008,P001,P012,RoRo,CAR003,V006,CG010,4,1.84,8.58,4.37,1.6,1.83,N,N,N,N,Standard,FCA,1380.3,1375.5,5,35.0,1.46,1-2 days,N,Delivered,Weather disruption,2499.03,330.55,1240.9,347.58,4418.07,280531.45,0.0157,126.67,0.05005,N,0,28,Low
SHP00825,PRJ001,2025-03-14,2025-04-09,2025-04-04T12:00:00,2025-04-04T14:58:51,2025-04-09T04:40:31,2025-04-10T05:39:08,F004,F007,P004,P005,Sea Breakbulk,CAR004,V001,CG006,3,51.11,60.91,13.58,4.33,3.88,Y,Y,N,N,Expedite,DAP,913.0,914.7,6,25.0,1.04,1-2 days,N,Delivered,Documentation issue,11792.32,965.61,2722.27,859.3,16339.5,287343.43,0.0569,1186.96,0.02539,N,0,51,Medium
SHP00826,PRJ003,2024-12-30,2025-02-06,2025-01-31T13:00:00,2025-01-31T14:50:30,2025-02-04T20:57:59,2025-02-05T16:51:00,F004,F011,P004,P006,Sea Breakbulk,CAR010,V014,CG004,2,43.71,151.67,20.72,5.99,5.79,Y,Y,N,N,Standard,DAP,1235.5,1223.9,5,19.9,0.83,On time,Y,Delivered,Documentation issue,10126.87,1566.5,2313.35,866.13,14872.84,897916.73,0.0166,1431.33,0.02676,N,0,56,Medium
SHP00827,PRJ005,2025-06-27,2025-08-22,2025-08-07T07:00:00,2025-08-07T06:49:07,2025-08-15T03:09:00,2025-08-16T08:16:56,F003,F016,P003,P016,Sea Breakbulk,CAR004,V001,CG006,4,28.92,86.21,17.29,5.26,4.63,Y,N,N,N,Standard,FCA,4072.6,4063.0,9,29.1,1.21,On time,Y,Delivered,Customs hold,13179.71,1443.19,1478.23,647.6,16748.73,160578.16,0.1043,3600.93,0.03065,N,0,46,Medium
SHP00828,PRJ002,2024-08-17,2024-09-18,2024-09-10T08:00:00,2024-09-10T07:22:19,2024-09-13T20:36:47,2024-09-14T19:13:16,F001,F008,P001,P012,RoRo,CAR003,V006,CG010,3,4.6,9.87,5.5,1.89,1.35,N,N,N,N,Standard,DAP,1275.4,1287.8,4,22.6,0.94,On time,Y,Delivered,Documentation issue,2535.89,338.8,1399.06,359.73,4633.48,635897.31,0.0073,276.08,0.0466,N,0,31,Low
SHP00829,PRJ002,2025-08-28,2025-09-22,2025-09-18T12:00:00,2025-09-18T14:47:51,2025-09-19T02:54:00,2025-09-19T04:00:58,F014,F008,,,Road,CAR012,,CG004,2,58.53,173.86,19.61,6.84,5.24,Y,Y,N,N,Expedite,FCA,403.3,410.1,2,1.1,0.05,On time,Y,Delivered,None,5848.84,393.82,0,1275.56,7518.22,1303527.68,0.0058,2280.3,0.095,N,0,55,Medium
SHP00830,PRJ001,2025-04-03,2025-04-17,2025-04-15T13:00:00,2025-04-15T14:15:14,2025-04-19T06:34:37,2025-04-20T20:02:19,F001,F007,P001,P005,Sea Breakbulk,CAR004,V001,CG007,4,14.95,41.66,11.98,4.05,3.08,Y,N,N,N,Standard,DAP,1118.7,1153.7,5,37.5,1.56,1-2 days,N,Delivered,Weather disruption,6261.02,836.83,1285.77,905.06,9288.69,326131.61,0.0285,762.0,0.04418,N,0,34,Low
SHP00831,PRJ006,2025-05-06,2025-06-13,2025-06-02T07:00:00,2025-06-02T09:39:26,2025-06-12T17:12:34,2025-06-12T20:23:00,F012,F017,P007,P018,Intermodal,CAR006,,CG005,5,22.36,84.28,14.96,4.98,4.45,Y,N,N,N,Standard,DDP,5483.4,5439.3,11,3.2,0.13,On time,Y,Delivered,None,7295.17,636.29,1773.46,751.61,10456.53,625759.42,0.0167,2227.95,0.01832,N,0,33,Low
SHP00832,PRJ004,2025-07-08,2025-08-04,2025-07-31T11:00:00,2025-07-31T12:50:39,2025-08-04T02:53:33,2025-08-05T01:11:22,F004,F018,P004,P009,Sea Breakbulk,CAR004,V012,CG004,2,59.65,174.53,18.38,6.44,6.22,Y,Y,N,N,Standard,FCA,796.5,796.9,5,22.3,0.93,On time,Y,Delivered,Port congestion,9607.98,682.08,3318.57,801.68,14410.31,1550618.61,0.0093,1414.43,0.02976,N,0,55,Medium
SHP00833,PRJ003,2024-03-27,2024-05-12,2024-05-05T09:00:00,2024-05-05T08:25:25,2024-05-06T17:00:00,2024-05-06T15:38:35,F004,F011,,,Road,CAR011,,CG004,1,49.83,94.01,19.06,5.77,3.93,Y,Y,N,N,Expedite,DDP,1517.6,1522.1,2,0,0.0,On time,Y,Delivered,None,17640.26,1302.97,0,1070.71,20013.94,1252263.56,0.016,7205.39,0.095,N,0,32,Low
SHP00834,PRJ006,2025-07-05,2025-07-31,2025-07-22T10:00:00,2025-07-22T12:45:13,2025-07-31T11:15:19,2025-08-02T19:34:26,F012,F017,P007,P018,Sea Breakbulk,CAR007,V011,CG003,7,3.62,54.13,12.69,3.62,3.35,Y,N,N,N,Standard,DDP,4998.4,4930.9,10,56.3,2.35,3-5 days,N,Delivered,Customs hold,7881.52,1023.34,788.86,860.96,10554.69,191087.4,0.0552,433.82,0.0243,N,0,42,Low
SHP00835,PRJ006,2025-08-09,2025-09-20,2025-09-03T09:00:00,2025-09-03T11:03:55,2025-09-12T21:09:47,2025-09-13T12:11:30,F005,F017,P002,P018,Sea Breakbulk,CAR010,V014,CG001,5,5.59,16.53,7.95,1.83,2.05,N,N,N,N,Standard,DDP,5290.5,5368.9,10,15.0,0.63,On time,Y,Delivered,None,6546.2,614.84,804.66,324.67,8290.37,357137.43,0.0232,770.54,0.02567,N,0,26,Low
SHP00836,PRJ007,2024-01-01,2024-02-14,2024-02-06T12:00:00,2024-02-06T14:08:48,2024-02-11T09:53:33,2024-02-12T05:08:36,F012,F001,P007,P001,Sea Breakbulk,CAR004,V008,CG006,6,44.92,63.77,13.83,4.33,3.21,Y,N,N,N,Critical,EXW,1890.1,1937.1,6,19.3,0.8,1-2 days,N,Delivered,None,16229.07,1345.3,1854.96,1222.32,20651.66,269814.9,0.0765,3115.31,0.0358,N,0,27,Low
SHP00837,PRJ004,2024-05-10,2024-06-01,2024-05-27T11:00:00,2024-05-27T13:53:57,2024-06-01T00:03:28,2024-06-01T14:55:50,F001,F018,P001,P009,Intermodal,CAR006,,CG007,5,17.13,6.56,5.34,0.72,0.98,N,N,N,N,Standard,DDP,992.4,993.5,6,14.9,0.62,On time,Y,Delivered,None,2974.65,351.46,1048.98,977.35,5352.45,295784.82,0.0181,740.15,0.04349,N,0,22,Low
SHP00838,PRJ002,2025-10-09,2025-11-01,2025-10-24T15:00:00,2025-10-24T17:27:38,2025-10-28T01:35:05,2025-10-30T00:55:12,F001,F008,P001,P012,RoRo,CAR003,V010,CG010,3,3.94,8.79,5.49,1.91,0.97,N,N,N,N,Expedite,DAP,1377.5,1392.5,5,47.3,1.97,1-2 days,N,Delivered,Weather disruption,3220.49,397.57,679.25,594.32,4891.63,434390.87,0.0113,252.18,0.04596,N,0,26,Low
SHP00839,PRJ002,2025-08-11,2025-09-09,2025-09-03T08:00:00,2025-09-03T09:10:36,2025-09-06T01:20:46,2025-09-06T17:45:53,F014,F008,P003,P012,RoRo,CAR003,V002,CG006,8,32.88,72.08,14.98,4.81,3.88,Y,N,N,N,Standard,DAP,489.3,502.9,4,16.4,0.68,On time,Y,Delivered,None,3455.81,284.68,2045.12,771.66,6557.26,156060.69,0.042,749.53,0.04533,N,0,33,Low
SHP00840,PRJ002,2025-04-05,2025-05-15,2025-05-07T10:00:00,2025-05-07T12:27:32,2025-05-12T18:15:40,2025-05-13T02:42:34,F010,F008,P010,P012,Intermodal,CAR006,,CG003,5,7.35,63.22,13.58,4.59,3.25,Y,N,N,N,Standard,FCA,2296.0,2295.9,6,8.4,0.35,On time,Y,Delivered,None,3910.78,410.62,855.3,814.24,5990.94,400473.39,0.015,400.18,0.02371,N,0,31,Low
SHP00841,PRJ006,2025-08-01,2025-09-16,2025-08-27T15:00:00,2025-08-27T16:20:22,2025-09-08T06:26:19,2025-09-09T10:23:35,F012,F017,P007,P018,Sea Breakbulk,CAR010,V007,CG006,3,47.73,112.06,18.88,4.94,4.57,Y,Y,N,N,Expedite,FCA,5389.1,5382.5,13,28.0,1.16,1-2 days,N,Delivered,Customs hold,33173.91,2128.2,2347.58,891.59,38541.28,212564.67,0.1813,6238.96,0.02428,Y,8706.41,58,Medium
SHP00842,PRJ006,2025-01-10,2025-01-27,2025-01-17T13:00:00,2025-01-17T15:02:04,2025-01-29T22:54:28,2025-01-30T03:57:22,F003,F017,P003,P018,Sea Breakbulk,CAR007,V011,CG002,1,17.67,88.51,14.51,5.14,4.27,Y,N,N,N,Standard,DAP,6231.6,6323.5,13,5.0,0.21,On time,Y,Delivered,Carrier capacity,14063.83,1638.62,1706.52,547.68,17956.65,151791.26,0.1183,3223.02,0.02884,N,0,33,Low
SHP00843,PRJ007,2023-12-03,2024-01-19,2024-01-17T07:00:00,2024-01-17T08:53:28,2024-01-21T17:51:58,2024-01-22T04:38:50,F009,F001,P009,P001,Sea Breakbulk,CAR007,V011,CG002,3,10.08,46.3,11.91,3.96,3.33,Y,N,N,N,Standard,DDP,1299.9,1349.0,5,10.8,0.45,On time,Y,Delivered,Carrier capacity,6478.05,896.31,1556.87,899.1,9830.34,106926.09,0.0919,784.1,0.05766,N,0,31,Low
SHP00844,PRJ001,2023-12-04,2024-01-28,2024-01-17T10:00:00,2024-01-17T10:23:45,2024-01-21T11:33:02,2024-01-21T18:15:53,F002,F007,P001,P005,Intermodal,CAR006,,CG010,7,2.26,8.73,5.16,1.25,1.46,N,N,N,N,Expedite,DDP,1231.6,1220.2,5,6.7,0.28,On time,Y,Delivered,Weather disruption,3171.3,430.26,1002.06,406.26,5009.88,329398.86,0.0152,117.02,0.04243,N,0,21,Low
SHP00845,PRJ006,2024-05-30,2024-07-23,2024-07-09T10:00:00,2024-07-09T10:39:37,2024-07-18T23:47:54,2024-07-19T06:50:56,F012,F017,P007,P018,Sea Breakbulk,CAR004,V008,CG001,6,2.94,22.95,10.64,1.69,2.69,N,N,N,N,Standard,FCA,5338.5,5515.6,10,7.1,0.29,On time,Y,Delivered,None,5977.39,947.42,873.06,431.92,8229.79,225998.35,0.0364,393.72,0.02428,N,0,23,Low
SHP00846,PRJ006,2025-08-29,2025-09-23,2025-09-12T07:00:00,2025-09-12T07:05:18,2025-09-22T08:58:34,2025-09-23T11:24:56,F013,F017,P001,P018,Sea Breakbulk,CAR007,V011,CG007,5,14.07,27.1,9.51,2.62,1.9,Y,N,N,N,Critical,DAP,5664.2,5840.3,11,26.4,1.1,1-2 days,N,Delivered,Road permit delay,17910.25,2871.9,1103.36,838.34,22723.85,278476.76,0.0816,1994.13,0.02427,N,0,38,Low
SHP00847,PRJ006,2025-11-09,2026-01-06,2025-12-23T07:00:00,2025-12-23T09:13:39,2026-01-02T22:33:55,2026-01-02T19:48:07,F003,F017,P003,P018,Sea Breakbulk,CAR010,V014,CG002,6,26.2,87.69,16.22,4.78,3.97,Y,N,N,N,Standard,DAP,6132.0,6226.9,11,0,0.0,On time,Y,Delivered,None,17040.46,2688.55,1721.31,1020.72,22471.04,223826.71,0.1004,4594.83,0.02816,N,0,31,Low
SHP00848,PRJ003,2025-04-06,2025-05-10,2025-04-28T11:00:00,2025-04-28T12:51:04,2025-05-03T08:25:02,2025-05-03T22:39:42,F010,F011,P010,P006,Intermodal,CAR006,,CG001,2,6.12,18.29,5.69,2.89,1.27,Y,N,N,N,Expedite,FCA,1184.8,1197.6,6,14.2,0.59,On time,Y,Delivered,None,4155.0,567.93,1190.77,562.57,6476.28,367502.69,0.0176,214.63,0.02928,N,0,27,Low
SHP00849,PRJ002,2024-04-29,2024-06-04,2024-06-02T09:00:00,2024-06-02T09:21:11,2024-06-05T13:28:14,2024-06-07T15:12:27,F013,F008,P001,P012,RoRo,CAR003,V006,CG007,3,7.95,47.04,13.07,3.61,3.4,Y,N,N,N,Expedite,DDP,1003.3,1004.1,4,49.7,2.07,3-5 days,N,Delivered,Port congestion,3660.37,401.49,1407.78,460.96,5930.6,148059.04,0.0401,245.05,0.0307,N,0,46,Medium
SHP00850,PRJ004,2025-01-30,2025-02-18,2025-02-06T11:00:00,2025-02-06T12:11:16,2025-02-10T08:50:07,2025-02-10T20:54:41,F013,F018,P001,P009,Sea Breakbulk,CAR010,V007,CG003,3,6.24,38.42,8.48,3.9,2.37,Y,N,N,N,Standard,FCA,772.2,777.9,5,12.1,0.5,On time,Y,Delivered,Port congestion,4892.94,396.67,1362.21,612.27,7264.09,338770.68,0.0214,141.31,0.02911,Y,14788.56,35,Low
SHP00851,PRJ002,2024-07-12,2024-09-01,2024-08-23T09:00:00,2024-08-23T10:04:50,2024-08-26T09:52:31,2024-08-28T18:35:19,F014,F008,P003,P012,Sea Breakbulk,CAR010,V014,CG006,2,43.79,83.29,17.19,5.03,3.92,Y,N,N,N,Standard,FCA,496.3,509.0,4,56.7,2.36,3-5 days,N,Delivered,Customs hold,5890.69,552.51,2059.47,858.04,9360.71,238304.27,0.0393,903.05,0.04052,N,0,54,Medium
SHP00852,PRJ007,2025-08-29,2025-09-22,2025-09-17T12:00:00,2025-09-17T14:33:42,2025-09-18T00:24:00,2025-09-18T02:27:28,F002,F001,,,Road,CAR001,,CG010,3,3.88,12.24,6.34,0.97,1.49,N,N,N,N,Standard,DAP,360.1,357.3,2,2.1,0.09,On time,Y,Delivered,None,836.6,51.39,0,0,887.99,506611.04,0.0018,131.7,0.095,N,0,18,Low
SHP00853,PRJ001,2025-02-11,2025-03-19,2025-03-14T15:00:00,2025-03-14T17:35:36,2025-03-19T04:42:26,2025-03-20T17:58:03,F009,F007,P009,P005,Sea Breakbulk,CAR010,V014,CG002,7,10.36,96.43,17.82,4.57,4.1,Y,N,N,N,Standard,DAP,1880.8,1869.5,6,37.3,1.55,1-2 days,N,Delivered,Customs hold,6806.73,708.5,1557.33,421.94,9494.5,106616.78,0.0891,728.08,0.03759,N,0,26,Low
SHP00854,PRJ005,2025-11-15,2025-12-14,2025-12-09T11:00:00,2025-12-09T11:16:38,2025-12-16T18:28:18,2025-12-18T03:00:37,F009,F016,P009,P016,Sea Breakbulk,CAR010,V007,CG002,8,11.86,61.07,14.01,3.81,4.85,Y,N,N,N,Standard,DAP,2998.7,3067.6,8,32.5,1.36,1-2 days,N,Delivered,Documentation issue,8318.92,704.12,879.85,432.42,10335.3,95803.32,0.1079,1138.66,0.0313,N,0,42,Low
SHP00855,PRJ003,2025-05-11,2025-06-24,2025-06-19T09:00:00,2025-06-19T11:57:12,2025-06-22T10:28:27,2025-06-23T02:56:37,F012,F011,P007,P006,Intermodal,CAR006,,CG007,6,14.38,28.75,8.34,2.9,3.07,Y,N,N,N,Expedite,CFR,127.9,126.5,4,16.5,0.69,On time,Y,Delivered,None,3243.11,418.47,1551.64,398.87,5612.08,302338.26,0.0186,75.82,0.04168,N,0,31,Low
SHP00856,PRJ005,2025-10-26,2025-12-03,2025-11-25T13:00:00,2025-11-25T12:31:32,2025-12-02T15:53:37,2025-12-02T21:25:08,F013,F016,P001,P016,Intermodal,CAR006,,CG007,7,12.84,29.54,9.43,2.4,2.52,N,N,N,N,Critical,EXW,3041.8,3089.9,8,5.5,0.23,On time,Y,Delivered,None,5148.42,650.13,1327.02,854.37,7979.94,261409.62,0.0305,719.67,0.01814,N,0,26,Low
SHP00857,PRJ005,2025-05-09,2025-06-01,2025-05-26T13:00:00,2025-05-26T12:43:26,2025-06-02T18:23:02,2025-06-03T21:38:30,F004,F016,P004,P016,Sea Breakbulk,CAR007,V005,CG008,1,73.81,705.07,49.01,13.88,11.68,Y,Y,N,N,Standard,CFR,3478.2,3473.6,8,27.3,1.14,On time,Y,Delivered,Weather disruption,25196.54,3642.37,3137.42,914.76,32891.09,1978289.24,0.0166,6236.6,0.02433,N,0,62,Medium
SHP00858,PRJ006,2025-01-02,2025-02-12,2025-02-04T11:00:00,2025-02-04T10:52:26,2025-02-14T02:33:59,2025-02-14T16:44:42,F010,F017,P010,P018,Sea Breakbulk,CAR004,V008,CG005,7,32.91,98.69,16.95,5.49,4.85,Y,N,N,N,Standard,EXW,4811.3,4764.2,11,14.2,0.59,On time,Y,Delivered,None,15457.26,1796.53,1686.95,614.46,19555.2,1023111.09,0.0191,4175.37,0.02663,N,0,36,Low
SHP00859,PRJ002,2024-12-26,2025-02-12,2025-02-06T14:00:00,2025-02-06T15:18:20,2025-02-07T13:36:00,2025-02-07T14:42:33,F002,F008,,,Road,CAR002,,CG010,8,3.59,12.63,5.57,2.04,1.8,N,N,N,N,Standard,DDP,1016.1,1023.8,2,1.1,0.05,On time,Y,Delivered,None,1803.54,226.56,0,421.66,2451.77,394838.49,0.0062,349.17,0.095,N,0,32,Low
SHP00860,PRJ003,2024-11-08,2024-12-17,2024-12-10T14:00:00,2024-12-10T15:05:11,2024-12-17T01:42:26,2024-12-16T23:20:24,F014,F011,P003,P006,Intermodal,CAR006,,CG006,5,47.51,62.92,11.15,3.71,3.07,Y,Y,N,N,Expedite,CFR,2163.7,2205.9,8,0,0.0,On time,Y,Delivered,None,10726.51,1533.28,3001.97,672.28,15934.04,267485.0,0.0596,2402.63,0.02293,N,0,49,Medium
SHP00861,PRJ006,2025-09-23,2025-11-08,2025-10-26T08:00:00,2025-10-26T10:59:28,2025-11-06T02:51:03,2025-11-06T05:31:22,F012,F017,P007,P018,Sea Breakbulk,CAR010,V014,CG007,1,13.32,25.63,8.45,1.65,1.74,N,N,N,N,Critical,CFR,5338.0,5379.7,12,2.7,0.11,On time,Y,Delivered,None,12519.89,1549.62,965.42,735.69,15770.62,285832.41,0.0552,1741.63,0.0243,N,0,34,Low
SHP00862,PRJ006,2025-08-17,2025-09-30,2025-09-16T14:00:00,2025-09-16T13:06:54,2025-09-28T21:48:59,2025-09-30T10:18:28,F003,F017,P003,P018,Sea Breakbulk,CAR010,V004,CG006,8,12.21,19.7,7.45,2.22,1.75,Y,N,N,N,Standard,FCA,6070.9,6321.3,13,36.5,1.52,1-2 days,N,Delivered,Weather disruption,12254.13,990.9,1411.29,616.25,15272.57,64151.22,0.2381,2223.34,0.02881,N,0,39,Low
SHP00863,PRJ003,2025-04-09,2025-05-28,2025-05-15T11:00:00,2025-05-15T12:30:21,2025-05-20T09:59:06,2025-05-20T08:00:04,F004,F011,P004,P006,Intermodal,CAR006,,CG006,3,35.29,108.08,18.73,5.82,4.56,Y,N,N,N,Expedite,DAP,1268.8,1296.1,6,0,0.0,On time,Y,Delivered,None,5179.05,462.81,1671.28,970.07,8283.2,161864.89,0.0512,941.52,0.02058,N,0,28,Low
SHP00864,PRJ006,2025-08-12,2025-09-16,2025-09-03T15:00:00,2025-09-03T17:47:06,2025-09-14T22:57:15,2025-09-15T01:25:45,F004,F017,P004,P018,Sea Breakbulk,CAR010,V014,CG006,6,27.94,43.87,11.56,3.95,2.55,Y,N,N,N,Expedite,DDP,5668.8,5603.2,12,2.5,0.1,On time,Y,Delivered,None,18914.16,2534.95,1656.64,485.54,23591.3,177092.65,0.1332,3823.54,0.02442,Y,7406.34,47,Medium
SHP00865,PRJ006,2025-01-26,2025-03-09,2025-02-25T07:00:00,2025-02-25T07:49:45,2025-03-09T09:07:30,2025-03-10T15:41:01,F004,F017,P004,P018,Intermodal,CAR006,,CG008,1,77.33,665.29,42.21,12.4,11.1,Y,Y,N,N,Standard,DAP,5721.7,5689.5,13,30.6,1.27,1-2 days,N,Delivered,Port congestion,20705.47,2930.25,3322.98,1000.69,27959.39,1752951.51,0.0159,8111.77,0.01844,N,0,56,Medium
SHP00866,PRJ001,2025-09-30,2025-10-11,2025-10-07T10:00:00,2025-10-07T11:18:01,2025-10-12T17:35:26,2025-10-13T10:42:09,F009,F007,P009,P005,Intermodal,CAR006,,CG002,3,22.92,83.9,17.72,4.82,4.44,Y,N,N,N,Standard,DAP,1789.2,1832.1,6,17.1,0.71,On time,Y,Delivered,Road permit delay,5098.52,366.73,1276.07,829.41,7570.72,204782.56,0.037,1367.02,0.03255,N,0,27,Low
SHP00867,PRJ002,2025-01-03,2025-02-15,2025-02-09T10:00:00,2025-02-09T11:18:36,2025-02-14T17:28:31,2025-02-16T04:20:16,F012,F008,P007,P012,Sea Breakbulk,CAR010,V007,CG007,3,13.97,26.96,10.17,2.69,1.76,Y,N,N,N,Expedite,EXW,2557.3,2536.7,6,34.9,1.45,1-2 days,N,Delivered,Carrier capacity,9307.36,631.81,1362.21,660.62,11962.01,226369.82,0.0528,861.31,0.0243,N,0,47,Medium
SHP00868,PRJ002,2024-04-26,2024-05-14,2024-05-07T12:00:00,2024-05-07T14:50:11,2024-05-13T11:38:02,2024-05-14T16:15:53,F010,F008,P010,P012,Intermodal,CAR006,,CG003,6,8.31,53.51,11.17,3.58,3.3,Y,N,N,N,Standard,FCA,2310.4,2311.7,7,28.6,1.19,On time,Y,Delivered,Carrier capacity,3969.2,290.44,830.62,501.47,5591.72,364504.18,0.0153,445.47,0.02319,N,0,40,Low
SHP00869,PRJ001,2025-04-15,2025-05-02,2025-04-22T08:00:00,2025-04-22T10:23:02,2025-04-26T20:59:43,2025-04-27T07:04:45,F010,F007,P010,P005,Sea Breakbulk,CAR010,V014,CG007,7,19.99,30.19,10.19,2.99,2.4,Y,N,N,N,Standard,DAP,1861.2,1838.9,5,10.1,0.42,On time,Y,Delivered,None,7362.83,549.26,1035.2,537.91,9485.2,377002.6,0.0252,1093.71,0.02975,N,0,32,Low
SHP00870,PRJ005,2025-06-19,2025-07-22,2025-07-15T11:00:00,2025-07-15T13:08:18,2025-07-22T05:46:25,2025-07-22T10:30:41,F001,F016,P001,P016,Sea Breakbulk,CAR010,V004,CG003,5,8.34,42.01,10.28,3.47,2.0,Y,N,N,N,Standard,EXW,3383.6,3426.2,8,4.7,0.2,On time,Y,Delivered,None,7955.73,878.77,1289.02,337.59,10461.11,356606.42,0.0293,864.2,0.03024,N,0,35,Low
SHP00871,PRJ004,2025-07-10,2025-08-01,2025-07-24T11:00:00,2025-07-24T10:34:57,2025-07-29T05:04:24,2025-07-29T05:51:15,F002,F018,P001,P009,Intermodal,CAR006,,CG010,2,4.05,10.92,6.14,1.51,1.88,N,N,N,N,Expedite,FCA,1138.7,1119.8,6,0.8,0.03,On time,Y,Delivered,None,3320.32,223.75,1453.57,378.39,5376.03,462101.05,0.0116,214.89,0.04738,N,0,13,Low
SHP00872,PRJ001,2025-05-22,2025-06-20,2025-06-17T13:00:00,2025-06-17T15:58:22,2025-06-20T08:54:09,2025-06-21T04:42:38,F014,F007,P003,P005,Sea Breakbulk,CAR004,V008,CG004,1,53.63,223.07,25.93,7.79,6.38,Y,Y,N,N,Standard,EXW,469.2,484.6,4,19.8,0.83,On time,Y,Delivered,None,8168.65,659.99,2545.86,815.43,12189.93,1012966.19,0.012,1045.25,0.04022,N,0,51,Medium
SHP00873,PRJ002,2024-11-01,2024-11-17,2024-11-13T14:00:00,2024-11-13T16:27:50,2024-11-14T13:42:00,2024-11-14T16:55:26,F002,F008,,,Road,CAR011,,CG009,2,16.13,39.77,10.95,3.6,2.23,Y,N,Y,Y,Standard,DAP,997.0,1015.3,2,3.2,0.13,On time,Y,Delivered,None,3653.5,342.8,0,841.61,4837.91,147722.07,0.0328,1555.79,0.095,N,0,50,Medium
SHP00874,PRJ006,2025-10-14,2025-11-17,2025-11-06T14:00:00,2025-11-06T15:07:50,2025-11-17T14:57:05,2025-11-18T19:58:30,F013,F017,P001,P018,Sea Breakbulk,CAR007,V005,CG010,2,1.14,8.19,5.57,1.04,1.99,N,N,N,N,Standard,DAP,5427.2,5381.1,12,29.0,1.21,On time,Y,Delivered,Weather disruption,5614.99,686.63,774.52,546.06,7622.2,171144.04,0.0445,148.97,0.02428,N,0,31,Low
SHP00875,PRJ003,2024-03-05,2024-04-02,2024-03-31T11:00:00,2024-03-31T10:14:57,2024-04-02T03:00:00,2024-04-02T05:42:50,F002,F011,,,Road,CAR012,,CG010,7,3.61,15.96,6.31,2.44,1.54,N,N,N,N,Standard,CFR,1936.3,1903.8,3,2.7,0.11,On time,Y,Delivered,None,3061.74,397.05,0,638.54,4097.33,459512.6,0.0089,652.91,0.095,N,0,23,Low
SHP00876,PRJ001,2024-08-19,2024-09-05,2024-09-03T09:00:00,2024-09-03T10:58:06,2024-09-07T05:56:39,2024-09-08T04:16:31,F014,F007,P003,P005,Sea Breakbulk,CAR010,V007,CG004,1,49.52,234.64,26.37,7.83,6.64,Y,Y,N,N,Standard,DDP,499.2,503.1,5,22.3,0.93,On time,Y,Delivered,Documentation issue,8115.49,542.45,2899.16,893.92,12451.02,1011522.89,0.0123,1025.46,0.04116,N,0,51,Medium
SHP00877,PRJ001,2025-06-09,2025-07-23,2025-07-10T11:00:00,2025-07-10T11:24:59,2025-07-15T15:30:20,2025-07-17T08:55:18,F012,F007,P007,P005,Sea Breakbulk,CAR007,V005,CG008,1,110.77,468.07,30.02,10.66,9.55,Y,Y,N,N,Standard,DAP,2112.2,2161.6,6,41.4,1.73,1-2 days,N,Delivered,Carrier capacity,23098.02,2425.82,4363.11,1302.83,31189.78,2802968.86,0.0111,5797.69,0.02421,N,0,55,Medium
SHP00878,PRJ006,2025-05-22,2025-07-15,2025-07-02T12:00:00,2025-07-02T12:15:22,2025-07-12T05:07:43,2025-07-13T11:04:02,F012,F017,P007,P018,Sea Breakbulk,CAR004,V008,CG005,2,31.65,73.54,13.54,4.47,4.35,Y,N,N,N,Critical,DDP,5039.1,5112.6,11,29.9,1.25,1-2 days,N,Delivered,Weather disruption,23545.77,2858.67,1648.71,1083.0,29136.15,1005144.66,0.029,3935.67,0.02432,N,0,36,Low
SHP00879,PRJ007,2025-04-24,2025-05-25,2025-05-19T12:00:00,2025-05-19T12:00:20,2025-05-23T05:53:31,2025-05-23T14:55:11,F002,F001,P001,P001,Intermodal,CAR006,,CG009,7,23.58,32.04,10.39,3.21,2.88,Y,N,Y,N,Standard,DDP,749.3,745.5,5,9.0,0.38,On time,Y,Delivered,None,5365.47,598.64,1363.06,0,7327.17,160234.35,0.0457,1670.0,0.095,N,0,45,Medium
SHP00880,PRJ006,2025-08-12,2025-09-30,2025-09-10T13:00:00,2025-09-10T15:56:53,2025-09-22T02:57:35,2025-09-22T14:44:05,F005,F017,P002,P018,Intermodal,CAR006,,CG004,2,64.85,165.39,19.01,7.5,5.85,Y,Y,N,N,Expedite,EXW,5339.0,5365.3,13,11.8,0.49,On time,Y,Delivered,Carrier capacity,22441.81,1996.03,2760.99,950.45,28149.27,1252161.66,0.0225,6863.13,0.01973,N,0,54,Medium
SHP00881,PRJ005,2025-10-21,2025-12-07,2025-12-01T08:00:00,2025-12-01T10:54:31,2025-12-08T17:38:35,2025-12-09T23:20:22,F012,F016,P007,P016,Sea Breakbulk,CAR010,V007,CG004,1,53.67,176.22,17.3,6.64,5.53,Y,Y,N,N,Standard,DDP,3156.0,3234.4,8,29.7,1.24,On time,Y,Delivered,Documentation issue,19883.11,3318.64,2929.88,1312.9,27444.53,1345147.09,0.0204,4191.7,0.02415,N,0,59,Medium
SHP00882,PRJ003,2024-03-01,2024-03-15,2024-03-11T15:00:00,2024-03-11T17:46:56,2024-03-14T23:32:54,2024-03-16T02:24:25,F012,F011,P007,P006,Intermodal,CAR006,,CG001,7,5.4,24.84,7.42,1.31,2.28,N,N,N,N,Expedite,DAP,125.5,124.4,4,26.9,1.12,1-2 days,N,Delivered,Weather disruption,2344.11,214.7,1007.19,306.3,3872.29,421876.29,0.0092,26.19,0.03899,N,0,28,Low
SHP00883,PRJ002,2024-03-17,2024-04-07,2024-04-01T11:00:00,2024-04-01T12:42:39,2024-04-07T21:14:06,2024-04-07T23:07:50,F011,F008,P006,P012,Container Sea,CAR005,V013,CG001,7,6.4,18.19,7.91,2.34,1.62,N,N,N,N,Expedite,EXW,2494.9,2450.9,7,1.9,0.08,On time,Y,Delivered,None,3427.32,478.91,895.11,854.41,5655.75,423954.06,0.0133,299.0,0.01906,N,0,40,Low
SHP00884,PRJ002,2025-08-04,2025-08-30,2025-08-21T09:00:00,2025-08-21T11:29:01,2025-08-23T22:42:02,2025-08-24T15:24:09,F003,F008,P003,P012,RoRo,CAR003,V010,CG006,6,34.81,62.91,11.25,3.89,2.55,Y,N,N,N,Expedite,CFR,730.7,756.2,3,16.7,0.7,On time,Y,Delivered,None,6194.33,555.44,1501.47,1021.36,9272.6,175030.42,0.053,1659.92,0.06306,N,0,34,Low
SHP00885,PRJ001,2024-06-27,2024-07-16,2024-07-07T08:00:00,2024-07-07T08:20:18,2024-07-12T19:09:51,2024-07-12T20:37:25,F012,F007,P007,P005,Sea Breakbulk,CAR010,V007,CG006,7,25.27,22.65,8.53,2.94,2.27,Y,N,N,N,Critical,FCA,2082.9,2144.1,6,1.5,0.06,On time,Y,Delivered,None,12390.95,954.95,1152.53,654.81,15153.24,131018.61,0.1157,1313.09,0.02424,N,0,26,Low
SHP00886,PRJ003,2024-04-28,2024-05-29,2024-05-14T08:00:00,2024-05-14T10:18:45,2024-05-21T04:04:48,2024-05-21T09:29:55,F003,F011,P003,P006,Sea Breakbulk,CAR007,V011,CG008,2,97.13,534.91,33.98,10.86,10.3,Y,Y,N,N,Expedite,FCA,2473.6,2572.3,8,5.4,0.23,On time,Y,Delivered,None,35074.48,3555.11,3809.98,1305.19,43744.76,2603503.51,0.0168,9218.95,0.0369,N,0,48,Medium
SHP00887,PRJ003,2024-04-05,2024-05-01,2024-04-19T07:00:00,2024-04-19T08:24:22,2024-04-25T12:26:13,2024-04-25T10:24:44,F015,F011,P011,P006,Container Sea,CAR005,V003,CG009,5,20.67,18.14,8.41,2.28,1.73,N,N,Y,N,Standard,FCA,2217.8,2215.0,7,0,0.0,On time,Y,Delivered,None,3339.94,260.57,1914.17,786.8,6301.48,173897.71,0.0362,938.39,0.0205,N,0,38,Low
SHP00888,PRJ002,2024-08-04,2024-09-26,2024-09-17T15:00:00,2024-09-17T17:14:28,2024-09-24T07:24:44,2024-09-24T04:57:36,F012,F008,P007,P012,Sea Breakbulk,CAR010,V007,CG004,2,86.15,195.1,28.11,6.98,5.79,Y,Y,N,N,Standard,DDP,2376.4,2410.8,8,0,0.0,On time,Y,Delivered,None,21230.23,1861.43,3818.28,1171.54,28081.47,1605004.86,0.0175,5053.07,0.02433,N,0,61,Medium
SHP00889,PRJ006,2025-09-09,2025-11-09,2025-10-23T12:00:00,2025-10-23T14:15:37,2025-11-01T01:46:05,2025-11-01T13:52:43,F010,F017,P010,P018,Intermodal,CAR006,,CG003,5,8.92,35.11,12.03,2.99,3.01,Y,N,N,N,Critical,DAP,4824.1,4905.9,10,12.1,0.5,On time,Y,Delivered,None,8489.14,881.37,804.86,434.89,10610.26,359202.05,0.0295,906.1,0.02071,N,0,33,Low
SHP00890,PRJ006,2025-12-08,2025-12-26,2025-12-19T13:00:00,2025-12-19T14:12:43,2025-12-28T13:44:47,2025-12-29T10:00:56,F010,F017,P010,P018,Sea Breakbulk,CAR010,V007,CG007,2,11.37,42.64,12.33,3.35,2.17,Y,N,N,N,Critical,FCA,4854.6,4768.0,10,20.3,0.84,1-2 days,N,Delivered,Road permit delay,15465.23,1359.08,1538.75,804.88,19167.95,231567.88,0.0828,1432.03,0.02642,N,0,39,Low
SHP00891,PRJ002,2025-06-26,2025-07-23,2025-07-17T12:00:00,2025-07-17T11:32:44,2025-07-21T06:39:31,2025-07-21T09:21:33,F001,F008,P001,P012,RoRo,CAR003,V010,CG009,1,16.36,32.03,8.89,3.43,2.64,Y,N,Y,N,Standard,DAP,1318.8,1316.1,5,2.7,0.11,On time,Y,Delivered,None,4440.83,407.45,1336.66,929.08,7114.02,119460.05,0.0596,978.78,0.04546,N,0,59,Medium
SHP00892,PRJ001,2024-06-03,2024-07-10,2024-07-03T09:00:00,2024-07-03T09:00:03,2024-07-06T20:52:53,2024-07-08T01:45:48,F014,F007,P003,P005,Intermodal,CAR006,,CG002,5,24.17,119.61,15.67,5.58,3.97,Y,N,N,N,Standard,FCA,494.4,497.0,4,28.9,1.2,On time,Y,Delivered,Customs hold,3211.35,371.01,1441.73,883.74,5907.84,193346.32,0.0306,416.11,0.03464,N,0,26,Low
SHP00893,PRJ006,2025-06-23,2025-07-18,2025-07-02T11:00:00,2025-07-02T13:04:19,2025-07-11T23:52:17,2025-07-12T21:10:19,F012,F017,P007,P018,Sea Breakbulk,CAR004,V001,CG005,4,22.43,119.49,17.01,5.24,5.26,Y,N,N,N,Standard,CFR,5171.0,5243.2,10,21.3,0.89,On time,Y,Delivered,Weather disruption,13051.85,1857.57,1657.55,853.0,17419.97,686145.9,0.0254,2857.56,0.0243,N,0,33,Low
SHP00894,PRJ004,2024-11-05,2024-12-13,2024-12-02T14:00:00,2024-12-02T16:10:20,2024-12-08T00:34:48,2024-12-08T15:15:04,F014,F018,P003,P009,Sea Breakbulk,CAR004,V001,CG004,2,82.41,121.41,14.76,5.36,4.71,Y,Y,N,N,Standard,DAP,1406.5,1453.0,7,14.7,0.61,On time,Y,Delivered,Carrier capacity,15639.67,1425.65,3776.28,1336.93,22178.53,1880479.99,0.0118,3809.98,0.03182,N,0,57,Medium
SHP00895,PRJ006,2025-01-03,2025-02-16,2025-02-03T08:00:00,2025-02-03T09:45:52,2025-02-12T11:17:52,2025-02-12T03:36:06,F012,F017,P007,P018,Sea Breakbulk,CAR007,V005,CG006,1,35.46,120.51,17.74,5.24,5.24,Y,N,N,N,Critical,FCA,5243.3,5243.4,10,0,0.0,On time,Y,Delivered,None,26023.88,3848.44,1673.32,623.02,32168.66,158567.87,0.2029,4514.71,0.02428,N,0,42,Low
SHP00896,PRJ002,2024-03-17,2024-05-05,2024-04-24T11:00:00,2024-04-24T12:30:08,2024-04-28T03:29:53,2024-04-27T17:59:59,F001,F008,P001,P012,RoRo,CAR003,V006,CG003,8,4.63,9.08,4.39,1.1,2.36,Y,N,N,N,Standard,DDP,1372.7,1361.3,5,0,0.0,On time,Y,Delivered,None,3476.38,364.11,820.41,666.14,5327.04,228189.6,0.0233,287.92,0.04568,N,0,35,Low
SHP00897,PRJ004,2025-10-01,2025-11-15,2025-11-06T15:00:00,2025-11-06T16:04:42,2025-11-11T03:23:59,2025-11-11T06:55:40,F011,F018,P006,P009,Sea Breakbulk,CAR010,V007,CG005,8,21.23,108.96,19.02,4.32,4.84,Y,N,N,N,Standard,EXW,1123.1,1119.6,6,3.5,0.15,On time,Y,Delivered,None,6114.94,664.6,1412.83,655.76,8848.13,693002.88,0.0128,685.46,0.02884,N,0,29,Low
SHP00898,PRJ006,2025-04-28,2025-06-13,2025-06-03T14:00:00,2025-06-03T13:29:03,2025-06-14T04:58:12,2025-06-14T18:58:54,F001,F017,P001,P018,Sea Breakbulk,CAR010,V007,CG007,8,14.38,57.06,11.52,3.51,3.81,Y,N,N,N,Standard,DAP,5552.6,5655.4,12,14.0,0.58,On time,Y,Delivered,Carrier capacity,12045.41,1436.68,1156.77,878.83,15517.69,329786.0,0.0471,2265.34,0.02786,N,0,40,Low
SHP00899,PRJ002,2025-06-03,2025-07-13,2025-07-01T09:00:00,2025-07-01T10:30:13,2025-07-07T00:00:26,2025-07-08T00:57:33,F011,F008,P006,P012,Sea Breakbulk,CAR004,V001,CG005,6,18.69,102.78,17.38,5.09,5.11,Y,N,N,N,Standard,FCA,2591.7,2553.3,7,25.0,1.04,On time,Y,Delivered,Weather disruption,8029.83,607.71,1469.03,563.74,10670.31,547771.73,0.0195,1189.76,0.02493,N,0,42,Low
SHP00900,PRJ001,2024-01-22,2024-01-31,2024-01-29T11:00:00,2024-01-29T10:54:18,2024-02-02T21:12:12,2024-02-03T14:59:46,F014,F007,P003,P005,Sea Breakbulk,CAR004,V012,CG002,3,14.02,99.39,16.61,5.31,3.75,Y,N,N,N,Expedite,CFR,512.3,511.7,5,17.8,0.74,On time,Y,Delivered,Customs hold,6153.43,572.33,986.47,901.26,8613.49,110063.8,0.0783,280.38,0.03908,N,0,36,Low
