event_id,shipment_id,event_sequence,event_datetime,event_type,event_status,responsible_party,location_reference,notes
EVT00001-01,SHP00001,1,2025-08-24T08:00:00,Booking created,Completed,Forwarder,Bilbao Steel Fabricator,
EVT00001-02,SHP00001,2,2025-09-04T09:17:12,Pickup completed,Completed,Carrier,Bilbao Steel Fabricator,
EVT00001-03,SHP00001,3,2025-09-04T17:10:59,Origin port gate in,Completed,Port terminal,Bilbao,
EVT00001-04,SHP00001,4,2025-09-05T02:36:25,Vessel departed,Completed,Carrier,Bilbao,
EVT00001-05,SHP00001,5,2025-09-08T09:31:16,Destination port arrival,Completed,Port terminal,Sines,
EVT00001-06,SHP00001,6,2025-09-08T16:09:03,Customs released,Completed,Forwarder,Sines,
EVT00001-07,SHP00001,7,2025-09-09T02:26:53,Delivery completed,Completed,Carrier,Sines Energy Project Site,
EVT00002-01,SHP00002,1,2024-01-16T14:00:00,Booking created,Completed,Forwarder,Zaragoza Distribution Hub,
EVT00002-02,SHP00002,2,2024-01-25T15:38:31,Pickup completed,Completed,Carrier,Zaragoza Distribution Hub,
EVT00002-03,SHP00002,3,2024-01-26T15:58:12,Origin port gate in,Completed,Port terminal,Valencia,
EVT00002-04,SHP00002,4,2024-01-26T23:44:25,Vessel departed,Completed,Carrier,Valencia,
EVT00002-05,SHP00002,5,2024-01-29T14:34:40,Destination port arrival,Completed,Port terminal,Sines,
EVT00002-06,SHP00002,6,2024-01-30T01:59:53,Customs released,Completed,Forwarder,Sines,
EVT00002-07,SHP00002,7,2024-01-30T06:46:25,Delivery completed,Completed,Carrier,Sines Energy Project Site,
EVT00003-01,SHP00003,1,2024-10-07T12:00:00,Booking created,Completed,Forwarder,Antwerp EPC Supplier Yard,
EVT00003-02,SHP00003,2,2024-10-18T13:47:31,Pickup completed,Completed,Carrier,Antwerp EPC Supplier Yard,
EVT00003-03,SHP00003,3,2024-10-18T20:43:38,Origin port gate in,Completed,Port terminal,Antwerp-Bruges,
EVT00003-04,SHP00003,4,2024-10-19T05:13:15,Vessel departed,Completed,Carrier,Antwerp-Bruges,
EVT00003-05,SHP00003,5,2024-10-22T20:13:21,Destination port arrival,Completed,Port terminal,Sines,
EVT00003-06,SHP00003,6,2024-10-23T09:27:06,Customs released,Completed,Forwarder,Sines,
EVT00003-07,SHP00003,7,2024-10-24T01:01:47,Delivery completed,Completed,Carrier,Sines Energy Project Site,
EVT00004-01,SHP00004,1,2024-05-11T09:00:00,Booking created,Completed,Forwarder,Antwerp EPC Supplier Yard,
EVT00004-02,SHP00004,2,2024-05-22T11:05:02,Pickup completed,Completed,Carrier,Antwerp EPC Supplier Yard,
EVT00004-03,SHP00004,3,2024-05-22T17:42:35,Origin port gate in,Completed,Port terminal,Antwerp-Bruges,
EVT00004-04,SHP00004,4,2024-05-22T21:41:51,Vessel departed,Completed,Carrier,Antwerp-Bruges,
EVT00004-05,SHP00004,5,2024-05-28T04:53:54,Customs released,Completed,Forwarder,Sines,
EVT00004-06,SHP00004,6,2024-05-28T06:56:29,Destination port arrival,Completed,Port terminal,Sines,
EVT00004-07,SHP00004,7,2024-05-29T17:19:29,Delivery completed,Delayed,Carrier,Sines Energy Project Site,Carrier capacity
EVT00005-01,SHP00005,1,2025-05-28T13:00:00,Booking created,Completed,Forwarder,Madrid Cross Dock,
EVT00005-02,SHP00005,2,2025-06-04T12:39:41,Pickup completed,Completed,Carrier,Madrid Cross Dock,
EVT00005-03,SHP00005,3,2025-06-05T03:02:30,Origin port gate in,Completed,Port terminal,Valencia,
EVT00005-04,SHP00005,4,2025-06-05T07:45:52,Vessel departed,Completed,Carrier,Valencia,
EVT00005-05,SHP00005,5,2025-06-09T14:04:57,Destination port arrival,Completed,Port terminal,Rotterdam,
EVT00005-06,SHP00005,6,2025-06-10T05:04:37,Customs released,Completed,Forwarder,Rotterdam,
EVT00005-07,SHP00005,7,2025-06-10T22:51:39,Delivery completed,Completed,Carrier,Rotterdam Consolidation Hub,
EVT00006-01,SHP00006,1,2025-07-21T15:00:00,Booking created,Completed,Forwarder,Antwerp EPC Supplier Yard,
EVT00006-02,SHP00006,2,2025-08-03T16:38:23,Pickup completed,Completed,Carrier,Antwerp EPC Supplier Yard,
EVT00006-03,SHP00006,3,2025-08-03T22:22:25,Origin port gate in,Completed,Port terminal,Antwerp-Bruges,
EVT00006-04,SHP00006,4,2025-08-04T08:31:19,Vessel departed,Completed,Carrier,Antwerp-Bruges,
EVT00006-05,SHP00006,5,2025-08-09T02:15:55,Destination port arrival,Completed,Port terminal,Casablanca,
EVT00006-06,SHP00006,6,2025-08-09T15:23:32,Customs released,Completed,Forwarder,Casablanca,
EVT00006-07,SHP00006,7,2025-08-10T14:32:24,Delivery completed,Delayed,Carrier,Casablanca Desalination Site,Documentation issue
EVT00007-01,SHP00007,1,2024-01-19T07:00:00,Booking created,Completed,Forwarder,Milan Valve Plant,
EVT00007-02,SHP00007,2,2024-01-25T07:25:39,Pickup completed,Completed,Carrier,Milan Valve Plant,
EVT00007-03,SHP00007,3,2024-01-25T20:24:24,Origin port gate in,Completed,Port terminal,Genoa,
EVT00007-04,SHP00007,4,2024-01-26T07:35:26,Vessel departed,Completed,Carrier,Genoa,
EVT00007-05,SHP00007,5,2024-01-31T00:02:48,Destination port arrival,Completed,Port terminal,Sines,
EVT00007-06,SHP00007,6,2024-01-31T00:03:17,Customs released,Completed,Forwarder,Sines,
EVT00007-07,SHP00007,7,2024-01-31T11:43:25,Delivery completed,Completed,Carrier,Sines Energy Project Site,
EVT00008-01,SHP00008,1,2024-03-08T12:00:00,Booking created,Completed,Forwarder,Milan Valve Plant,
EVT00008-02,SHP00008,2,2024-03-14T13:02:37,Pickup completed,Completed,Carrier,Milan Valve Plant,
EVT00008-03,SHP00008,3,2024-03-14T22:22:17,Origin port gate in,Completed,Port terminal,Genoa,
EVT00008-04,SHP00008,4,2024-03-15T02:51:19,Vessel departed,Completed,Carrier,Genoa,
EVT00008-05,SHP00008,5,2024-03-20T10:25:11,Destination port arrival,Completed,Port terminal,Casablanca,
EVT00008-06,SHP00008,6,2024-03-20T20:32:48,Customs released,Completed,Forwarder,Casablanca,
EVT00008-07,SHP00008,7,2024-03-21T08:38:22,Delivery completed,Delayed,Carrier,Casablanca Desalination Site,Customs hold
EVT00009-01,SHP00009,1,2025-06-23T12:00:00,Booking created,Completed,Forwarder,Cadiz Module Yard,
EVT00009-02,SHP00009,2,2025-07-01T12:54:29,Pickup completed,Completed,Carrier,Cadiz Module Yard,
EVT00009-03,SHP00009,3,2025-07-02T01:03:01,Origin port gate in,Completed,Port terminal,Algeciras,
EVT00009-04,SHP00009,4,2025-07-02T16:53:58,Vessel departed,Completed,Carrier,Algeciras,
EVT00009-05,SHP00009,5,2025-07-09T11:57:10,Destination port arrival,Completed,Port terminal,Alexandria,
EVT00009-06,SHP00009,6,2025-07-09T17:57:57,Customs released,Completed,Forwarder,Alexandria,
EVT00009-07,SHP00009,7,2025-07-10T01:25:26,Delivery completed,Completed,Carrier,Alexandria Water Project Site,
EVT00010-01,SHP00010,1,2025-10-01T15:00:00,Booking created,Completed,Forwarder,Cadiz Module Yard,
EVT00010-02,SHP00010,2,2025-10-08T15:01:18,Pickup completed,Completed,Carrier,Cadiz Module Yard,
EVT00010-03,SHP00010,3,2025-10-09T07:51:37,Origin port gate in,Completed,Port terminal,Algeciras,
EVT00010-04,SHP00010,4,2025-10-10T01:12:30,Vessel departed,Completed,Carrier,Algeciras,
EVT00010-05,SHP00010,5,2025-10-11T06:02:54,Destination port arrival,Completed,Port terminal,Casablanca,
EVT00010-06,SHP00010,6,2025-10-11T16:40:47,Customs released,Completed,Forwarder,Casablanca,
EVT00010-07,SHP00010,7,2025-10-11T22:07:58,Delivery completed,Completed,Carrier,Casablanca Desalination Site,
EVT00011-01,SHP00011,1,2023-12-30T07:00:00,Booking created,Completed,Forwarder,Milan Valve Plant,
EVT00011-02,SHP00011,2,2024-01-04T06:58:36,Pickup completed,Completed,Carrier,Milan Valve Plant,
EVT00011-03,SHP00011,3,2024-01-04T17:43:18,Origin port gate in,Completed,Port terminal,Genoa,
EVT00011-04,SHP00011,4,2024-01-04T22:56:56,Vessel departed,Completed,Carrier,Genoa,
EVT00011-05,SHP00011,5,2024-01-07T07:22:06,Destination port arrival,Completed,Port terminal,Valencia,
EVT00011-06,SHP00011,6,2024-01-07T12:57:16,Customs released,Completed,Forwarder,Valencia,
EVT00011-07,SHP00011,7,2024-01-08T05:45:04,Delivery completed,Completed,Carrier,Zaragoza Distribution Hub,
EVT00012-01,SHP00012,1,2024-12-03T13:00:00,Booking created,Completed,Forwarder,Zaragoza Distribution Hub,
EVT00012-02,SHP00012,2,2024-12-09T13:09:20,Pickup completed,Completed,Carrier,Zaragoza Distribution Hub,
EVT00012-03,SHP00012,3,2024-12-10T02:31:02,Origin port gate in,Completed,Port terminal,Valencia,
EVT00012-04,SHP00012,4,2024-12-10T11:35:30,Vessel departed,Completed,Carrier,Valencia,
EVT00012-05,SHP00012,5,2024-12-12T16:24:25,Destination port arrival,Completed,Port terminal,Casablanca,
EVT00012-06,SHP00012,6,2024-12-12T20:57:11,Customs released,Completed,Forwarder,Casablanca,
EVT00012-07,SHP00012,7,2024-12-13T15:11:02,Delivery completed,Completed,Carrier,Casablanca Desalination Site,
EVT00013-01,SHP00013,1,2024-02-20T07:00:00,Booking created,Completed,Forwarder,Tarragona Equipment Vendor,
EVT00013-02,SHP00013,2,2024-02-26T09:50:00,Pickup completed,Completed,Carrier,Tarragona Equipment Vendor,
EVT00013-03,SHP00013,3,2024-02-26T18:30:35,Origin port gate in,Completed,Port terminal,Barcelona,
EVT00013-04,SHP00013,4,2024-02-27T01:00:08,Vessel departed,Completed,Carrier,Barcelona,
EVT00013-05,SHP00013,5,2024-02-29T19:42:54,Destination port arrival,Completed,Port terminal,Casablanca,
EVT00013-06,SHP00013,6,2024-03-01T03:17:11,Customs released,Completed,Forwarder,Casablanca,
EVT00013-07,SHP00013,7,2024-03-02T00:24:06,Delivery completed,Completed,Carrier,Casablanca Desalination Site,
EVT00014-01,SHP00014,1,2024-08-09T09:00:00,Booking created,Completed,Forwarder,Zaragoza Distribution Hub,
EVT00014-02,SHP00014,2,2024-08-22T10:04:36,Pickup completed,Completed,Carrier,Zaragoza Distribution Hub,
EVT00014-03,SHP00014,3,2024-08-22T19:29:54,Origin port gate in,Completed,Port terminal,Valencia,
EVT00014-04,SHP00014,4,2024-08-23T11:09:32,Vessel departed,Completed,Carrier,Valencia,
EVT00014-05,SHP00014,5,2024-08-29T20:20:28,Destination port arrival,Completed,Port terminal,Alexandria,
EVT00014-06,SHP00014,6,2024-08-30T10:57:16,Customs released,Completed,Forwarder,Alexandria,
EVT00014-07,SHP00014,7,2024-08-30T17:55:20,Delivery completed,Completed,Carrier,Alexandria Water Project Site,
EVT00015-01,SHP00015,1,2025-05-13T08:00:00,Booking created,Completed,Forwarder,Bilbao Steel Fabricator,
EVT00015-02,SHP00015,2,2025-05-20T07:51:01,Pickup completed,Completed,Carrier,Bilbao Steel Fabricator,
EVT00015-03,SHP00015,3,2025-05-20T11:04:39,Origin port gate in,Completed,Port terminal,Bilbao,
EVT00015-04,SHP00015,4,2025-05-20T21:37:36,Vessel departed,Completed,Carrier,Bilbao,
EVT00015-05,SHP00015,5,2025-05-24T06:25:19,Destination port arrival,Completed,Port terminal,Rotterdam,
EVT00015-06,SHP00015,6,2025-05-24T18:18:48,Customs released,Completed,Forwarder,Rotterdam,
EVT00015-07,SHP00015,7,2025-05-25T05:17:14,Delivery completed,Completed,Carrier,Rotterdam Consolidation Hub,
EVT00016-01,SHP00016,1,2025-05-08T12:00:00,Booking created,Completed,Forwarder,Antwerp EPC Supplier Yard,
EVT00016-02,SHP00016,2,2025-05-15T11:34:25,Pickup completed,Completed,Carrier,Antwerp EPC Supplier Yard,
EVT00016-03,SHP00016,3,2025-05-15T18:51:23,Origin port gate in,Completed,Port terminal,Antwerp-Bruges,
EVT00016-04,SHP00016,4,2025-05-16T11:43:44,Vessel departed,Completed,Carrier,Antwerp-Bruges,
EVT00016-05,SHP00016,5,2025-05-25T10:39:57,Destination port arrival,Completed,Port terminal,Dammam,
EVT00016-06,SHP00016,6,2025-05-25T11:25:58,Customs released,Completed,Forwarder,Dammam,
EVT00016-07,SHP00016,7,2025-05-26T00:50:18,Delivery completed,Completed,Carrier,Dammam Gas Project Site,
EVT00017-01,SHP00017,1,2024-08-24T07:00:00,Booking created,Completed,Forwarder,Cadiz Module Yard,
EVT00017-02,SHP00017,2,2024-08-30T07:26:30,Pickup completed,Completed,Carrier,Cadiz Module Yard,
EVT00017-03,SHP00017,3,2024-08-30T11:52:46,Origin port gate in,Completed,Port terminal,Algeciras,
EVT00017-04,SHP00017,4,2024-08-31T03:25:50,Vessel departed,Completed,Carrier,Algeciras,
EVT00017-05,SHP00017,5,2024-09-10T03:01:50,Destination port arrival,Completed,Port terminal,Dammam,
EVT00017-06,SHP00017,6,2024-09-10T15:53:30,Customs released,Completed,Forwarder,Dammam,
EVT00017-07,SHP00017,7,2024-09-11T00:57:59,Delivery completed,Completed,Carrier,Dammam Gas Project Site,
EVT00018-01,SHP00018,1,2025-01-31T09:00:00,Booking created,Completed,Forwarder,Tarragona Equipment Vendor,
EVT00018-02,SHP00018,2,2025-02-11T11:04:12,Pickup completed,Completed,Carrier,Tarragona Equipment Vendor,
EVT00018-03,SHP00018,3,2025-02-12T02:45:52,Origin port gate in,Completed,Port terminal,Barcelona,
EVT00018-04,SHP00018,4,2025-02-12T17:45:28,Vessel departed,Completed,Carrier,Barcelona,
EVT00018-05,SHP00018,5,2025-02-15T22:29:32,Destination port arrival,Completed,Port terminal,Casablanca,
EVT00018-06,SHP00018,6,2025-02-16T09:09:14,Customs released,Completed,Forwarder,Casablanca,
EVT00018-07,SHP00018,7,2025-02-17T21:43:56,Delivery completed,Delayed,Carrier,Casablanca Desalination Site,Road permit delay
EVT00019-01,SHP00019,1,2025-02-26T08:00:00,Booking created,Completed,Forwarder,Rotterdam Consolidation Hub,
EVT00019-02,SHP00019,2,2025-03-03T07:43:20,Pickup completed,Completed,Carrier,Rotterdam Consolidation Hub,
EVT00019-03,SHP00019,3,2025-03-03T13:28:30,Origin port gate in,Completed,Port terminal,Rotterdam,
EVT00019-04,SHP00019,4,2025-03-03T20:04:37,Vessel departed,Completed,Carrier,Rotterdam,
EVT00019-05,SHP00019,5,2025-03-13T05:48:11,Destination port arrival,Completed,Port terminal,Dammam,
EVT00019-06,SHP00019,6,2025-03-13T12:30:28,Customs released,Completed,Forwarder,Dammam,
EVT00019-07,SHP00019,7,2025-03-14T07:16:53,Delivery completed,Delayed,Carrier,Dammam Gas Project Site,Port congestion
EVT00020-01,SHP00020,1,2024-04-26T07:00:00,Booking created,Completed,Forwarder,Antwerp EPC Supplier Yard,
EVT00020-02,SHP00020,2,2024-05-08T06:31:12,Pickup completed,Completed,Carrier,Antwerp EPC Supplier Yard,
EVT00020-03,SHP00020,3,2024-05-08T12:07:53,Origin port gate in,Completed,Port terminal,Antwerp-Bruges,
EVT00020-04,SHP00020,4,2024-05-08T18:11:58,Vessel departed,Completed,Carrier,Antwerp-Bruges,
EVT00020-05,SHP00020,5,2024-05-12T19:31:30,Destination port arrival,Completed,Port terminal,Sines,
EVT00020-06,SHP00020,6,2024-05-12T23:26:57,Customs released,Completed,Forwarder,Sines,
EVT00020-07,SHP00020,7,2024-05-13T16:04:04,Delivery completed,Completed,Carrier,Sines Energy Project Site,
EVT00021-01,SHP00021,1,2025-05-07T07:00:00,Booking created,Completed,Forwarder,Tarragona Equipment Vendor,
EVT00021-02,SHP00021,2,2025-05-19T08:44:27,Pickup completed,Completed,Carrier,Tarragona Equipment Vendor,
EVT00021-03,SHP00021,3,2025-05-19T15:45:17,Origin port gate in,Completed,Port terminal,Barcelona,
EVT00021-04,SHP00021,4,2025-05-20T04:48:22,Vessel departed,Completed,Carrier,Barcelona,
EVT00021-05,SHP00021,5,2025-05-23T07:53:37,Customs released,Completed,Forwarder,Sines,
EVT00021-06,SHP00021,6,2025-05-23T11:46:11,Destination port arrival,Completed,Port terminal,Sines,
EVT00021-07,SHP00021,7,2025-05-23T22:17:50,Delivery completed,Completed,Carrier,Sines Energy Project Site,
EVT00022-01,SHP00022,1,2024-11-08T12:00:00,Booking created,Completed,Forwarder,Valencia Export Depot,
EVT00022-02,SHP00022,2,2024-11-13T14:15:34,Pickup completed,Completed,Carrier,Valencia Export Depot,
EVT00022-03,SHP00022,3,2024-11-13T16:51:10,Origin port gate in,Completed,Port terminal,Valencia,
EVT00022-04,SHP00022,4,2024-11-14T10:33:38,Vessel departed,Completed,Carrier,Valencia,
EVT00022-05,SHP00022,5,2024-11-18T07:52:25,Destination port arrival,Completed,Port terminal,Rotterdam,
EVT00022-06,SHP00022,6,2024-11-18T07:57:11,Customs released,Completed,Forwarder,Rotterdam,
EVT00022-07,SHP00022,7,2024-11-18T23:10:56,Delivery completed,Completed,Carrier,Rotterdam Consolidation Hub,
EVT00023-01,SHP00023,1,2024-01-04T14:00:00,Booking created,Completed,Forwarder,Puertollano Module Yard,
EVT00023-02,SHP00023,2,2024-01-10T13:31:29,Pickup completed,Completed,Carrier,Puertollano Module Yard,
EVT00023-03,SHP00023,3,2024-01-11T15:48:58,Delivery completed,Completed,Carrier,Zaragoza Distribution Hub,
EVT00024-01,SHP00024,1,2025-07-21T13:00:00,Booking created,Completed,Forwarder,Antwerp EPC Supplier Yard,
EVT00024-02,SHP00024,2,2025-07-29T12:12:40,Pickup completed,Completed,Carrier,Antwerp EPC Supplier Yard,
EVT00024-03,SHP00024,3,2025-07-29T17:05:23,Origin port gate in,Completed,Port terminal,Antwerp-Bruges,
EVT00024-04,SHP00024,4,2025-07-30T04:08:50,Vessel departed,Completed,Carrier,Antwerp-Bruges,
EVT00024-05,SHP00024,5,2025-08-09T04:17:06,Destination port arrival,Completed,Port terminal,Dammam,
EVT00024-06,SHP00024,6,2025-08-09T13:32:24,Customs released,Completed,Forwarder,Dammam,
EVT00024-07,SHP00024,7,2025-08-10T02:54:54,Delivery completed,Completed,Carrier,Dammam Gas Project Site,
EVT00025-01,SHP00025,1,2025-02-16T09:00:00,Booking created,Completed,Forwarder,Bilbao Steel Fabricator,
EVT00025-02,SHP00025,2,2025-02-25T11:38:20,Pickup completed,Completed,Carrier,Bilbao Steel Fabricator,
EVT00025-03,SHP00025,3,2025-02-26T01:04:19,Origin port gate in,Completed,Port terminal,Bilbao,
EVT00025-04,SHP00025,4,2025-02-26T11:07:29,Vessel departed,Completed,Carrier,Bilbao,
EVT00025-05,SHP00025,5,2025-03-02T08:17:06,Customs released,Completed,Forwarder,Casablanca,
EVT00025-06,SHP00025,6,2025-03-02T08:19:51,Destination port arrival,Completed,Port terminal,Casablanca,
EVT00025-07,SHP00025,7,2025-03-03T03:24:44,Delivery completed,Completed,Carrier,Casablanca Desalination Site,
EVT00026-01,SHP00026,1,2024-07-02T13:00:00,Booking created,Completed,Forwarder,Milan Valve Plant,
EVT00026-02,SHP00026,2,2024-07-10T12:15:32,Pickup completed,Completed,Carrier,Milan Valve Plant,
EVT00026-03,SHP00026,3,2024-07-12T09:34:48,Delivery completed,Completed,Carrier,Casablanca Desalination Site,
EVT00027-01,SHP00027,1,2025-01-14T12:00:00,Booking created,Completed,Forwarder,Lyon Fabrication Partner,
EVT00027-02,SHP00027,2,2025-01-20T11:23:11,Pickup completed,Completed,Carrier,Lyon Fabrication Partner,
EVT00027-03,SHP00027,3,2025-01-21T13:35:20,Origin port gate in,Completed,Port terminal,Marseille-Fos,
EVT00027-04,SHP00027,4,2025-01-22T03:24:51,Vessel departed,Completed,Carrier,Marseille-Fos,
EVT00027-05,SHP00027,5,2025-01-26T02:44:50,Destination port arrival,Completed,Port terminal,Valencia,
EVT00027-06,SHP00027,6,2025-01-26T15:39:37,Customs released,Completed,Forwarder,Valencia,
EVT00027-07,SHP00027,7,2025-01-27T09:24:43,Delivery completed,Delayed,Carrier,Zaragoza Distribution Hub,Customs hold
EVT00028-01,SHP00028,1,2024-07-28T13:00:00,Booking created,Completed,Forwarder,Rotterdam Consolidation Hub,
EVT00028-02,SHP00028,2,2024-08-06T15:38:42,Pickup completed,Completed,Carrier,Rotterdam Consolidation Hub,
EVT00028-03,SHP00028,3,2024-08-07T00:35:15,Origin port gate in,Completed,Port terminal,Rotterdam,
EVT00028-04,SHP00028,4,2024-08-07T11:21:40,Vessel departed,Completed,Carrier,Rotterdam,
EVT00028-05,SHP00028,5,2024-08-10T19:42:36,Destination port arrival,Completed,Port terminal,Marseille-Fos,
EVT00028-06,SHP00028,6,2024-08-11T05:47:10,Customs released,Completed,Forwarder,Marseille-Fos,
EVT00028-07,SHP00028,7,2024-08-11T22:23:11,Delivery completed,Completed,Carrier,Marseille Wind Substation Site,
EVT00029-01,SHP00029,1,2025-12-20T07:00:00,Booking created,Completed,Forwarder,Bilbao Steel Fabricator,
EVT00029-02,SHP00029,2,2025-12-30T06:17:04,Pickup completed,Completed,Carrier,Bilbao Steel Fabricator,
EVT00029-03,SHP00029,3,2025-12-30T23:15:16,Delivery completed,Completed,Carrier,Zaragoza Distribution Hub,
EVT00030-01,SHP00030,1,2025-02-21T13:00:00,Booking created,Completed,Forwarder,Antwerp EPC Supplier Yard,
EVT00030-02,SHP00030,2,2025-03-06T13:42:10,Pickup completed,Completed,Carrier,Antwerp EPC Supplier Yard,
EVT00030-03,SHP00030,3,2025-03-06T17:43:42,Origin port gate in,Completed,Port terminal,Antwerp-Bruges,
EVT00030-04,SHP00030,4,2025-03-07T03:29:50,Vessel departed,Completed,Carrier,Antwerp-Bruges,
EVT00030-05,SHP00030,5,2025-03-15T23:56:08,Destination port arrival,Completed,Port terminal,Dammam,
EVT00030-06,SHP00030,6,2025-03-16T07:34:39,Customs released,Completed,Forwarder,Dammam,
EVT00030-07,SHP00030,7,2025-03-16T21:51:43,Delivery completed,Completed,Carrier,Dammam Gas Project Site,
EVT00031-01,SHP00031,1,2025-06-29T09:00:00,Booking created,Completed,Forwarder,Cadiz Module Yard,
EVT00031-02,SHP00031,2,2025-07-08T11:09:42,Pickup completed,Completed,Carrier,Cadiz Module Yard,
EVT00031-03,SHP00031,3,2025-07-09T04:21:04,Delivery completed,Completed,Carrier,Sines Energy Project Site,
EVT00032-01,SHP00032,1,2025-07-06T11:00:00,Booking created,Completed,Forwarder,Lyon Fabrication Partner,
EVT00032-02,SHP00032,2,2025-07-15T10:13:49,Pickup completed,Completed,Carrier,Lyon Fabrication Partner,
EVT00032-03,SHP00032,3,2025-07-16T01:57:06,Origin port gate in,Completed,Port terminal,Marseille-Fos,
EVT00032-04,SHP00032,4,2025-07-16T14:50:35,Vessel departed,Completed,Carrier,Marseille-Fos,
EVT00032-05,SHP00032,5,2025-07-20T00:11:56,Destination port arrival,Completed,Port terminal,Sines,
EVT00032-06,SHP00032,6,2025-07-20T00:37:55,Customs released,Completed,Forwarder,Sines,
EVT00032-07,SHP00032,7,2025-07-20T08:28:05,Delivery completed,Completed,Carrier,Sines Energy Project Site,
EVT00033-01,SHP00033,1,2025-05-12T15:00:00,Booking created,Completed,Forwarder,Tangier Free Zone DC,
EVT00033-02,SHP00033,2,2025-05-21T15:54:57,Pickup completed,Completed,Carrier,Tangier Free Zone DC,
EVT00033-03,SHP00033,3,2025-05-22T01:48:18,Origin port gate in,Completed,Port terminal,Tanger Med,
EVT00033-04,SHP00033,4,2025-05-22T06:55:43,Vessel departed,Completed,Carrier,Tanger Med,
EVT00033-05,SHP00033,5,2025-05-25T15:01:01,Destination port arrival,Completed,Port terminal,Valencia,
EVT00033-06,SHP00033,6,2025-05-25T22:49:26,Customs released,Completed,Forwarder,Valencia,
EVT00033-07,SHP00033,7,2025-05-26T16:24:57,Delivery completed,Delayed,Carrier,Zaragoza Distribution Hub,Customs hold
EVT00034-01,SHP00034,1,2025-02-10T15:00:00,Booking created,Completed,Forwarder,Lyon Fabrication Partner,
EVT00034-02,SHP00034,2,2025-02-17T16:03:04,Pickup completed,Completed,Carrier,Lyon Fabrication Partner,
EVT00034-03,SHP00034,3,2025-02-18T14:16:07,Origin port gate in,Completed,Port terminal,Marseille-Fos,
EVT00034-04,SHP00034,4,2025-02-18T22:43:19,Vessel departed,Completed,Carrier,Marseille-Fos,
EVT00034-05,SHP00034,5,2025-02-24T00:25:03,Destination port arrival,Completed,Port terminal,Alexandria,
EVT00034-06,SHP00034,6,2025-02-24T08:40:08,Customs released,Completed,Forwarder,Alexandria,
EVT00034-07,SHP00034,7,2025-02-24T16:38:44,Delivery completed,Delayed,Carrier,Alexandria Water Project Site,Port congestion
EVT00035-01,SHP00035,1,2025-07-31T13:00:00,Booking created,Completed,Forwarder,Antwerp EPC Supplier Yard,
EVT00035-02,SHP00035,2,2025-08-12T15:08:22,Pickup completed,Completed,Carrier,Antwerp EPC Supplier Yard,
EVT00035-03,SHP00035,3,2025-08-13T01:18:40,Origin port gate in,Completed,Port terminal,Antwerp-Bruges,
EVT00035-04,SHP00035,4,2025-08-13T14:00:22,Vessel departed,Completed,Carrier,Antwerp-Bruges,
EVT00035-05,SHP00035,5,2025-08-18T14:36:26,Destination port arrival,Completed,Port terminal,Casablanca,
EVT00035-06,SHP00035,6,2025-08-19T00:11:10,Customs released,Completed,Forwarder,Casablanca,
EVT00035-07,SHP00035,7,2025-08-19T09:17:44,Delivery completed,Completed,Carrier,Casablanca Desalination Site,
EVT00036-01,SHP00036,1,2025-09-18T11:00:00,Booking created,Completed,Forwarder,Lyon Fabrication Partner,
EVT00036-02,SHP00036,2,2025-09-26T12:35:16,Pickup completed,Completed,Carrier,Lyon Fabrication Partner,
EVT00036-03,SHP00036,3,2025-09-27T00:28:57,Origin port gate in,Completed,Port terminal,Marseille-Fos,
EVT00036-04,SHP00036,4,2025-09-27T11:03:51,Vessel departed,Completed,Carrier,Marseille-Fos,
EVT00036-05,SHP00036,5,2025-10-06T02:57:19,Destination port arrival,Completed,Port terminal,Dammam,
EVT00036-06,SHP00036,6,2025-10-06T08:36:14,Customs released,Completed,Forwarder,Dammam,
EVT00036-07,SHP00036,7,2025-10-06T21:29:10,Delivery completed,Delayed,Carrier,Dammam Gas Project Site,Road permit delay
EVT00037-01,SHP00037,1,2025-10-12T13:00:00,Booking created,Completed,Forwarder,Milan Valve Plant,
EVT00037-02,SHP00037,2,2025-10-21T13:00:50,Pickup completed,Completed,Carrier,Milan Valve Plant,
EVT00037-03,SHP00037,3,2025-10-22T03:34:56,Origin port gate in,Completed,Port terminal,Genoa,
EVT00037-04,SHP00037,4,2025-10-22T09:21:50,Vessel departed,Completed,Carrier,Genoa,
EVT00037-05,SHP00037,5,2025-10-27T08:35:08,Destination port arrival,Completed,Port terminal,Casablanca,
EVT00037-06,SHP00037,6,2025-10-27T19:10:51,Customs released,Completed,Forwarder,Casablanca,
EVT00037-07,SHP00037,7,2025-10-28T10:50:42,Delivery completed,Completed,Carrier,Casablanca Desalination Site,
EVT00038-01,SHP00038,1,2025-07-24T10:00:00,Booking created,Completed,Forwarder,Antwerp EPC Supplier Yard,
EVT00038-02,SHP00038,2,2025-08-04T11:20:45,Pickup completed,Completed,Carrier,Antwerp EPC Supplier Yard,
EVT00038-03,SHP00038,3,2025-08-04T19:42:06,Origin port gate in,Completed,Port terminal,Antwerp-Bruges,
EVT00038-04,SHP00038,4,2025-08-05T02:10:12,Vessel departed,Completed,Carrier,Antwerp-Bruges,
EVT00038-05,SHP00038,5,2025-08-10T16:18:57,Destination port arrival,Completed,Port terminal,Alexandria,
EVT00038-06,SHP00038,6,2025-08-11T02:50:53,Customs released,Completed,Forwarder,Alexandria,
EVT00038-07,SHP00038,7,2025-08-12T10:02:40,Delivery completed,Completed,Carrier,Alexandria Water Project Site,
EVT00039-01,SHP00039,1,2025-08-28T07:00:00,Booking created,Completed,Forwarder,Tarragona Equipment Vendor,
EVT00039-02,SHP00039,2,2025-09-01T06:58:19,Pickup completed,Completed,Carrier,Tarragona Equipment Vendor,
EVT00039-03,SHP00039,3,2025-09-01T15:05:27,Origin port gate in,Completed,Port terminal,Barcelona,
EVT00039-04,SHP00039,4,2025-09-02T00:45:03,Vessel departed,Completed,Carrier,Barcelona,
EVT00039-05,SHP00039,5,2025-09-11T23:55:31,Customs released,Completed,Forwarder,Dammam,
EVT00039-06,SHP00039,6,2025-09-12T00:22:25,Destination port arrival,Completed,Port terminal,Dammam,
EVT00039-07,SHP00039,7,2025-09-12T16:15:25,Delivery completed,Completed,Carrier,Dammam Gas Project Site,
EVT00040-01,SHP00040,1,2024-10-18T14:00:00,Booking created,Completed,Forwarder,Bilbao Steel Fabricator,
EVT00040-02,SHP00040,2,2024-10-22T13:47:18,Pickup completed,Completed,Carrier,Bilbao Steel Fabricator,
EVT00040-03,SHP00040,3,2024-10-22T20:13:31,Origin port gate in,Completed,Port terminal,Bilbao,
EVT00040-04,SHP00040,4,2024-10-23T02:40:29,Vessel departed,Completed,Carrier,Bilbao,
EVT00040-05,SHP00040,5,2024-11-02T18:06:25,Destination port arrival,Completed,Port terminal,Dammam,
EVT00040-06,SHP00040,6,2024-11-03T01:56:13,Customs released,Completed,Forwarder,Dammam,
EVT00040-07,SHP00040,7,2024-11-03T17:28:03,Delivery completed,Delayed,Carrier,Dammam Gas Project Site,Customs hold
EVT00041-01,SHP00041,1,2024-11-26T07:00:00,Booking created,Completed,Forwarder,Puertollano Module Yard,
EVT00041-02,SHP00041,2,2024-12-01T09:01:40,Pickup completed,Completed,Carrier,Puertollano Module Yard,
EVT00041-03,SHP00041,3,2024-12-02T03:51:38,Origin port gate in,Completed,Port terminal,Algeciras,
EVT00041-04,SHP00041,4,2024-12-02T16:52:44,Vessel departed,Completed,Carrier,Algeciras,
EVT00041-05,SHP00041,5,2024-12-13T00:50:16,Customs released,Completed,Forwarder,Dammam,
EVT00041-06,SHP00041,6,2024-12-13T01:52:17,Destination port arrival,Completed,Port terminal,Dammam,
EVT00041-07,SHP00041,7,2024-12-13T14:19:39,Delivery completed,Delayed,Carrier,Dammam Gas Project Site,Road permit delay
EVT00042-01,SHP00042,1,2025-01-02T10:00:00,Booking created,Completed,Forwarder,Madrid Cross Dock,
EVT00042-02,SHP00042,2,2025-01-08T10:48:05,Pickup completed,Completed,Carrier,Madrid Cross Dock,
EVT00042-03,SHP00042,3,2025-01-08T22:53:12,Origin port gate in,Completed,Port terminal,Valencia,
EVT00042-04,SHP00042,4,2025-01-09T03:02:23,Vessel departed,Completed,Carrier,Valencia,
EVT00042-05,SHP00042,5,2025-01-15T13:32:12,Destination port arrival,Completed,Port terminal,Alexandria,
EVT00042-06,SHP00042,6,2025-01-15T19:39:39,Customs released,Completed,Forwarder,Alexandria,
EVT00042-07,SHP00042,7,2025-01-17T04:03:19,Delivery completed,Completed,Carrier,Alexandria Water Project Site,
EVT00043-01,SHP00043,1,2024-03-12T09:00:00,Booking created,Completed,Forwarder,Antwerp EPC Supplier Yard,
EVT00043-02,SHP00043,2,2024-03-26T08:42:24,Pickup completed,Completed,Carrier,Antwerp EPC Supplier Yard,
EVT00043-03,SHP00043,3,2024-03-26T13:40:44,Origin port gate in,Completed,Port terminal,Antwerp-Bruges,
EVT00043-04,SHP00043,4,2024-03-26T17:31:30,Vessel departed,Completed,Carrier,Antwerp-Bruges,
EVT00043-05,SHP00043,5,2024-04-01T13:47:42,Customs released,Completed,Forwarder,Casablanca,
EVT00043-06,SHP00043,6,2024-04-01T14:47:01,Destination port arrival,Completed,Port terminal,Casablanca,
EVT00043-07,SHP00043,7,2024-04-02T06:05:51,Delivery completed,Completed,Carrier,Casablanca Desalination Site,
EVT00044-01,SHP00044,1,2023-12-24T07:00:00,Booking created,Completed,Forwarder,Cadiz Module Yard,
EVT00044-02,SHP00044,2,2024-01-08T07:08:42,Pickup completed,Completed,Carrier,Cadiz Module Yard,
EVT00044-03,SHP00044,3,2024-01-09T03:30:04,Delivery completed,Completed,Carrier,Zaragoza Distribution Hub,
EVT00045-01,SHP00045,1,2025-09-11T11:00:00,Booking created,Completed,Forwarder,Cadiz Module Yard,
EVT00045-02,SHP00045,2,2025-09-19T10:33:44,Pickup completed,Completed,Carrier,Cadiz Module Yard,
EVT00045-03,SHP00045,3,2025-09-19T19:32:02,Origin port gate in,Completed,Port terminal,Algeciras,
EVT00045-04,SHP00045,4,2025-09-20T09:03:03,Vessel departed,Completed,Carrier,Algeciras,
EVT00045-05,SHP00045,5,2025-09-21T14:18:30,Destination port arrival,Completed,Port terminal,Casablanca,
EVT00045-06,SHP00045,6,2025-09-22T03:04:52,Customs released,Completed,Forwarder,Casablanca,
EVT00045-07,SHP00045,7,2025-09-22T09:54:52,Delivery completed,Completed,Carrier,Casablanca Desalination Site,
EVT00046-01,SHP00046,1,2024-09-14T14:00:00,Booking created,Completed,Forwarder,Milan Valve Plant,
EVT00046-02,SHP00046,2,2024-09-18T16:44:07,Pickup completed,Completed,Carrier,Milan Valve Plant,
EVT00046-03,SHP00046,3,2024-09-18T23:35:00,Origin port gate in,Completed,Port terminal,Genoa,
EVT00046-04,SHP00046,4,2024-09-19T07:30:03,Vessel departed,Completed,Carrier,Genoa,
EVT00046-05,SHP00046,5,2024-09-27T22:55:09,Destination port arrival,Completed,Port terminal,Dammam,
EVT00046-06,SHP00046,6,2024-09-28T09:13:51,Customs released,Completed,Forwarder,Dammam,
EVT00046-07,SHP00046,7,2024-09-29T02:58:25,Delivery completed,Delayed,Carrier,Dammam Gas Project Site,Port congestion
EVT00047-01,SHP00047,1,2025-10-24T14:00:00,Booking created,Completed,Forwarder,Cadiz Module Yard,
EVT00047-02,SHP00047,2,2025-11-06T16:56:22,Pickup completed,Completed,Carrier,Cadiz Module Yard,
EVT00047-03,SHP00047,3,2025-11-07T08:09:01,Origin port gate in,Completed,Port terminal,Algeciras,
EVT00047-04,SHP00047,4,2025-11-07T22:48:12,Vessel departed,Completed,Carrier,Algeciras,
EVT00047-05,SHP00047,5,2025-11-09T22:51:23,Destination port arrival,Completed,Port terminal,Valencia,
EVT00047-06,SHP00047,6,2025-11-10T03:20:35,Customs released,Completed,Forwarder,Valencia,
EVT00047-07,SHP00047,7,2025-11-11T07:58:20,Delivery completed,Completed,Carrier,Zaragoza Distribution Hub,
EVT00048-01,SHP00048,1,2025-04-21T10:00:00,Booking created,Completed,Forwarder,Puertollano Module Yard,
EVT00048-02,SHP00048,2,2025-04-28T12:49:23,Pickup completed,Completed,Carrier,Puertollano Module Yard,
EVT00048-03,SHP00048,3,2025-04-29T12:25:13,Origin port gate in,Completed,Port terminal,Algeciras,
EVT00048-04,SHP00048,4,2025-04-29T17:35:27,Vessel departed,Completed,Carrier,Algeciras,
EVT00048-05,SHP00048,5,2025-05-09T22:20:44,Destination port arrival,Completed,Port terminal,Dammam,
EVT00048-06,SHP00048,6,2025-05-10T04:27:55,Customs released,Completed,Forwarder,Dammam,
EVT00048-07,SHP00048,7,2025-05-10T15:15:05,Delivery completed,Completed,Carrier,Dammam Gas Project Site,
EVT00049-01,SHP00049,1,2025-01-06T08:00:00,Booking created,Completed,Forwarder,Milan Valve Plant,
EVT00049-02,SHP00049,2,2025-01-21T09:44:09,Pickup completed,Completed,Carrier,Milan Valve Plant,
EVT00049-03,SHP00049,3,2025-01-21T22:12:59,Origin port gate in,Completed,Port terminal,Genoa,
EVT00049-04,SHP00049,4,2025-01-22T10:41:00,Vessel departed,Completed,Carrier,Genoa,
EVT00049-05,SHP00049,5,2025-01-29T21:46:34,Destination port arrival,Completed,Port terminal,Dammam,
EVT00049-06,SHP00049,6,2025-01-30T10:26:19,Customs released,Completed,Forwarder,Dammam,
EVT00049-07,SHP00049,7,2025-01-30T17:40:56,Delivery completed,Completed,Carrier,Dammam Gas Project Site,
EVT00050-01,SHP00050,1,2024-09-29T08:00:00,Booking created,Completed,Forwarder,Rotterdam Consolidation Hub,
EVT00050-02,SHP00050,2,2024-10-09T09:31:15,Pickup completed,Completed,Carrier,Rotterdam Consolidation Hub,
EVT00050-03,SHP00050,3,2024-10-09T18:44:59,Origin port gate in,Completed,Port terminal,Rotterdam,
EVT00050-04,SHP00050,4,2024-10-10T01:27:43,Vessel departed,Completed,Carrier,Rotterdam,
EVT00050-05,SHP00050,5,2024-10-14T17:44:07,Destination port arrival,Completed,Port terminal,Sines,
EVT00050-06,SHP00050,6,2024-10-14T23:16:16,Customs released,Completed,Forwarder,Sines,
EVT00050-07,SHP00050,7,2024-10-15T05:48:55,Delivery completed,Completed,Carrier,Sines Energy Project Site,
EVT00051-01,SHP00051,1,2025-01-06T09:00:00,Booking created,Completed,Forwarder,Rotterdam Consolidation Hub,
EVT00051-02,SHP00051,2,2025-01-21T10:11:45,Pickup completed,Completed,Carrier,Rotterdam Consolidation Hub,
EVT00051-03,SHP00051,3,2025-01-21T23:52:50,Origin port gate in,Completed,Port terminal,Rotterdam,
EVT00051-04,SHP00051,4,2025-01-22T17:23:13,Vessel departed,Completed,Carrier,Rotterdam,
EVT00051-05,SHP00051,5,2025-01-26T00:01:41,Destination port arrival,Completed,Port terminal,Marseille-Fos,
EVT00051-06,SHP00051,6,2025-01-26T06:25:59,Customs released,Completed,Forwarder,Marseille-Fos,
EVT00051-07,SHP00051,7,2025-01-26T20:54:03,Delivery completed,Delayed,Carrier,Marseille Wind Substation Site,None
EVT00052-01,SHP00052,1,2025-01-21T15:00:00,Booking created,Completed,Forwarder,Milan Valve Plant,
EVT00052-02,SHP00052,2,2025-01-30T17:57:39,Pickup completed,Completed,Carrier,Milan Valve Plant,
EVT00052-03,SHP00052,3,2025-01-31T04:45:01,Origin port gate in,Completed,Port terminal,Genoa,
EVT00052-04,SHP00052,4,2025-01-31T17:23:18,Vessel departed,Completed,Carrier,Genoa,
EVT00052-05,SHP00052,5,2025-02-09T08:21:40,Destination port arrival,Completed,Port terminal,Dammam,
EVT00052-06,SHP00052,6,2025-02-09T12:55:05,Customs released,Completed,Forwarder,Dammam,
EVT00052-07,SHP00052,7,2025-02-10T03:35:07,Delivery completed,Completed,Carrier,Dammam Gas Project Site,
EVT00053-01,SHP00053,1,2024-08-02T11:00:00,Booking created,Completed,Forwarder,Bilbao Steel Fabricator,
EVT00053-02,SHP00053,2,2024-08-15T12:51:27,Pickup completed,Completed,Carrier,Bilbao Steel Fabricator,
EVT00053-03,SHP00053,3,2024-08-15T21:55:45,Origin port gate in,Completed,Port terminal,Bilbao,
EVT00053-04,SHP00053,4,2024-08-16T05:31:35,Vessel departed,Completed,Carrier,Bilbao,
EVT00053-05,SHP00053,5,2024-08-19T18:50:47,Destination port arrival,Completed,Port terminal,Sines,
EVT00053-06,SHP00053,6,2024-08-20T07:29:26,Customs released,Completed,Forwarder,Sines,
EVT00053-07,SHP00053,7,2024-08-20T13:46:15,Delivery completed,Completed,Carrier,Sines Energy Project Site,
EVT00054-01,SHP00054,1,2025-09-26T14:00:00,Booking created,Completed,Forwarder,Madrid Cross Dock,
EVT00054-02,SHP00054,2,2025-10-10T13:34:33,Pickup completed,Completed,Carrier,Madrid Cross Dock,
EVT00054-03,SHP00054,3,2025-10-10T22:31:07,Delivery completed,Completed,Carrier,Zaragoza Distribution Hub,
EVT00055-01,SHP00055,1,2025-07-16T14:00:00,Booking created,Completed,Forwarder,Zaragoza Distribution Hub,
EVT00055-02,SHP00055,2,2025-07-28T16:09:22,Pickup completed,Completed,Carrier,Zaragoza Distribution Hub,
EVT00055-03,SHP00055,3,2025-07-29T05:26:10,Origin port gate in,Completed,Port terminal,Valencia,
EVT00055-04,SHP00055,4,2025-07-29T11:58:51,Vessel departed,Completed,Carrier,Valencia,
EVT00055-05,SHP00055,5,2025-07-31T15:21:39,Destination port arrival,Completed,Port terminal,Sines,
EVT00055-06,SHP00055,6,2025-08-01T04:10:20,Customs released,Completed,Forwarder,Sines,
EVT00055-07,SHP00055,7,2025-08-01T11:49:21,Delivery completed,Completed,Carrier,Sines Energy Project Site,
EVT00056-01,SHP00056,1,2024-10-23T11:00:00,Booking created,Completed,Forwarder,Antwerp EPC Supplier Yard,
EVT00056-02,SHP00056,2,2024-11-07T10:09:45,Pickup completed,Completed,Carrier,Antwerp EPC Supplier Yard,
EVT00056-03,SHP00056,3,2024-11-07T22:28:58,Origin port gate in,Completed,Port terminal,Antwerp-Bruges,
EVT00056-04,SHP00056,4,2024-11-08T13:12:35,Vessel departed,Completed,Carrier,Antwerp-Bruges,
EVT00056-05,SHP00056,5,2024-11-17T00:52:36,Destination port arrival,Completed,Port terminal,Dammam,
EVT00056-06,SHP00056,6,2024-11-17T01:11:02,Customs released,Completed,Forwarder,Dammam,
EVT00056-07,SHP00056,7,2024-11-17T13:41:07,Delivery completed,Completed,Carrier,Dammam Gas Project Site,
EVT00057-01,SHP00057,1,2024-08-10T07:00:00,Booking created,Completed,Forwarder,Bilbao Steel Fabricator,
EVT00057-02,SHP00057,2,2024-08-21T08:47:02,Pickup completed,Completed,Carrier,Bilbao Steel Fabricator,
EVT00057-03,SHP00057,3,2024-08-21T15:55:36,Origin port gate in,Completed,Port terminal,Bilbao,
EVT00057-04,SHP00057,4,2024-08-22T05:01:46,Vessel departed,Completed,Carrier,Bilbao,
EVT00057-05,SHP00057,5,2024-08-28T06:01:36,Destination port arrival,Completed,Port terminal,Alexandria,
EVT00057-06,SHP00057,6,2024-08-28T14:30:57,Customs released,Completed,Forwarder,Alexandria,
EVT00057-07,SHP00057,7,2024-08-29T02:40:01,Delivery completed,Completed,Carrier,Alexandria Water Project Site,
EVT00058-01,SHP00058,1,2025-08-04T09:00:00,Booking created,Completed,Forwarder,Cadiz Module Yard,
EVT00058-02,SHP00058,2,2025-08-08T09:20:10,Pickup completed,Completed,Carrier,Cadiz Module Yard,
EVT00058-03,SHP00058,3,2025-08-08T23:17:00,Origin port gate in,Completed,Port terminal,Algeciras,
EVT00058-04,SHP00058,4,2025-08-09T10:51:47,Vessel departed,Completed,Carrier,Algeciras,
EVT00058-05,SHP00058,5,2025-08-20T00:23:30,Destination port arrival,Completed,Port terminal,Dammam,
EVT00058-06,SHP00058,6,2025-08-20T09:51:48,Customs released,Completed,Forwarder,Dammam,
EVT00058-07,SHP00058,7,2025-08-21T00:30:12,Delivery completed,Completed,Carrier,Dammam Gas Project Site,
EVT00059-01,SHP00059,1,2024-04-11T15:00:00,Booking created,Completed,Forwarder,Antwerp EPC Supplier Yard,
EVT00059-02,SHP00059,2,2024-04-16T14:57:51,Pickup completed,Completed,Carrier,Antwerp EPC Supplier Yard,
EVT00059-03,SHP00059,3,2024-04-16T19:48:44,Origin port gate in,Completed,Port terminal,Antwerp-Bruges,
EVT00059-04,SHP00059,4,2024-04-17T07:46:56,Vessel departed,Completed,Carrier,Antwerp-Bruges,
EVT00059-05,SHP00059,5,2024-04-22T04:28:10,Destination port arrival,Completed,Port terminal,Sines,
EVT00059-06,SHP00059,6,2024-04-22T18:30:31,Customs released,Completed,Forwarder,Sines,
EVT00059-07,SHP00059,7,2024-04-23T05:58:06,Delivery completed,Completed,Carrier,Sines Energy Project Site,
EVT00060-01,SHP00060,1,2024-06-07T10:00:00,Booking created,Completed,Forwarder,Tarragona Equipment Vendor,
EVT00060-02,SHP00060,2,2024-06-18T11:35:05,Pickup completed,Completed,Carrier,Tarragona Equipment Vendor,
EVT00060-03,SHP00060,3,2024-06-18T18:14:42,Origin port gate in,Completed,Port terminal,Barcelona,
EVT00060-04,SHP00060,4,2024-06-19T11:15:29,Vessel departed,Completed,Carrier,Barcelona,
EVT00060-05,SHP00060,5,2024-06-22T08:59:13,Destination port arrival,Completed,Port terminal,Sines,
EVT00060-06,SHP00060,6,2024-06-22T18:57:54,Customs released,Completed,Forwarder,Sines,
EVT00060-07,SHP00060,7,2024-06-23T07:21:11,Delivery completed,Completed,Carrier,Sines Energy Project Site,
EVT00061-01,SHP00061,1,2025-10-13T14:00:00,Booking created,Completed,Forwarder,Valencia Export Depot,
EVT00061-02,SHP00061,2,2025-10-20T13:01:52,Pickup completed,Completed,Carrier,Valencia Export Depot,
EVT00061-03,SHP00061,3,2025-10-20T16:39:05,Origin port gate in,Completed,Port terminal,Valencia,
EVT00061-04,SHP00061,4,2025-10-21T00:18:17,Vessel departed,Completed,Carrier,Valencia,
EVT00061-05,SHP00061,5,2025-10-23T18:48:04,Destination port arrival,Completed,Port terminal,Sines,
EVT00061-06,SHP00061,6,2025-10-23T21:26:37,Customs released,Completed,Forwarder,Sines,
EVT00061-07,SHP00061,7,2025-10-24T06:26:52,Delivery completed,Completed,Carrier,Sines Energy Project Site,
EVT00062-01,SHP00062,1,2024-06-26T07:00:00,Booking created,Completed,Forwarder,Zaragoza Distribution Hub,
EVT00062-02,SHP00062,2,2024-07-11T09:04:34,Pickup completed,Completed,Carrier,Zaragoza Distribution Hub,
EVT00062-03,SHP00062,3,2024-07-12T02:07:52,Origin port gate in,Completed,Port terminal,Valencia,
EVT00062-04,SHP00062,4,2024-07-12T06:37:47,Vessel departed,Completed,Carrier,Valencia,
EVT00062-05,SHP00062,5,2024-07-15T08:12:34,Destination port arrival,Completed,Port terminal,Marseille-Fos,
EVT00062-06,SHP00062,6,2024-07-15T09:15:46,Customs released,Completed,Forwarder,Marseille-Fos,
EVT00062-07,SHP00062,7,2024-07-16T00:40:01,Delivery completed,Completed,Carrier,Marseille Wind Substation Site,
EVT00063-01,SHP00063,1,2024-03-12T08:00:00,Booking created,Completed,Forwarder,Milan Valve Plant,
EVT00063-02,SHP00063,2,2024-03-25T09:54:14,Pickup completed,Completed,Carrier,Milan Valve Plant,
EVT00063-03,SHP00063,3,2024-03-25T18:45:23,Origin port gate in,Completed,Port terminal,Genoa,
EVT00063-04,SHP00063,4,2024-03-26T09:38:59,Vessel departed,Completed,Carrier,Genoa,
EVT00063-05,SHP00063,5,2024-03-30T13:17:33,Destination port arrival,Completed,Port terminal,Sines,
EVT00063-06,SHP00063,6,2024-03-30T15:07:10,Customs released,Completed,Forwarder,Sines,
EVT00063-07,SHP00063,7,2024-03-31T01:29:54,Delivery completed,Completed,Carrier,Sines Energy Project Site,
EVT00064-01,SHP00064,1,2024-04-14T13:00:00,Booking created,Completed,Forwarder,Tarragona Equipment Vendor,
EVT00064-02,SHP00064,2,2024-04-29T12:53:42,Pickup completed,Completed,Carrier,Tarragona Equipment Vendor,
EVT00064-03,SHP00064,3,2024-04-29T23:46:25,Origin port gate in,Completed,Port terminal,Barcelona,
EVT00064-04,SHP00064,4,2024-04-30T15:13:31,Vessel departed,Completed,Carrier,Barcelona,
EVT00064-05,SHP00064,5,2024-05-03T07:27:30,Destination port arrival,Completed,Port terminal,Sines,
EVT00064-06,SHP00064,6,2024-05-03T20:30:14,Customs released,Completed,Forwarder,Sines,
EVT00064-07,SHP00064,7,2024-05-04T05:54:29,Delivery completed,Completed,Carrier,Sines Energy Project Site,
EVT00065-01,SHP00065,1,2024-03-26T09:00:00,Booking created,Completed,Forwarder,Puertollano Module Yard,
EVT00065-02,SHP00065,2,2024-04-02T10:32:06,Pickup completed,Completed,Carrier,Puertollano Module Yard,
EVT00065-03,SHP00065,3,2024-04-02T22:19:54,Origin port gate in,Completed,Port terminal,Algeciras,
EVT00065-04,SHP00065,4,2024-04-03T03:26:57,Vessel departed,Completed,Carrier,Algeciras,
EVT00065-05,SHP00065,5,2024-04-04T06:28:19,Destination port arrival,Completed,Port terminal,Casablanca,
EVT00065-06,SHP00065,6,2024-04-04T15:54:30,Customs released,Completed,Forwarder,Casablanca,
EVT00065-07,SHP00065,7,2024-04-05T19:33:19,Delivery completed,Completed,Carrier,Casablanca Desalination Site,
EVT00066-01,SHP00066,1,2025-08-20T15:00:00,Booking created,Completed,Forwarder,Puertollano Module Yard,
EVT00066-02,SHP00066,2,2025-09-01T16:25:30,Pickup completed,Completed,Carrier,Puertollano Module Yard,
EVT00066-03,SHP00066,3,2025-09-02T14:31:36,Origin port gate in,Completed,Port terminal,Algeciras,
EVT00066-04,SHP00066,4,2025-09-03T00:15:59,Vessel departed,Completed,Carrier,Algeciras,
EVT00066-05,SHP00066,5,2025-09-05T07:31:02,Customs released,Completed,Forwarder,Sines,
EVT00066-06,SHP00066,6,2025-09-05T09:23:30,Destination port arrival,Completed,Port terminal,Sines,
EVT00066-07,SHP00066,7,2025-09-05T23:54:32,Delivery completed,Completed,Carrier,Sines Energy Project Site,
EVT00067-01,SHP00067,1,2024-07-24T10:00:00,Booking created,Completed,Forwarder,Antwerp EPC Supplier Yard,
EVT00067-02,SHP00067,2,2024-07-31T11:23:26,Pickup completed,Completed,Carrier,Antwerp EPC Supplier Yard,
EVT00067-03,SHP00067,3,2024-07-31T17:39:29,Origin port gate in,Completed,Port terminal,Antwerp-Bruges,
EVT00067-04,SHP00067,4,2024-07-31T22:34:55,Vessel departed,Completed,Carrier,Antwerp-Bruges,
EVT00067-05,SHP00067,5,2024-08-04T22:40:27,Customs released,Completed,Forwarder,Valencia,
EVT00067-06,SHP00067,6,2024-08-04T23:27:58,Destination port arrival,Completed,Port terminal,Valencia,
EVT00067-07,SHP00067,7,2024-08-05T22:46:00,Delivery completed,Completed,Carrier,Zaragoza Distribution Hub,
EVT00068-01,SHP00068,1,2025-04-22T12:00:00,Booking created,Completed,Forwarder,Puertollano Module Yard,
EVT00068-02,SHP00068,2,2025-05-06T13:41:33,Pickup completed,Completed,Carrier,Puertollano Module Yard,
EVT00068-03,SHP00068,3,2025-05-07T05:22:38,Origin port gate in,Completed,Port terminal,Algeciras,
EVT00068-04,SHP00068,4,2025-05-07T22:58:21,Vessel departed,Completed,Carrier,Algeciras,
EVT00068-05,SHP00068,5,2025-05-09T17:43:06,Destination port arrival,Completed,Port terminal,Sines,
EVT00068-06,SHP00068,6,2025-05-10T02:43:28,Customs released,Completed,Forwarder,Sines,
EVT00068-07,SHP00068,7,2025-05-11T06:07:28,Delivery completed,Completed,Carrier,Sines Energy Project Site,
EVT00069-01,SHP00069,1,2025-09-04T10:00:00,Booking created,Completed,Forwarder,Zaragoza Distribution Hub,
EVT00069-02,SHP00069,2,2025-09-17T09:43:33,Pickup completed,Completed,Carrier,Zaragoza Distribution Hub,
EVT00069-03,SHP00069,3,2025-09-18T15:48:17,Origin port gate in,Completed,Port terminal,Valencia,
EVT00069-04,SHP00069,4,2025-09-18T20:15:27,Vessel departed,Completed,Carrier,Valencia,
EVT00069-05,SHP00069,5,2025-09-27T22:44:22,Customs released,Completed,Forwarder,Dammam,
EVT00069-06,SHP00069,6,2025-09-27T23:20:28,Destination port arrival,Completed,Port terminal,Dammam,
EVT00069-07,SHP00069,7,2025-09-28T16:49:34,Delivery completed,Completed,Carrier,Dammam Gas Project Site,
EVT00070-01,SHP00070,1,2024-03-24T12:00:00,Booking created,Completed,Forwarder,Tarragona Equipment Vendor,
EVT00070-02,SHP00070,2,2024-04-01T11:19:07,Pickup completed,Completed,Carrier,Tarragona Equipment Vendor,
EVT00070-03,SHP00070,3,2024-04-01T20:06:10,Origin port gate in,Completed,Port terminal,Barcelona,
EVT00070-04,SHP00070,4,2024-04-02T00:31:10,Vessel departed,Completed,Carrier,Barcelona,
EVT00070-05,SHP00070,5,2024-04-05T17:31:00,Destination port arrival,Completed,Port terminal,Casablanca,
EVT00070-06,SHP00070,6,2024-04-05T23:55:42,Customs released,Completed,Forwarder,Casablanca,
EVT00070-07,SHP00070,7,2024-04-07T00:14:37,Delivery completed,Delayed,Carrier,Casablanca Desalination Site,Customs hold
EVT00071-01,SHP00071,1,2024-01-30T07:00:00,Booking created,Completed,Forwarder,Bilbao Steel Fabricator,
EVT00071-02,SHP00071,2,2024-02-12T09:37:34,Pickup completed,Completed,Carrier,Bilbao Steel Fabricator,
EVT00071-03,SHP00071,3,2024-02-12T16:34:59,Origin port gate in,Completed,Port terminal,Bilbao,
EVT00071-04,SHP00071,4,2024-02-13T01:27:55,Vessel departed,Completed,Carrier,Bilbao,
EVT00071-05,SHP00071,5,2024-02-15T09:17:50,Destination port arrival,Completed,Port terminal,Casablanca,
EVT00071-06,SHP00071,6,2024-02-15T15:11:51,Customs released,Completed,Forwarder,Casablanca,
EVT00071-07,SHP00071,7,2024-02-16T05:19:22,Delivery completed,Completed,Carrier,Casablanca Desalination Site,
EVT00072-01,SHP00072,1,2025-08-01T15:00:00,Booking created,Completed,Forwarder,Milan Valve Plant,
EVT00072-02,SHP00072,2,2025-08-08T14:04:11,Pickup completed,Completed,Carrier,Milan Valve Plant,
EVT00072-03,SHP00072,3,2025-08-09T03:44:25,Origin port gate in,Completed,Port terminal,Genoa,
EVT00072-04,SHP00072,4,2025-08-09T10:14:46,Vessel departed,Completed,Carrier,Genoa,
EVT00072-05,SHP00072,5,2025-08-14T05:48:34,Destination port arrival,Completed,Port terminal,Casablanca,
EVT00072-06,SHP00072,6,2025-08-14T16:57:38,Customs released,Completed,Forwarder,Casablanca,
EVT00072-07,SHP00072,7,2025-08-15T14:21:55,Delivery completed,Completed,Carrier,Casablanca Desalination Site,
EVT00073-01,SHP00073,1,2025-07-05T13:00:00,Booking created,Completed,Forwarder,Cadiz Module Yard,
EVT00073-02,SHP00073,2,2025-07-09T15:09:33,Pickup completed,Completed,Carrier,Cadiz Module Yard,
EVT00073-03,SHP00073,3,2025-07-09T22:05:46,Origin port gate in,Completed,Port terminal,Algeciras,
EVT00073-04,SHP00073,4,2025-07-10T05:55:16,Vessel departed,Completed,Carrier,Algeciras,
EVT00073-05,SHP00073,5,2025-07-13T18:10:29,Destination port arrival,Completed,Port terminal,Rotterdam,
EVT00073-06,SHP00073,6,2025-07-14T03:58:27,Customs released,Completed,Forwarder,Rotterdam,
EVT00073-07,SHP00073,7,2025-07-14T17:43:25,Delivery completed,Completed,Carrier,Rotterdam Consolidation Hub,
EVT00074-01,SHP00074,1,2024-02-28T11:00:00,Booking created,Completed,Forwarder,Cadiz Module Yard,
EVT00074-02,SHP00074,2,2024-03-08T11:45:45,Pickup completed,Completed,Carrier,Cadiz Module Yard,
EVT00074-03,SHP00074,3,2024-03-09T16:00:57,Origin port gate in,Completed,Port terminal,Algeciras,
EVT00074-04,SHP00074,4,2024-03-10T06:21:37,Vessel departed,Completed,Carrier,Algeciras,
EVT00074-05,SHP00074,5,2024-03-12T14:33:23,Destination port arrival,Completed,Port terminal,Sines,
EVT00074-06,SHP00074,6,2024-03-12T23:50:02,Customs released,Completed,Forwarder,Sines,
EVT00074-07,SHP00074,7,2024-03-13T12:01:56,Delivery completed,Delayed,Carrier,Sines Energy Project Site,Weather disruption
EVT00075-01,SHP00075,1,2024-05-14T13:00:00,Booking created,Completed,Forwarder,Milan Valve Plant,
EVT00075-02,SHP00075,2,2024-05-23T12:37:20,Pickup completed,Completed,Carrier,Milan Valve Plant,
EVT00075-03,SHP00075,3,2024-05-23T19:12:34,Origin port gate in,Completed,Port terminal,Genoa,
EVT00075-04,SHP00075,4,2024-05-24T06:24:40,Vessel departed,Completed,Carrier,Genoa,
EVT00075-05,SHP00075,5,2024-05-29T15:23:02,Destination port arrival,Completed,Port terminal,Casablanca,
EVT00075-06,SHP00075,6,2024-05-29T18:36:45,Customs released,Completed,Forwarder,Casablanca,
EVT00075-07,SHP00075,7,2024-05-30T11:36:12,Delivery completed,Delayed,Carrier,Casablanca Desalination Site,Customs hold
EVT00076-01,SHP00076,1,2025-06-08T13:00:00,Booking created,Completed,Forwarder,Puertollano Module Yard,
EVT00076-02,SHP00076,2,2025-06-19T15:44:48,Pickup completed,Completed,Carrier,Puertollano Module Yard,
EVT00076-03,SHP00076,3,2025-06-25T01:40:18,Delivery completed,Completed,Carrier,Dammam Gas Project Site,
EVT00077-01,SHP00077,1,2024-09-18T11:00:00,Booking created,Completed,Forwarder,Bilbao Steel Fabricator,
EVT00077-02,SHP00077,2,2024-09-24T10:19:33,Pickup completed,Completed,Carrier,Bilbao Steel Fabricator,
EVT00077-03,SHP00077,3,2024-09-29T02:58:58,Delivery completed,Completed,Carrier,Dammam Gas Project Site,
EVT00078-01,SHP00078,1,2024-09-04T11:00:00,Booking created,Completed,Forwarder,Milan Valve Plant,
EVT00078-02,SHP00078,2,2024-09-16T13:47:35,Pickup completed,Completed,Carrier,Milan Valve Plant,
EVT00078-03,SHP00078,3,2024-09-17T05:59:51,Origin port gate in,Completed,Port terminal,Genoa,
EVT00078-04,SHP00078,4,2024-09-17T23:59:13,Vessel departed,Completed,Carrier,Genoa,
EVT00078-05,SHP00078,5,2024-09-22T21:25:24,Customs released,Completed,Forwarder,Alexandria,
EVT00078-06,SHP00078,6,2024-09-22T23:23:41,Destination port arrival,Completed,Port terminal,Alexandria,
EVT00078-07,SHP00078,7,2024-09-24T06:07:37,Delivery completed,Delayed,Carrier,Alexandria Water Project Site,Documentation issue
EVT00079-01,SHP00079,1,2024-05-27T11:00:00,Booking created,Completed,Forwarder,Antwerp EPC Supplier Yard,
EVT00079-02,SHP00079,2,2024-06-03T10:47:58,Pickup completed,Completed,Carrier,Antwerp EPC Supplier Yard,
EVT00079-03,SHP00079,3,2024-06-03T15:39:53,Origin port gate in,Completed,Port terminal,Antwerp-Bruges,
EVT00079-04,SHP00079,4,2024-06-04T00:45:58,Vessel departed,Completed,Carrier,Antwerp-Bruges,
EVT00079-05,SHP00079,5,2024-06-09T21:56:10,Customs released,Completed,Forwarder,Casablanca,
EVT00079-06,SHP00079,6,2024-06-09T23:26:05,Destination port arrival,Completed,Port terminal,Casablanca,
EVT00079-07,SHP00079,7,2024-06-11T18:07:30,Delivery completed,Completed,Carrier,Casablanca Desalination Site,
EVT00080-01,SHP00080,1,2025-05-19T07:00:00,Booking created,Completed,Forwarder,Cadiz Module Yard,
EVT00080-02,SHP00080,2,2025-05-29T07:34:48,Pickup completed,Completed,Carrier,Cadiz Module Yard,
EVT00080-03,SHP00080,3,2025-05-29T14:14:19,Origin port gate in,Completed,Port terminal,Algeciras,
EVT00080-04,SHP00080,4,2025-05-29T21:50:25,Vessel departed,Completed,Carrier,Algeciras,
EVT00080-05,SHP00080,5,2025-06-03T05:17:12,Destination port arrival,Completed,Port terminal,Rotterdam,
EVT00080-06,SHP00080,6,2025-06-03T09:07:26,Customs released,Completed,Forwarder,Rotterdam,
EVT00080-07,SHP00080,7,2025-06-04T00:43:40,Delivery completed,Completed,Carrier,Rotterdam Consolidation Hub,
EVT00081-01,SHP00081,1,2025-02-26T07:00:00,Booking created,Completed,Forwarder,Tarragona Equipment Vendor,
EVT00081-02,SHP00081,2,2025-03-10T06:00:44,Pickup completed,Completed,Carrier,Tarragona Equipment Vendor,
EVT00081-03,SHP00081,3,2025-03-10T16:17:11,Origin port gate in,Completed,Port terminal,Barcelona,
EVT00081-04,SHP00081,4,2025-03-11T04:21:56,Vessel departed,Completed,Carrier,Barcelona,
EVT00081-05,SHP00081,5,2025-03-20T08:30:25,Destination port arrival,Completed,Port terminal,Dammam,
EVT00081-06,SHP00081,6,2025-03-20T19:16:22,Customs released,Completed,Forwarder,Dammam,
EVT00081-07,SHP00081,7,2025-03-21T07:21:20,Delivery completed,Delayed,Carrier,Dammam Gas Project Site,Port congestion
EVT00082-01,SHP00082,1,2025-07-01T11:00:00,Booking created,Completed,Forwarder,Antwerp EPC Supplier Yard,
EVT00082-02,SHP00082,2,2025-07-10T10:56:29,Pickup completed,Completed,Carrier,Antwerp EPC Supplier Yard,
EVT00082-03,SHP00082,3,2025-07-10T19:16:12,Origin port gate in,Completed,Port terminal,Antwerp-Bruges,
EVT00082-04,SHP00082,4,2025-07-11T11:26:14,Vessel departed,Completed,Carrier,Antwerp-Bruges,
EVT00082-05,SHP00082,5,2025-07-14T18:36:30,Destination port arrival,Completed,Port terminal,Valencia,
EVT00082-06,SHP00082,6,2025-07-14T21:10:16,Customs released,Completed,Forwarder,Valencia,
EVT00082-07,SHP00082,7,2025-07-15T17:11:50,Delivery completed,Completed,Carrier,Zaragoza Distribution Hub,
EVT00083-01,SHP00083,1,2024-03-07T13:00:00,Booking created,Completed,Forwarder,Tarragona Equipment Vendor,
EVT00083-02,SHP00083,2,2024-03-18T13:42:12,Pickup completed,Completed,Carrier,Tarragona Equipment Vendor,
EVT00083-03,SHP00083,3,2024-03-18T23:53:28,Origin port gate in,Completed,Port terminal,Barcelona,
EVT00083-04,SHP00083,4,2024-03-19T13:54:19,Vessel departed,Completed,Carrier,Barcelona,
EVT00083-05,SHP00083,5,2024-03-22T09:02:52,Destination port arrival,Completed,Port terminal,Sines,
EVT00083-06,SHP00083,6,2024-03-22T15:16:53,Customs released,Completed,Forwarder,Sines,
EVT00083-07,SHP00083,7,2024-03-23T04:47:40,Delivery completed,Completed,Carrier,Sines Energy Project Site,
EVT00084-01,SHP00084,1,2024-12-11T11:00:00,Booking created,Completed,Forwarder,Bilbao Steel Fabricator,
EVT00084-02,SHP00084,2,2024-12-17T13:21:40,Pickup completed,Completed,Carrier,Bilbao Steel Fabricator,
EVT00084-03,SHP00084,3,2024-12-17T22:56:58,Delivery completed,Completed,Carrier,Zaragoza Distribution Hub,
EVT00085-01,SHP00085,1,2024-08-04T07:00:00,Booking created,Completed,Forwarder,Puertollano Module Yard,
EVT00085-02,SHP00085,2,2024-08-08T08:51:36,Pickup completed,Completed,Carrier,Puertollano Module Yard,
EVT00085-03,SHP00085,3,2024-08-09T06:33:16,Origin port gate in,Completed,Port terminal,Algeciras,
EVT00085-04,SHP00085,4,2024-08-09T21:16:26,Vessel departed,Completed,Carrier,Algeciras,
EVT00085-05,SHP00085,5,2024-08-12T18:04:31,Destination port arrival,Completed,Port terminal,Valencia,
EVT00085-06,SHP00085,6,2024-08-13T02:38:17,Customs released,Completed,Forwarder,Valencia,
EVT00085-07,SHP00085,7,2024-08-15T01:45:38,Delivery completed,Delayed,Carrier,Zaragoza Distribution Hub,Weather disruption
EVT00086-01,SHP00086,1,2025-04-02T13:00:00,Booking created,Completed,Forwarder,Antwerp EPC Supplier Yard,
EVT00086-02,SHP00086,2,2025-04-10T13:38:49,Pickup completed,Completed,Carrier,Antwerp EPC Supplier Yard,
EVT00086-03,SHP00086,3,2025-04-10T18:43:24,Origin port gate in,Completed,Port terminal,Antwerp-Bruges,
EVT00086-04,SHP00086,4,2025-04-11T07:23:00,Vessel departed,Completed,Carrier,Antwerp-Bruges,
EVT00086-05,SHP00086,5,2025-04-12T22:05:30,Destination port arrival,Completed,Port terminal,Rotterdam,
EVT00086-06,SHP00086,6,2025-04-12T23:28:25,Customs released,Completed,Forwarder,Rotterdam,
EVT00086-07,SHP00086,7,2025-04-13T10:14:41,Delivery completed,Completed,Carrier,Rotterdam Consolidation Hub,
EVT00087-01,SHP00087,1,2024-04-13T14:00:00,Booking created,Completed,Forwarder,Milan Valve Plant,
EVT00087-02,SHP00087,2,2024-04-24T13:07:57,Pickup completed,Completed,Carrier,Milan Valve Plant,
EVT00087-03,SHP00087,3,2024-04-25T01:05:58,Origin port gate in,Completed,Port terminal,Genoa,
EVT00087-04,SHP00087,4,2024-04-25T18:36:31,Vessel departed,Completed,Carrier,Genoa,
EVT00087-05,SHP00087,5,2024-04-28T17:58:14,Destination port arrival,Completed,Port terminal,Rotterdam,
EVT00087-06,SHP00087,6,2024-04-28T21:20:20,Customs released,Completed,Forwarder,Rotterdam,
EVT00087-07,SHP00087,7,2024-04-29T13:25:51,Delivery completed,Completed,Carrier,Rotterdam Consolidation Hub,
EVT00088-01,SHP00088,1,2025-07-03T09:00:00,Booking created,Completed,Forwarder,Antwerp EPC Supplier Yard,
EVT00088-02,SHP00088,2,2025-07-11T10:46:03,Pickup completed,Completed,Carrier,Antwerp EPC Supplier Yard,
EVT00088-03,SHP00088,3,2025-07-12T15:43:51,Delivery completed,Completed,Carrier,Zaragoza Distribution Hub,
EVT00089-01,SHP00089,1,2024-10-31T15:00:00,Booking created,Completed,Forwarder,Cadiz Module Yard,
EVT00089-02,SHP00089,2,2024-11-06T14:03:29,Pickup completed,Completed,Carrier,Cadiz Module Yard,
EVT00089-03,SHP00089,3,2024-11-06T23:01:19,Origin port gate in,Completed,Port terminal,Algeciras,
EVT00089-04,SHP00089,4,2024-11-07T14:45:53,Vessel departed,Completed,Carrier,Algeciras,
EVT00089-05,SHP00089,5,2024-11-10T00:00:00,Destination port arrival,Completed,Port terminal,Sines,
EVT00089-06,SHP00089,6,2024-11-10T04:03:17,Customs released,Completed,Forwarder,Sines,
EVT00089-07,SHP00089,7,2024-11-10T16:10:12,Delivery completed,Completed,Carrier,Sines Energy Project Site,
EVT00090-01,SHP00090,1,2024-11-12T10:00:00,Booking created,Completed,Forwarder,Cadiz Module Yard,
EVT00090-02,SHP00090,2,2024-11-21T11:01:24,Pickup completed,Completed,Carrier,Cadiz Module Yard,
EVT00090-03,SHP00090,3,2024-11-21T22:47:27,Origin port gate in,Completed,Port terminal,Algeciras,
EVT00090-04,SHP00090,4,2024-11-22T12:26:15,Vessel departed,Completed,Carrier,Algeciras,
EVT00090-05,SHP00090,5,2024-12-02T22:52:55,Destination port arrival,Completed,Port terminal,Dammam,
EVT00090-06,SHP00090,6,2024-12-02T23:10:50,Customs released,Completed,Forwarder,Dammam,
EVT00090-07,SHP00090,7,2024-12-03T07:06:12,Delivery completed,Delayed,Carrier,Dammam Gas Project Site,Customs hold
EVT00091-01,SHP00091,1,2024-03-28T12:00:00,Booking created,Completed,Forwarder,Antwerp EPC Supplier Yard,
EVT00091-02,SHP00091,2,2024-04-12T13:18:05,Pickup completed,Completed,Carrier,Antwerp EPC Supplier Yard,
EVT00091-03,SHP00091,3,2024-04-12T18:19:49,Origin port gate in,Completed,Port terminal,Antwerp-Bruges,
EVT00091-04,SHP00091,4,2024-04-13T08:17:25,Vessel departed,Completed,Carrier,Antwerp-Bruges,
EVT00091-05,SHP00091,5,2024-04-17T13:50:42,Destination port arrival,Completed,Port terminal,Sines,
EVT00091-06,SHP00091,6,2024-04-17T22:13:08,Customs released,Completed,Forwarder,Sines,
EVT00091-07,SHP00091,7,2024-04-18T13:37:40,Delivery completed,Completed,Carrier,Sines Energy Project Site,
EVT00092-01,SHP00092,1,2025-12-05T07:00:00,Booking created,Completed,Forwarder,Puertollano Module Yard,
EVT00092-02,SHP00092,2,2025-12-10T07:50:39,Pickup completed,Completed,Carrier,Puertollano Module Yard,
EVT00092-03,SHP00092,3,2025-12-10T17:17:27,Origin port gate in,Completed,Port terminal,Algeciras,
EVT00092-04,SHP00092,4,2025-12-10T20:28:37,Vessel departed,Completed,Carrier,Algeciras,
EVT00092-05,SHP00092,5,2025-12-14T01:09:06,Destination port arrival,Completed,Port terminal,Marseille-Fos,
EVT00092-06,SHP00092,6,2025-12-14T09:56:33,Customs released,Completed,Forwarder,Marseille-Fos,
EVT00092-07,SHP00092,7,2025-12-15T06:34:04,Delivery completed,Completed,Carrier,Marseille Wind Substation Site,
EVT00093-01,SHP00093,1,2025-11-14T09:00:00,Booking created,Completed,Forwarder,Cadiz Module Yard,
EVT00093-02,SHP00093,2,2025-11-26T10:40:52,Pickup completed,Completed,Carrier,Cadiz Module Yard,
EVT00093-03,SHP00093,3,2025-11-27T08:01:36,Origin port gate in,Completed,Port terminal,Algeciras,
EVT00093-04,SHP00093,4,2025-11-27T12:01:19,Vessel departed,Completed,Carrier,Algeciras,
EVT00093-05,SHP00093,5,2025-12-08T06:11:34,Destination port arrival,Completed,Port terminal,Dammam,
EVT00093-06,SHP00093,6,2025-12-08T14:09:33,Customs released,Completed,Forwarder,Dammam,
EVT00093-07,SHP00093,7,2025-12-09T00:05:45,Delivery completed,Completed,Carrier,Dammam Gas Project Site,
EVT00094-01,SHP00094,1,2025-07-10T09:00:00,Booking created,Completed,Forwarder,Lyon Fabrication Partner,
EVT00094-02,SHP00094,2,2025-07-21T11:50:25,Pickup completed,Completed,Carrier,Lyon Fabrication Partner,
EVT00094-03,SHP00094,3,2025-07-21T21:12:10,Origin port gate in,Completed,Port terminal,Marseille-Fos,
EVT00094-04,SHP00094,4,2025-07-22T08:27:52,Vessel departed,Completed,Carrier,Marseille-Fos,
EVT00094-05,SHP00094,5,2025-07-28T13:38:07,Destination port arrival,Completed,Port terminal,Alexandria,
EVT00094-06,SHP00094,6,2025-07-28T17:47:25,Customs released,Completed,Forwarder,Alexandria,
EVT00094-07,SHP00094,7,2025-07-29T05:26:17,Delivery completed,Completed,Carrier,Alexandria Water Project Site,
EVT00095-01,SHP00095,1,2024-09-30T12:00:00,Booking created,Completed,Forwarder,Bilbao Steel Fabricator,
EVT00095-02,SHP00095,2,2024-10-07T12:42:34,Pickup completed,Completed,Carrier,Bilbao Steel Fabricator,
EVT00095-03,SHP00095,3,2024-10-07T22:10:21,Origin port gate in,Completed,Port terminal,Bilbao,
EVT00095-04,SHP00095,4,2024-10-08T04:04:39,Vessel departed,Completed,Carrier,Bilbao,
EVT00095-05,SHP00095,5,2024-10-18T14:58:59,Destination port arrival,Completed,Port terminal,Dammam,
EVT00095-06,SHP00095,6,2024-10-18T18:44:52,Customs released,Completed,Forwarder,Dammam,
EVT00095-07,SHP00095,7,2024-10-19T09:01:46,Delivery completed,Completed,Carrier,Dammam Gas Project Site,
EVT00096-01,SHP00096,1,2025-05-30T07:00:00,Booking created,Completed,Forwarder,Valencia Export Depot,
EVT00096-02,SHP00096,2,2025-06-12T08:42:46,Pickup completed,Completed,Carrier,Valencia Export Depot,
EVT00096-03,SHP00096,3,2025-06-12T18:02:28,Origin port gate in,Completed,Port terminal,Valencia,
EVT00096-04,SHP00096,4,2025-06-12T22:38:07,Vessel departed,Completed,Carrier,Valencia,
EVT00096-05,SHP00096,5,2025-06-14T17:36:44,Destination port arrival,Completed,Port terminal,Casablanca,
EVT00096-06,SHP00096,6,2025-06-15T08:29:14,Customs released,Completed,Forwarder,Casablanca,
EVT00096-07,SHP00096,7,2025-06-15T12:59:21,Delivery completed,Completed,Carrier,Casablanca Desalination Site,
EVT00097-01,SHP00097,1,2024-11-06T13:00:00,Booking created,Completed,Forwarder,Milan Valve Plant,
EVT00097-02,SHP00097,2,2024-11-19T14:09:14,Pickup completed,Completed,Carrier,Milan Valve Plant,
EVT00097-03,SHP00097,3,2024-11-20T04:36:24,Origin port gate in,Completed,Port terminal,Genoa,
EVT00097-04,SHP00097,4,2024-11-20T10:18:58,Vessel departed,Completed,Carrier,Genoa,
EVT00097-05,SHP00097,5,2024-11-24T13:14:20,Destination port arrival,Completed,Port terminal,Casablanca,
EVT00097-06,SHP00097,6,2024-11-24T17:31:05,Customs released,Completed,Forwarder,Casablanca,
EVT00097-07,SHP00097,7,2024-11-25T10:59:45,Delivery completed,Completed,Carrier,Casablanca Desalination Site,
EVT00098-01,SHP00098,1,2025-07-24T10:00:00,Booking created,Completed,Forwarder,Zaragoza Distribution Hub,
EVT00098-02,SHP00098,2,2025-08-06T11:13:19,Pickup completed,Completed,Carrier,Zaragoza Distribution Hub,
EVT00098-03,SHP00098,3,2025-08-06T22:32:37,Origin port gate in,Completed,Port terminal,Valencia,
EVT00098-04,SHP00098,4,2025-08-07T11:02:09,Vessel departed,Completed,Carrier,Valencia,
EVT00098-05,SHP00098,5,2025-08-09T19:26:55,Destination port arrival,Completed,Port terminal,Marseille-Fos,
EVT00098-06,SHP00098,6,2025-08-10T06:33:04,Customs released,Completed,Forwarder,Marseille-Fos,
EVT00098-07,SHP00098,7,2025-08-10T20:48:19,Delivery completed,Completed,Carrier,Marseille Wind Substation Site,
EVT00099-01,SHP00099,1,2024-08-06T10:00:00,Booking created,Completed,Forwarder,Tangier Free Zone DC,
EVT00099-02,SHP00099,2,2024-08-16T09:32:56,Pickup completed,Completed,Carrier,Tangier Free Zone DC,
EVT00099-03,SHP00099,3,2024-08-17T12:48:13,Origin port gate in,Completed,Port terminal,Tanger Med,
EVT00099-04,SHP00099,4,2024-08-18T01:44:08,Vessel departed,Completed,Carrier,Tanger Med,
EVT00099-05,SHP00099,5,2024-08-21T18:11:36,Destination port arrival,Completed,Port terminal,Marseille-Fos,
EVT00099-06,SHP00099,6,2024-08-22T02:57:04,Customs released,Completed,Forwarder,Marseille-Fos,
EVT00099-07,SHP00099,7,2024-08-22T14:21:23,Delivery completed,Completed,Carrier,Marseille Wind Substation Site,
EVT00100-01,SHP00100,1,2024-08-10T13:00:00,Booking created,Completed,Forwarder,Antwerp EPC Supplier Yard,
EVT00100-02,SHP00100,2,2024-08-20T12:49:47,Pickup completed,Completed,Carrier,Antwerp EPC Supplier Yard,
EVT00100-03,SHP00100,3,2024-08-20T18:13:53,Origin port gate in,Completed,Port terminal,Antwerp-Bruges,
EVT00100-04,SHP00100,4,2024-08-21T07:10:58,Vessel departed,Completed,Carrier,Antwerp-Bruges,
EVT00100-05,SHP00100,5,2024-08-26T12:02:27,Customs released,Completed,Forwarder,Alexandria,
EVT00100-06,SHP00100,6,2024-08-26T12:26:59,Destination port arrival,Completed,Port terminal,Alexandria,
EVT00100-07,SHP00100,7,2024-08-27T03:52:17,Delivery completed,Completed,Carrier,Alexandria Water Project Site,
EVT00101-01,SHP00101,1,2025-06-04T07:00:00,Booking created,Completed,Forwarder,Zaragoza Distribution Hub,
EVT00101-02,SHP00101,2,2025-06-10T09:41:43,Pickup completed,Completed,Carrier,Zaragoza Distribution Hub,
EVT00101-03,SHP00101,3,2025-06-11T09:06:56,Origin port gate in,Completed,Port terminal,Valencia,
EVT00101-04,SHP00101,4,2025-06-11T23:45:11,Vessel departed,Completed,Carrier,Valencia,
EVT00101-05,SHP00101,5,2025-06-18T05:01:34,Destination port arrival,Completed,Port terminal,Alexandria,
EVT00101-06,SHP00101,6,2025-06-18T06:25:14,Customs released,Completed,Forwarder,Alexandria,
EVT00101-07,SHP00101,7,2025-06-18T19:39:25,Delivery completed,Completed,Carrier,Alexandria Water Project Site,
EVT00102-01,SHP00102,1,2024-05-29T15:00:00,Booking created,Completed,Forwarder,Milan Valve Plant,
EVT00102-02,SHP00102,2,2024-06-12T17:21:45,Pickup completed,Completed,Carrier,Milan Valve Plant,
EVT00102-03,SHP00102,3,2024-06-13T02:47:29,Origin port gate in,Completed,Port terminal,Genoa,
EVT00102-04,SHP00102,4,2024-06-13T16:31:11,Vessel departed,Completed,Carrier,Genoa,
EVT00102-05,SHP00102,5,2024-06-17T21:14:59,Destination port arrival,Completed,Port terminal,Valencia,
EVT00102-06,SHP00102,6,2024-06-18T07:16:24,Customs released,Completed,Forwarder,Valencia,
EVT00102-07,SHP00102,7,2024-06-19T00:39:35,Delivery completed,Delayed,Carrier,Zaragoza Distribution Hub,Port congestion
EVT00103-01,SHP00103,1,2024-06-20T14:00:00,Booking created,Completed,Forwarder,Rotterdam Consolidation Hub,
EVT00103-02,SHP00103,2,2024-06-27T16:49:21,Pickup completed,Completed,Carrier,Rotterdam Consolidation Hub,
EVT00103-03,SHP00103,3,2024-06-28T04:50:18,Origin port gate in,Completed,Port terminal,Rotterdam,
EVT00103-04,SHP00103,4,2024-06-28T13:23:06,Vessel departed,Completed,Carrier,Rotterdam,
EVT00103-05,SHP00103,5,2024-07-03T12:30:49,Destination port arrival,Completed,Port terminal,Casablanca,
EVT00103-06,SHP00103,6,2024-07-03T18:33:39,Customs released,Completed,Forwarder,Casablanca,
EVT00103-07,SHP00103,7,2024-07-04T12:28:57,Delivery completed,Completed,Carrier,Casablanca Desalination Site,
EVT00104-01,SHP00104,1,2024-04-26T14:00:00,Booking created,Completed,Forwarder,Madrid Cross Dock,
EVT00104-02,SHP00104,2,2024-05-01T14:01:17,Pickup completed,Completed,Carrier,Madrid Cross Dock,
EVT00104-03,SHP00104,3,2024-05-02T02:29:56,Origin port gate in,Completed,Port terminal,Valencia,
EVT00104-04,SHP00104,4,2024-05-02T10:21:38,Vessel departed,Completed,Carrier,Valencia,
EVT00104-05,SHP00104,5,2024-05-06T09:09:22,Destination port arrival,Completed,Port terminal,Rotterdam,
EVT00104-06,SHP00104,6,2024-05-06T14:11:47,Customs released,Completed,Forwarder,Rotterdam,
EVT00104-07,SHP00104,7,2024-05-06T19:21:42,Delivery completed,Completed,Carrier,Rotterdam Consolidation Hub,
EVT00105-01,SHP00105,1,2025-11-16T07:00:00,Booking created,Completed,Forwarder,Cadiz Module Yard,
EVT00105-02,SHP00105,2,2025-11-20T07:02:12,Pickup completed,Completed,Carrier,Cadiz Module Yard,
EVT00105-03,SHP00105,3,2025-11-20T12:09:30,Origin port gate in,Completed,Port terminal,Algeciras,
EVT00105-04,SHP00105,4,2025-11-20T16:06:37,Vessel departed,Completed,Carrier,Algeciras,
EVT00105-05,SHP00105,5,2025-11-24T04:06:06,Destination port arrival,Completed,Port terminal,Marseille-Fos,
EVT00105-06,SHP00105,6,2025-11-24T04:32:54,Customs released,Completed,Forwarder,Marseille-Fos,
EVT00105-07,SHP00105,7,2025-11-24T18:33:30,Delivery completed,Completed,Carrier,Marseille Wind Substation Site,
EVT00106-01,SHP00106,1,2024-01-06T08:00:00,Booking created,Completed,Forwarder,Rotterdam Consolidation Hub,
EVT00106-02,SHP00106,2,2024-01-10T10:35:45,Pickup completed,Completed,Carrier,Rotterdam Consolidation Hub,
EVT00106-03,SHP00106,3,2024-01-11T15:01:35,Delivery completed,Completed,Carrier,Zaragoza Distribution Hub,
EVT00107-01,SHP00107,1,2024-09-19T08:00:00,Booking created,Completed,Forwarder,Bilbao Steel Fabricator,
EVT00107-02,SHP00107,2,2024-09-30T10:57:26,Pickup completed,Completed,Carrier,Bilbao Steel Fabricator,
EVT00107-03,SHP00107,3,2024-09-30T23:13:03,Origin port gate in,Completed,Port terminal,Bilbao,
EVT00107-04,SHP00107,4,2024-10-01T09:31:00,Vessel departed,Completed,Carrier,Bilbao,
EVT00107-05,SHP00107,5,2024-10-05T11:05:31,Destination port arrival,Completed,Port terminal,Marseille-Fos,
EVT00107-06,SHP00107,6,2024-10-05T18:03:43,Customs released,Completed,Forwarder,Marseille-Fos,
EVT00107-07,SHP00107,7,2024-10-06T05:16:54,Delivery completed,Delayed,Carrier,Marseille Wind Substation Site,Road permit delay
EVT00108-01,SHP00108,1,2025-09-16T08:00:00,Booking created,Completed,Forwarder,Zaragoza Distribution Hub,
EVT00108-02,SHP00108,2,2025-09-28T09:44:57,Pickup completed,Completed,Carrier,Zaragoza Distribution Hub,
EVT00108-03,SHP00108,3,2025-09-28T19:27:57,Origin port gate in,Completed,Port terminal,Valencia,
EVT00108-04,SHP00108,4,2025-09-29T11:11:59,Vessel departed,Completed,Carrier,Valencia,
EVT00108-05,SHP00108,5,2025-10-02T03:37:12,Destination port arrival,Completed,Port terminal,Marseille-Fos,
EVT00108-06,SHP00108,6,2025-10-02T10:23:01,Customs released,Completed,Forwarder,Marseille-Fos,
EVT00108-07,SHP00108,7,2025-10-03T02:42:11,Delivery completed,Completed,Carrier,Marseille Wind Substation Site,
EVT00109-01,SHP00109,1,2024-03-20T12:00:00,Booking created,Completed,Forwarder,Valencia Export Depot,
EVT00109-02,SHP00109,2,2024-03-29T11:46:20,Pickup completed,Completed,Carrier,Valencia Export Depot,
EVT00109-03,SHP00109,3,2024-03-30T12:28:08,Delivery completed,Completed,Carrier,Casablanca Desalination Site,
EVT00110-01,SHP00110,1,2025-09-07T08:00:00,Booking created,Completed,Forwarder,Antwerp EPC Supplier Yard,
EVT00110-02,SHP00110,2,2025-09-17T07:12:31,Pickup completed,Completed,Carrier,Antwerp EPC Supplier Yard,
EVT00110-03,SHP00110,3,2025-09-17T14:53:52,Origin port gate in,Completed,Port terminal,Antwerp-Bruges,
EVT00110-04,SHP00110,4,2025-09-17T17:55:50,Vessel departed,Completed,Carrier,Antwerp-Bruges,
EVT00110-05,SHP00110,5,2025-09-19T23:18:19,Destination port arrival,Completed,Port terminal,Marseille-Fos,
EVT00110-06,SHP00110,6,2025-09-20T01:49:11,Customs released,Completed,Forwarder,Marseille-Fos,
EVT00110-07,SHP00110,7,2025-09-21T05:00:58,Delivery completed,Completed,Carrier,Marseille Wind Substation Site,
EVT00111-01,SHP00111,1,2025-09-23T09:00:00,Booking created,Completed,Forwarder,Puertollano Module Yard,
EVT00111-02,SHP00111,2,2025-10-06T11:23:31,Pickup completed,Completed,Carrier,Puertollano Module Yard,
EVT00111-03,SHP00111,3,2025-10-07T02:09:11,Origin port gate in,Completed,Port terminal,Algeciras,
EVT00111-04,SHP00111,4,2025-10-07T15:30:08,Vessel departed,Completed,Carrier,Algeciras,
EVT00111-05,SHP00111,5,2025-10-13T05:59:49,Customs released,Completed,Forwarder,Alexandria,
EVT00111-06,SHP00111,6,2025-10-13T08:39:44,Destination port arrival,Completed,Port terminal,Alexandria,
EVT00111-07,SHP00111,7,2025-10-13T17:21:13,Delivery completed,Completed,Carrier,Alexandria Water Project Site,
EVT00112-01,SHP00112,1,2024-02-05T08:00:00,Booking created,Completed,Forwarder,Antwerp EPC Supplier Yard,
EVT00112-02,SHP00112,2,2024-02-19T07:52:31,Pickup completed,Completed,Carrier,Antwerp EPC Supplier Yard,
EVT00112-03,SHP00112,3,2024-02-19T13:48:15,Origin port gate in,Completed,Port terminal,Antwerp-Bruges,
EVT00112-04,SHP00112,4,2024-02-19T20:10:35,Vessel departed,Completed,Carrier,Antwerp-Bruges,
EVT00112-05,SHP00112,5,2024-02-25T13:49:36,Destination port arrival,Completed,Port terminal,Casablanca,
EVT00112-06,SHP00112,6,2024-02-25T15:09:22,Customs released,Completed,Forwarder,Casablanca,
EVT00112-07,SHP00112,7,2024-02-26T12:00:01,Delivery completed,Delayed,Carrier,Casablanca Desalination Site,Port congestion
EVT00113-01,SHP00113,1,2025-08-08T11:00:00,Booking created,Completed,Forwarder,Puertollano Module Yard,
EVT00113-02,SHP00113,2,2025-08-18T13:28:20,Pickup completed,Completed,Carrier,Puertollano Module Yard,
EVT00113-03,SHP00113,3,2025-08-19T01:21:38,Origin port gate in,Completed,Port terminal,Algeciras,
EVT00113-04,SHP00113,4,2025-08-19T08:21:53,Vessel departed,Completed,Carrier,Algeciras,
EVT00113-05,SHP00113,5,2025-08-23T16:36:10,Customs released,Completed,Forwarder,Marseille-Fos,
EVT00113-06,SHP00113,6,2025-08-23T17:03:31,Destination port arrival,Completed,Port terminal,Marseille-Fos,
EVT00113-07,SHP00113,7,2025-08-24T03:31:15,Delivery completed,Completed,Carrier,Marseille Wind Substation Site,
EVT00114-01,SHP00114,1,2024-05-17T07:00:00,Booking created,Completed,Forwarder,Antwerp EPC Supplier Yard,
EVT00114-02,SHP00114,2,2024-05-27T09:01:59,Pickup completed,Completed,Carrier,Antwerp EPC Supplier Yard,
EVT00114-03,SHP00114,3,2024-05-27T16:38:34,Origin port gate in,Completed,Port terminal,Antwerp-Bruges,
EVT00114-04,SHP00114,4,2024-05-27T23:35:39,Vessel departed,Completed,Carrier,Antwerp-Bruges,
EVT00114-05,SHP00114,5,2024-06-01T20:53:50,Destination port arrival,Completed,Port terminal,Casablanca,
EVT00114-06,SHP00114,6,2024-06-01T23:53:27,Customs released,Completed,Forwarder,Casablanca,
EVT00114-07,SHP00114,7,2024-06-02T14:24:40,Delivery completed,Completed,Carrier,Casablanca Desalination Site,
EVT00115-01,SHP00115,1,2025-04-15T14:00:00,Booking created,Completed,Forwarder,Milan Valve Plant,
EVT00115-02,SHP00115,2,2025-04-21T13:28:21,Pickup completed,Completed,Carrier,Milan Valve Plant,
EVT00115-03,SHP00115,3,2025-04-21T23:53:12,Origin port gate in,Completed,Port terminal,Genoa,
EVT00115-04,SHP00115,4,2025-04-22T09:29:53,Vessel departed,Completed,Carrier,Genoa,
EVT00115-05,SHP00115,5,2025-04-27T17:48:13,Destination port arrival,Completed,Port terminal,Alexandria,
EVT00115-06,SHP00115,6,2025-04-27T19:05:34,Customs released,Completed,Forwarder,Alexandria,
EVT00115-07,SHP00115,7,2025-04-28T00:33:36,Delivery completed,Completed,Carrier,Alexandria Water Project Site,
EVT00116-01,SHP00116,1,2025-07-18T07:00:00,Booking created,Completed,Forwarder,Milan Valve Plant,
EVT00116-02,SHP00116,2,2025-07-28T08:29:05,Pickup completed,Completed,Carrier,Milan Valve Plant,
EVT00116-03,SHP00116,3,2025-07-28T16:18:10,Origin port gate in,Completed,Port terminal,Genoa,
EVT00116-04,SHP00116,4,2025-07-29T03:37:39,Vessel departed,Completed,Carrier,Genoa,
EVT00116-05,SHP00116,5,2025-08-01T13:58:48,Customs released,Completed,Forwarder,Casablanca,
EVT00116-06,SHP00116,6,2025-08-01T17:46:18,Destination port arrival,Completed,Port terminal,Casablanca,
EVT00116-07,SHP00116,7,2025-08-02T00:56:25,Delivery completed,Completed,Carrier,Casablanca Desalination Site,
EVT00117-01,SHP00117,1,2024-09-04T13:00:00,Booking created,Completed,Forwarder,Valencia Export Depot,
EVT00117-02,SHP00117,2,2024-09-10T15:10:25,Pickup completed,Completed,Carrier,Valencia Export Depot,
EVT00117-03,SHP00117,3,2024-09-11T02:54:56,Origin port gate in,Completed,Port terminal,Valencia,
EVT00117-04,SHP00117,4,2024-09-11T17:43:15,Vessel departed,Completed,Carrier,Valencia,
EVT00117-05,SHP00117,5,2024-09-21T08:09:59,Destination port arrival,Completed,Port terminal,Dammam,
EVT00117-06,SHP00117,6,2024-09-21T17:55:37,Customs released,Completed,Forwarder,Dammam,
EVT00117-07,SHP00117,7,2024-09-22T03:15:06,Delivery completed,Completed,Carrier,Dammam Gas Project Site,
EVT00118-01,SHP00118,1,2025-08-24T14:00:00,Booking created,Completed,Forwarder,Puertollano Module Yard,
EVT00118-02,SHP00118,2,2025-08-28T16:12:20,Pickup completed,Completed,Carrier,Puertollano Module Yard,
EVT00118-03,SHP00118,3,2025-08-29T03:05:08,Origin port gate in,Completed,Port terminal,Algeciras,
EVT00118-04,SHP00118,4,2025-08-29T16:43:49,Vessel departed,Completed,Carrier,Algeciras,
EVT00118-05,SHP00118,5,2025-09-07T05:24:30,Destination port arrival,Completed,Port terminal,Dammam,
EVT00118-06,SHP00118,6,2025-09-07T06:42:43,Customs released,Completed,Forwarder,Dammam,
EVT00118-07,SHP00118,7,2025-09-07T15:03:59,Delivery completed,Completed,Carrier,Dammam Gas Project Site,
EVT00119-01,SHP00119,1,2025-03-07T13:00:00,Booking created,Completed,Forwarder,Rotterdam Consolidation Hub,
EVT00119-02,SHP00119,2,2025-03-13T12:51:00,Pickup completed,Completed,Carrier,Rotterdam Consolidation Hub,
EVT00119-03,SHP00119,3,2025-03-13T19:27:02,Origin port gate in,Completed,Port terminal,Rotterdam,
EVT00119-04,SHP00119,4,2025-03-14T10:12:39,Vessel departed,Completed,Carrier,Rotterdam,
EVT00119-05,SHP00119,5,2025-03-18T16:06:04,Destination port arrival,Completed,Port terminal,Valencia,
EVT00119-06,SHP00119,6,2025-03-18T23:23:24,Customs released,Completed,Forwarder,Valencia,
EVT00119-07,SHP00119,7,2025-03-19T18:14:49,Delivery completed,Completed,Carrier,Zaragoza Distribution Hub,
EVT00120-01,SHP00120,1,2025-07-07T08:00:00,Booking created,Completed,Forwarder,Madrid Cross Dock,
EVT00120-02,SHP00120,2,2025-07-14T10:13:25,Pickup completed,Completed,Carrier,Madrid Cross Dock,
EVT00120-03,SHP00120,3,2025-07-15T05:49:07,Delivery completed,Completed,Carrier,Casablanca Desalination Site,
EVT00121-01,SHP00121,1,2025-11-08T14:00:00,Booking created,Completed,Forwarder,Milan Valve Plant,
EVT00121-02,SHP00121,2,2025-11-20T14:44:16,Pickup completed,Completed,Carrier,Milan Valve Plant,
EVT00121-03,SHP00121,3,2025-11-20T23:34:19,Origin port gate in,Completed,Port terminal,Genoa,
EVT00121-04,SHP00121,4,2025-11-21T12:17:00,Vessel departed,Completed,Carrier,Genoa,
EVT00121-05,SHP00121,5,2025-11-26T09:41:30,Destination port arrival,Completed,Port terminal,Alexandria,
EVT00121-06,SHP00121,6,2025-11-26T12:26:30,Customs released,Completed,Forwarder,Alexandria,
EVT00121-07,SHP00121,7,2025-11-27T03:28:52,Delivery completed,Completed,Carrier,Alexandria Water Project Site,
EVT00122-01,SHP00122,1,2025-02-21T09:00:00,Booking created,Completed,Forwarder,Zaragoza Distribution Hub,
EVT00122-02,SHP00122,2,2025-03-02T08:45:24,Pickup completed,Completed,Carrier,Zaragoza Distribution Hub,
EVT00122-03,SHP00122,3,2025-03-02T21:55:40,Origin port gate in,Completed,Port terminal,Valencia,
EVT00122-04,SHP00122,4,2025-03-03T06:20:44,Vessel departed,Completed,Carrier,Valencia,
EVT00122-05,SHP00122,5,2025-03-06T10:25:10,Destination port arrival,Completed,Port terminal,Sines,
EVT00122-06,SHP00122,6,2025-03-06T10:32:56,Customs released,Completed,Forwarder,Sines,
EVT00122-07,SHP00122,7,2025-03-06T21:46:18,Delivery completed,Completed,Carrier,Sines Energy Project Site,
EVT00123-01,SHP00123,1,2025-10-01T13:00:00,Booking created,Completed,Forwarder,Lyon Fabrication Partner,
EVT00123-02,SHP00123,2,2025-10-12T15:42:44,Pickup completed,Completed,Carrier,Lyon Fabrication Partner,
EVT00123-03,SHP00123,3,2025-10-13T07:07:10,Origin port gate in,Completed,Port terminal,Marseille-Fos,
EVT00123-04,SHP00123,4,2025-10-13T15:06:55,Vessel departed,Completed,Carrier,Marseille-Fos,
EVT00123-05,SHP00123,5,2025-10-22T14:39:02,Destination port arrival,Completed,Port terminal,Dammam,
EVT00123-06,SHP00123,6,2025-10-22T17:47:48,Customs released,Completed,Forwarder,Dammam,
EVT00123-07,SHP00123,7,2025-10-23T05:15:06,Delivery completed,Completed,Carrier,Dammam Gas Project Site,
EVT00124-01,SHP00124,1,2025-03-13T07:00:00,Booking created,Completed,Forwarder,Lyon Fabrication Partner,
EVT00124-02,SHP00124,2,2025-03-26T08:34:35,Pickup completed,Completed,Carrier,Lyon Fabrication Partner,
EVT00124-03,SHP00124,3,2025-03-26T23:01:51,Origin port gate in,Completed,Port terminal,Marseille-Fos,
EVT00124-04,SHP00124,4,2025-03-27T02:57:23,Vessel departed,Completed,Carrier,Marseille-Fos,
EVT00124-05,SHP00124,5,2025-04-03T13:03:39,Destination port arrival,Completed,Port terminal,Dammam,
EVT00124-06,SHP00124,6,2025-04-04T00:41:18,Customs released,Completed,Forwarder,Dammam,
EVT00124-07,SHP00124,7,2025-04-04T11:26:57,Delivery completed,Completed,Carrier,Dammam Gas Project Site,
EVT00125-01,SHP00125,1,2024-11-11T12:00:00,Booking created,Completed,Forwarder,Zaragoza Distribution Hub,
EVT00125-02,SHP00125,2,2024-11-21T14:06:53,Pickup completed,Completed,Carrier,Zaragoza Distribution Hub,
EVT00125-03,SHP00125,3,2024-11-22T22:40:58,Origin port gate in,Completed,Port terminal,Valencia,
EVT00125-04,SHP00125,4,2024-11-23T04:58:28,Vessel departed,Completed,Carrier,Valencia,
EVT00125-05,SHP00125,5,2024-12-03T00:21:53,Customs released,Completed,Forwarder,Dammam,
EVT00125-06,SHP00125,6,2024-12-03T01:13:01,Destination port arrival,Completed,Port terminal,Dammam,
EVT00125-07,SHP00125,7,2024-12-03T10:38:37,Delivery completed,Delayed,Carrier,Dammam Gas Project Site,Road permit delay
EVT00126-01,SHP00126,1,2024-07-30T15:00:00,Booking created,Completed,Forwarder,Cadiz Module Yard,
EVT00126-02,SHP00126,2,2024-08-13T16:09:18,Pickup completed,Completed,Carrier,Cadiz Module Yard,
EVT00126-03,SHP00126,3,2024-08-13T20:10:57,Origin port gate in,Completed,Port terminal,Algeciras,
EVT00126-04,SHP00126,4,2024-08-14T02:44:25,Vessel departed,Completed,Carrier,Algeciras,
EVT00126-05,SHP00126,5,2024-08-16T13:50:35,Destination port arrival,Completed,Port terminal,Casablanca,
EVT00126-06,SHP00126,6,2024-08-17T01:04:47,Customs released,Completed,Forwarder,Casablanca,
EVT00126-07,SHP00126,7,2024-08-17T12:54:50,Delivery completed,Completed,Carrier,Casablanca Desalination Site,
EVT00127-01,SHP00127,1,2024-05-12T14:00:00,Booking created,Completed,Forwarder,Bilbao Steel Fabricator,
EVT00127-02,SHP00127,2,2024-05-21T13:15:06,Pickup completed,Completed,Carrier,Bilbao Steel Fabricator,
EVT00127-03,SHP00127,3,2024-05-21T21:51:17,Origin port gate in,Completed,Port terminal,Bilbao,
EVT00127-04,SHP00127,4,2024-05-22T09:52:04,Vessel departed,Completed,Carrier,Bilbao,
EVT00127-05,SHP00127,5,2024-05-25T05:22:59,Destination port arrival,Completed,Port terminal,Casablanca,
EVT00127-06,SHP00127,6,2024-05-25T10:33:19,Customs released,Completed,Forwarder,Casablanca,
EVT00127-07,SHP00127,7,2024-05-25T20:12:26,Delivery completed,Completed,Carrier,Casablanca Desalination Site,
EVT00128-01,SHP00128,1,2025-04-09T09:00:00,Booking created,Completed,Forwarder,Lyon Fabrication Partner,
EVT00128-02,SHP00128,2,2025-04-17T08:34:24,Pickup completed,Completed,Carrier,Lyon Fabrication Partner,
EVT00128-03,SHP00128,3,2025-04-18T01:25:10,Origin port gate in,Completed,Port terminal,Marseille-Fos,
EVT00128-04,SHP00128,4,2025-04-18T18:30:21,Vessel departed,Completed,Carrier,Marseille-Fos,
EVT00128-05,SHP00128,5,2025-04-23T04:01:43,Destination port arrival,Completed,Port terminal,Sines,
EVT00128-06,SHP00128,6,2025-04-23T06:45:45,Customs released,Completed,Forwarder,Sines,
EVT00128-07,SHP00128,7,2025-04-23T11:41:32,Delivery completed,Completed,Carrier,Sines Energy Project Site,
EVT00129-01,SHP00129,1,2024-10-18T07:00:00,Booking created,Completed,Forwarder,Rotterdam Consolidation Hub,
EVT00129-02,SHP00129,2,2024-10-23T09:27:30,Pickup completed,Completed,Carrier,Rotterdam Consolidation Hub,
EVT00129-03,SHP00129,3,2024-10-23T16:29:57,Origin port gate in,Completed,Port terminal,Rotterdam,
EVT00129-04,SHP00129,4,2024-10-24T07:25:36,Vessel departed,Completed,Carrier,Rotterdam,
EVT00129-05,SHP00129,5,2024-10-30T08:44:08,Customs released,Completed,Forwarder,Casablanca,
EVT00129-06,SHP00129,6,2024-10-30T08:48:25,Destination port arrival,Completed,Port terminal,Casablanca,
EVT00129-07,SHP00129,7,2024-10-30T22:11:12,Delivery completed,Completed,Carrier,Casablanca Desalination Site,
EVT00130-01,SHP00130,1,2025-12-19T12:00:00,Booking created,Completed,Forwarder,Puertollano Module Yard,
EVT00130-02,SHP00130,2,2025-12-23T12:18:15,Pickup completed,Completed,Carrier,Puertollano Module Yard,
EVT00130-03,SHP00130,3,2025-12-24T00:31:25,Origin port gate in,Completed,Port terminal,Algeciras,
EVT00130-04,SHP00130,4,2025-12-24T12:56:56,Vessel departed,Completed,Carrier,Algeciras,
EVT00130-05,SHP00130,5,2025-12-31T17:22:00,Destination port arrival,Completed,Port terminal,Alexandria,
EVT00130-06,SHP00130,6,2025-12-31T23:11:31,Customs released,Completed,Forwarder,Alexandria,
EVT00130-07,SHP00130,7,2026-01-01T12:41:31,Delivery completed,Completed,Carrier,Alexandria Water Project Site,
EVT00131-01,SHP00131,1,2024-02-29T15:00:00,Booking created,Completed,Forwarder,Antwerp EPC Supplier Yard,
EVT00131-02,SHP00131,2,2024-03-04T15:51:55,Pickup completed,Completed,Carrier,Antwerp EPC Supplier Yard,
EVT00131-03,SHP00131,3,2024-03-05T11:32:09,Origin port gate in,Completed,Port terminal,Antwerp-Bruges,
EVT00131-04,SHP00131,4,2024-03-05T18:33:50,Vessel departed,Completed,Carrier,Antwerp-Bruges,
EVT00131-05,SHP00131,5,2024-03-10T02:13:57,Destination port arrival,Completed,Port terminal,Sines,
EVT00131-06,SHP00131,6,2024-03-10T06:45:01,Customs released,Completed,Forwarder,Sines,
EVT00131-07,SHP00131,7,2024-03-10T12:18:12,Delivery completed,Completed,Carrier,Sines Energy Project Site,
EVT00132-01,SHP00132,1,2025-12-18T15:00:00,Booking created,Completed,Forwarder,Bilbao Steel Fabricator,
EVT00132-02,SHP00132,2,2025-12-23T17:43:08,Pickup completed,Completed,Carrier,Bilbao Steel Fabricator,
EVT00132-03,SHP00132,3,2025-12-24T03:04:48,Origin port gate in,Completed,Port terminal,Bilbao,
EVT00132-04,SHP00132,4,2025-12-24T19:31:59,Vessel departed,Completed,Carrier,Bilbao,
EVT00132-05,SHP00132,5,2025-12-27T17:58:12,Destination port arrival,Completed,Port terminal,Marseille-Fos,
EVT00132-06,SHP00132,6,2025-12-28T04:48:11,Customs released,Completed,Forwarder,Marseille-Fos,
EVT00132-07,SHP00132,7,2025-12-28T12:07:57,Delivery completed,Completed,Carrier,Marseille Wind Substation Site,
EVT00133-01,SHP00133,1,2025-06-27T13:00:00,Booking created,Completed,Forwarder,Puertollano Module Yard,
EVT00133-02,SHP00133,2,2025-07-04T13:19:58,Pickup completed,Completed,Carrier,Puertollano Module Yard,
EVT00133-03,SHP00133,3,2025-07-05T07:35:47,Origin port gate in,Completed,Port terminal,Algeciras,
EVT00133-04,SHP00133,4,2025-07-05T18:59:11,Vessel departed,Completed,Carrier,Algeciras,
EVT00133-05,SHP00133,5,2025-07-09T14:55:49,Customs released,Completed,Forwarder,Rotterdam,
EVT00133-06,SHP00133,6,2025-07-09T16:17:52,Destination port arrival,Completed,Port terminal,Rotterdam,
EVT00133-07,SHP00133,7,2025-07-10T16:55:13,Delivery completed,Completed,Carrier,Rotterdam Consolidation Hub,
EVT00134-01,SHP00134,1,2025-07-11T11:00:00,Booking created,Completed,Forwarder,Rotterdam Consolidation Hub,
EVT00134-02,SHP00134,2,2025-07-21T10:57:34,Pickup completed,Completed,Carrier,Rotterdam Consolidation Hub,
EVT00134-03,SHP00134,3,2025-07-21T16:13:48,Origin port gate in,Completed,Port terminal,Rotterdam,
EVT00134-04,SHP00134,4,2025-07-21T19:19:58,Vessel departed,Completed,Carrier,Rotterdam,
EVT00134-05,SHP00134,5,2025-07-27T00:46:37,Destination port arrival,Completed,Port terminal,Casablanca,
EVT00134-06,SHP00134,6,2025-07-27T06:11:55,Customs released,Completed,Forwarder,Casablanca,
EVT00134-07,SHP00134,7,2025-07-27T17:40:43,Delivery completed,Completed,Carrier,Casablanca Desalination Site,
EVT00135-01,SHP00135,1,2024-01-05T08:00:00,Booking created,Completed,Forwarder,Antwerp EPC Supplier Yard,
EVT00135-02,SHP00135,2,2024-01-10T09:12:32,Pickup completed,Completed,Carrier,Antwerp EPC Supplier Yard,
EVT00135-03,SHP00135,3,2024-01-10T16:17:07,Origin port gate in,Completed,Port terminal,Antwerp-Bruges,
EVT00135-04,SHP00135,4,2024-01-11T03:42:57,Vessel departed,Completed,Carrier,Antwerp-Bruges,
EVT00135-05,SHP00135,5,2024-01-14T07:25:21,Customs released,Completed,Forwarder,Valencia,
EVT00135-06,SHP00135,6,2024-01-14T09:56:03,Destination port arrival,Completed,Port terminal,Valencia,
EVT00135-07,SHP00135,7,2024-01-15T04:10:54,Delivery completed,Completed,Carrier,Zaragoza Distribution Hub,
EVT00136-01,SHP00136,1,2025-08-11T07:00:00,Booking created,Completed,Forwarder,Bilbao Steel Fabricator,
EVT00136-02,SHP00136,2,2025-08-25T08:10:52,Pickup completed,Completed,Carrier,Bilbao Steel Fabricator,
EVT00136-03,SHP00136,3,2025-08-25T16:52:44,Origin port gate in,Completed,Port terminal,Bilbao,
EVT00136-04,SHP00136,4,2025-08-26T02:33:18,Vessel departed,Completed,Carrier,Bilbao,
EVT00136-05,SHP00136,5,2025-08-28T18:09:38,Destination port arrival,Completed,Port terminal,Casablanca,
EVT00136-06,SHP00136,6,2025-08-28T18:59:55,Customs released,Completed,Forwarder,Casablanca,
EVT00136-07,SHP00136,7,2025-08-29T12:22:00,Delivery completed,Completed,Carrier,Casablanca Desalination Site,
EVT00137-01,SHP00137,1,2025-01-27T09:00:00,Booking created,Completed,Forwarder,Tarragona Equipment Vendor,
EVT00137-02,SHP00137,2,2025-01-31T11:02:09,Pickup completed,Completed,Carrier,Tarragona Equipment Vendor,
EVT00137-03,SHP00137,3,2025-02-01T21:47:23,Origin port gate in,Completed,Port terminal,Barcelona,
EVT00137-04,SHP00137,4,2025-02-02T04:35:34,Vessel departed,Completed,Carrier,Barcelona,
EVT00137-05,SHP00137,5,2025-02-04T21:19:08,Destination port arrival,Completed,Port terminal,Casablanca,
EVT00137-06,SHP00137,6,2025-02-05T01:08:05,Customs released,Completed,Forwarder,Casablanca,
EVT00137-07,SHP00137,7,2025-02-05T06:43:09,Delivery completed,Delayed,Carrier,Casablanca Desalination Site,Carrier capacity
EVT00138-01,SHP00138,1,2025-01-05T10:00:00,Booking created,Completed,Forwarder,Tarragona Equipment Vendor,
EVT00138-02,SHP00138,2,2025-01-19T12:30:44,Pickup completed,Completed,Carrier,Tarragona Equipment Vendor,
EVT00138-03,SHP00138,3,2025-01-19T21:46:57,Origin port gate in,Completed,Port terminal,Barcelona,
EVT00138-04,SHP00138,4,2025-01-20T13:07:50,Vessel departed,Completed,Carrier,Barcelona,
EVT00138-05,SHP00138,5,2025-01-27T10:01:36,Destination port arrival,Completed,Port terminal,Alexandria,
EVT00138-06,SHP00138,6,2025-01-27T15:55:19,Customs released,Completed,Forwarder,Alexandria,
EVT00138-07,SHP00138,7,2025-01-28T14:35:58,Delivery completed,Delayed,Carrier,Alexandria Water Project Site,Documentation issue
EVT00139-01,SHP00139,1,2025-06-29T07:00:00,Booking created,Completed,Forwarder,Cadiz Module Yard,
EVT00139-02,SHP00139,2,2025-07-11T09:17:18,Pickup completed,Completed,Carrier,Cadiz Module Yard,
EVT00139-03,SHP00139,3,2025-07-11T22:25:55,Delivery completed,Completed,Carrier,Sines Energy Project Site,
EVT00140-01,SHP00140,1,2025-04-10T12:00:00,Booking created,Completed,Forwarder,Antwerp EPC Supplier Yard,
EVT00140-02,SHP00140,2,2025-04-23T12:36:08,Pickup completed,Completed,Carrier,Antwerp EPC Supplier Yard,
EVT00140-03,SHP00140,3,2025-04-23T21:32:58,Origin port gate in,Completed,Port terminal,Antwerp-Bruges,
EVT00140-04,SHP00140,4,2025-04-24T15:30:45,Vessel departed,Completed,Carrier,Antwerp-Bruges,
EVT00140-05,SHP00140,5,2025-04-29T19:38:39,Destination port arrival,Completed,Port terminal,Casablanca,
EVT00140-06,SHP00140,6,2025-04-30T09:04:43,Customs released,Completed,Forwarder,Casablanca,
EVT00140-07,SHP00140,7,2025-04-30T18:32:59,Delivery completed,Completed,Carrier,Casablanca Desalination Site,
EVT00141-01,SHP00141,1,2025-05-12T10:00:00,Booking created,Completed,Forwarder,Antwerp EPC Supplier Yard,
EVT00141-02,SHP00141,2,2025-05-20T11:55:48,Pickup completed,Completed,Carrier,Antwerp EPC Supplier Yard,
EVT00141-03,SHP00141,3,2025-05-20T14:39:09,Origin port gate in,Completed,Port terminal,Antwerp-Bruges,
EVT00141-04,SHP00141,4,2025-05-20T19:48:08,Vessel departed,Completed,Carrier,Antwerp-Bruges,
EVT00141-05,SHP00141,5,2025-05-29T08:22:14,Destination port arrival,Completed,Port terminal,Dammam,
EVT00141-06,SHP00141,6,2025-05-29T22:04:25,Customs released,Completed,Forwarder,Dammam,
EVT00141-07,SHP00141,7,2025-05-30T06:21:10,Delivery completed,Completed,Carrier,Dammam Gas Project Site,
EVT00142-01,SHP00142,1,2025-08-03T12:00:00,Booking created,Completed,Forwarder,Milan Valve Plant,
EVT00142-02,SHP00142,2,2025-08-12T12:45:31,Pickup completed,Completed,Carrier,Milan Valve Plant,
EVT00142-03,SHP00142,3,2025-08-13T00:53:47,Origin port gate in,Completed,Port terminal,Genoa,
EVT00142-04,SHP00142,4,2025-08-13T17:10:19,Vessel departed,Completed,Carrier,Genoa,
EVT00142-05,SHP00142,5,2025-08-16T20:14:45,Destination port arrival,Completed,Port terminal,Valencia,
EVT00142-06,SHP00142,6,2025-08-17T00:46:56,Customs released,Completed,Forwarder,Valencia,
EVT00142-07,SHP00142,7,2025-08-17T12:38:11,Delivery completed,Completed,Carrier,Zaragoza Distribution Hub,
EVT00143-01,SHP00143,1,2023-12-25T10:00:00,Booking created,Completed,Forwarder,Antwerp EPC Supplier Yard,
EVT00143-02,SHP00143,2,2024-01-09T09:17:06,Pickup completed,Completed,Carrier,Antwerp EPC Supplier Yard,
EVT00143-03,SHP00143,3,2024-01-09T14:24:17,Origin port gate in,Completed,Port terminal,Antwerp-Bruges,
EVT00143-04,SHP00143,4,2024-01-10T00:23:26,Vessel departed,Completed,Carrier,Antwerp-Bruges,
EVT00143-05,SHP00143,5,2024-01-13T20:24:13,Customs released,Completed,Forwarder,Valencia,
EVT00143-06,SHP00143,6,2024-01-13T22:01:22,Destination port arrival,Completed,Port terminal,Valencia,
EVT00143-07,SHP00143,7,2024-01-15T11:36:08,Delivery completed,Completed,Carrier,Zaragoza Distribution Hub,
EVT00144-01,SHP00144,1,2025-09-08T15:00:00,Booking created,Completed,Forwarder,Bilbao Steel Fabricator,
EVT00144-02,SHP00144,2,2025-09-22T17:11:42,Pickup completed,Completed,Carrier,Bilbao Steel Fabricator,
EVT00144-03,SHP00144,3,2025-09-22T20:08:17,Origin port gate in,Completed,Port terminal,Bilbao,
EVT00144-04,SHP00144,4,2025-09-22T23:38:39,Vessel departed,Completed,Carrier,Bilbao,
EVT00144-05,SHP00144,5,2025-09-25T10:38:24,Destination port arrival,Completed,Port terminal,Marseille-Fos,
EVT00144-06,SHP00144,6,2025-09-26T00:25:50,Customs released,Completed,Forwarder,Marseille-Fos,
EVT00144-07,SHP00144,7,2025-09-26T07:03:55,Delivery completed,Completed,Carrier,Marseille Wind Substation Site,
EVT00145-01,SHP00145,1,2025-06-14T12:00:00,Booking created,Completed,Forwarder,Rotterdam Consolidation Hub,
EVT00145-02,SHP00145,2,2025-06-27T14:51:03,Pickup completed,Completed,Carrier,Rotterdam Consolidation Hub,
EVT00145-03,SHP00145,3,2025-06-27T21:38:28,Origin port gate in,Completed,Port terminal,Rotterdam,
EVT00145-04,SHP00145,4,2025-06-28T06:00:59,Vessel departed,Completed,Carrier,Rotterdam,
EVT00145-05,SHP00145,5,2025-07-02T08:54:14,Destination port arrival,Completed,Port terminal,Marseille-Fos,
EVT00145-06,SHP00145,6,2025-07-02T14:51:45,Customs released,Completed,Forwarder,Marseille-Fos,
EVT00145-07,SHP00145,7,2025-07-03T06:31:12,Delivery completed,Completed,Carrier,Marseille Wind Substation Site,
EVT00146-01,SHP00146,1,2024-10-30T14:00:00,Booking created,Completed,Forwarder,Cadiz Module Yard,
EVT00146-02,SHP00146,2,2024-11-04T16:06:37,Pickup completed,Completed,Carrier,Cadiz Module Yard,
EVT00146-03,SHP00146,3,2024-11-04T22:26:29,Origin port gate in,Completed,Port terminal,Algeciras,
EVT00146-04,SHP00146,4,2024-11-05T01:32:10,Vessel departed,Completed,Carrier,Algeciras,
EVT00146-05,SHP00146,5,2024-11-07T13:48:28,Destination port arrival,Completed,Port terminal,Sines,
EVT00146-06,SHP00146,6,2024-11-07T23:15:42,Customs released,Completed,Forwarder,Sines,
EVT00146-07,SHP00146,7,2024-11-08T12:02:38,Delivery completed,Completed,Carrier,Sines Energy Project Site,
EVT00147-01,SHP00147,1,2025-07-17T12:00:00,Booking created,Completed,Forwarder,Tarragona Equipment Vendor,
EVT00147-02,SHP00147,2,2025-07-22T12:12:05,Pickup completed,Completed,Carrier,Tarragona Equipment Vendor,
EVT00147-03,SHP00147,3,2025-07-22T21:25:17,Origin port gate in,Completed,Port terminal,Barcelona,
EVT00147-04,SHP00147,4,2025-07-23T01:46:05,Vessel departed,Completed,Carrier,Barcelona,
EVT00147-05,SHP00147,5,2025-07-31T13:25:56,Destination port arrival,Completed,Port terminal,Dammam,
EVT00147-06,SHP00147,6,2025-07-31T14:07:19,Customs released,Completed,Forwarder,Dammam,
EVT00147-07,SHP00147,7,2025-08-01T08:00:54,Delivery completed,Delayed,Carrier,Dammam Gas Project Site,Customs hold
EVT00148-01,SHP00148,1,2025-10-10T09:00:00,Booking created,Completed,Forwarder,Tarragona Equipment Vendor,
EVT00148-02,SHP00148,2,2025-10-23T08:46:04,Pickup completed,Completed,Carrier,Tarragona Equipment Vendor,
EVT00148-03,SHP00148,3,2025-10-24T12:02:42,Origin port gate in,Completed,Port terminal,Barcelona,
EVT00148-04,SHP00148,4,2025-10-24T23:22:43,Vessel departed,Completed,Carrier,Barcelona,
EVT00148-05,SHP00148,5,2025-10-27T09:21:21,Destination port arrival,Completed,Port terminal,Marseille-Fos,
EVT00148-06,SHP00148,6,2025-10-27T22:02:12,Customs released,Completed,Forwarder,Marseille-Fos,
EVT00148-07,SHP00148,7,2025-10-28T05:37:05,Delivery completed,Delayed,Carrier,Marseille Wind Substation Site,Carrier capacity
EVT00149-01,SHP00149,1,2025-09-07T14:00:00,Booking created,Completed,Forwarder,Rotterdam Consolidation Hub,
EVT00149-02,SHP00149,2,2025-09-11T13:05:50,Pickup completed,Completed,Carrier,Rotterdam Consolidation Hub,
EVT00149-03,SHP00149,3,2025-09-11T18:41:24,Origin port gate in,Completed,Port terminal,Rotterdam,
EVT00149-04,SHP00149,4,2025-09-12T03:09:50,Vessel departed,Completed,Carrier,Rotterdam,
EVT00149-05,SHP00149,5,2025-09-15T17:41:47,Destination port arrival,Completed,Port terminal,Marseille-Fos,
EVT00149-06,SHP00149,6,2025-09-16T05:50:30,Customs released,Completed,Forwarder,Marseille-Fos,
EVT00149-07,SHP00149,7,2025-09-16T19:09:35,Delivery completed,Completed,Carrier,Marseille Wind Substation Site,
EVT00150-01,SHP00150,1,2025-01-29T10:00:00,Booking created,Completed,Forwarder,Tarragona Equipment Vendor,
EVT00150-02,SHP00150,2,2025-02-03T10:59:36,Pickup completed,Completed,Carrier,Tarragona Equipment Vendor,
EVT00150-03,SHP00150,3,2025-02-03T18:35:47,Origin port gate in,Completed,Port terminal,Barcelona,
EVT00150-04,SHP00150,4,2025-02-04T04:28:10,Vessel departed,Completed,Carrier,Barcelona,
EVT00150-05,SHP00150,5,2025-02-06T17:22:15,Destination port arrival,Completed,Port terminal,Marseille-Fos,
EVT00150-06,SHP00150,6,2025-02-07T01:26:26,Customs released,Completed,Forwarder,Marseille-Fos,
EVT00150-07,SHP00150,7,2025-02-07T08:29:28,Delivery completed,Completed,Carrier,Marseille Wind Substation Site,
EVT00151-01,SHP00151,1,2025-07-10T11:00:00,Booking created,Completed,Forwarder,Milan Valve Plant,
EVT00151-02,SHP00151,2,2025-07-22T13:03:39,Pickup completed,Completed,Carrier,Milan Valve Plant,
EVT00151-03,SHP00151,3,2025-07-23T00:10:37,Origin port gate in,Completed,Port terminal,Genoa,
EVT00151-04,SHP00151,4,2025-07-23T05:01:03,Vessel departed,Completed,Carrier,Genoa,
EVT00151-05,SHP00151,5,2025-07-31T00:39:15,Destination port arrival,Completed,Port terminal,Dammam,
EVT00151-06,SHP00151,6,2025-07-31T00:55:53,Customs released,Completed,Forwarder,Dammam,
EVT00151-07,SHP00151,7,2025-07-31T07:33:32,Delivery completed,Completed,Carrier,Dammam Gas Project Site,
EVT00152-01,SHP00152,1,2024-02-05T09:00:00,Booking created,Completed,Forwarder,Bilbao Steel Fabricator,
EVT00152-02,SHP00152,2,2024-02-20T11:31:05,Pickup completed,Completed,Carrier,Bilbao Steel Fabricator,
EVT00152-03,SHP00152,3,2024-02-20T18:13:17,Delivery completed,Completed,Carrier,Zaragoza Distribution Hub,
EVT00153-01,SHP00153,1,2024-02-19T14:00:00,Booking created,Completed,Forwarder,Bilbao Steel Fabricator,
EVT00153-02,SHP00153,2,2024-02-27T14:40:58,Pickup completed,Completed,Carrier,Bilbao Steel Fabricator,
EVT00153-03,SHP00153,3,2024-02-28T01:42:49,Delivery completed,Completed,Carrier,Zaragoza Distribution Hub,
EVT00154-01,SHP00154,1,2025-09-14T09:00:00,Booking created,Completed,Forwarder,Bilbao Steel Fabricator,
EVT00154-02,SHP00154,2,2025-09-26T11:00:45,Pickup completed,Completed,Carrier,Bilbao Steel Fabricator,
EVT00154-03,SHP00154,3,2025-09-27T00:19:33,Delivery completed,Completed,Carrier,Zaragoza Distribution Hub,
EVT00155-01,SHP00155,1,2024-04-07T10:00:00,Booking created,Completed,Forwarder,Valencia Export Depot,
EVT00155-02,SHP00155,2,2024-04-22T12:12:59,Pickup completed,Completed,Carrier,Valencia Export Depot,
EVT00155-03,SHP00155,3,2024-04-22T18:45:05,Origin port gate in,Completed,Port terminal,Valencia,
EVT00155-04,SHP00155,4,2024-04-23T03:19:13,Vessel departed,Completed,Carrier,Valencia,
EVT00155-05,SHP00155,5,2024-04-25T23:33:32,Destination port arrival,Completed,Port terminal,Casablanca,
EVT00155-06,SHP00155,6,2024-04-26T11:53:43,Customs released,Completed,Forwarder,Casablanca,
EVT00155-07,SHP00155,7,2024-04-27T08:06:35,Delivery completed,Delayed,Carrier,Casablanca Desalination Site,Port congestion
EVT00156-01,SHP00156,1,2024-11-04T08:00:00,Booking created,Completed,Forwarder,Bilbao Steel Fabricator,
EVT00156-02,SHP00156,2,2024-11-10T07:39:29,Pickup completed,Completed,Carrier,Bilbao Steel Fabricator,
EVT00156-03,SHP00156,3,2024-11-10T16:07:37,Origin port gate in,Completed,Port terminal,Bilbao,
EVT00156-04,SHP00156,4,2024-11-11T02:22:29,Vessel departed,Completed,Carrier,Bilbao,
EVT00156-05,SHP00156,5,2024-11-19T14:39:28,Destination port arrival,Completed,Port terminal,Dammam,
EVT00156-06,SHP00156,6,2024-11-19T23:50:02,Customs released,Completed,Forwarder,Dammam,
EVT00156-07,SHP00156,7,2024-11-20T12:28:42,Delivery completed,Completed,Carrier,Dammam Gas Project Site,
EVT00157-01,SHP00157,1,2025-10-07T12:00:00,Booking created,Completed,Forwarder,Rotterdam Consolidation Hub,
EVT00157-02,SHP00157,2,2025-10-20T14:14:36,Pickup completed,Completed,Carrier,Rotterdam Consolidation Hub,
EVT00157-03,SHP00157,3,2025-10-21T20:20:40,Delivery completed,Completed,Carrier,Marseille Wind Substation Site,
EVT00158-01,SHP00158,1,2024-06-04T08:00:00,Booking created,Completed,Forwarder,Cadiz Module Yard,
EVT00158-02,SHP00158,2,2024-06-16T08:58:04,Pickup completed,Completed,Carrier,Cadiz Module Yard,
EVT00158-03,SHP00158,3,2024-06-17T13:06:06,Origin port gate in,Completed,Port terminal,Algeciras,
EVT00158-04,SHP00158,4,2024-06-17T19:18:50,Vessel departed,Completed,Carrier,Algeciras,
EVT00158-05,SHP00158,5,2024-06-20T10:02:06,Destination port arrival,Completed,Port terminal,Sines,
EVT00158-06,SHP00158,6,2024-06-20T10:52:01,Customs released,Completed,Forwarder,Sines,
EVT00158-07,SHP00158,7,2024-06-21T00:29:14,Delivery completed,Completed,Carrier,Sines Energy Project Site,
EVT00159-01,SHP00159,1,2025-09-23T08:00:00,Booking created,Completed,Forwarder,Milan Valve Plant,
EVT00159-02,SHP00159,2,2025-10-06T09:28:35,Pickup completed,Completed,Carrier,Milan Valve Plant,
EVT00159-03,SHP00159,3,2025-10-06T19:57:11,Origin port gate in,Completed,Port terminal,Genoa,
EVT00159-04,SHP00159,4,2025-10-07T13:49:16,Vessel departed,Completed,Carrier,Genoa,
EVT00159-05,SHP00159,5,2025-10-11T19:44:42,Destination port arrival,Completed,Port terminal,Alexandria,
EVT00159-06,SHP00159,6,2025-10-11T22:07:31,Customs released,Completed,Forwarder,Alexandria,
EVT00159-07,SHP00159,7,2025-10-12T14:10:25,Delivery completed,Completed,Carrier,Alexandria Water Project Site,
EVT00160-01,SHP00160,1,2024-03-27T15:00:00,Booking created,Completed,Forwarder,Cadiz Module Yard,
EVT00160-02,SHP00160,2,2024-04-11T14:18:53,Pickup completed,Completed,Carrier,Cadiz Module Yard,
EVT00160-03,SHP00160,3,2024-04-11T22:31:57,Origin port gate in,Completed,Port terminal,Algeciras,
EVT00160-04,SHP00160,4,2024-04-12T14:17:59,Vessel departed,Completed,Carrier,Algeciras,
EVT00160-05,SHP00160,5,2024-04-15T07:50:11,Customs released,Completed,Forwarder,Casablanca,
EVT00160-06,SHP00160,6,2024-04-15T07:55:24,Destination port arrival,Completed,Port terminal,Casablanca,
EVT00160-07,SHP00160,7,2024-04-16T21:18:27,Delivery completed,Delayed,Carrier,Casablanca Desalination Site,Road permit delay
EVT00161-01,SHP00161,1,2024-12-01T13:00:00,Booking created,Completed,Forwarder,Bilbao Steel Fabricator,
EVT00161-02,SHP00161,2,2024-12-11T14:12:04,Pickup completed,Completed,Carrier,Bilbao Steel Fabricator,
EVT00161-03,SHP00161,3,2024-12-11T19:34:40,Origin port gate in,Completed,Port terminal,Bilbao,
EVT00161-04,SHP00161,4,2024-12-12T08:09:50,Vessel departed,Completed,Carrier,Bilbao,
EVT00161-05,SHP00161,5,2024-12-20T15:38:27,Destination port arrival,Completed,Port terminal,Dammam,
EVT00161-06,SHP00161,6,2024-12-20T21:08:42,Customs released,Completed,Forwarder,Dammam,
EVT00161-07,SHP00161,7,2024-12-21T12:11:59,Delivery completed,Completed,Carrier,Dammam Gas Project Site,
EVT00162-01,SHP00162,1,2024-11-24T11:00:00,Booking created,Completed,Forwarder,Antwerp EPC Supplier Yard,
EVT00162-02,SHP00162,2,2024-12-09T11:33:57,Pickup completed,Completed,Carrier,Antwerp EPC Supplier Yard,
EVT00162-03,SHP00162,3,2024-12-09T14:22:03,Origin port gate in,Completed,Port terminal,Antwerp-Bruges,
EVT00162-04,SHP00162,4,2024-12-09T23:08:02,Vessel departed,Completed,Carrier,Antwerp-Bruges,
EVT00162-05,SHP00162,5,2024-12-14T09:24:17,Destination port arrival,Completed,Port terminal,Casablanca,
EVT00162-06,SHP00162,6,2024-12-14T09:40:34,Customs released,Completed,Forwarder,Casablanca,
EVT00162-07,SHP00162,7,2024-12-14T23:29:48,Delivery completed,Completed,Carrier,Casablanca Desalination Site,
EVT00163-01,SHP00163,1,2025-11-10T08:00:00,Booking created,Completed,Forwarder,Antwerp EPC Supplier Yard,
EVT00163-02,SHP00163,2,2025-11-17T09:23:27,Pickup completed,Completed,Carrier,Antwerp EPC Supplier Yard,
EVT00163-03,SHP00163,3,2025-11-17T14:09:15,Origin port gate in,Completed,Port terminal,Antwerp-Bruges,
EVT00163-04,SHP00163,4,2025-11-18T05:55:08,Vessel departed,Completed,Carrier,Antwerp-Bruges,
EVT00163-05,SHP00163,5,2025-11-27T20:34:32,Destination port arrival,Completed,Port terminal,Dammam,
EVT00163-06,SHP00163,6,2025-11-27T21:34:52,Customs released,Completed,Forwarder,Dammam,
EVT00163-07,SHP00163,7,2025-11-28T12:38:00,Delivery completed,Completed,Carrier,Dammam Gas Project Site,
EVT00164-01,SHP00164,1,2024-12-30T15:00:00,Booking created,Completed,Forwarder,Rotterdam Consolidation Hub,
EVT00164-02,SHP00164,2,2025-01-10T14:23:21,Pickup completed,Completed,Carrier,Rotterdam Consolidation Hub,
EVT00164-03,SHP00164,3,2025-01-10T17:46:22,Origin port gate in,Completed,Port terminal,Rotterdam,
EVT00164-04,SHP00164,4,2025-01-11T05:54:57,Vessel departed,Completed,Carrier,Rotterdam,
EVT00164-05,SHP00164,5,2025-01-17T06:05:46,Destination port arrival,Completed,Port terminal,Alexandria,
EVT00164-06,SHP00164,6,2025-01-17T12:34:35,Customs released,Completed,Forwarder,Alexandria,
EVT00164-07,SHP00164,7,2025-01-18T04:06:32,Delivery completed,Completed,Carrier,Alexandria Water Project Site,
EVT00165-01,SHP00165,1,2024-03-22T15:00:00,Booking created,Completed,Forwarder,Valencia Export Depot,
EVT00165-02,SHP00165,2,2024-04-02T15:36:31,Pickup completed,Completed,Carrier,Valencia Export Depot,
EVT00165-03,SHP00165,3,2024-04-03T03:46:05,Origin port gate in,Completed,Port terminal,Valencia,
EVT00165-04,SHP00165,4,2024-04-03T13:15:59,Vessel departed,Completed,Carrier,Valencia,
EVT00165-05,SHP00165,5,2024-04-07T18:10:20,Destination port arrival,Completed,Port terminal,Rotterdam,
EVT00165-06,SHP00165,6,2024-04-07T18:43:45,Customs released,Completed,Forwarder,Rotterdam,
EVT00165-07,SHP00165,7,2024-04-08T04:24:54,Delivery completed,Completed,Carrier,Rotterdam Consolidation Hub,
EVT00166-01,SHP00166,1,2025-07-09T09:00:00,Booking created,Completed,Forwarder,Antwerp EPC Supplier Yard,
EVT00166-02,SHP00166,2,2025-07-21T09:04:10,Pickup completed,Completed,Carrier,Antwerp EPC Supplier Yard,
EVT00166-03,SHP00166,3,2025-07-21T14:12:38,Origin port gate in,Completed,Port terminal,Antwerp-Bruges,
EVT00166-04,SHP00166,4,2025-07-22T01:00:33,Vessel departed,Completed,Carrier,Antwerp-Bruges,
EVT00166-05,SHP00166,5,2025-07-28T04:36:34,Destination port arrival,Completed,Port terminal,Alexandria,
EVT00166-06,SHP00166,6,2025-07-28T11:51:18,Customs released,Completed,Forwarder,Alexandria,
EVT00166-07,SHP00166,7,2025-07-29T19:59:59,Delivery completed,Completed,Carrier,Alexandria Water Project Site,
EVT00167-01,SHP00167,1,2024-01-26T15:00:00,Booking created,Completed,Forwarder,Zaragoza Distribution Hub,
EVT00167-02,SHP00167,2,2024-01-30T14:31:45,Pickup completed,Completed,Carrier,Zaragoza Distribution Hub,
EVT00167-03,SHP00167,3,2024-01-31T19:12:41,Delivery completed,Completed,Carrier,Sines Energy Project Site,
EVT00168-01,SHP00168,1,2025-01-27T12:00:00,Booking created,Completed,Forwarder,Lyon Fabrication Partner,
EVT00168-02,SHP00168,2,2025-01-31T11:04:06,Pickup completed,Completed,Carrier,Lyon Fabrication Partner,
EVT00168-03,SHP00168,3,2025-01-31T22:51:33,Origin port gate in,Completed,Port terminal,Marseille-Fos,
EVT00168-04,SHP00168,4,2025-02-01T06:04:46,Vessel departed,Completed,Carrier,Marseille-Fos,
EVT00168-05,SHP00168,5,2025-02-04T11:04:57,Destination port arrival,Completed,Port terminal,Casablanca,
EVT00168-06,SHP00168,6,2025-02-04T23:46:30,Customs released,Completed,Forwarder,Casablanca,
EVT00168-07,SHP00168,7,2025-02-06T17:04:23,Delivery completed,Delayed,Carrier,Casablanca Desalination Site,Weather disruption
EVT00169-01,SHP00169,1,2025-07-13T10:00:00,Booking created,Completed,Forwarder,Tarragona Equipment Vendor,
EVT00169-02,SHP00169,2,2025-07-21T11:04:05,Pickup completed,Completed,Carrier,Tarragona Equipment Vendor,
EVT00169-03,SHP00169,3,2025-07-21T14:41:52,Origin port gate in,Completed,Port terminal,Barcelona,
EVT00169-04,SHP00169,4,2025-07-22T02:29:56,Vessel departed,Completed,Carrier,Barcelona,
EVT00169-05,SHP00169,5,2025-07-27T18:11:48,Destination port arrival,Completed,Port terminal,Alexandria,
EVT00169-06,SHP00169,6,2025-07-28T01:17:37,Customs released,Completed,Forwarder,Alexandria,
EVT00169-07,SHP00169,7,2025-07-28T17:58:10,Delivery completed,Completed,Carrier,Alexandria Water Project Site,
EVT00170-01,SHP00170,1,2024-10-29T13:00:00,Booking created,Completed,Forwarder,Milan Valve Plant,
EVT00170-02,SHP00170,2,2024-11-07T12:33:13,Pickup completed,Completed,Carrier,Milan Valve Plant,
EVT00170-03,SHP00170,3,2024-11-07T23:07:37,Origin port gate in,Completed,Port terminal,Genoa,
EVT00170-04,SHP00170,4,2024-11-08T06:06:03,Vessel departed,Completed,Carrier,Genoa,
EVT00170-05,SHP00170,5,2024-11-12T17:35:59,Destination port arrival,Completed,Port terminal,Alexandria,
EVT00170-06,SHP00170,6,2024-11-13T06:51:24,Customs released,Completed,Forwarder,Alexandria,
EVT00170-07,SHP00170,7,2024-11-13T21:54:31,Delivery completed,Completed,Carrier,Alexandria Water Project Site,
EVT00171-01,SHP00171,1,2024-03-23T12:00:00,Booking created,Completed,Forwarder,Antwerp EPC Supplier Yard,
EVT00171-02,SHP00171,2,2024-04-02T11:56:12,Pickup completed,Completed,Carrier,Antwerp EPC Supplier Yard,
EVT00171-03,SHP00171,3,2024-04-02T18:14:22,Origin port gate in,Completed,Port terminal,Antwerp-Bruges,
EVT00171-04,SHP00171,4,2024-04-03T06:21:37,Vessel departed,Completed,Carrier,Antwerp-Bruges,
EVT00171-05,SHP00171,5,2024-04-06T14:50:27,Destination port arrival,Completed,Port terminal,Sines,
EVT00171-06,SHP00171,6,2024-04-06T22:55:29,Customs released,Completed,Forwarder,Sines,
EVT00171-07,SHP00171,7,2024-04-07T08:29:33,Delivery completed,Completed,Carrier,Sines Energy Project Site,
EVT00172-01,SHP00172,1,2025-09-10T13:00:00,Booking created,Completed,Forwarder,Milan Valve Plant,
EVT00172-02,SHP00172,2,2025-09-24T12:01:08,Pickup completed,Completed,Carrier,Milan Valve Plant,
EVT00172-03,SHP00172,3,2025-09-25T12:19:22,Origin port gate in,Completed,Port terminal,Genoa,
EVT00172-04,SHP00172,4,2025-09-26T04:48:06,Vessel departed,Completed,Carrier,Genoa,
EVT00172-05,SHP00172,5,2025-10-05T02:19:11,Destination port arrival,Completed,Port terminal,Dammam,
EVT00172-06,SHP00172,6,2025-10-05T11:22:02,Customs released,Completed,Forwarder,Dammam,
EVT00172-07,SHP00172,7,2025-10-05T22:45:32,Delivery completed,Delayed,Carrier,Dammam Gas Project Site,Customs hold
EVT00173-01,SHP00173,1,2024-11-28T13:00:00,Booking created,Completed,Forwarder,Cadiz Module Yard,
EVT00173-02,SHP00173,2,2024-12-04T13:23:46,Pickup completed,Completed,Carrier,Cadiz Module Yard,
EVT00173-03,SHP00173,3,2024-12-04T20:17:09,Origin port gate in,Completed,Port terminal,Algeciras,
EVT00173-04,SHP00173,4,2024-12-05T08:21:13,Vessel departed,Completed,Carrier,Algeciras,
EVT00173-05,SHP00173,5,2024-12-14T12:10:20,Destination port arrival,Completed,Port terminal,Dammam,
EVT00173-06,SHP00173,6,2024-12-14T21:27:43,Customs released,Completed,Forwarder,Dammam,
EVT00173-07,SHP00173,7,2024-12-15T08:58:47,Delivery completed,Delayed,Carrier,Dammam Gas Project Site,None
EVT00174-01,SHP00174,1,2025-06-02T07:00:00,Booking created,Completed,Forwarder,Zaragoza Distribution Hub,
EVT00174-02,SHP00174,2,2025-06-17T09:12:48,Pickup completed,Completed,Carrier,Zaragoza Distribution Hub,
EVT00174-03,SHP00174,3,2025-06-17T23:52:48,Origin port gate in,Completed,Port terminal,Valencia,
EVT00174-04,SHP00174,4,2025-06-18T05:36:23,Vessel departed,Completed,Carrier,Valencia,
EVT00174-05,SHP00174,5,2025-06-20T19:55:46,Destination port arrival,Completed,Port terminal,Marseille-Fos,
EVT00174-06,SHP00174,6,2025-06-21T02:57:30,Customs released,Completed,Forwarder,Marseille-Fos,
EVT00174-07,SHP00174,7,2025-06-21T15:59:17,Delivery completed,Completed,Carrier,Marseille Wind Substation Site,
EVT00175-01,SHP00175,1,2024-05-29T10:00:00,Booking created,Completed,Forwarder,Puertollano Module Yard,
EVT00175-02,SHP00175,2,2024-06-10T09:11:36,Pickup completed,Completed,Carrier,Puertollano Module Yard,
EVT00175-03,SHP00175,3,2024-06-11T02:13:31,Origin port gate in,Completed,Port terminal,Algeciras,
EVT00175-04,SHP00175,4,2024-06-11T05:17:45,Vessel departed,Completed,Carrier,Algeciras,
EVT00175-05,SHP00175,5,2024-06-15T00:57:42,Destination port arrival,Completed,Port terminal,Valencia,
EVT00175-06,SHP00175,6,2024-06-15T01:06:08,Customs released,Completed,Forwarder,Valencia,
EVT00175-07,SHP00175,7,2024-06-16T09:27:37,Delivery completed,Completed,Carrier,Zaragoza Distribution Hub,
EVT00176-01,SHP00176,1,2025-09-16T11:00:00,Booking created,Completed,Forwarder,Rotterdam Consolidation Hub,
EVT00176-02,SHP00176,2,2025-09-30T12:16:57,Pickup completed,Completed,Carrier,Rotterdam Consolidation Hub,
EVT00176-03,SHP00176,3,2025-10-01T00:27:34,Origin port gate in,Completed,Port terminal,Rotterdam,
EVT00176-04,SHP00176,4,2025-10-01T11:45:32,Vessel departed,Completed,Carrier,Rotterdam,
EVT00176-05,SHP00176,5,2025-10-06T18:50:38,Customs released,Completed,Forwarder,Casablanca,
EVT00176-06,SHP00176,6,2025-10-06T23:10:22,Destination port arrival,Completed,Port terminal,Casablanca,
EVT00176-07,SHP00176,7,2025-10-07T20:57:06,Delivery completed,Completed,Carrier,Casablanca Desalination Site,
EVT00177-01,SHP00177,1,2025-08-21T09:00:00,Booking created,Completed,Forwarder,Puertollano Module Yard,
EVT00177-02,SHP00177,2,2025-09-05T09:22:32,Pickup completed,Completed,Carrier,Puertollano Module Yard,
EVT00177-03,SHP00177,3,2025-09-05T23:24:45,Origin port gate in,Completed,Port terminal,Algeciras,
EVT00177-04,SHP00177,4,2025-09-06T06:41:00,Vessel departed,Completed,Carrier,Algeciras,
EVT00177-05,SHP00177,5,2025-09-08T19:51:03,Destination port arrival,Completed,Port terminal,Casablanca,
EVT00177-06,SHP00177,6,2025-09-09T09:58:26,Customs released,Completed,Forwarder,Casablanca,
EVT00177-07,SHP00177,7,2025-09-10T10:31:47,Delivery completed,Completed,Carrier,Casablanca Desalination Site,
EVT00178-01,SHP00178,1,2024-08-16T14:00:00,Booking created,Completed,Forwarder,Madrid Cross Dock,
EVT00178-02,SHP00178,2,2024-08-20T14:02:34,Pickup completed,Completed,Carrier,Madrid Cross Dock,
EVT00178-03,SHP00178,3,2024-08-21T06:32:24,Origin port gate in,Completed,Port terminal,Valencia,
EVT00178-04,SHP00178,4,2024-08-21T17:31:12,Vessel departed,Completed,Carrier,Valencia,
EVT00178-05,SHP00178,5,2024-08-23T16:01:31,Destination port arrival,Completed,Port terminal,Marseille-Fos,
EVT00178-06,SHP00178,6,2024-08-24T02:40:41,Customs released,Completed,Forwarder,Marseille-Fos,
EVT00178-07,SHP00178,7,2024-08-24T19:11:46,Delivery completed,Completed,Carrier,Marseille Wind Substation Site,
EVT00179-01,SHP00179,1,2024-12-21T08:00:00,Booking created,Completed,Forwarder,Bilbao Steel Fabricator,
EVT00179-02,SHP00179,2,2024-12-25T07:26:18,Pickup completed,Completed,Carrier,Bilbao Steel Fabricator,
EVT00179-03,SHP00179,3,2024-12-26T05:55:53,Origin port gate in,Completed,Port terminal,Bilbao,
EVT00179-04,SHP00179,4,2024-12-26T09:49:14,Vessel departed,Completed,Carrier,Bilbao,
EVT00179-05,SHP00179,5,2025-01-05T10:55:51,Destination port arrival,Completed,Port terminal,Dammam,
EVT00179-06,SHP00179,6,2025-01-06T00:42:12,Customs released,Completed,Forwarder,Dammam,
EVT00179-07,SHP00179,7,2025-01-06T06:52:38,Delivery completed,Completed,Carrier,Dammam Gas Project Site,
EVT00180-01,SHP00180,1,2024-10-14T13:00:00,Booking created,Completed,Forwarder,Zaragoza Distribution Hub,
EVT00180-02,SHP00180,2,2024-10-29T15:01:42,Pickup completed,Completed,Carrier,Zaragoza Distribution Hub,
EVT00180-03,SHP00180,3,2024-10-30T06:34:08,Origin port gate in,Completed,Port terminal,Valencia,
EVT00180-04,SHP00180,4,2024-10-30T21:02:13,Vessel departed,Completed,Carrier,Valencia,
EVT00180-05,SHP00180,5,2024-11-02T12:46:12,Destination port arrival,Completed,Port terminal,Marseille-Fos,
EVT00180-06,SHP00180,6,2024-11-02T16:22:54,Customs released,Completed,Forwarder,Marseille-Fos,
EVT00180-07,SHP00180,7,2024-11-03T03:58:32,Delivery completed,Completed,Carrier,Marseille Wind Substation Site,
EVT00181-01,SHP00181,1,2024-02-01T09:00:00,Booking created,Completed,Forwarder,Antwerp EPC Supplier Yard,
EVT00181-02,SHP00181,2,2024-02-06T11:28:18,Pickup completed,Completed,Carrier,Antwerp EPC Supplier Yard,
EVT00181-03,SHP00181,3,2024-02-06T16:57:35,Origin port gate in,Completed,Port terminal,Antwerp-Bruges,
EVT00181-04,SHP00181,4,2024-02-07T10:18:57,Vessel departed,Completed,Carrier,Antwerp-Bruges,
EVT00181-05,SHP00181,5,2024-02-11T11:30:40,Destination port arrival,Completed,Port terminal,Sines,
EVT00181-06,SHP00181,6,2024-02-11T18:28:06,Customs released,Completed,Forwarder,Sines,
EVT00181-07,SHP00181,7,2024-02-12T07:25:23,Delivery completed,Completed,Carrier,Sines Energy Project Site,
EVT00182-01,SHP00182,1,2024-02-23T12:00:00,Booking created,Completed,Forwarder,Tarragona Equipment Vendor,
EVT00182-02,SHP00182,2,2024-02-28T12:42:05,Pickup completed,Completed,Carrier,Tarragona Equipment Vendor,
EVT00182-03,SHP00182,3,2024-02-28T20:02:05,Origin port gate in,Completed,Port terminal,Barcelona,
EVT00182-04,SHP00182,4,2024-02-29T00:10:17,Vessel departed,Completed,Carrier,Barcelona,
EVT00182-05,SHP00182,5,2024-03-03T05:35:20,Destination port arrival,Completed,Port terminal,Sines,
EVT00182-06,SHP00182,6,2024-03-03T08:13:45,Customs released,Completed,Forwarder,Sines,
EVT00182-07,SHP00182,7,2024-03-03T16:37:24,Delivery completed,Completed,Carrier,Sines Energy Project Site,
EVT00183-01,SHP00183,1,2025-02-07T07:00:00,Booking created,Completed,Forwarder,Milan Valve Plant,
EVT00183-02,SHP00183,2,2025-02-17T07:21:17,Pickup completed,Completed,Carrier,Milan Valve Plant,
EVT00183-03,SHP00183,3,2025-02-17T15:33:14,Origin port gate in,Completed,Port terminal,Genoa,
EVT00183-04,SHP00183,4,2025-02-18T08:00:45,Vessel departed,Completed,Carrier,Genoa,
EVT00183-05,SHP00183,5,2025-02-23T15:57:08,Destination port arrival,Completed,Port terminal,Alexandria,
EVT00183-06,SHP00183,6,2025-02-23T21:20:26,Customs released,Completed,Forwarder,Alexandria,
EVT00183-07,SHP00183,7,2025-02-24T07:47:42,Delivery completed,Completed,Carrier,Alexandria Water Project Site,
EVT00184-01,SHP00184,1,2025-02-17T08:00:00,Booking created,Completed,Forwarder,Bilbao Steel Fabricator,
EVT00184-02,SHP00184,2,2025-02-28T10:41:11,Pickup completed,Completed,Carrier,Bilbao Steel Fabricator,
EVT00184-03,SHP00184,3,2025-02-28T14:05:49,Origin port gate in,Completed,Port terminal,Bilbao,
EVT00184-04,SHP00184,4,2025-02-28T21:52:32,Vessel departed,Completed,Carrier,Bilbao,
EVT00184-05,SHP00184,5,2025-03-03T08:26:55,Destination port arrival,Completed,Port terminal,Valencia,
EVT00184-06,SHP00184,6,2025-03-03T09:20:21,Customs released,Completed,Forwarder,Valencia,
EVT00184-07,SHP00184,7,2025-03-04T04:20:52,Delivery completed,Completed,Carrier,Zaragoza Distribution Hub,
EVT00185-01,SHP00185,1,2025-08-06T07:00:00,Booking created,Completed,Forwarder,Bilbao Steel Fabricator,
EVT00185-02,SHP00185,2,2025-08-12T08:19:59,Pickup completed,Completed,Carrier,Bilbao Steel Fabricator,
EVT00185-03,SHP00185,3,2025-08-12T15:40:19,Origin port gate in,Completed,Port terminal,Bilbao,
EVT00185-04,SHP00185,4,2025-08-12T21:02:38,Vessel departed,Completed,Carrier,Bilbao,
EVT00185-05,SHP00185,5,2025-08-15T18:42:58,Destination port arrival,Completed,Port terminal,Casablanca,
EVT00185-06,SHP00185,6,2025-08-16T04:24:58,Customs released,Completed,Forwarder,Casablanca,
EVT00185-07,SHP00185,7,2025-08-16T16:34:57,Delivery completed,Completed,Carrier,Casablanca Desalination Site,
EVT00186-01,SHP00186,1,2024-04-21T08:00:00,Booking created,Completed,Forwarder,Antwerp EPC Supplier Yard,
EVT00186-02,SHP00186,2,2024-05-01T08:58:51,Pickup completed,Completed,Carrier,Antwerp EPC Supplier Yard,
EVT00186-03,SHP00186,3,2024-05-01T15:26:20,Origin port gate in,Completed,Port terminal,Antwerp-Bruges,
EVT00186-04,SHP00186,4,2024-05-01T20:31:22,Vessel departed,Completed,Carrier,Antwerp-Bruges,
EVT00186-05,SHP00186,5,2024-05-07T01:40:26,Destination port arrival,Completed,Port terminal,Sines,
EVT00186-06,SHP00186,6,2024-05-07T17:17:27,Customs released,Completed,Forwarder,Sines,
EVT00186-07,SHP00186,7,2024-05-08T05:15:16,Delivery completed,Delayed,Carrier,Sines Energy Project Site,Port congestion
EVT00187-01,SHP00187,1,2023-12-24T13:00:00,Booking created,Completed,Forwarder,Tangier Free Zone DC,
EVT00187-02,SHP00187,2,2024-01-08T14:09:03,Pickup completed,Completed,Carrier,Tangier Free Zone DC,
EVT00187-03,SHP00187,3,2024-01-09T01:20:33,Origin port gate in,Completed,Port terminal,Tanger Med,
EVT00187-04,SHP00187,4,2024-01-09T05:00:43,Vessel departed,Completed,Carrier,Tanger Med,
EVT00187-05,SHP00187,5,2024-01-12T00:48:20,Destination port arrival,Completed,Port terminal,Valencia,
EVT00187-06,SHP00187,6,2024-01-12T06:35:37,Customs released,Completed,Forwarder,Valencia,
EVT00187-07,SHP00187,7,2024-01-13T04:33:56,Delivery completed,Completed,Carrier,Zaragoza Distribution Hub,
EVT00188-01,SHP00188,1,2024-03-17T12:00:00,Booking created,Completed,Forwarder,Rotterdam Consolidation Hub,
EVT00188-02,SHP00188,2,2024-03-27T14:46:47,Pickup completed,Completed,Carrier,Rotterdam Consolidation Hub,
EVT00188-03,SHP00188,3,2024-03-28T00:01:52,Origin port gate in,Completed,Port terminal,Rotterdam,
EVT00188-04,SHP00188,4,2024-03-28T17:56:18,Vessel departed,Completed,Carrier,Rotterdam,
EVT00188-05,SHP00188,5,2024-04-01T05:01:19,Destination port arrival,Completed,Port terminal,Valencia,
EVT00188-06,SHP00188,6,2024-04-01T09:19:01,Customs released,Completed,Forwarder,Valencia,
EVT00188-07,SHP00188,7,2024-04-01T22:04:46,Delivery completed,Completed,Carrier,Zaragoza Distribution Hub,
EVT00189-01,SHP00189,1,2024-10-12T08:00:00,Booking created,Completed,Forwarder,Tarragona Equipment Vendor,
EVT00189-02,SHP00189,2,2024-10-22T07:30:04,Pickup completed,Completed,Carrier,Tarragona Equipment Vendor,
EVT00189-03,SHP00189,3,2024-10-22T17:20:54,Origin port gate in,Completed,Port terminal,Barcelona,
EVT00189-04,SHP00189,4,2024-10-23T00:03:38,Vessel departed,Completed,Carrier,Barcelona,
EVT00189-05,SHP00189,5,2024-10-31T02:11:24,Destination port arrival,Completed,Port terminal,Dammam,
EVT00189-06,SHP00189,6,2024-10-31T02:51:17,Customs released,Completed,Forwarder,Dammam,
EVT00189-07,SHP00189,7,2024-10-31T13:29:24,Delivery completed,Completed,Carrier,Dammam Gas Project Site,
EVT00190-01,SHP00190,1,2025-01-25T10:00:00,Booking created,Completed,Forwarder,Cadiz Module Yard,
EVT00190-02,SHP00190,2,2025-02-05T09:12:12,Pickup completed,Completed,Carrier,Cadiz Module Yard,
EVT00190-03,SHP00190,3,2025-02-05T22:31:37,Origin port gate in,Completed,Port terminal,Algeciras,
EVT00190-04,SHP00190,4,2025-02-06T05:33:47,Vessel departed,Completed,Carrier,Algeciras,
EVT00190-05,SHP00190,5,2025-02-11T05:55:05,Destination port arrival,Completed,Port terminal,Rotterdam,
EVT00190-06,SHP00190,6,2025-02-11T08:18:50,Customs released,Completed,Forwarder,Rotterdam,
EVT00190-07,SHP00190,7,2025-02-11T22:43:24,Delivery completed,Delayed,Carrier,Rotterdam Consolidation Hub,Carrier capacity
EVT00191-01,SHP00191,1,2024-02-21T07:00:00,Booking created,Completed,Forwarder,Milan Valve Plant,
EVT00191-02,SHP00191,2,2024-02-27T08:23:44,Pickup completed,Completed,Carrier,Milan Valve Plant,
EVT00191-03,SHP00191,3,2024-02-27T18:42:40,Origin port gate in,Completed,Port terminal,Genoa,
EVT00191-04,SHP00191,4,2024-02-28T09:40:42,Vessel departed,Completed,Carrier,Genoa,
EVT00191-05,SHP00191,5,2024-03-03T00:58:31,Destination port arrival,Completed,Port terminal,Valencia,
EVT00191-06,SHP00191,6,2024-03-03T15:16:38,Customs released,Completed,Forwarder,Valencia,
EVT00191-07,SHP00191,7,2024-03-04T06:52:49,Delivery completed,Delayed,Carrier,Zaragoza Distribution Hub,Customs hold
EVT00192-01,SHP00192,1,2024-01-15T09:00:00,Booking created,Completed,Forwarder,Madrid Cross Dock,
EVT00192-02,SHP00192,2,2024-01-29T10:56:02,Pickup completed,Completed,Carrier,Madrid Cross Dock,
EVT00192-03,SHP00192,3,2024-01-30T01:12:38,Origin port gate in,Completed,Port terminal,Valencia,
EVT00192-04,SHP00192,4,2024-01-30T10:39:23,Vessel departed,Completed,Carrier,Valencia,
EVT00192-05,SHP00192,5,2024-02-02T03:42:55,Destination port arrival,Completed,Port terminal,Sines,
EVT00192-06,SHP00192,6,2024-02-02T14:44:10,Customs released,Completed,Forwarder,Sines,
EVT00192-07,SHP00192,7,2024-02-02T23:27:59,Delivery completed,Completed,Carrier,Sines Energy Project Site,
EVT00193-01,SHP00193,1,2025-05-16T11:00:00,Booking created,Completed,Forwarder,Valencia Export Depot,
EVT00193-02,SHP00193,2,2025-05-28T11:12:51,Pickup completed,Completed,Carrier,Valencia Export Depot,
EVT00193-03,SHP00193,3,2025-05-28T23:38:44,Origin port gate in,Completed,Port terminal,Valencia,
EVT00193-04,SHP00193,4,2025-05-29T15:35:12,Vessel departed,Completed,Carrier,Valencia,
EVT00193-05,SHP00193,5,2025-06-02T04:25:04,Destination port arrival,Completed,Port terminal,Sines,
EVT00193-06,SHP00193,6,2025-06-02T05:44:54,Customs released,Completed,Forwarder,Sines,
EVT00193-07,SHP00193,7,2025-06-02T18:48:38,Delivery completed,Delayed,Carrier,Sines Energy Project Site,Customs hold
EVT00194-01,SHP00194,1,2025-04-25T15:00:00,Booking created,Completed,Forwarder,Puertollano Module Yard,
EVT00194-02,SHP00194,2,2025-05-08T15:14:11,Pickup completed,Completed,Carrier,Puertollano Module Yard,
EVT00194-03,SHP00194,3,2025-05-09T05:35:35,Origin port gate in,Completed,Port terminal,Algeciras,
EVT00194-04,SHP00194,4,2025-05-09T21:00:22,Vessel departed,Completed,Carrier,Algeciras,
EVT00194-05,SHP00194,5,2025-05-11T09:43:39,Destination port arrival,Completed,Port terminal,Casablanca,
EVT00194-06,SHP00194,6,2025-05-11T11:06:17,Customs released,Completed,Forwarder,Casablanca,
EVT00194-07,SHP00194,7,2025-05-11T22:18:25,Delivery completed,Completed,Carrier,Casablanca Desalination Site,
EVT00195-01,SHP00195,1,2025-06-18T12:00:00,Booking created,Completed,Forwarder,Tarragona Equipment Vendor,
EVT00195-02,SHP00195,2,2025-07-01T14:09:46,Pickup completed,Completed,Carrier,Tarragona Equipment Vendor,
EVT00195-03,SHP00195,3,2025-07-01T23:38:54,Origin port gate in,Completed,Port terminal,Barcelona,
EVT00195-04,SHP00195,4,2025-07-02T05:59:31,Vessel departed,Completed,Carrier,Barcelona,
EVT00195-05,SHP00195,5,2025-07-11T00:35:04,Destination port arrival,Completed,Port terminal,Dammam,
EVT00195-06,SHP00195,6,2025-07-11T08:42:24,Customs released,Completed,Forwarder,Dammam,
EVT00195-07,SHP00195,7,2025-07-11T21:19:53,Delivery completed,Delayed,Carrier,Dammam Gas Project Site,Road permit delay
EVT00196-01,SHP00196,1,2024-06-17T12:00:00,Booking created,Completed,Forwarder,Bilbao Steel Fabricator,
EVT00196-02,SHP00196,2,2024-06-28T11:28:47,Pickup completed,Completed,Carrier,Bilbao Steel Fabricator,
EVT00196-03,SHP00196,3,2024-06-28T22:32:27,Origin port gate in,Completed,Port terminal,Bilbao,
EVT00196-04,SHP00196,4,2024-06-29T04:45:15,Vessel departed,Completed,Carrier,Bilbao,
EVT00196-05,SHP00196,5,2024-07-09T03:21:44,Destination port arrival,Completed,Port terminal,Dammam,
EVT00196-06,SHP00196,6,2024-07-09T03:46:29,Customs released,Completed,Forwarder,Dammam,
EVT00196-07,SHP00196,7,2024-07-10T12:36:58,Delivery completed,Delayed,Carrier,Dammam Gas Project Site,Carrier capacity
EVT00197-01,SHP00197,1,2025-07-14T13:00:00,Booking created,Completed,Forwarder,Tarragona Equipment Vendor,
EVT00197-02,SHP00197,2,2025-07-23T13:25:43,Pickup completed,Completed,Carrier,Tarragona Equipment Vendor,
EVT00197-03,SHP00197,3,2025-07-24T00:12:35,Origin port gate in,Completed,Port terminal,Barcelona,
EVT00197-04,SHP00197,4,2025-07-24T14:35:54,Vessel departed,Completed,Carrier,Barcelona,
EVT00197-05,SHP00197,5,2025-07-30T15:38:09,Customs released,Completed,Forwarder,Alexandria,
EVT00197-06,SHP00197,6,2025-07-30T17:03:55,Destination port arrival,Completed,Port terminal,Alexandria,
EVT00197-07,SHP00197,7,2025-07-31T04:45:47,Delivery completed,Completed,Carrier,Alexandria Water Project Site,
EVT00198-01,SHP00198,1,2024-04-21T08:00:00,Booking created,Completed,Forwarder,Milan Valve Plant,
EVT00198-02,SHP00198,2,2024-04-30T10:46:36,Pickup completed,Completed,Carrier,Milan Valve Plant,
EVT00198-03,SHP00198,3,2024-04-30T15:44:51,Origin port gate in,Completed,Port terminal,Genoa,
EVT00198-04,SHP00198,4,2024-05-01T03:30:21,Vessel departed,Completed,Carrier,Genoa,
EVT00198-05,SHP00198,5,2024-05-04T17:11:36,Customs released,Completed,Forwarder,Rotterdam,
EVT00198-06,SHP00198,6,2024-05-04T17:11:55,Destination port arrival,Completed,Port terminal,Rotterdam,
EVT00198-07,SHP00198,7,2024-05-05T09:26:01,Delivery completed,Delayed,Carrier,Rotterdam Consolidation Hub,Road permit delay
EVT00199-01,SHP00199,1,2024-12-26T13:00:00,Booking created,Completed,Forwarder,Tarragona Equipment Vendor,
EVT00199-02,SHP00199,2,2025-01-07T15:14:46,Pickup completed,Completed,Carrier,Tarragona Equipment Vendor,
EVT00199-03,SHP00199,3,2025-01-08T04:00:09,Origin port gate in,Completed,Port terminal,Barcelona,
EVT00199-04,SHP00199,4,2025-01-08T10:25:02,Vessel departed,Completed,Carrier,Barcelona,
EVT00199-05,SHP00199,5,2025-01-11T21:28:54,Destination port arrival,Completed,Port terminal,Sines,
EVT00199-06,SHP00199,6,2025-01-11T23:18:32,Customs released,Completed,Forwarder,Sines,
EVT00199-07,SHP00199,7,2025-01-12T08:03:18,Delivery completed,Completed,Carrier,Sines Energy Project Site,
EVT00200-01,SHP00200,1,2025-02-20T13:00:00,Booking created,Completed,Forwarder,Antwerp EPC Supplier Yard,
EVT00200-02,SHP00200,2,2025-02-26T14:20:07,Pickup completed,Completed,Carrier,Antwerp EPC Supplier Yard,
EVT00200-03,SHP00200,3,2025-02-27T21:51:20,Origin port gate in,Completed,Port terminal,Antwerp-Bruges,
EVT00200-04,SHP00200,4,2025-02-28T09:29:33,Vessel departed,Completed,Carrier,Antwerp-Bruges,
EVT00200-05,SHP00200,5,2025-03-05T06:33:02,Destination port arrival,Completed,Port terminal,Sines,
EVT00200-06,SHP00200,6,2025-03-05T15:22:47,Customs released,Completed,Forwarder,Sines,
EVT00200-07,SHP00200,7,2025-03-05T23:56:20,Delivery completed,Delayed,Carrier,Sines Energy Project Site,Carrier capacity
EVT00201-01,SHP00201,1,2024-10-21T10:00:00,Booking created,Completed,Forwarder,Valencia Export Depot,
EVT00201-02,SHP00201,2,2024-10-30T12:38:30,Pickup completed,Completed,Carrier,Valencia Export Depot,
EVT00201-03,SHP00201,3,2024-10-31T11:43:24,Origin port gate in,Completed,Port terminal,Valencia,
EVT00201-04,SHP00201,4,2024-10-31T21:30:01,Vessel departed,Completed,Carrier,Valencia,
EVT00201-05,SHP00201,5,2024-11-10T04:08:19,Destination port arrival,Completed,Port terminal,Dammam,
EVT00201-06,SHP00201,6,2024-11-10T09:16:47,Customs released,Completed,Forwarder,Dammam,
EVT00201-07,SHP00201,7,2024-11-10T21:05:19,Delivery completed,Delayed,Carrier,Dammam Gas Project Site,Port congestion
EVT00202-01,SHP00202,1,2025-09-17T13:00:00,Booking created,Completed,Forwarder,Bilbao Steel Fabricator,
EVT00202-02,SHP00202,2,2025-09-26T12:42:46,Pickup completed,Completed,Carrier,Bilbao Steel Fabricator,
EVT00202-03,SHP00202,3,2025-09-26T19:55:49,Origin port gate in,Completed,Port terminal,Bilbao,
EVT00202-04,SHP00202,4,2025-09-27T03:02:17,Vessel departed,Completed,Carrier,Bilbao,
EVT00202-05,SHP00202,5,2025-09-29T17:56:48,Destination port arrival,Completed,Port terminal,Casablanca,
EVT00202-06,SHP00202,6,2025-09-30T03:01:47,Customs released,Completed,Forwarder,Casablanca,
EVT00202-07,SHP00202,7,2025-09-30T12:31:19,Delivery completed,Completed,Carrier,Casablanca Desalination Site,
EVT00203-01,SHP00203,1,2024-02-16T14:00:00,Booking created,Completed,Forwarder,Antwerp EPC Supplier Yard,
EVT00203-02,SHP00203,2,2024-02-28T15:11:32,Pickup completed,Completed,Carrier,Antwerp EPC Supplier Yard,
EVT00203-03,SHP00203,3,2024-02-28T23:56:24,Origin port gate in,Completed,Port terminal,Antwerp-Bruges,
EVT00203-04,SHP00203,4,2024-02-29T13:33:53,Vessel departed,Completed,Carrier,Antwerp-Bruges,
EVT00203-05,SHP00203,5,2024-03-04T11:25:09,Destination port arrival,Completed,Port terminal,Valencia,
EVT00203-06,SHP00203,6,2024-03-04T16:29:16,Customs released,Completed,Forwarder,Valencia,
EVT00203-07,SHP00203,7,2024-03-05T10:43:57,Delivery completed,Completed,Carrier,Zaragoza Distribution Hub,
EVT00204-01,SHP00204,1,2025-02-25T10:00:00,Booking created,Completed,Forwarder,Antwerp EPC Supplier Yard,
EVT00204-02,SHP00204,2,2025-03-06T10:01:50,Pickup completed,Completed,Carrier,Antwerp EPC Supplier Yard,
EVT00204-03,SHP00204,3,2025-03-07T09:31:31,Delivery completed,Completed,Carrier,Marseille Wind Substation Site,
EVT00205-01,SHP00205,1,2025-09-11T13:00:00,Booking created,Completed,Forwarder,Bilbao Steel Fabricator,
EVT00205-02,SHP00205,2,2025-09-15T13:34:40,Pickup completed,Completed,Carrier,Bilbao Steel Fabricator,
EVT00205-03,SHP00205,3,2025-09-16T23:02:36,Delivery completed,Completed,Carrier,Sines Energy Project Site,
EVT00206-01,SHP00206,1,2024-04-26T10:00:00,Booking created,Completed,Forwarder,Valencia Export Depot,
EVT00206-02,SHP00206,2,2024-05-08T12:17:50,Pickup completed,Completed,Carrier,Valencia Export Depot,
EVT00206-03,SHP00206,3,2024-05-09T16:38:32,Delivery completed,Completed,Carrier,Zaragoza Distribution Hub,
EVT00207-01,SHP00207,1,2024-04-20T12:00:00,Booking created,Completed,Forwarder,Lyon Fabrication Partner,
EVT00207-02,SHP00207,2,2024-05-05T11:40:18,Pickup completed,Completed,Carrier,Lyon Fabrication Partner,
EVT00207-03,SHP00207,3,2024-05-05T22:50:38,Origin port gate in,Completed,Port terminal,Marseille-Fos,
EVT00207-04,SHP00207,4,2024-05-06T15:05:27,Vessel departed,Completed,Carrier,Marseille-Fos,
EVT00207-05,SHP00207,5,2024-05-10T02:07:32,Destination port arrival,Completed,Port terminal,Casablanca,
EVT00207-06,SHP00207,6,2024-05-10T08:41:17,Customs released,Completed,Forwarder,Casablanca,
EVT00207-07,SHP00207,7,2024-05-10T20:48:08,Delivery completed,Completed,Carrier,Casablanca Desalination Site,
EVT00208-01,SHP00208,1,2025-01-29T15:00:00,Booking created,Completed,Forwarder,Bilbao Steel Fabricator,
EVT00208-02,SHP00208,2,2025-02-03T14:19:38,Pickup completed,Completed,Carrier,Bilbao Steel Fabricator,
EVT00208-03,SHP00208,3,2025-02-04T00:14:32,Origin port gate in,Completed,Port terminal,Bilbao,
EVT00208-04,SHP00208,4,2025-02-04T18:07:33,Vessel departed,Completed,Carrier,Bilbao,
EVT00208-05,SHP00208,5,2025-02-07T09:36:53,Destination port arrival,Completed,Port terminal,Sines,
EVT00208-06,SHP00208,6,2025-02-07T17:22:10,Customs released,Completed,Forwarder,Sines,
EVT00208-07,SHP00208,7,2025-02-08T09:14:53,Delivery completed,Completed,Carrier,Sines Energy Project Site,
EVT00209-01,SHP00209,1,2025-12-15T15:00:00,Booking created,Completed,Forwarder,Antwerp EPC Supplier Yard,
EVT00209-02,SHP00209,2,2025-12-26T17:49:22,Pickup completed,Completed,Carrier,Antwerp EPC Supplier Yard,
EVT00209-03,SHP00209,3,2025-12-27T08:42:53,Origin port gate in,Completed,Port terminal,Antwerp-Bruges,
EVT00209-04,SHP00209,4,2025-12-27T21:48:17,Vessel departed,Completed,Carrier,Antwerp-Bruges,
EVT00209-05,SHP00209,5,2026-01-05T21:02:34,Destination port arrival,Completed,Port terminal,Dammam,
EVT00209-06,SHP00209,6,2026-01-06T11:01:14,Customs released,Completed,Forwarder,Dammam,
EVT00209-07,SHP00209,7,2026-01-06T20:59:09,Delivery completed,Completed,Carrier,Dammam Gas Project Site,
EVT00210-01,SHP00210,1,2025-03-29T08:00:00,Booking created,Completed,Forwarder,Rotterdam Consolidation Hub,
EVT00210-02,SHP00210,2,2025-04-08T09:33:31,Pickup completed,Completed,Carrier,Rotterdam Consolidation Hub,
EVT00210-03,SHP00210,3,2025-04-08T21:34:59,Origin port gate in,Completed,Port terminal,Rotterdam,
EVT00210-04,SHP00210,4,2025-04-09T04:48:47,Vessel departed,Completed,Carrier,Rotterdam,
EVT00210-05,SHP00210,5,2025-04-14T04:23:07,Destination port arrival,Completed,Port terminal,Sines,
EVT00210-06,SHP00210,6,2025-04-14T14:59:45,Customs released,Completed,Forwarder,Sines,
EVT00210-07,SHP00210,7,2025-04-15T18:50:42,Delivery completed,Completed,Carrier,Sines Energy Project Site,
EVT00211-01,SHP00211,1,2024-06-05T08:00:00,Booking created,Completed,Forwarder,Tarragona Equipment Vendor,
EVT00211-02,SHP00211,2,2024-06-17T10:00:51,Pickup completed,Completed,Carrier,Tarragona Equipment Vendor,
EVT00211-03,SHP00211,3,2024-06-17T20:24:25,Origin port gate in,Completed,Port terminal,Barcelona,
EVT00211-04,SHP00211,4,2024-06-18T10:17:37,Vessel departed,Completed,Carrier,Barcelona,
EVT00211-05,SHP00211,5,2024-06-22T08:37:09,Destination port arrival,Completed,Port terminal,Casablanca,
EVT00211-06,SHP00211,6,2024-06-22T19:35:32,Customs released,Completed,Forwarder,Casablanca,
EVT00211-07,SHP00211,7,2024-06-23T07:22:24,Delivery completed,Completed,Carrier,Casablanca Desalination Site,
EVT00212-01,SHP00212,1,2025-02-12T14:00:00,Booking created,Completed,Forwarder,Milan Valve Plant,
EVT00212-02,SHP00212,2,2025-02-27T15:28:16,Pickup completed,Completed,Carrier,Milan Valve Plant,
EVT00212-03,SHP00212,3,2025-02-28T09:48:36,Delivery completed,Completed,Carrier,Marseille Wind Substation Site,
EVT00213-01,SHP00213,1,2024-05-18T07:00:00,Booking created,Completed,Forwarder,Cadiz Module Yard,
EVT00213-02,SHP00213,2,2024-05-24T09:46:17,Pickup completed,Completed,Carrier,Cadiz Module Yard,
EVT00213-03,SHP00213,3,2024-05-24T14:40:18,Origin port gate in,Completed,Port terminal,Algeciras,
EVT00213-04,SHP00213,4,2024-05-25T02:43:46,Vessel departed,Completed,Carrier,Algeciras,
EVT00213-05,SHP00213,5,2024-05-30T11:11:35,Destination port arrival,Completed,Port terminal,Rotterdam,
EVT00213-06,SHP00213,6,2024-05-30T21:52:37,Customs released,Completed,Forwarder,Rotterdam,
EVT00213-07,SHP00213,7,2024-06-01T02:54:29,Delivery completed,Delayed,Carrier,Rotterdam Consolidation Hub,Port congestion
EVT00214-01,SHP00214,1,2025-12-12T13:00:00,Booking created,Completed,Forwarder,Milan Valve Plant,
EVT00214-02,SHP00214,2,2025-12-22T15:47:50,Pickup completed,Completed,Carrier,Milan Valve Plant,
EVT00214-03,SHP00214,3,2025-12-24T14:18:37,Delivery completed,Completed,Carrier,Casablanca Desalination Site,
EVT00215-01,SHP00215,1,2025-10-25T07:00:00,Booking created,Completed,Forwarder,Antwerp EPC Supplier Yard,
EVT00215-02,SHP00215,2,2025-10-30T09:29:42,Pickup completed,Completed,Carrier,Antwerp EPC Supplier Yard,
EVT00215-03,SHP00215,3,2025-10-31T06:39:07,Origin port gate in,Completed,Port terminal,Antwerp-Bruges,
EVT00215-04,SHP00215,4,2025-10-31T13:56:08,Vessel departed,Completed,Carrier,Antwerp-Bruges,
EVT00215-05,SHP00215,5,2025-11-06T10:42:58,Destination port arrival,Completed,Port terminal,Casablanca,
EVT00215-06,SHP00215,6,2025-11-06T13:35:04,Customs released,Completed,Forwarder,Casablanca,
EVT00215-07,SHP00215,7,2025-11-07T10:09:59,Delivery completed,Delayed,Carrier,Casablanca Desalination Site,Road permit delay
EVT00216-01,SHP00216,1,2024-01-25T13:00:00,Booking created,Completed,Forwarder,Rotterdam Consolidation Hub,
EVT00216-02,SHP00216,2,2024-02-06T12:59:02,Pickup completed,Completed,Carrier,Rotterdam Consolidation Hub,
EVT00216-03,SHP00216,3,2024-02-06T23:54:14,Origin port gate in,Completed,Port terminal,Rotterdam,
EVT00216-04,SHP00216,4,2024-02-07T09:07:47,Vessel departed,Completed,Carrier,Rotterdam,
EVT00216-05,SHP00216,5,2024-02-11T02:45:57,Destination port arrival,Completed,Port terminal,Sines,
EVT00216-06,SHP00216,6,2024-02-11T15:22:29,Customs released,Completed,Forwarder,Sines,
EVT00216-07,SHP00216,7,2024-02-11T22:28:27,Delivery completed,Completed,Carrier,Sines Energy Project Site,
EVT00217-01,SHP00217,1,2025-10-29T07:00:00,Booking created,Completed,Forwarder,Bilbao Steel Fabricator,
EVT00217-02,SHP00217,2,2025-11-10T06:09:53,Pickup completed,Completed,Carrier,Bilbao Steel Fabricator,
EVT00217-03,SHP00217,3,2025-11-10T11:55:36,Origin port gate in,Completed,Port terminal,Bilbao,
EVT00217-04,SHP00217,4,2025-11-10T19:17:37,Vessel departed,Completed,Carrier,Bilbao,
EVT00217-05,SHP00217,5,2025-11-13T13:28:44,Destination port arrival,Completed,Port terminal,Casablanca,
EVT00217-06,SHP00217,6,2025-11-13T17:56:58,Customs released,Completed,Forwarder,Casablanca,
EVT00217-07,SHP00217,7,2025-11-14T03:29:05,Delivery completed,Completed,Carrier,Casablanca Desalination Site,
EVT00218-01,SHP00218,1,2024-11-29T11:00:00,Booking created,Completed,Forwarder,Valencia Export Depot,
EVT00218-02,SHP00218,2,2024-12-10T12:51:33,Pickup completed,Completed,Carrier,Valencia Export Depot,
EVT00218-03,SHP00218,3,2024-12-11T15:59:34,Origin port gate in,Completed,Port terminal,Valencia,
EVT00218-04,SHP00218,4,2024-12-12T01:49:30,Vessel departed,Completed,Carrier,Valencia,
EVT00218-05,SHP00218,5,2024-12-22T14:27:52,Destination port arrival,Completed,Port terminal,Dammam,
EVT00218-06,SHP00218,6,2024-12-22T18:24:02,Customs released,Completed,Forwarder,Dammam,
EVT00218-07,SHP00218,7,2024-12-23T12:24:20,Delivery completed,Delayed,Carrier,Dammam Gas Project Site,Customs hold
EVT00219-01,SHP00219,1,2025-05-22T11:00:00,Booking created,Completed,Forwarder,Antwerp EPC Supplier Yard,
EVT00219-02,SHP00219,2,2025-06-04T10:57:46,Pickup completed,Completed,Carrier,Antwerp EPC Supplier Yard,
EVT00219-03,SHP00219,3,2025-06-04T19:59:48,Origin port gate in,Completed,Port terminal,Antwerp-Bruges,
EVT00219-04,SHP00219,4,2025-06-05T03:06:49,Vessel departed,Completed,Carrier,Antwerp-Bruges,
EVT00219-05,SHP00219,5,2025-06-09T13:55:23,Destination port arrival,Completed,Port terminal,Casablanca,
EVT00219-06,SHP00219,6,2025-06-09T20:12:50,Customs released,Completed,Forwarder,Casablanca,
EVT00219-07,SHP00219,7,2025-06-11T00:29:21,Delivery completed,Completed,Carrier,Casablanca Desalination Site,
EVT00220-01,SHP00220,1,2025-11-25T08:00:00,Booking created,Completed,Forwarder,Zaragoza Distribution Hub,
EVT00220-02,SHP00220,2,2025-12-04T07:47:20,Pickup completed,Completed,Carrier,Zaragoza Distribution Hub,
EVT00220-03,SHP00220,3,2025-12-04T23:20:30,Origin port gate in,Completed,Port terminal,Valencia,
EVT00220-04,SHP00220,4,2025-12-05T16:48:35,Vessel departed,Completed,Carrier,Valencia,
EVT00220-05,SHP00220,5,2025-12-08T08:14:40,Destination port arrival,Completed,Port terminal,Marseille-Fos,
EVT00220-06,SHP00220,6,2025-12-08T19:33:17,Customs released,Completed,Forwarder,Marseille-Fos,
EVT00220-07,SHP00220,7,2025-12-09T07:27:30,Delivery completed,Completed,Carrier,Marseille Wind Substation Site,
EVT00221-01,SHP00221,1,2025-06-02T13:00:00,Booking created,Completed,Forwarder,Antwerp EPC Supplier Yard,
EVT00221-02,SHP00221,2,2025-06-17T15:40:28,Pickup completed,Completed,Carrier,Antwerp EPC Supplier Yard,
EVT00221-03,SHP00221,3,2025-06-17T22:23:03,Origin port gate in,Completed,Port terminal,Antwerp-Bruges,
EVT00221-04,SHP00221,4,2025-06-18T02:56:02,Vessel departed,Completed,Carrier,Antwerp-Bruges,
EVT00221-05,SHP00221,5,2025-06-22T10:07:51,Customs released,Completed,Forwarder,Sines,
EVT00221-06,SHP00221,6,2025-06-22T11:12:50,Destination port arrival,Completed,Port terminal,Sines,
EVT00221-07,SHP00221,7,2025-06-23T03:21:45,Delivery completed,Completed,Carrier,Sines Energy Project Site,
EVT00222-01,SHP00222,1,2024-06-05T07:00:00,Booking created,Completed,Forwarder,Puertollano Module Yard,
EVT00222-02,SHP00222,2,2024-06-18T08:54:37,Pickup completed,Completed,Carrier,Puertollano Module Yard,
EVT00222-03,SHP00222,3,2024-06-19T14:04:51,Delivery completed,Completed,Carrier,Zaragoza Distribution Hub,
EVT00223-01,SHP00223,1,2025-07-12T07:00:00,Booking created,Completed,Forwarder,Milan Valve Plant,
EVT00223-02,SHP00223,2,2025-07-27T09:55:09,Pickup completed,Completed,Carrier,Milan Valve Plant,
EVT00223-03,SHP00223,3,2025-07-27T15:10:00,Origin port gate in,Completed,Port terminal,Genoa,
EVT00223-04,SHP00223,4,2025-07-28T08:23:16,Vessel departed,Completed,Carrier,Genoa,
EVT00223-05,SHP00223,5,2025-08-06T01:10:48,Destination port arrival,Completed,Port terminal,Dammam,
EVT00223-06,SHP00223,6,2025-08-06T06:52:21,Customs released,Completed,Forwarder,Dammam,
EVT00223-07,SHP00223,7,2025-08-07T07:50:22,Delivery completed,Completed,Carrier,Dammam Gas Project Site,
EVT00224-01,SHP00224,1,2024-07-27T12:00:00,Booking created,Completed,Forwarder,Antwerp EPC Supplier Yard,
EVT00224-02,SHP00224,2,2024-08-06T14:32:47,Pickup completed,Completed,Carrier,Antwerp EPC Supplier Yard,
EVT00224-03,SHP00224,3,2024-08-06T18:55:40,Origin port gate in,Completed,Port terminal,Antwerp-Bruges,
EVT00224-04,SHP00224,4,2024-08-07T01:11:43,Vessel departed,Completed,Carrier,Antwerp-Bruges,
EVT00224-05,SHP00224,5,2024-08-11T17:10:16,Destination port arrival,Completed,Port terminal,Sines,
EVT00224-06,SHP00224,6,2024-08-11T22:05:09,Customs released,Completed,Forwarder,Sines,
EVT00224-07,SHP00224,7,2024-08-12T09:52:10,Delivery completed,Completed,Carrier,Sines Energy Project Site,
EVT00225-01,SHP00225,1,2025-03-11T08:00:00,Booking created,Completed,Forwarder,Cadiz Module Yard,
EVT00225-02,SHP00225,2,2025-03-21T09:44:27,Pickup completed,Completed,Carrier,Cadiz Module Yard,
EVT00225-03,SHP00225,3,2025-03-21T22:04:29,Origin port gate in,Completed,Port terminal,Algeciras,
EVT00225-04,SHP00225,4,2025-03-22T10:35:18,Vessel departed,Completed,Carrier,Algeciras,
EVT00225-05,SHP00225,5,2025-04-03T06:51:29,Destination port arrival,Completed,Port terminal,Dammam,
EVT00225-06,SHP00225,6,2025-04-03T19:12:46,Customs released,Completed,Forwarder,Dammam,
EVT00225-07,SHP00225,7,2025-04-04T19:14:19,Delivery completed,Delayed,Carrier,Dammam Gas Project Site,Weather disruption
EVT00226-01,SHP00226,1,2025-10-23T10:00:00,Booking created,Completed,Forwarder,Tarragona Equipment Vendor,
EVT00226-02,SHP00226,2,2025-11-05T12:48:31,Pickup completed,Completed,Carrier,Tarragona Equipment Vendor,
EVT00226-03,SHP00226,3,2025-11-06T17:53:29,Delivery completed,Completed,Carrier,Sines Energy Project Site,
EVT00227-01,SHP00227,1,2025-10-13T10:00:00,Booking created,Completed,Forwarder,Antwerp EPC Supplier Yard,
EVT00227-02,SHP00227,2,2025-10-26T09:09:52,Pickup completed,Completed,Carrier,Antwerp EPC Supplier Yard,
EVT00227-03,SHP00227,3,2025-10-26T15:22:20,Origin port gate in,Completed,Port terminal,Antwerp-Bruges,
EVT00227-04,SHP00227,4,2025-10-26T22:40:26,Vessel departed,Completed,Carrier,Antwerp-Bruges,
EVT00227-05,SHP00227,5,2025-10-31T08:55:28,Destination port arrival,Completed,Port terminal,Sines,
EVT00227-06,SHP00227,6,2025-10-31T13:38:01,Customs released,Completed,Forwarder,Sines,
EVT00227-07,SHP00227,7,2025-10-31T23:05:26,Delivery completed,Completed,Carrier,Sines Energy Project Site,
EVT00228-01,SHP00228,1,2024-06-16T12:00:00,Booking created,Completed,Forwarder,Antwerp EPC Supplier Yard,
EVT00228-02,SHP00228,2,2024-06-26T11:56:28,Pickup completed,Completed,Carrier,Antwerp EPC Supplier Yard,
EVT00228-03,SHP00228,3,2024-06-26T17:01:25,Origin port gate in,Completed,Port terminal,Antwerp-Bruges,
EVT00228-04,SHP00228,4,2024-06-27T00:30:02,Vessel departed,Completed,Carrier,Antwerp-Bruges,
EVT00228-05,SHP00228,5,2024-07-01T12:36:42,Destination port arrival,Completed,Port terminal,Sines,
EVT00228-06,SHP00228,6,2024-07-01T16:34:46,Customs released,Completed,Forwarder,Sines,
EVT00228-07,SHP00228,7,2024-07-02T05:58:28,Delivery completed,Completed,Carrier,Sines Energy Project Site,
EVT00229-01,SHP00229,1,2024-08-30T13:00:00,Booking created,Completed,Forwarder,Bilbao Steel Fabricator,
EVT00229-02,SHP00229,2,2024-09-13T15:07:22,Pickup completed,Completed,Carrier,Bilbao Steel Fabricator,
EVT00229-03,SHP00229,3,2024-09-14T00:38:04,Origin port gate in,Completed,Port terminal,Bilbao,
EVT00229-04,SHP00229,4,2024-09-14T06:31:43,Vessel departed,Completed,Carrier,Bilbao,
EVT00229-05,SHP00229,5,2024-09-24T03:13:21,Destination port arrival,Completed,Port terminal,Dammam,
EVT00229-06,SHP00229,6,2024-09-24T09:30:37,Customs released,Completed,Forwarder,Dammam,
EVT00229-07,SHP00229,7,2024-09-24T20:48:52,Delivery completed,Completed,Carrier,Dammam Gas Project Site,
EVT00230-01,SHP00230,1,2024-05-26T12:00:00,Booking created,Completed,Forwarder,Antwerp EPC Supplier Yard,
EVT00230-02,SHP00230,2,2024-06-04T12:37:53,Pickup completed,Completed,Carrier,Antwerp EPC Supplier Yard,
EVT00230-03,SHP00230,3,2024-06-06T12:55:33,Delivery completed,Completed,Carrier,Sines Energy Project Site,
EVT00231-01,SHP00231,1,2023-12-23T14:00:00,Booking created,Completed,Forwarder,Madrid Cross Dock,
EVT00231-02,SHP00231,2,2024-01-07T15:31:54,Pickup completed,Completed,Carrier,Madrid Cross Dock,
EVT00231-03,SHP00231,3,2024-01-08T04:43:13,Delivery completed,Completed,Carrier,Zaragoza Distribution Hub,
EVT00232-01,SHP00232,1,2025-08-25T13:00:00,Booking created,Completed,Forwarder,Antwerp EPC Supplier Yard,
EVT00232-02,SHP00232,2,2025-08-29T14:42:49,Pickup completed,Completed,Carrier,Antwerp EPC Supplier Yard,
EVT00232-03,SHP00232,3,2025-08-30T01:50:42,Origin port gate in,Completed,Port terminal,Antwerp-Bruges,
EVT00232-04,SHP00232,4,2025-08-30T09:47:44,Vessel departed,Completed,Carrier,Antwerp-Bruges,
EVT00232-05,SHP00232,5,2025-09-02T12:39:14,Destination port arrival,Completed,Port terminal,Marseille-Fos,
EVT00232-06,SHP00232,6,2025-09-02T15:17:24,Customs released,Completed,Forwarder,Marseille-Fos,
EVT00232-07,SHP00232,7,2025-09-03T12:49:23,Delivery completed,Completed,Carrier,Marseille Wind Substation Site,
EVT00233-01,SHP00233,1,2025-08-17T07:00:00,Booking created,Completed,Forwarder,Bilbao Steel Fabricator,
EVT00233-02,SHP00233,2,2025-08-24T06:35:03,Pickup completed,Completed,Carrier,Bilbao Steel Fabricator,
EVT00233-03,SHP00233,3,2025-08-24T18:06:00,Origin port gate in,Completed,Port terminal,Bilbao,
EVT00233-04,SHP00233,4,2025-08-25T10:38:02,Vessel departed,Completed,Carrier,Bilbao,
EVT00233-05,SHP00233,5,2025-08-28T23:01:31,Destination port arrival,Completed,Port terminal,Casablanca,
EVT00233-06,SHP00233,6,2025-08-29T12:12:24,Customs released,Completed,Forwarder,Casablanca,
EVT00233-07,SHP00233,7,2025-08-30T11:57:21,Delivery completed,Delayed,Carrier,Casablanca Desalination Site,Carrier capacity
EVT00234-01,SHP00234,1,2025-12-10T12:00:00,Booking created,Completed,Forwarder,Milan Valve Plant,
EVT00234-02,SHP00234,2,2025-12-17T14:37:28,Pickup completed,Completed,Carrier,Milan Valve Plant,
EVT00234-03,SHP00234,3,2025-12-17T23:02:08,Origin port gate in,Completed,Port terminal,Genoa,
EVT00234-04,SHP00234,4,2025-12-18T05:09:16,Vessel departed,Completed,Carrier,Genoa,
EVT00234-05,SHP00234,5,2025-12-26T12:49:47,Destination port arrival,Completed,Port terminal,Dammam,
EVT00234-06,SHP00234,6,2025-12-26T23:42:15,Customs released,Completed,Forwarder,Dammam,
EVT00234-07,SHP00234,7,2025-12-27T22:02:13,Delivery completed,Completed,Carrier,Dammam Gas Project Site,
EVT00235-01,SHP00235,1,2025-10-13T11:00:00,Booking created,Completed,Forwarder,Tarragona Equipment Vendor,
EVT00235-02,SHP00235,2,2025-10-20T10:59:46,Pickup completed,Completed,Carrier,Tarragona Equipment Vendor,
EVT00235-03,SHP00235,3,2025-10-20T22:04:36,Delivery completed,Completed,Carrier,Zaragoza Distribution Hub,
EVT00236-01,SHP00236,1,2025-05-12T07:00:00,Booking created,Completed,Forwarder,Rotterdam Consolidation Hub,
EVT00236-02,SHP00236,2,2025-05-20T09:59:25,Pickup completed,Completed,Carrier,Rotterdam Consolidation Hub,
EVT00236-03,SHP00236,3,2025-05-20T16:26:00,Origin port gate in,Completed,Port terminal,Rotterdam,
EVT00236-04,SHP00236,4,2025-05-21T07:07:29,Vessel departed,Completed,Carrier,Rotterdam,
EVT00236-05,SHP00236,5,2025-05-27T01:26:31,Destination port arrival,Completed,Port terminal,Alexandria,
EVT00236-06,SHP00236,6,2025-05-27T01:42:14,Customs released,Completed,Forwarder,Alexandria,
EVT00236-07,SHP00236,7,2025-05-27T10:17:18,Delivery completed,Completed,Carrier,Alexandria Water Project Site,
EVT00237-01,SHP00237,1,2024-03-12T12:00:00,Booking created,Completed,Forwarder,Zaragoza Distribution Hub,
EVT00237-02,SHP00237,2,2024-03-22T12:33:04,Pickup completed,Completed,Carrier,Zaragoza Distribution Hub,
EVT00237-03,SHP00237,3,2024-03-23T12:32:57,Origin port gate in,Completed,Port terminal,Valencia,
EVT00237-04,SHP00237,4,2024-03-23T23:44:55,Vessel departed,Completed,Carrier,Valencia,
EVT00237-05,SHP00237,5,2024-03-27T16:54:37,Destination port arrival,Completed,Port terminal,Rotterdam,
EVT00237-06,SHP00237,6,2024-03-27T22:46:33,Customs released,Completed,Forwarder,Rotterdam,
EVT00237-07,SHP00237,7,2024-03-28T11:13:55,Delivery completed,Completed,Carrier,Rotterdam Consolidation Hub,
EVT00238-01,SHP00238,1,2024-08-25T10:00:00,Booking created,Completed,Forwarder,Puertollano Module Yard,
EVT00238-02,SHP00238,2,2024-09-03T10:32:44,Pickup completed,Completed,Carrier,Puertollano Module Yard,
EVT00238-03,SHP00238,3,2024-09-03T21:43:21,Origin port gate in,Completed,Port terminal,Algeciras,
EVT00238-04,SHP00238,4,2024-09-04T15:30:43,Vessel departed,Completed,Carrier,Algeciras,
EVT00238-05,SHP00238,5,2024-09-06T21:38:19,Destination port arrival,Completed,Port terminal,Sines,
EVT00238-06,SHP00238,6,2024-09-07T00:08:47,Customs released,Completed,Forwarder,Sines,
EVT00238-07,SHP00238,7,2024-09-07T21:06:32,Delivery completed,Completed,Carrier,Sines Energy Project Site,
EVT00239-01,SHP00239,1,2023-12-26T11:00:00,Booking created,Completed,Forwarder,Milan Valve Plant,
EVT00239-02,SHP00239,2,2024-01-04T10:49:27,Pickup completed,Completed,Carrier,Milan Valve Plant,
EVT00239-03,SHP00239,3,2024-01-05T09:13:25,Origin port gate in,Completed,Port terminal,Genoa,
EVT00239-04,SHP00239,4,2024-01-06T02:59:04,Vessel departed,Completed,Carrier,Genoa,
EVT00239-05,SHP00239,5,2024-01-08T14:12:05,Destination port arrival,Completed,Port terminal,Valencia,
EVT00239-06,SHP00239,6,2024-01-08T21:49:00,Customs released,Completed,Forwarder,Valencia,
EVT00239-07,SHP00239,7,2024-01-10T08:53:04,Delivery completed,Delayed,Carrier,Zaragoza Distribution Hub,Documentation issue
EVT00240-01,SHP00240,1,2024-08-19T15:00:00,Booking created,Completed,Forwarder,Cadiz Module Yard,
EVT00240-02,SHP00240,2,2024-09-03T14:48:22,Pickup completed,Completed,Carrier,Cadiz Module Yard,
EVT00240-03,SHP00240,3,2024-09-04T13:33:08,Delivery completed,Completed,Carrier,Zaragoza Distribution Hub,
EVT00241-01,SHP00241,1,2024-11-25T14:00:00,Booking created,Completed,Forwarder,Antwerp EPC Supplier Yard,
EVT00241-02,SHP00241,2,2024-12-09T15:07:26,Pickup completed,Completed,Carrier,Antwerp EPC Supplier Yard,
EVT00241-03,SHP00241,3,2024-12-10T09:06:11,Origin port gate in,Completed,Port terminal,Antwerp-Bruges,
EVT00241-04,SHP00241,4,2024-12-10T19:07:31,Vessel departed,Completed,Carrier,Antwerp-Bruges,
EVT00241-05,SHP00241,5,2024-12-19T16:14:26,Destination port arrival,Completed,Port terminal,Dammam,
EVT00241-06,SHP00241,6,2024-12-19T21:01:10,Customs released,Completed,Forwarder,Dammam,
EVT00241-07,SHP00241,7,2024-12-20T05:55:12,Delivery completed,Completed,Carrier,Dammam Gas Project Site,
EVT00242-01,SHP00242,1,2024-03-24T13:00:00,Booking created,Completed,Forwarder,Cadiz Module Yard,
EVT00242-02,SHP00242,2,2024-04-01T15:55:24,Pickup completed,Completed,Carrier,Cadiz Module Yard,
EVT00242-03,SHP00242,3,2024-04-01T22:25:11,Origin port gate in,Completed,Port terminal,Algeciras,
EVT00242-04,SHP00242,4,2024-04-02T11:47:27,Vessel departed,Completed,Carrier,Algeciras,
EVT00242-05,SHP00242,5,2024-04-07T04:58:57,Customs released,Completed,Forwarder,Rotterdam,
EVT00242-06,SHP00242,6,2024-04-07T09:16:43,Destination port arrival,Completed,Port terminal,Rotterdam,
EVT00242-07,SHP00242,7,2024-04-07T17:58:58,Delivery completed,Completed,Carrier,Rotterdam Consolidation Hub,
EVT00243-01,SHP00243,1,2025-03-14T07:00:00,Booking created,Completed,Forwarder,Antwerp EPC Supplier Yard,
EVT00243-02,SHP00243,2,2025-03-26T09:44:48,Pickup completed,Completed,Carrier,Antwerp EPC Supplier Yard,
EVT00243-03,SHP00243,3,2025-03-26T12:45:27,Origin port gate in,Completed,Port terminal,Antwerp-Bruges,
EVT00243-04,SHP00243,4,2025-03-26T19:22:37,Vessel departed,Completed,Carrier,Antwerp-Bruges,
EVT00243-05,SHP00243,5,2025-03-31T12:30:17,Destination port arrival,Completed,Port terminal,Casablanca,
EVT00243-06,SHP00243,6,2025-03-31T20:50:58,Customs released,Completed,Forwarder,Casablanca,
EVT00243-07,SHP00243,7,2025-04-01T13:15:20,Delivery completed,Completed,Carrier,Casablanca Desalination Site,
EVT00244-01,SHP00244,1,2024-01-29T08:00:00,Booking created,Completed,Forwarder,Cadiz Module Yard,
EVT00244-02,SHP00244,2,2024-02-02T10:16:55,Pickup completed,Completed,Carrier,Cadiz Module Yard,
EVT00244-03,SHP00244,3,2024-02-03T03:49:34,Origin port gate in,Completed,Port terminal,Algeciras,
EVT00244-04,SHP00244,4,2024-02-03T14:21:46,Vessel departed,Completed,Carrier,Algeciras,
EVT00244-05,SHP00244,5,2024-02-05T03:58:12,Destination port arrival,Completed,Port terminal,Sines,
EVT00244-06,SHP00244,6,2024-02-05T12:16:02,Customs released,Completed,Forwarder,Sines,
EVT00244-07,SHP00244,7,2024-02-06T00:59:42,Delivery completed,Completed,Carrier,Sines Energy Project Site,
EVT00245-01,SHP00245,1,2024-05-12T08:00:00,Booking created,Completed,Forwarder,Antwerp EPC Supplier Yard,
EVT00245-02,SHP00245,2,2024-05-27T09:05:23,Pickup completed,Completed,Carrier,Antwerp EPC Supplier Yard,
EVT00245-03,SHP00245,3,2024-05-27T21:27:42,Origin port gate in,Completed,Port terminal,Antwerp-Bruges,
EVT00245-04,SHP00245,4,2024-05-28T01:59:20,Vessel departed,Completed,Carrier,Antwerp-Bruges,
EVT00245-05,SHP00245,5,2024-06-01T06:36:33,Destination port arrival,Completed,Port terminal,Marseille-Fos,
EVT00245-06,SHP00245,6,2024-06-01T09:51:32,Customs released,Completed,Forwarder,Marseille-Fos,
EVT00245-07,SHP00245,7,2024-06-02T11:40:02,Delivery completed,Completed,Carrier,Marseille Wind Substation Site,
EVT00246-01,SHP00246,1,2024-12-31T08:00:00,Booking created,Completed,Forwarder,Puertollano Module Yard,
EVT00246-02,SHP00246,2,2025-01-13T08:09:33,Pickup completed,Completed,Carrier,Puertollano Module Yard,
EVT00246-03,SHP00246,3,2025-01-13T17:47:54,Origin port gate in,Completed,Port terminal,Algeciras,
EVT00246-04,SHP00246,4,2025-01-13T22:39:51,Vessel departed,Completed,Carrier,Algeciras,
EVT00246-05,SHP00246,5,2025-01-14T22:46:59,Destination port arrival,Completed,Port terminal,Casablanca,
EVT00246-06,SHP00246,6,2025-01-15T08:28:18,Customs released,Completed,Forwarder,Casablanca,
EVT00246-07,SHP00246,7,2025-01-15T15:41:27,Delivery completed,Completed,Carrier,Casablanca Desalination Site,
EVT00247-01,SHP00247,1,2025-03-13T07:00:00,Booking created,Completed,Forwarder,Zaragoza Distribution Hub,
EVT00247-02,SHP00247,2,2025-03-25T07:22:42,Pickup completed,Completed,Carrier,Zaragoza Distribution Hub,
EVT00247-03,SHP00247,3,2025-03-25T18:19:25,Origin port gate in,Completed,Port terminal,Valencia,
EVT00247-04,SHP00247,4,2025-03-26T01:28:43,Vessel departed,Completed,Carrier,Valencia,
EVT00247-05,SHP00247,5,2025-04-03T23:50:38,Destination port arrival,Completed,Port terminal,Dammam,
EVT00247-06,SHP00247,6,2025-04-04T02:13:04,Customs released,Completed,Forwarder,Dammam,
EVT00247-07,SHP00247,7,2025-04-04T13:18:21,Delivery completed,Completed,Carrier,Dammam Gas Project Site,
EVT00248-01,SHP00248,1,2024-05-31T10:00:00,Booking created,Completed,Forwarder,Zaragoza Distribution Hub,
EVT00248-02,SHP00248,2,2024-06-06T12:23:44,Pickup completed,Completed,Carrier,Zaragoza Distribution Hub,
EVT00248-03,SHP00248,3,2024-06-07T19:45:55,Delivery completed,Completed,Carrier,Casablanca Desalination Site,
EVT00249-01,SHP00249,1,2025-07-12T15:00:00,Booking created,Completed,Forwarder,Antwerp EPC Supplier Yard,
EVT00249-02,SHP00249,2,2025-07-17T17:57:45,Pickup completed,Completed,Carrier,Antwerp EPC Supplier Yard,
EVT00249-03,SHP00249,3,2025-07-18T05:08:14,Origin port gate in,Completed,Port terminal,Antwerp-Bruges,
EVT00249-04,SHP00249,4,2025-07-18T10:40:19,Vessel departed,Completed,Carrier,Antwerp-Bruges,
EVT00249-05,SHP00249,5,2025-07-28T13:45:49,Destination port arrival,Completed,Port terminal,Dammam,
EVT00249-06,SHP00249,6,2025-07-28T17:06:45,Customs released,Completed,Forwarder,Dammam,
EVT00249-07,SHP00249,7,2025-07-29T02:59:41,Delivery completed,Completed,Carrier,Dammam Gas Project Site,
EVT00250-01,SHP00250,1,2024-04-29T09:00:00,Booking created,Completed,Forwarder,Antwerp EPC Supplier Yard,
EVT00250-02,SHP00250,2,2024-05-06T08:00:24,Pickup completed,Completed,Carrier,Antwerp EPC Supplier Yard,
EVT00250-03,SHP00250,3,2024-05-06T15:23:32,Origin port gate in,Completed,Port terminal,Antwerp-Bruges,
EVT00250-04,SHP00250,4,2024-05-07T07:22:52,Vessel departed,Completed,Carrier,Antwerp-Bruges,
EVT00250-05,SHP00250,5,2024-05-11T04:35:09,Customs released,Completed,Forwarder,Sines,
EVT00250-06,SHP00250,6,2024-05-11T07:28:56,Destination port arrival,Completed,Port terminal,Sines,
EVT00250-07,SHP00250,7,2024-05-11T20:16:52,Delivery completed,Completed,Carrier,Sines Energy Project Site,
EVT00251-01,SHP00251,1,2024-12-19T15:00:00,Booking created,Completed,Forwarder,Valencia Export Depot,
EVT00251-02,SHP00251,2,2024-12-26T14:29:22,Pickup completed,Completed,Carrier,Valencia Export Depot,
EVT00251-03,SHP00251,3,2024-12-26T23:13:13,Origin port gate in,Completed,Port terminal,Valencia,
EVT00251-04,SHP00251,4,2024-12-27T10:11:48,Vessel departed,Completed,Carrier,Valencia,
EVT00251-05,SHP00251,5,2025-01-01T07:06:56,Destination port arrival,Completed,Port terminal,Alexandria,
EVT00251-06,SHP00251,6,2025-01-01T12:26:50,Customs released,Completed,Forwarder,Alexandria,
EVT00251-07,SHP00251,7,2025-01-01T20:03:53,Delivery completed,Completed,Carrier,Alexandria Water Project Site,
EVT00252-01,SHP00252,1,2024-06-20T08:00:00,Booking created,Completed,Forwarder,Antwerp EPC Supplier Yard,
EVT00252-02,SHP00252,2,2024-06-26T09:47:48,Pickup completed,Completed,Carrier,Antwerp EPC Supplier Yard,
EVT00252-03,SHP00252,3,2024-06-26T15:17:20,Origin port gate in,Completed,Port terminal,Antwerp-Bruges,
EVT00252-04,SHP00252,4,2024-06-27T02:42:06,Vessel departed,Completed,Carrier,Antwerp-Bruges,
EVT00252-05,SHP00252,5,2024-06-29T02:45:37,Destination port arrival,Completed,Port terminal,Rotterdam,
EVT00252-06,SHP00252,6,2024-06-29T15:52:41,Customs released,Completed,Forwarder,Rotterdam,
EVT00252-07,SHP00252,7,2024-06-30T00:48:06,Delivery completed,Completed,Carrier,Rotterdam Consolidation Hub,
EVT00253-01,SHP00253,1,2024-10-04T15:00:00,Booking created,Completed,Forwarder,Tarragona Equipment Vendor,
EVT00253-02,SHP00253,2,2024-10-13T15:41:05,Pickup completed,Completed,Carrier,Tarragona Equipment Vendor,
EVT00253-03,SHP00253,3,2024-10-14T03:32:41,Origin port gate in,Completed,Port terminal,Barcelona,
EVT00253-04,SHP00253,4,2024-10-14T15:41:36,Vessel departed,Completed,Carrier,Barcelona,
EVT00253-05,SHP00253,5,2024-10-24T16:36:36,Destination port arrival,Completed,Port terminal,Dammam,
EVT00253-06,SHP00253,6,2024-10-25T00:07:11,Customs released,Completed,Forwarder,Dammam,
EVT00253-07,SHP00253,7,2024-10-25T11:48:44,Delivery completed,Completed,Carrier,Dammam Gas Project Site,
EVT00254-01,SHP00254,1,2024-02-12T13:00:00,Booking created,Completed,Forwarder,Lyon Fabrication Partner,
EVT00254-02,SHP00254,2,2024-02-27T15:17:53,Pickup completed,Completed,Carrier,Lyon Fabrication Partner,
EVT00254-03,SHP00254,3,2024-02-28T21:31:30,Origin port gate in,Completed,Port terminal,Marseille-Fos,
EVT00254-04,SHP00254,4,2024-02-29T15:17:21,Vessel departed,Completed,Carrier,Marseille-Fos,
EVT00254-05,SHP00254,5,2024-03-03T20:53:54,Destination port arrival,Completed,Port terminal,Sines,
EVT00254-06,SHP00254,6,2024-03-04T04:24:07,Customs released,Completed,Forwarder,Sines,
EVT00254-07,SHP00254,7,2024-03-04T16:40:00,Delivery completed,Delayed,Carrier,Sines Energy Project Site,Documentation issue
EVT00255-01,SHP00255,1,2024-09-23T15:00:00,Booking created,Completed,Forwarder,Antwerp EPC Supplier Yard,
EVT00255-02,SHP00255,2,2024-10-08T16:03:23,Pickup completed,Completed,Carrier,Antwerp EPC Supplier Yard,
EVT00255-03,SHP00255,3,2024-10-08T21:48:38,Origin port gate in,Completed,Port terminal,Antwerp-Bruges,
EVT00255-04,SHP00255,4,2024-10-09T06:57:26,Vessel departed,Completed,Carrier,Antwerp-Bruges,
EVT00255-05,SHP00255,5,2024-10-16T00:41:35,Destination port arrival,Completed,Port terminal,Alexandria,
EVT00255-06,SHP00255,6,2024-10-16T05:15:56,Customs released,Completed,Forwarder,Alexandria,
EVT00255-07,SHP00255,7,2024-10-16T21:32:09,Delivery completed,Completed,Carrier,Alexandria Water Project Site,
EVT00256-01,SHP00256,1,2024-07-24T13:00:00,Booking created,Completed,Forwarder,Cadiz Module Yard,
EVT00256-02,SHP00256,2,2024-07-29T13:28:32,Pickup completed,Completed,Carrier,Cadiz Module Yard,
EVT00256-03,SHP00256,3,2024-07-29T22:08:20,Origin port gate in,Completed,Port terminal,Algeciras,
EVT00256-04,SHP00256,4,2024-07-30T07:50:02,Vessel departed,Completed,Carrier,Algeciras,
EVT00256-05,SHP00256,5,2024-07-31T10:32:18,Destination port arrival,Completed,Port terminal,Casablanca,
EVT00256-06,SHP00256,6,2024-07-31T18:36:44,Customs released,Completed,Forwarder,Casablanca,
EVT00256-07,SHP00256,7,2024-08-02T01:49:59,Delivery completed,Completed,Carrier,Casablanca Desalination Site,
EVT00257-01,SHP00257,1,2024-02-24T10:00:00,Booking created,Completed,Forwarder,Tarragona Equipment Vendor,
EVT00257-02,SHP00257,2,2024-02-29T11:34:38,Pickup completed,Completed,Carrier,Tarragona Equipment Vendor,
EVT00257-03,SHP00257,3,2024-03-01T02:15:20,Delivery completed,Completed,Carrier,Zaragoza Distribution Hub,
EVT00258-01,SHP00258,1,2023-12-27T14:00:00,Booking created,Completed,Forwarder,Cadiz Module Yard,
EVT00258-02,SHP00258,2,2024-01-09T16:17:46,Pickup completed,Completed,Carrier,Cadiz Module Yard,
EVT00258-03,SHP00258,3,2024-01-10T13:41:31,Delivery completed,Completed,Carrier,Zaragoza Distribution Hub,
EVT00259-01,SHP00259,1,2024-04-27T14:00:00,Booking created,Completed,Forwarder,Rotterdam Consolidation Hub,
EVT00259-02,SHP00259,2,2024-05-06T14:28:31,Pickup completed,Completed,Carrier,Rotterdam Consolidation Hub,
EVT00259-03,SHP00259,3,2024-05-06T22:29:25,Origin port gate in,Completed,Port terminal,Rotterdam,
EVT00259-04,SHP00259,4,2024-05-07T16:25:34,Vessel departed,Completed,Carrier,Rotterdam,
EVT00259-05,SHP00259,5,2024-05-13T02:58:38,Destination port arrival,Completed,Port terminal,Casablanca,
EVT00259-06,SHP00259,6,2024-05-13T13:02:44,Customs released,Completed,Forwarder,Casablanca,
EVT00259-07,SHP00259,7,2024-05-14T00:50:44,Delivery completed,Completed,Carrier,Casablanca Desalination Site,
EVT00260-01,SHP00260,1,2024-07-19T11:00:00,Booking created,Completed,Forwarder,Antwerp EPC Supplier Yard,
EVT00260-02,SHP00260,2,2024-07-30T11:23:15,Pickup completed,Completed,Carrier,Antwerp EPC Supplier Yard,
EVT00260-03,SHP00260,3,2024-07-30T23:32:24,Origin port gate in,Completed,Port terminal,Antwerp-Bruges,
EVT00260-04,SHP00260,4,2024-07-31T07:12:59,Vessel departed,Completed,Carrier,Antwerp-Bruges,
EVT00260-05,SHP00260,5,2024-08-02T20:40:23,Destination port arrival,Completed,Port terminal,Marseille-Fos,
EVT00260-06,SHP00260,6,2024-08-03T05:57:48,Customs released,Completed,Forwarder,Marseille-Fos,
EVT00260-07,SHP00260,7,2024-08-04T21:43:23,Delivery completed,Delayed,Carrier,Marseille Wind Substation Site,Customs hold
EVT00261-01,SHP00261,1,2025-12-19T10:00:00,Booking created,Completed,Forwarder,Zaragoza Distribution Hub,
EVT00261-02,SHP00261,2,2025-12-26T11:05:08,Pickup completed,Completed,Carrier,Zaragoza Distribution Hub,
EVT00261-03,SHP00261,3,2025-12-26T21:33:40,Origin port gate in,Completed,Port terminal,Valencia,
EVT00261-04,SHP00261,4,2025-12-27T14:08:28,Vessel departed,Completed,Carrier,Valencia,
EVT00261-05,SHP00261,5,2026-01-04T18:56:09,Destination port arrival,Completed,Port terminal,Dammam,
EVT00261-06,SHP00261,6,2026-01-04T23:20:02,Customs released,Completed,Forwarder,Dammam,
EVT00261-07,SHP00261,7,2026-01-05T23:30:15,Delivery completed,Delayed,Carrier,Dammam Gas Project Site,Documentation issue
EVT00262-01,SHP00262,1,2025-12-02T09:00:00,Booking created,Completed,Forwarder,Rotterdam Consolidation Hub,
EVT00262-02,SHP00262,2,2025-12-15T10:53:29,Pickup completed,Completed,Carrier,Rotterdam Consolidation Hub,
EVT00262-03,SHP00262,3,2025-12-15T18:35:22,Origin port gate in,Completed,Port terminal,Rotterdam,
EVT00262-04,SHP00262,4,2025-12-16T10:34:28,Vessel departed,Completed,Carrier,Rotterdam,
EVT00262-05,SHP00262,5,2025-12-26T12:58:10,Destination port arrival,Completed,Port terminal,Dammam,
EVT00262-06,SHP00262,6,2025-12-26T15:40:17,Customs released,Completed,Forwarder,Dammam,
EVT00262-07,SHP00262,7,2025-12-27T03:39:45,Delivery completed,Completed,Carrier,Dammam Gas Project Site,
EVT00263-01,SHP00263,1,2025-02-04T15:00:00,Booking created,Completed,Forwarder,Bilbao Steel Fabricator,
EVT00263-02,SHP00263,2,2025-02-16T14:07:05,Pickup completed,Completed,Carrier,Bilbao Steel Fabricator,
EVT00263-03,SHP00263,3,2025-02-16T22:42:18,Origin port gate in,Completed,Port terminal,Bilbao,
EVT00263-04,SHP00263,4,2025-02-17T02:32:18,Vessel departed,Completed,Carrier,Bilbao,
EVT00263-05,SHP00263,5,2025-02-20T07:07:32,Customs released,Completed,Forwarder,Casablanca,
EVT00263-06,SHP00263,6,2025-02-20T09:59:05,Destination port arrival,Completed,Port terminal,Casablanca,
EVT00263-07,SHP00263,7,2025-02-20T19:38:25,Delivery completed,Completed,Carrier,Casablanca Desalination Site,
EVT00264-01,SHP00264,1,2023-12-29T15:00:00,Booking created,Completed,Forwarder,Lyon Fabrication Partner,
EVT00264-02,SHP00264,2,2024-01-08T14:15:06,Pickup completed,Completed,Carrier,Lyon Fabrication Partner,
EVT00264-03,SHP00264,3,2024-01-09T06:35:32,Origin port gate in,Completed,Port terminal,Marseille-Fos,
EVT00264-04,SHP00264,4,2024-01-09T17:50:42,Vessel departed,Completed,Carrier,Marseille-Fos,
EVT00264-05,SHP00264,5,2024-01-12T16:53:07,Destination port arrival,Completed,Port terminal,Valencia,
EVT00264-06,SHP00264,6,2024-01-13T00:36:22,Customs released,Completed,Forwarder,Valencia,
EVT00264-07,SHP00264,7,2024-01-13T16:52:26,Delivery completed,Completed,Carrier,Zaragoza Distribution Hub,
EVT00265-01,SHP00265,1,2024-09-15T14:00:00,Booking created,Completed,Forwarder,Rotterdam Consolidation Hub,
EVT00265-02,SHP00265,2,2024-09-26T14:24:47,Pickup completed,Completed,Carrier,Rotterdam Consolidation Hub,
EVT00265-03,SHP00265,3,2024-09-26T21:16:04,Origin port gate in,Completed,Port terminal,Rotterdam,
EVT00265-04,SHP00265,4,2024-09-27T02:45:56,Vessel departed,Completed,Carrier,Rotterdam,
EVT00265-05,SHP00265,5,2024-10-02T18:41:25,Destination port arrival,Completed,Port terminal,Alexandria,
EVT00265-06,SHP00265,6,2024-10-02T22:35:17,Customs released,Completed,Forwarder,Alexandria,
EVT00265-07,SHP00265,7,2024-10-03T13:31:40,Delivery completed,Completed,Carrier,Alexandria Water Project Site,
EVT00266-01,SHP00266,1,2025-04-14T12:00:00,Booking created,Completed,Forwarder,Rotterdam Consolidation Hub,
EVT00266-02,SHP00266,2,2025-04-23T12:16:13,Pickup completed,Completed,Carrier,Rotterdam Consolidation Hub,
EVT00266-03,SHP00266,3,2025-04-23T15:49:10,Origin port gate in,Completed,Port terminal,Rotterdam,
EVT00266-04,SHP00266,4,2025-04-23T20:21:37,Vessel departed,Completed,Carrier,Rotterdam,
EVT00266-05,SHP00266,5,2025-05-03T10:08:16,Destination port arrival,Completed,Port terminal,Dammam,
EVT00266-06,SHP00266,6,2025-05-03T12:57:00,Customs released,Completed,Forwarder,Dammam,
EVT00266-07,SHP00266,7,2025-05-03T22:13:53,Delivery completed,Completed,Carrier,Dammam Gas Project Site,
EVT00267-01,SHP00267,1,2024-10-15T08:00:00,Booking created,Completed,Forwarder,Antwerp EPC Supplier Yard,
EVT00267-02,SHP00267,2,2024-10-30T08:03:50,Pickup completed,Completed,Carrier,Antwerp EPC Supplier Yard,
EVT00267-03,SHP00267,3,2024-10-30T14:43:13,Origin port gate in,Completed,Port terminal,Antwerp-Bruges,
EVT00267-04,SHP00267,4,2024-10-31T01:38:23,Vessel departed,Completed,Carrier,Antwerp-Bruges,
EVT00267-05,SHP00267,5,2024-11-03T21:39:56,Destination port arrival,Completed,Port terminal,Valencia,
EVT00267-06,SHP00267,6,2024-11-04T03:03:37,Customs released,Completed,Forwarder,Valencia,
EVT00267-07,SHP00267,7,2024-11-04T22:42:03,Delivery completed,Completed,Carrier,Zaragoza Distribution Hub,
EVT00268-01,SHP00268,1,2024-03-08T08:00:00,Booking created,Completed,Forwarder,Antwerp EPC Supplier Yard,
EVT00268-02,SHP00268,2,2024-03-21T07:16:29,Pickup completed,Completed,Carrier,Antwerp EPC Supplier Yard,
EVT00268-03,SHP00268,3,2024-03-21T14:44:44,Origin port gate in,Completed,Port terminal,Antwerp-Bruges,
EVT00268-04,SHP00268,4,2024-03-22T07:58:32,Vessel departed,Completed,Carrier,Antwerp-Bruges,
EVT00268-05,SHP00268,5,2024-03-26T15:08:27,Destination port arrival,Completed,Port terminal,Casablanca,
EVT00268-06,SHP00268,6,2024-03-27T04:17:58,Customs released,Completed,Forwarder,Casablanca,
EVT00268-07,SHP00268,7,2024-03-27T09:26:25,Delivery completed,Completed,Carrier,Casablanca Desalination Site,
EVT00269-01,SHP00269,1,2025-12-24T11:00:00,Booking created,Completed,Forwarder,Rotterdam Consolidation Hub,
EVT00269-02,SHP00269,2,2025-12-29T13:27:39,Pickup completed,Completed,Carrier,Rotterdam Consolidation Hub,
EVT00269-03,SHP00269,3,2025-12-29T22:41:42,Origin port gate in,Completed,Port terminal,Rotterdam,
EVT00269-04,SHP00269,4,2025-12-30T15:57:26,Vessel departed,Completed,Carrier,Rotterdam,
EVT00269-05,SHP00269,5,2026-01-06T02:58:08,Destination port arrival,Completed,Port terminal,Casablanca,
EVT00269-06,SHP00269,6,2026-01-06T07:33:14,Customs released,Completed,Forwarder,Casablanca,
EVT00269-07,SHP00269,7,2026-01-06T19:47:23,Delivery completed,Delayed,Carrier,Casablanca Desalination Site,Port congestion
EVT00270-01,SHP00270,1,2025-08-07T13:00:00,Booking created,Completed,Forwarder,Antwerp EPC Supplier Yard,
EVT00270-02,SHP00270,2,2025-08-13T14:51:10,Pickup completed,Completed,Carrier,Antwerp EPC Supplier Yard,
EVT00270-03,SHP00270,3,2025-08-14T00:30:00,Origin port gate in,Completed,Port terminal,Antwerp-Bruges,
EVT00270-04,SHP00270,4,2025-08-14T15:39:31,Vessel departed,Completed,Carrier,Antwerp-Bruges,
EVT00270-05,SHP00270,5,2025-08-20T20:44:24,Destination port arrival,Completed,Port terminal,Alexandria,
EVT00270-06,SHP00270,6,2025-08-21T03:27:24,Customs released,Completed,Forwarder,Alexandria,
EVT00270-07,SHP00270,7,2025-08-22T12:16:35,Delivery completed,Delayed,Carrier,Alexandria Water Project Site,Customs hold
EVT00271-01,SHP00271,1,2024-05-08T12:00:00,Booking created,Completed,Forwarder,Zaragoza Distribution Hub,
EVT00271-02,SHP00271,2,2024-05-15T11:15:38,Pickup completed,Completed,Carrier,Zaragoza Distribution Hub,
EVT00271-03,SHP00271,3,2024-05-15T20:47:08,Origin port gate in,Completed,Port terminal,Valencia,
EVT00271-04,SHP00271,4,2024-05-16T01:07:09,Vessel departed,Completed,Carrier,Valencia,
EVT00271-05,SHP00271,5,2024-05-19T02:44:00,Destination port arrival,Completed,Port terminal,Rotterdam,
EVT00271-06,SHP00271,6,2024-05-19T10:38:43,Customs released,Completed,Forwarder,Rotterdam,
EVT00271-07,SHP00271,7,2024-05-20T05:35:26,Delivery completed,Completed,Carrier,Rotterdam Consolidation Hub,
EVT00272-01,SHP00272,1,2025-10-24T10:00:00,Booking created,Completed,Forwarder,Valencia Export Depot,
EVT00272-02,SHP00272,2,2025-11-03T12:34:39,Pickup completed,Completed,Carrier,Valencia Export Depot,
EVT00272-03,SHP00272,3,2025-11-03T17:36:15,Origin port gate in,Completed,Port terminal,Valencia,
EVT00272-04,SHP00272,4,2025-11-04T03:13:17,Vessel departed,Completed,Carrier,Valencia,
EVT00272-05,SHP00272,5,2025-11-13T03:43:50,Destination port arrival,Completed,Port terminal,Dammam,
EVT00272-06,SHP00272,6,2025-11-13T07:05:20,Customs released,Completed,Forwarder,Dammam,
EVT00272-07,SHP00272,7,2025-11-14T00:08:31,Delivery completed,Completed,Carrier,Dammam Gas Project Site,
EVT00273-01,SHP00273,1,2024-01-09T14:00:00,Booking created,Completed,Forwarder,Tarragona Equipment Vendor,
EVT00273-02,SHP00273,2,2024-01-22T14:43:25,Pickup completed,Completed,Carrier,Tarragona Equipment Vendor,
EVT00273-03,SHP00273,3,2024-01-23T18:43:25,Origin port gate in,Completed,Port terminal,Barcelona,
EVT00273-04,SHP00273,4,2024-01-24T02:50:23,Vessel departed,Completed,Carrier,Barcelona,
EVT00273-05,SHP00273,5,2024-01-26T19:00:21,Destination port arrival,Completed,Port terminal,Sines,
EVT00273-06,SHP00273,6,2024-01-27T04:05:59,Customs released,Completed,Forwarder,Sines,
EVT00273-07,SHP00273,7,2024-01-27T18:26:07,Delivery completed,Completed,Carrier,Sines Energy Project Site,
EVT00274-01,SHP00274,1,2024-02-09T15:00:00,Booking created,Completed,Forwarder,Milan Valve Plant,
EVT00274-02,SHP00274,2,2024-02-23T15:47:32,Pickup completed,Completed,Carrier,Milan Valve Plant,
EVT00274-03,SHP00274,3,2024-02-24T00:34:39,Origin port gate in,Completed,Port terminal,Genoa,
EVT00274-04,SHP00274,4,2024-02-24T04:47:04,Vessel departed,Completed,Carrier,Genoa,
EVT00274-05,SHP00274,5,2024-02-28T18:01:43,Destination port arrival,Completed,Port terminal,Casablanca,
EVT00274-06,SHP00274,6,2024-02-29T01:26:25,Customs released,Completed,Forwarder,Casablanca,
EVT00274-07,SHP00274,7,2024-02-29T06:14:03,Delivery completed,Completed,Carrier,Casablanca Desalination Site,
EVT00275-01,SHP00275,1,2024-04-24T07:00:00,Booking created,Completed,Forwarder,Milan Valve Plant,
EVT00275-02,SHP00275,2,2024-04-29T08:06:46,Pickup completed,Completed,Carrier,Milan Valve Plant,
EVT00275-03,SHP00275,3,2024-04-29T16:23:26,Origin port gate in,Completed,Port terminal,Genoa,
EVT00275-04,SHP00275,4,2024-04-29T23:10:17,Vessel departed,Completed,Carrier,Genoa,
EVT00275-05,SHP00275,5,2024-05-03T13:39:50,Destination port arrival,Completed,Port terminal,Rotterdam,
EVT00275-06,SHP00275,6,2024-05-04T03:59:23,Customs released,Completed,Forwarder,Rotterdam,
EVT00275-07,SHP00275,7,2024-05-04T14:52:46,Delivery completed,Completed,Carrier,Rotterdam Consolidation Hub,
EVT00276-01,SHP00276,1,2025-11-12T09:00:00,Booking created,Completed,Forwarder,Cadiz Module Yard,
EVT00276-02,SHP00276,2,2025-11-24T08:09:55,Pickup completed,Completed,Carrier,Cadiz Module Yard,
EVT00276-03,SHP00276,3,2025-11-24T12:11:26,Origin port gate in,Completed,Port terminal,Algeciras,
EVT00276-04,SHP00276,4,2025-11-25T00:49:26,Vessel departed,Completed,Carrier,Algeciras,
EVT00276-05,SHP00276,5,2025-11-28T23:20:58,Destination port arrival,Completed,Port terminal,Marseille-Fos,
EVT00276-06,SHP00276,6,2025-11-29T02:57:50,Customs released,Completed,Forwarder,Marseille-Fos,
EVT00276-07,SHP00276,7,2025-11-29T18:20:39,Delivery completed,Delayed,Carrier,Marseille Wind Substation Site,Customs hold
EVT00277-01,SHP00277,1,2025-12-22T15:00:00,Booking created,Completed,Forwarder,Bilbao Steel Fabricator,
EVT00277-02,SHP00277,2,2025-12-30T14:38:28,Pickup completed,Completed,Carrier,Bilbao Steel Fabricator,
EVT00277-03,SHP00277,3,2025-12-31T04:24:04,Origin port gate in,Completed,Port terminal,Bilbao,
EVT00277-04,SHP00277,4,2025-12-31T21:39:09,Vessel departed,Completed,Carrier,Bilbao,
EVT00277-05,SHP00277,5,2026-01-03T16:57:59,Destination port arrival,Completed,Port terminal,Casablanca,
EVT00277-06,SHP00277,6,2026-01-04T04:43:49,Customs released,Completed,Forwarder,Casablanca,
EVT00277-07,SHP00277,7,2026-01-05T01:43:18,Delivery completed,Delayed,Carrier,Casablanca Desalination Site,Documentation issue
EVT00278-01,SHP00278,1,2025-10-24T07:00:00,Booking created,Completed,Forwarder,Puertollano Module Yard,
EVT00278-02,SHP00278,2,2025-10-29T09:10:16,Pickup completed,Completed,Carrier,Puertollano Module Yard,
EVT00278-03,SHP00278,3,2025-10-30T05:42:48,Origin port gate in,Completed,Port terminal,Algeciras,
EVT00278-04,SHP00278,4,2025-10-30T19:04:31,Vessel departed,Completed,Carrier,Algeciras,
EVT00278-05,SHP00278,5,2025-11-08T18:46:07,Destination port arrival,Completed,Port terminal,Dammam,
EVT00278-06,SHP00278,6,2025-11-09T09:39:43,Customs released,Completed,Forwarder,Dammam,
EVT00278-07,SHP00278,7,2025-11-09T19:46:21,Delivery completed,Delayed,Carrier,Dammam Gas Project Site,Port congestion
EVT00279-01,SHP00279,1,2025-06-25T14:00:00,Booking created,Completed,Forwarder,Bilbao Steel Fabricator,
EVT00279-02,SHP00279,2,2025-07-08T13:48:26,Pickup completed,Completed,Carrier,Bilbao Steel Fabricator,
EVT00279-03,SHP00279,3,2025-07-09T01:50:58,Origin port gate in,Completed,Port terminal,Bilbao,
EVT00279-04,SHP00279,4,2025-07-09T14:41:45,Vessel departed,Completed,Carrier,Bilbao,
EVT00279-05,SHP00279,5,2025-07-19T07:54:28,Customs released,Completed,Forwarder,Dammam,
EVT00279-06,SHP00279,6,2025-07-19T07:56:52,Destination port arrival,Completed,Port terminal,Dammam,
EVT00279-07,SHP00279,7,2025-07-19T21:53:59,Delivery completed,Completed,Carrier,Dammam Gas Project Site,
EVT00280-01,SHP00280,1,2024-09-05T08:00:00,Booking created,Completed,Forwarder,Rotterdam Consolidation Hub,
EVT00280-02,SHP00280,2,2024-09-11T09:40:04,Pickup completed,Completed,Carrier,Rotterdam Consolidation Hub,
EVT00280-03,SHP00280,3,2024-09-11T18:09:23,Origin port gate in,Completed,Port terminal,Rotterdam,
EVT00280-04,SHP00280,4,2024-09-12T07:09:33,Vessel departed,Completed,Carrier,Rotterdam,
EVT00280-05,SHP00280,5,2024-09-16T17:33:11,Destination port arrival,Completed,Port terminal,Casablanca,
EVT00280-06,SHP00280,6,2024-09-17T06:43:08,Customs released,Completed,Forwarder,Casablanca,
EVT00280-07,SHP00280,7,2024-09-17T19:43:03,Delivery completed,Completed,Carrier,Casablanca Desalination Site,
EVT00281-01,SHP00281,1,2024-06-07T13:00:00,Booking created,Completed,Forwarder,Puertollano Module Yard,
EVT00281-02,SHP00281,2,2024-06-17T12:19:09,Pickup completed,Completed,Carrier,Puertollano Module Yard,
EVT00281-03,SHP00281,3,2024-06-18T21:59:48,Origin port gate in,Completed,Port terminal,Algeciras,
EVT00281-04,SHP00281,4,2024-06-19T13:18:47,Vessel departed,Completed,Carrier,Algeciras,
EVT00281-05,SHP00281,5,2024-06-23T21:06:38,Destination port arrival,Completed,Port terminal,Rotterdam,
EVT00281-06,SHP00281,6,2024-06-23T23:10:36,Customs released,Completed,Forwarder,Rotterdam,
EVT00281-07,SHP00281,7,2024-06-24T23:34:01,Delivery completed,Delayed,Carrier,Rotterdam Consolidation Hub,Port congestion
EVT00282-01,SHP00282,1,2025-02-09T10:00:00,Booking created,Completed,Forwarder,Lyon Fabrication Partner,
EVT00282-02,SHP00282,2,2025-02-24T11:21:47,Pickup completed,Completed,Carrier,Lyon Fabrication Partner,
EVT00282-03,SHP00282,3,2025-02-24T21:35:49,Origin port gate in,Completed,Port terminal,Marseille-Fos,
EVT00282-04,SHP00282,4,2025-02-25T05:53:50,Vessel departed,Completed,Carrier,Marseille-Fos,
EVT00282-05,SHP00282,5,2025-03-06T01:07:08,Destination port arrival,Completed,Port terminal,Dammam,
EVT00282-06,SHP00282,6,2025-03-06T03:16:44,Customs released,Completed,Forwarder,Dammam,
EVT00282-07,SHP00282,7,2025-03-07T11:33:24,Delivery completed,Completed,Carrier,Dammam Gas Project Site,
EVT00283-01,SHP00283,1,2024-05-08T08:00:00,Booking created,Completed,Forwarder,Zaragoza Distribution Hub,
EVT00283-02,SHP00283,2,2024-05-21T09:45:20,Pickup completed,Completed,Carrier,Zaragoza Distribution Hub,
EVT00283-03,SHP00283,3,2024-05-21T20:25:20,Origin port gate in,Completed,Port terminal,Valencia,
EVT00283-04,SHP00283,4,2024-05-22T05:02:24,Vessel departed,Completed,Carrier,Valencia,
EVT00283-05,SHP00283,5,2024-05-24T17:32:36,Destination port arrival,Completed,Port terminal,Marseille-Fos,
EVT00283-06,SHP00283,6,2024-05-24T21:44:59,Customs released,Completed,Forwarder,Marseille-Fos,
EVT00283-07,SHP00283,7,2024-05-25T16:43:29,Delivery completed,Completed,Carrier,Marseille Wind Substation Site,
EVT00284-01,SHP00284,1,2025-09-10T12:00:00,Booking created,Completed,Forwarder,Bilbao Steel Fabricator,
EVT00284-02,SHP00284,2,2025-09-17T12:14:11,Pickup completed,Completed,Carrier,Bilbao Steel Fabricator,
EVT00284-03,SHP00284,3,2025-09-17T19:37:42,Origin port gate in,Completed,Port terminal,Bilbao,
EVT00284-04,SHP00284,4,2025-09-18T05:09:25,Vessel departed,Completed,Carrier,Bilbao,
EVT00284-05,SHP00284,5,2025-09-21T09:59:33,Destination port arrival,Completed,Port terminal,Sines,
EVT00284-06,SHP00284,6,2025-09-21T14:13:18,Customs released,Completed,Forwarder,Sines,
EVT00284-07,SHP00284,7,2025-09-22T16:05:51,Delivery completed,Completed,Carrier,Sines Energy Project Site,
EVT00285-01,SHP00285,1,2024-05-15T15:00:00,Booking created,Completed,Forwarder,Bilbao Steel Fabricator,
EVT00285-02,SHP00285,2,2024-05-23T15:31:05,Pickup completed,Completed,Carrier,Bilbao Steel Fabricator,
EVT00285-03,SHP00285,3,2024-05-23T22:29:38,Origin port gate in,Completed,Port terminal,Bilbao,
EVT00285-04,SHP00285,4,2024-05-24T07:41:04,Vessel departed,Completed,Carrier,Bilbao,
EVT00285-05,SHP00285,5,2024-05-26T17:53:47,Destination port arrival,Completed,Port terminal,Casablanca,
EVT00285-06,SHP00285,6,2024-05-27T01:59:14,Customs released,Completed,Forwarder,Casablanca,
EVT00285-07,SHP00285,7,2024-05-27T13:04:28,Delivery completed,Completed,Carrier,Casablanca Desalination Site,
EVT00286-01,SHP00286,1,2024-01-24T08:00:00,Booking created,Completed,Forwarder,Cadiz Module Yard,
EVT00286-02,SHP00286,2,2024-02-01T08:06:12,Pickup completed,Completed,Carrier,Cadiz Module Yard,
EVT00286-03,SHP00286,3,2024-02-01T19:15:41,Origin port gate in,Completed,Port terminal,Algeciras,
EVT00286-04,SHP00286,4,2024-02-02T04:58:44,Vessel departed,Completed,Carrier,Algeciras,
EVT00286-05,SHP00286,5,2024-02-04T10:34:48,Destination port arrival,Completed,Port terminal,Sines,
EVT00286-06,SHP00286,6,2024-02-04T12:56:00,Customs released,Completed,Forwarder,Sines,
EVT00286-07,SHP00286,7,2024-02-05T17:24:13,Delivery completed,Delayed,Carrier,Sines Energy Project Site,Weather disruption
EVT00287-01,SHP00287,1,2025-08-19T10:00:00,Booking created,Completed,Forwarder,Madrid Cross Dock,
EVT00287-02,SHP00287,2,2025-09-03T11:30:42,Pickup completed,Completed,Carrier,Madrid Cross Dock,
EVT00287-03,SHP00287,3,2025-09-04T01:51:16,Origin port gate in,Completed,Port terminal,Valencia,
EVT00287-04,SHP00287,4,2025-09-04T11:55:04,Vessel departed,Completed,Carrier,Valencia,
EVT00287-05,SHP00287,5,2025-09-07T15:53:20,Destination port arrival,Completed,Port terminal,Marseille-Fos,
EVT00287-06,SHP00287,6,2025-09-07T16:51:39,Customs released,Completed,Forwarder,Marseille-Fos,
EVT00287-07,SHP00287,7,2025-09-09T03:01:27,Delivery completed,Completed,Carrier,Marseille Wind Substation Site,
EVT00288-01,SHP00288,1,2025-08-22T13:00:00,Booking created,Completed,Forwarder,Puertollano Module Yard,
EVT00288-02,SHP00288,2,2025-08-28T13:31:59,Pickup completed,Completed,Carrier,Puertollano Module Yard,
EVT00288-03,SHP00288,3,2025-08-28T22:48:33,Origin port gate in,Completed,Port terminal,Algeciras,
EVT00288-04,SHP00288,4,2025-08-29T09:38:19,Vessel departed,Completed,Carrier,Algeciras,
EVT00288-05,SHP00288,5,2025-09-02T06:01:51,Destination port arrival,Completed,Port terminal,Marseille-Fos,
EVT00288-06,SHP00288,6,2025-09-02T16:40:06,Customs released,Completed,Forwarder,Marseille-Fos,
EVT00288-07,SHP00288,7,2025-09-03T03:11:33,Delivery completed,Completed,Carrier,Marseille Wind Substation Site,
EVT00289-01,SHP00289,1,2024-06-19T11:00:00,Booking created,Completed,Forwarder,Bilbao Steel Fabricator,
EVT00289-02,SHP00289,2,2024-06-25T13:39:25,Pickup completed,Completed,Carrier,Bilbao Steel Fabricator,
EVT00289-03,SHP00289,3,2024-06-26T01:50:22,Origin port gate in,Completed,Port terminal,Bilbao,
EVT00289-04,SHP00289,4,2024-06-26T06:23:16,Vessel departed,Completed,Carrier,Bilbao,
EVT00289-05,SHP00289,5,2024-06-28T16:52:04,Destination port arrival,Completed,Port terminal,Casablanca,
EVT00289-06,SHP00289,6,2024-06-28T22:45:14,Customs released,Completed,Forwarder,Casablanca,
EVT00289-07,SHP00289,7,2024-06-29T11:10:05,Delivery completed,Completed,Carrier,Casablanca Desalination Site,
EVT00290-01,SHP00290,1,2025-08-20T15:00:00,Booking created,Completed,Forwarder,Zaragoza Distribution Hub,
EVT00290-02,SHP00290,2,2025-09-01T17:10:14,Pickup completed,Completed,Carrier,Zaragoza Distribution Hub,
EVT00290-03,SHP00290,3,2025-09-02T07:21:01,Origin port gate in,Completed,Port terminal,Valencia,
EVT00290-04,SHP00290,4,2025-09-02T12:35:43,Vessel departed,Completed,Carrier,Valencia,
EVT00290-05,SHP00290,5,2025-09-11T02:32:45,Destination port arrival,Completed,Port terminal,Dammam,
EVT00290-06,SHP00290,6,2025-09-11T04:28:45,Customs released,Completed,Forwarder,Dammam,
EVT00290-07,SHP00290,7,2025-09-11T14:16:23,Delivery completed,Completed,Carrier,Dammam Gas Project Site,
EVT00291-01,SHP00291,1,2025-05-04T09:00:00,Booking created,Completed,Forwarder,Puertollano Module Yard,
EVT00291-02,SHP00291,2,2025-05-14T08:28:10,Pickup completed,Completed,Carrier,Puertollano Module Yard,
EVT00291-03,SHP00291,3,2025-05-15T01:02:41,Origin port gate in,Completed,Port terminal,Algeciras,
EVT00291-04,SHP00291,4,2025-05-15T07:28:52,Vessel departed,Completed,Carrier,Algeciras,
EVT00291-05,SHP00291,5,2025-05-17T18:53:13,Customs released,Completed,Forwarder,Sines,
EVT00291-06,SHP00291,6,2025-05-17T18:57:33,Destination port arrival,Completed,Port terminal,Sines,
EVT00291-07,SHP00291,7,2025-05-18T12:22:56,Delivery completed,Completed,Carrier,Sines Energy Project Site,
EVT00292-01,SHP00292,1,2024-03-14T07:00:00,Booking created,Completed,Forwarder,Bilbao Steel Fabricator,
EVT00292-02,SHP00292,2,2024-03-28T07:36:49,Pickup completed,Completed,Carrier,Bilbao Steel Fabricator,
EVT00292-03,SHP00292,3,2024-03-30T19:04:47,Delivery completed,Completed,Carrier,Rotterdam Consolidation Hub,
EVT00293-01,SHP00293,1,2025-08-28T09:00:00,Booking created,Completed,Forwarder,Lyon Fabrication Partner,
EVT00293-02,SHP00293,2,2025-09-09T08:19:01,Pickup completed,Completed,Carrier,Lyon Fabrication Partner,
EVT00293-03,SHP00293,3,2025-09-10T08:26:55,Origin port gate in,Completed,Port terminal,Marseille-Fos,
EVT00293-04,SHP00293,4,2025-09-10T16:52:20,Vessel departed,Completed,Carrier,Marseille-Fos,
EVT00293-05,SHP00293,5,2025-09-19T21:26:18,Customs released,Completed,Forwarder,Dammam,
EVT00293-06,SHP00293,6,2025-09-19T21:28:54,Destination port arrival,Completed,Port terminal,Dammam,
EVT00293-07,SHP00293,7,2025-09-20T15:22:58,Delivery completed,Completed,Carrier,Dammam Gas Project Site,
EVT00294-01,SHP00294,1,2024-06-29T13:00:00,Booking created,Completed,Forwarder,Tarragona Equipment Vendor,
EVT00294-02,SHP00294,2,2024-07-14T15:24:01,Pickup completed,Completed,Carrier,Tarragona Equipment Vendor,
EVT00294-03,SHP00294,3,2024-07-15T04:14:34,Origin port gate in,Completed,Port terminal,Barcelona,
EVT00294-04,SHP00294,4,2024-07-15T18:45:31,Vessel departed,Completed,Carrier,Barcelona,
EVT00294-05,SHP00294,5,2024-07-18T17:06:26,Destination port arrival,Completed,Port terminal,Sines,
EVT00294-06,SHP00294,6,2024-07-19T00:56:27,Customs released,Completed,Forwarder,Sines,
EVT00294-07,SHP00294,7,2024-07-19T17:08:43,Delivery completed,Completed,Carrier,Sines Energy Project Site,
EVT00295-01,SHP00295,1,2024-10-28T08:00:00,Booking created,Completed,Forwarder,Rotterdam Consolidation Hub,
EVT00295-02,SHP00295,2,2024-11-05T07:14:45,Pickup completed,Completed,Carrier,Rotterdam Consolidation Hub,
EVT00295-03,SHP00295,3,2024-11-08T00:34:00,Delivery completed,Completed,Carrier,Casablanca Desalination Site,
EVT00296-01,SHP00296,1,2025-10-25T12:00:00,Booking created,Completed,Forwarder,Madrid Cross Dock,
EVT00296-02,SHP00296,2,2025-11-06T12:51:05,Pickup completed,Completed,Carrier,Madrid Cross Dock,
EVT00296-03,SHP00296,3,2025-11-07T21:47:06,Origin port gate in,Completed,Port terminal,Valencia,
EVT00296-04,SHP00296,4,2025-11-08T09:15:10,Vessel departed,Completed,Carrier,Valencia,
EVT00296-05,SHP00296,5,2025-11-10T22:51:22,Destination port arrival,Completed,Port terminal,Sines,
EVT00296-06,SHP00296,6,2025-11-11T12:01:15,Customs released,Completed,Forwarder,Sines,
EVT00296-07,SHP00296,7,2025-11-12T14:23:19,Delivery completed,Delayed,Carrier,Sines Energy Project Site,Weather disruption
EVT00297-01,SHP00297,1,2025-10-24T11:00:00,Booking created,Completed,Forwarder,Valencia Export Depot,
EVT00297-02,SHP00297,2,2025-10-29T12:27:21,Pickup completed,Completed,Carrier,Valencia Export Depot,
EVT00297-03,SHP00297,3,2025-10-30T07:58:58,Origin port gate in,Completed,Port terminal,Valencia,
EVT00297-04,SHP00297,4,2025-10-30T15:50:24,Vessel departed,Completed,Carrier,Valencia,
EVT00297-05,SHP00297,5,2025-11-08T10:55:44,Destination port arrival,Completed,Port terminal,Dammam,
EVT00297-06,SHP00297,6,2025-11-08T20:07:03,Customs released,Completed,Forwarder,Dammam,
EVT00297-07,SHP00297,7,2025-11-09T07:01:33,Delivery completed,Completed,Carrier,Dammam Gas Project Site,
EVT00298-01,SHP00298,1,2025-01-24T12:00:00,Booking created,Completed,Forwarder,Valencia Export Depot,
EVT00298-02,SHP00298,2,2025-02-05T11:27:51,Pickup completed,Completed,Carrier,Valencia Export Depot,
EVT00298-03,SHP00298,3,2025-02-05T14:51:27,Origin port gate in,Completed,Port terminal,Valencia,
EVT00298-04,SHP00298,4,2025-02-06T02:53:20,Vessel departed,Completed,Carrier,Valencia,
EVT00298-05,SHP00298,5,2025-02-09T12:38:30,Destination port arrival,Completed,Port terminal,Rotterdam,
EVT00298-06,SHP00298,6,2025-02-10T00:36:12,Customs released,Completed,Forwarder,Rotterdam,
EVT00298-07,SHP00298,7,2025-02-10T15:14:52,Delivery completed,Completed,Carrier,Rotterdam Consolidation Hub,
EVT00299-01,SHP00299,1,2024-04-16T07:00:00,Booking created,Completed,Forwarder,Cadiz Module Yard,
EVT00299-02,SHP00299,2,2024-04-29T09:22:50,Pickup completed,Completed,Carrier,Cadiz Module Yard,
EVT00299-03,SHP00299,3,2024-04-29T19:47:08,Origin port gate in,Completed,Port terminal,Algeciras,
EVT00299-04,SHP00299,4,2024-04-30T01:59:04,Vessel departed,Completed,Carrier,Algeciras,
EVT00299-05,SHP00299,5,2024-05-01T04:05:38,Destination port arrival,Completed,Port terminal,Casablanca,
EVT00299-06,SHP00299,6,2024-05-01T16:24:52,Customs released,Completed,Forwarder,Casablanca,
EVT00299-07,SHP00299,7,2024-05-03T03:14:08,Delivery completed,Delayed,Carrier,Casablanca Desalination Site,Port congestion
EVT00300-01,SHP00300,1,2025-12-07T10:00:00,Booking created,Completed,Forwarder,Tarragona Equipment Vendor,
EVT00300-02,SHP00300,2,2025-12-22T12:54:33,Pickup completed,Completed,Carrier,Tarragona Equipment Vendor,
EVT00300-03,SHP00300,3,2025-12-23T04:02:32,Origin port gate in,Completed,Port terminal,Barcelona,
EVT00300-04,SHP00300,4,2025-12-23T21:41:59,Vessel departed,Completed,Carrier,Barcelona,
EVT00300-05,SHP00300,5,2026-01-01T00:21:49,Destination port arrival,Completed,Port terminal,Dammam,
EVT00300-06,SHP00300,6,2026-01-01T07:17:11,Customs released,Completed,Forwarder,Dammam,
EVT00300-07,SHP00300,7,2026-01-01T15:43:46,Delivery completed,Completed,Carrier,Dammam Gas Project Site,
EVT00301-01,SHP00301,1,2024-02-11T15:00:00,Booking created,Completed,Forwarder,Antwerp EPC Supplier Yard,
EVT00301-02,SHP00301,2,2024-02-19T17:03:24,Pickup completed,Completed,Carrier,Antwerp EPC Supplier Yard,
EVT00301-03,SHP00301,3,2024-02-21T19:08:21,Delivery completed,Completed,Carrier,Sines Energy Project Site,
EVT00302-01,SHP00302,1,2025-01-25T10:00:00,Booking created,Completed,Forwarder,Milan Valve Plant,
EVT00302-02,SHP00302,2,2025-02-05T10:44:26,Pickup completed,Completed,Carrier,Milan Valve Plant,
EVT00302-03,SHP00302,3,2025-02-05T16:13:49,Origin port gate in,Completed,Port terminal,Genoa,
EVT00302-04,SHP00302,4,2025-02-05T20:28:24,Vessel departed,Completed,Carrier,Genoa,
EVT00302-05,SHP00302,5,2025-02-10T05:05:09,Destination port arrival,Completed,Port terminal,Casablanca,
EVT00302-06,SHP00302,6,2025-02-10T19:42:05,Customs released,Completed,Forwarder,Casablanca,
EVT00302-07,SHP00302,7,2025-02-11T12:23:34,Delivery completed,Completed,Carrier,Casablanca Desalination Site,
EVT00303-01,SHP00303,1,2025-09-22T07:00:00,Booking created,Completed,Forwarder,Bilbao Steel Fabricator,
EVT00303-02,SHP00303,2,2025-09-30T09:37:14,Pickup completed,Completed,Carrier,Bilbao Steel Fabricator,
EVT00303-03,SHP00303,3,2025-09-30T16:28:47,Origin port gate in,Completed,Port terminal,Bilbao,
EVT00303-04,SHP00303,4,2025-10-01T01:30:48,Vessel departed,Completed,Carrier,Bilbao,
EVT00303-05,SHP00303,5,2025-10-04T04:33:13,Destination port arrival,Completed,Port terminal,Sines,
EVT00303-06,SHP00303,6,2025-10-04T14:05:11,Customs released,Completed,Forwarder,Sines,
EVT00303-07,SHP00303,7,2025-10-05T06:38:58,Delivery completed,Completed,Carrier,Sines Energy Project Site,
EVT00304-01,SHP00304,1,2024-02-14T08:00:00,Booking created,Completed,Forwarder,Milan Valve Plant,
EVT00304-02,SHP00304,2,2024-02-20T08:54:13,Pickup completed,Completed,Carrier,Milan Valve Plant,
EVT00304-03,SHP00304,3,2024-02-20T16:23:29,Origin port gate in,Completed,Port terminal,Genoa,
EVT00304-04,SHP00304,4,2024-02-21T05:08:48,Vessel departed,Completed,Carrier,Genoa,
EVT00304-05,SHP00304,5,2024-02-24T12:39:09,Destination port arrival,Completed,Port terminal,Sines,
EVT00304-06,SHP00304,6,2024-02-25T00:47:03,Customs released,Completed,Forwarder,Sines,
EVT00304-07,SHP00304,7,2024-02-25T09:12:46,Delivery completed,Completed,Carrier,Sines Energy Project Site,
EVT00305-01,SHP00305,1,2024-08-25T12:00:00,Booking created,Completed,Forwarder,Antwerp EPC Supplier Yard,
EVT00305-02,SHP00305,2,2024-08-30T13:56:19,Pickup completed,Completed,Carrier,Antwerp EPC Supplier Yard,
EVT00305-03,SHP00305,3,2024-08-31T02:12:02,Origin port gate in,Completed,Port terminal,Antwerp-Bruges,
EVT00305-04,SHP00305,4,2024-08-31T06:50:24,Vessel departed,Completed,Carrier,Antwerp-Bruges,
EVT00305-05,SHP00305,5,2024-09-09T16:25:13,Destination port arrival,Completed,Port terminal,Dammam,
EVT00305-06,SHP00305,6,2024-09-10T02:05:08,Customs released,Completed,Forwarder,Dammam,
EVT00305-07,SHP00305,7,2024-09-10T17:05:31,Delivery completed,Completed,Carrier,Dammam Gas Project Site,
EVT00306-01,SHP00306,1,2024-09-28T07:00:00,Booking created,Completed,Forwarder,Tarragona Equipment Vendor,
EVT00306-02,SHP00306,2,2024-10-04T07:06:05,Pickup completed,Completed,Carrier,Tarragona Equipment Vendor,
EVT00306-03,SHP00306,3,2024-10-04T15:23:29,Origin port gate in,Completed,Port terminal,Barcelona,
EVT00306-04,SHP00306,4,2024-10-05T06:32:12,Vessel departed,Completed,Carrier,Barcelona,
EVT00306-05,SHP00306,5,2024-10-07T21:13:14,Destination port arrival,Completed,Port terminal,Sines,
EVT00306-06,SHP00306,6,2024-10-08T02:08:26,Customs released,Completed,Forwarder,Sines,
EVT00306-07,SHP00306,7,2024-10-08T14:56:37,Delivery completed,Completed,Carrier,Sines Energy Project Site,
EVT00307-01,SHP00307,1,2024-08-05T11:00:00,Booking created,Completed,Forwarder,Valencia Export Depot,
EVT00307-02,SHP00307,2,2024-08-12T10:15:22,Pickup completed,Completed,Carrier,Valencia Export Depot,
EVT00307-03,SHP00307,3,2024-08-12T21:36:47,Origin port gate in,Completed,Port terminal,Valencia,
EVT00307-04,SHP00307,4,2024-08-13T12:33:37,Vessel departed,Completed,Carrier,Valencia,
EVT00307-05,SHP00307,5,2024-08-16T18:41:17,Destination port arrival,Completed,Port terminal,Rotterdam,
EVT00307-06,SHP00307,6,2024-08-16T23:51:01,Customs released,Completed,Forwarder,Rotterdam,
EVT00307-07,SHP00307,7,2024-08-17T10:45:37,Delivery completed,Completed,Carrier,Rotterdam Consolidation Hub,
EVT00308-01,SHP00308,1,2024-06-19T09:00:00,Booking created,Completed,Forwarder,Zaragoza Distribution Hub,
EVT00308-02,SHP00308,2,2024-06-27T08:46:20,Pickup completed,Completed,Carrier,Zaragoza Distribution Hub,
EVT00308-03,SHP00308,3,2024-06-27T21:54:11,Origin port gate in,Completed,Port terminal,Valencia,
EVT00308-04,SHP00308,4,2024-06-28T03:55:51,Vessel departed,Completed,Carrier,Valencia,
EVT00308-05,SHP00308,5,2024-06-30T22:24:41,Destination port arrival,Completed,Port terminal,Sines,
EVT00308-06,SHP00308,6,2024-06-30T23:14:26,Customs released,Completed,Forwarder,Sines,
EVT00308-07,SHP00308,7,2024-07-01T15:42:34,Delivery completed,Completed,Carrier,Sines Energy Project Site,
EVT00309-01,SHP00309,1,2024-10-21T11:00:00,Booking created,Completed,Forwarder,Bilbao Steel Fabricator,
EVT00309-02,SHP00309,2,2024-10-29T10:00:22,Pickup completed,Completed,Carrier,Bilbao Steel Fabricator,
EVT00309-03,SHP00309,3,2024-10-29T16:33:49,Origin port gate in,Completed,Port terminal,Bilbao,
EVT00309-04,SHP00309,4,2024-10-29T22:13:45,Vessel departed,Completed,Carrier,Bilbao,
EVT00309-05,SHP00309,5,2024-11-02T09:05:40,Destination port arrival,Completed,Port terminal,Rotterdam,
EVT00309-06,SHP00309,6,2024-11-02T16:06:46,Customs released,Completed,Forwarder,Rotterdam,
EVT00309-07,SHP00309,7,2024-11-03T06:33:34,Delivery completed,Completed,Carrier,Rotterdam Consolidation Hub,
EVT00310-01,SHP00310,1,2024-09-22T09:00:00,Booking created,Completed,Forwarder,Tarragona Equipment Vendor,
EVT00310-02,SHP00310,2,2024-09-30T08:03:57,Pickup completed,Completed,Carrier,Tarragona Equipment Vendor,
EVT00310-03,SHP00310,3,2024-09-30T21:01:03,Origin port gate in,Completed,Port terminal,Barcelona,
EVT00310-04,SHP00310,4,2024-10-01T09:33:24,Vessel departed,Completed,Carrier,Barcelona,
EVT00310-05,SHP00310,5,2024-10-02T23:58:07,Destination port arrival,Completed,Port terminal,Marseille-Fos,
EVT00310-06,SHP00310,6,2024-10-03T09:32:12,Customs released,Completed,Forwarder,Marseille-Fos,
EVT00310-07,SHP00310,7,2024-10-03T21:00:55,Delivery completed,Completed,Carrier,Marseille Wind Substation Site,
EVT00311-01,SHP00311,1,2025-08-15T15:00:00,Booking created,Completed,Forwarder,Milan Valve Plant,
EVT00311-02,SHP00311,2,2025-08-20T14:50:43,Pickup completed,Completed,Carrier,Milan Valve Plant,
EVT00311-03,SHP00311,3,2025-08-21T02:11:54,Origin port gate in,Completed,Port terminal,Genoa,
EVT00311-04,SHP00311,4,2025-08-21T14:18:57,Vessel departed,Completed,Carrier,Genoa,
EVT00311-05,SHP00311,5,2025-08-26T22:31:45,Destination port arrival,Completed,Port terminal,Alexandria,
EVT00311-06,SHP00311,6,2025-08-27T10:20:34,Customs released,Completed,Forwarder,Alexandria,
EVT00311-07,SHP00311,7,2025-08-27T22:44:03,Delivery completed,Completed,Carrier,Alexandria Water Project Site,
EVT00312-01,SHP00312,1,2025-02-13T07:00:00,Booking created,Completed,Forwarder,Bilbao Steel Fabricator,
EVT00312-02,SHP00312,2,2025-02-24T07:48:21,Pickup completed,Completed,Carrier,Bilbao Steel Fabricator,
EVT00312-03,SHP00312,3,2025-02-24T18:05:23,Origin port gate in,Completed,Port terminal,Bilbao,
EVT00312-04,SHP00312,4,2025-02-25T10:53:54,Vessel departed,Completed,Carrier,Bilbao,
EVT00312-05,SHP00312,5,2025-02-27T19:52:08,Destination port arrival,Completed,Port terminal,Casablanca,
EVT00312-06,SHP00312,6,2025-02-28T01:19:27,Customs released,Completed,Forwarder,Casablanca,
EVT00312-07,SHP00312,7,2025-02-28T12:32:28,Delivery completed,Completed,Carrier,Casablanca Desalination Site,
EVT00313-01,SHP00313,1,2025-08-27T12:00:00,Booking created,Completed,Forwarder,Valencia Export Depot,
EVT00313-02,SHP00313,2,2025-09-01T12:34:57,Pickup completed,Completed,Carrier,Valencia Export Depot,
EVT00313-03,SHP00313,3,2025-09-01T22:43:59,Origin port gate in,Completed,Port terminal,Valencia,
EVT00313-04,SHP00313,4,2025-09-02T10:43:35,Vessel departed,Completed,Carrier,Valencia,
EVT00313-05,SHP00313,5,2025-09-04T10:45:29,Destination port arrival,Completed,Port terminal,Casablanca,
EVT00313-06,SHP00313,6,2025-09-04T16:32:27,Customs released,Completed,Forwarder,Casablanca,
EVT00313-07,SHP00313,7,2025-09-05T12:40:10,Delivery completed,Completed,Carrier,Casablanca Desalination Site,
EVT00314-01,SHP00314,1,2024-08-18T10:00:00,Booking created,Completed,Forwarder,Antwerp EPC Supplier Yard,
EVT00314-02,SHP00314,2,2024-08-30T10:05:10,Pickup completed,Completed,Carrier,Antwerp EPC Supplier Yard,
EVT00314-03,SHP00314,3,2024-08-30T14:23:16,Origin port gate in,Completed,Port terminal,Antwerp-Bruges,
EVT00314-04,SHP00314,4,2024-08-30T22:32:00,Vessel departed,Completed,Carrier,Antwerp-Bruges,
EVT00314-05,SHP00314,5,2024-09-05T12:35:36,Destination port arrival,Completed,Port terminal,Alexandria,
EVT00314-06,SHP00314,6,2024-09-05T18:12:07,Customs released,Completed,Forwarder,Alexandria,
EVT00314-07,SHP00314,7,2024-09-06T18:11:55,Delivery completed,Completed,Carrier,Alexandria Water Project Site,
EVT00315-01,SHP00315,1,2024-05-12T13:00:00,Booking created,Completed,Forwarder,Bilbao Steel Fabricator,
EVT00315-02,SHP00315,2,2024-05-16T12:29:00,Pickup completed,Completed,Carrier,Bilbao Steel Fabricator,
EVT00315-03,SHP00315,3,2024-05-17T20:02:25,Delivery completed,Completed,Carrier,Sines Energy Project Site,
EVT00316-01,SHP00316,1,2024-03-12T10:00:00,Booking created,Completed,Forwarder,Bilbao Steel Fabricator,
EVT00316-02,SHP00316,2,2024-03-27T10:10:04,Pickup completed,Completed,Carrier,Bilbao Steel Fabricator,
EVT00316-03,SHP00316,3,2024-03-28T03:11:40,Origin port gate in,Completed,Port terminal,Bilbao,
EVT00316-04,SHP00316,4,2024-03-28T17:48:06,Vessel departed,Completed,Carrier,Bilbao,
EVT00316-05,SHP00316,5,2024-03-31T09:15:24,Destination port arrival,Completed,Port terminal,Casablanca,
EVT00316-06,SHP00316,6,2024-03-31T23:17:43,Customs released,Completed,Forwarder,Casablanca,
EVT00316-07,SHP00316,7,2024-04-02T10:11:09,Delivery completed,Delayed,Carrier,Casablanca Desalination Site,Weather disruption
EVT00317-01,SHP00317,1,2024-09-06T07:00:00,Booking created,Completed,Forwarder,Bilbao Steel Fabricator,
EVT00317-02,SHP00317,2,2024-09-13T07:40:09,Pickup completed,Completed,Carrier,Bilbao Steel Fabricator,
EVT00317-03,SHP00317,3,2024-09-13T16:45:13,Origin port gate in,Completed,Port terminal,Bilbao,
EVT00317-04,SHP00317,4,2024-09-14T01:31:25,Vessel departed,Completed,Carrier,Bilbao,
EVT00317-05,SHP00317,5,2024-09-23T14:47:16,Destination port arrival,Completed,Port terminal,Dammam,
EVT00317-06,SHP00317,6,2024-09-24T02:34:34,Customs released,Completed,Forwarder,Dammam,
EVT00317-07,SHP00317,7,2024-09-24T12:35:06,Delivery completed,Completed,Carrier,Dammam Gas Project Site,
EVT00318-01,SHP00318,1,2025-05-14T07:00:00,Booking created,Completed,Forwarder,Puertollano Module Yard,
EVT00318-02,SHP00318,2,2025-05-20T07:07:13,Pickup completed,Completed,Carrier,Puertollano Module Yard,
EVT00318-03,SHP00318,3,2025-05-20T18:52:08,Origin port gate in,Completed,Port terminal,Algeciras,
EVT00318-04,SHP00318,4,2025-05-21T01:46:54,Vessel departed,Completed,Carrier,Algeciras,
EVT00318-05,SHP00318,5,2025-05-24T04:51:58,Destination port arrival,Completed,Port terminal,Marseille-Fos,
EVT00318-06,SHP00318,6,2025-05-24T07:41:26,Customs released,Completed,Forwarder,Marseille-Fos,
EVT00318-07,SHP00318,7,2025-05-24T15:44:16,Delivery completed,Completed,Carrier,Marseille Wind Substation Site,
EVT00319-01,SHP00319,1,2024-09-25T08:00:00,Booking created,Completed,Forwarder,Bilbao Steel Fabricator,
EVT00319-02,SHP00319,2,2024-09-30T09:05:23,Pickup completed,Completed,Carrier,Bilbao Steel Fabricator,
EVT00319-03,SHP00319,3,2024-09-30T13:00:32,Origin port gate in,Completed,Port terminal,Bilbao,
EVT00319-04,SHP00319,4,2024-09-30T19:30:54,Vessel departed,Completed,Carrier,Bilbao,
EVT00319-05,SHP00319,5,2024-10-04T07:06:28,Destination port arrival,Completed,Port terminal,Rotterdam,
EVT00319-06,SHP00319,6,2024-10-04T14:56:07,Customs released,Completed,Forwarder,Rotterdam,
EVT00319-07,SHP00319,7,2024-10-05T04:38:55,Delivery completed,Completed,Carrier,Rotterdam Consolidation Hub,
EVT00320-01,SHP00320,1,2025-09-09T11:00:00,Booking created,Completed,Forwarder,Bilbao Steel Fabricator,
EVT00320-02,SHP00320,2,2025-09-19T12:17:28,Pickup completed,Completed,Carrier,Bilbao Steel Fabricator,
EVT00320-03,SHP00320,3,2025-09-19T20:51:18,Origin port gate in,Completed,Port terminal,Bilbao,
EVT00320-04,SHP00320,4,2025-09-20T08:55:13,Vessel departed,Completed,Carrier,Bilbao,
EVT00320-05,SHP00320,5,2025-09-26T23:13:49,Destination port arrival,Completed,Port terminal,Alexandria,
EVT00320-06,SHP00320,6,2025-09-27T02:47:33,Customs released,Completed,Forwarder,Alexandria,
EVT00320-07,SHP00320,7,2025-09-27T14:10:25,Delivery completed,Completed,Carrier,Alexandria Water Project Site,
EVT00321-01,SHP00321,1,2024-08-18T07:00:00,Booking created,Completed,Forwarder,Milan Valve Plant,
EVT00321-02,SHP00321,2,2024-08-28T07:54:33,Pickup completed,Completed,Carrier,Milan Valve Plant,
EVT00321-03,SHP00321,3,2024-08-28T15:40:44,Origin port gate in,Completed,Port terminal,Genoa,
EVT00321-04,SHP00321,4,2024-08-29T03:29:10,Vessel departed,Completed,Carrier,Genoa,
EVT00321-05,SHP00321,5,2024-09-03T17:55:57,Destination port arrival,Completed,Port terminal,Sines,
EVT00321-06,SHP00321,6,2024-09-04T02:53:18,Customs released,Completed,Forwarder,Sines,
EVT00321-07,SHP00321,7,2024-09-04T16:53:51,Delivery completed,Delayed,Carrier,Sines Energy Project Site,Carrier capacity
EVT00322-01,SHP00322,1,2024-04-23T12:00:00,Booking created,Completed,Forwarder,Antwerp EPC Supplier Yard,
EVT00322-02,SHP00322,2,2024-04-29T11:29:42,Pickup completed,Completed,Carrier,Antwerp EPC Supplier Yard,
EVT00322-03,SHP00322,3,2024-04-29T21:48:10,Origin port gate in,Completed,Port terminal,Antwerp-Bruges,
EVT00322-04,SHP00322,4,2024-04-30T04:19:41,Vessel departed,Completed,Carrier,Antwerp-Bruges,
EVT00322-05,SHP00322,5,2024-05-05T02:48:29,Destination port arrival,Completed,Port terminal,Sines,
EVT00322-06,SHP00322,6,2024-05-05T16:24:13,Customs released,Completed,Forwarder,Sines,
EVT00322-07,SHP00322,7,2024-05-06T02:32:21,Delivery completed,Completed,Carrier,Sines Energy Project Site,
EVT00323-01,SHP00323,1,2025-06-26T13:00:00,Booking created,Completed,Forwarder,Bilbao Steel Fabricator,
EVT00323-02,SHP00323,2,2025-07-01T13:09:04,Pickup completed,Completed,Carrier,Bilbao Steel Fabricator,
EVT00323-03,SHP00323,3,2025-07-01T18:54:59,Origin port gate in,Completed,Port terminal,Bilbao,
EVT00323-04,SHP00323,4,2025-07-02T12:00:15,Vessel departed,Completed,Carrier,Bilbao,
EVT00323-05,SHP00323,5,2025-07-04T15:53:07,Destination port arrival,Completed,Port terminal,Marseille-Fos,
EVT00323-06,SHP00323,6,2025-07-04T21:21:05,Customs released,Completed,Forwarder,Marseille-Fos,
EVT00323-07,SHP00323,7,2025-07-05T09:08:26,Delivery completed,Delayed,Carrier,Marseille Wind Substation Site,Weather disruption
EVT00324-01,SHP00324,1,2025-07-21T07:00:00,Booking created,Completed,Forwarder,Valencia Export Depot,
EVT00324-02,SHP00324,2,2025-08-04T08:42:25,Pickup completed,Completed,Carrier,Valencia Export Depot,
EVT00324-03,SHP00324,3,2025-08-04T17:26:22,Origin port gate in,Completed,Port terminal,Valencia,
EVT00324-04,SHP00324,4,2025-08-04T22:33:04,Vessel departed,Completed,Carrier,Valencia,
EVT00324-05,SHP00324,5,2025-08-13T19:58:05,Destination port arrival,Completed,Port terminal,Dammam,
EVT00324-06,SHP00324,6,2025-08-13T20:25:40,Customs released,Completed,Forwarder,Dammam,
EVT00324-07,SHP00324,7,2025-08-14T02:57:25,Delivery completed,Completed,Carrier,Dammam Gas Project Site,
EVT00325-01,SHP00325,1,2025-12-09T13:00:00,Booking created,Completed,Forwarder,Valencia Export Depot,
EVT00325-02,SHP00325,2,2025-12-14T15:51:03,Pickup completed,Completed,Carrier,Valencia Export Depot,
EVT00325-03,SHP00325,3,2025-12-15T00:36:01,Origin port gate in,Completed,Port terminal,Valencia,
EVT00325-04,SHP00325,4,2025-12-15T05:01:57,Vessel departed,Completed,Carrier,Valencia,
EVT00325-05,SHP00325,5,2025-12-25T08:19:33,Destination port arrival,Completed,Port terminal,Dammam,
EVT00325-06,SHP00325,6,2025-12-25T19:00:00,Customs released,Completed,Forwarder,Dammam,
EVT00325-07,SHP00325,7,2025-12-26T00:19:14,Delivery completed,Delayed,Carrier,Dammam Gas Project Site,Carrier capacity
EVT00326-01,SHP00326,1,2024-11-27T08:00:00,Booking created,Completed,Forwarder,Rotterdam Consolidation Hub,
EVT00326-02,SHP00326,2,2024-12-11T09:53:39,Pickup completed,Completed,Carrier,Rotterdam Consolidation Hub,
EVT00326-03,SHP00326,3,2024-12-12T16:09:07,Origin port gate in,Completed,Port terminal,Rotterdam,
EVT00326-04,SHP00326,4,2024-12-12T22:16:56,Vessel departed,Completed,Carrier,Rotterdam,
EVT00326-05,SHP00326,5,2024-12-18T19:29:41,Destination port arrival,Completed,Port terminal,Sines,
EVT00326-06,SHP00326,6,2024-12-18T21:10:51,Customs released,Completed,Forwarder,Sines,
EVT00326-07,SHP00326,7,2024-12-19T05:15:40,Delivery completed,Delayed,Carrier,Sines Energy Project Site,Carrier capacity
EVT00327-01,SHP00327,1,2024-04-09T14:00:00,Booking created,Completed,Forwarder,Cadiz Module Yard,
EVT00327-02,SHP00327,2,2024-04-16T13:04:49,Pickup completed,Completed,Carrier,Cadiz Module Yard,
EVT00327-03,SHP00327,3,2024-04-17T00:49:27,Delivery completed,Completed,Carrier,Sines Energy Project Site,
EVT00328-01,SHP00328,1,2025-04-17T11:00:00,Booking created,Completed,Forwarder,Cadiz Module Yard,
EVT00328-02,SHP00328,2,2025-04-30T11:03:15,Pickup completed,Completed,Carrier,Cadiz Module Yard,
EVT00328-03,SHP00328,3,2025-04-30T20:25:49,Origin port gate in,Completed,Port terminal,Algeciras,
EVT00328-04,SHP00328,4,2025-05-01T09:02:03,Vessel departed,Completed,Carrier,Algeciras,
EVT00328-05,SHP00328,5,2025-05-03T23:48:41,Destination port arrival,Completed,Port terminal,Sines,
EVT00328-06,SHP00328,6,2025-05-04T02:09:32,Customs released,Completed,Forwarder,Sines,
EVT00328-07,SHP00328,7,2025-05-04T22:19:46,Delivery completed,Completed,Carrier,Sines Energy Project Site,
EVT00329-01,SHP00329,1,2024-11-14T13:00:00,Booking created,Completed,Forwarder,Antwerp EPC Supplier Yard,
EVT00329-02,SHP00329,2,2024-11-25T15:10:02,Pickup completed,Completed,Carrier,Antwerp EPC Supplier Yard,
EVT00329-03,SHP00329,3,2024-11-25T21:19:45,Origin port gate in,Completed,Port terminal,Antwerp-Bruges,
EVT00329-04,SHP00329,4,2024-11-26T03:19:46,Vessel departed,Completed,Carrier,Antwerp-Bruges,
EVT00329-05,SHP00329,5,2024-11-27T01:29:53,Destination port arrival,Completed,Port terminal,Rotterdam,
EVT00329-06,SHP00329,6,2024-11-27T05:20:07,Customs released,Completed,Forwarder,Rotterdam,
EVT00329-07,SHP00329,7,2024-11-27T10:27:22,Delivery completed,Completed,Carrier,Rotterdam Consolidation Hub,
EVT00330-01,SHP00330,1,2024-10-16T10:00:00,Booking created,Completed,Forwarder,Bilbao Steel Fabricator,
EVT00330-02,SHP00330,2,2024-10-31T09:07:22,Pickup completed,Completed,Carrier,Bilbao Steel Fabricator,
EVT00330-03,SHP00330,3,2024-10-31T17:44:04,Origin port gate in,Completed,Port terminal,Bilbao,
EVT00330-04,SHP00330,4,2024-11-01T08:46:20,Vessel departed,Completed,Carrier,Bilbao,
EVT00330-05,SHP00330,5,2024-11-04T03:34:36,Destination port arrival,Completed,Port terminal,Marseille-Fos,
EVT00330-06,SHP00330,6,2024-11-04T14:12:33,Customs released,Completed,Forwarder,Marseille-Fos,
EVT00330-07,SHP00330,7,2024-11-05T06:27:24,Delivery completed,Completed,Carrier,Marseille Wind Substation Site,
EVT00331-01,SHP00331,1,2025-07-22T14:00:00,Booking created,Completed,Forwarder,Valencia Export Depot,
EVT00331-02,SHP00331,2,2025-08-01T14:47:22,Pickup completed,Completed,Carrier,Valencia Export Depot,
EVT00331-03,SHP00331,3,2025-08-01T19:29:03,Origin port gate in,Completed,Port terminal,Valencia,
EVT00331-04,SHP00331,4,2025-08-01T23:15:34,Vessel departed,Completed,Carrier,Valencia,
EVT00331-05,SHP00331,5,2025-08-04T00:09:45,Customs released,Completed,Forwarder,Marseille-Fos,
EVT00331-06,SHP00331,6,2025-08-04T01:49:28,Destination port arrival,Completed,Port terminal,Marseille-Fos,
EVT00331-07,SHP00331,7,2025-08-04T13:06:47,Delivery completed,Completed,Carrier,Marseille Wind Substation Site,
EVT00332-01,SHP00332,1,2024-05-06T14:00:00,Booking created,Completed,Forwarder,Lyon Fabrication Partner,
EVT00332-02,SHP00332,2,2024-05-10T13:47:29,Pickup completed,Completed,Carrier,Lyon Fabrication Partner,
EVT00332-03,SHP00332,3,2024-05-11T01:25:15,Origin port gate in,Completed,Port terminal,Marseille-Fos,
EVT00332-04,SHP00332,4,2024-05-11T10:07:55,Vessel departed,Completed,Carrier,Marseille-Fos,
EVT00332-05,SHP00332,5,2024-05-15T00:07:50,Customs released,Completed,Forwarder,Sines,
EVT00332-06,SHP00332,6,2024-05-15T02:07:28,Destination port arrival,Completed,Port terminal,Sines,
EVT00332-07,SHP00332,7,2024-05-15T12:07:05,Delivery completed,Completed,Carrier,Sines Energy Project Site,
EVT00333-01,SHP00333,1,2025-08-30T13:00:00,Booking created,Completed,Forwarder,Zaragoza Distribution Hub,
EVT00333-02,SHP00333,2,2025-09-08T13:27:46,Pickup completed,Completed,Carrier,Zaragoza Distribution Hub,
EVT00333-03,SHP00333,3,2025-09-09T02:36:47,Origin port gate in,Completed,Port terminal,Valencia,
EVT00333-04,SHP00333,4,2025-09-09T10:45:16,Vessel departed,Completed,Carrier,Valencia,
EVT00333-05,SHP00333,5,2025-09-17T13:31:10,Destination port arrival,Completed,Port terminal,Dammam,
EVT00333-06,SHP00333,6,2025-09-17T22:29:47,Customs released,Completed,Forwarder,Dammam,
EVT00333-07,SHP00333,7,2025-09-18T10:21:01,Delivery completed,Completed,Carrier,Dammam Gas Project Site,
EVT00334-01,SHP00334,1,2025-04-25T15:00:00,Booking created,Completed,Forwarder,Puertollano Module Yard,
EVT00334-02,SHP00334,2,2025-05-01T17:51:05,Pickup completed,Completed,Carrier,Puertollano Module Yard,
EVT00334-03,SHP00334,3,2025-05-02T14:40:53,Delivery completed,Completed,Carrier,Zaragoza Distribution Hub,
EVT00335-01,SHP00335,1,2024-11-02T13:00:00,Booking created,Completed,Forwarder,Milan Valve Plant,
EVT00335-02,SHP00335,2,2024-11-14T14:15:07,Pickup completed,Completed,Carrier,Milan Valve Plant,
EVT00335-03,SHP00335,3,2024-11-15T17:58:24,Origin port gate in,Completed,Port terminal,Genoa,
EVT00335-04,SHP00335,4,2024-11-16T08:54:53,Vessel departed,Completed,Carrier,Genoa,
EVT00335-05,SHP00335,5,2024-11-18T15:53:23,Destination port arrival,Completed,Port terminal,Marseille-Fos,
EVT00335-06,SHP00335,6,2024-11-19T01:19:25,Customs released,Completed,Forwarder,Marseille-Fos,
EVT00335-07,SHP00335,7,2024-11-19T08:57:26,Delivery completed,Completed,Carrier,Marseille Wind Substation Site,
EVT00336-01,SHP00336,1,2024-05-05T11:00:00,Booking created,Completed,Forwarder,Tarragona Equipment Vendor,
EVT00336-02,SHP00336,2,2024-05-13T10:11:46,Pickup completed,Completed,Carrier,Tarragona Equipment Vendor,
EVT00336-03,SHP00336,3,2024-05-14T06:42:13,Origin port gate in,Completed,Port terminal,Barcelona,
EVT00336-04,SHP00336,4,2024-05-14T13:41:20,Vessel departed,Completed,Carrier,Barcelona,
EVT00336-05,SHP00336,5,2024-05-16T18:53:52,Destination port arrival,Completed,Port terminal,Marseille-Fos,
EVT00336-06,SHP00336,6,2024-05-16T22:15:05,Customs released,Completed,Forwarder,Marseille-Fos,
EVT00336-07,SHP00336,7,2024-05-17T09:19:52,Delivery completed,Completed,Carrier,Marseille Wind Substation Site,
EVT00337-01,SHP00337,1,2025-10-09T11:00:00,Booking created,Completed,Forwarder,Tarragona Equipment Vendor,
EVT00337-02,SHP00337,2,2025-10-24T12:57:03,Pickup completed,Completed,Carrier,Tarragona Equipment Vendor,
EVT00337-03,SHP00337,3,2025-10-24T23:53:06,Origin port gate in,Completed,Port terminal,Barcelona,
EVT00337-04,SHP00337,4,2025-10-25T05:11:30,Vessel departed,Completed,Carrier,Barcelona,
EVT00337-05,SHP00337,5,2025-10-30T16:06:00,Destination port arrival,Completed,Port terminal,Alexandria,
EVT00337-06,SHP00337,6,2025-10-30T21:46:52,Customs released,Completed,Forwarder,Alexandria,
EVT00337-07,SHP00337,7,2025-10-31T11:04:47,Delivery completed,Completed,Carrier,Alexandria Water Project Site,
EVT00338-01,SHP00338,1,2025-06-25T14:00:00,Booking created,Completed,Forwarder,Antwerp EPC Supplier Yard,
EVT00338-02,SHP00338,2,2025-07-02T15:14:54,Pickup completed,Completed,Carrier,Antwerp EPC Supplier Yard,
EVT00338-03,SHP00338,3,2025-07-03T18:32:42,Delivery completed,Completed,Carrier,Rotterdam Consolidation Hub,
EVT00339-01,SHP00339,1,2025-12-06T12:00:00,Booking created,Completed,Forwarder,Puertollano Module Yard,
EVT00339-02,SHP00339,2,2025-12-17T13:03:13,Pickup completed,Completed,Carrier,Puertollano Module Yard,
EVT00339-03,SHP00339,3,2025-12-18T00:12:25,Origin port gate in,Completed,Port terminal,Algeciras,
EVT00339-04,SHP00339,4,2025-12-18T13:26:23,Vessel departed,Completed,Carrier,Algeciras,
EVT00339-05,SHP00339,5,2025-12-22T20:45:13,Destination port arrival,Completed,Port terminal,Marseille-Fos,
EVT00339-06,SHP00339,6,2025-12-23T04:33:39,Customs released,Completed,Forwarder,Marseille-Fos,
EVT00339-07,SHP00339,7,2025-12-23T19:59:11,Delivery completed,Completed,Carrier,Marseille Wind Substation Site,
EVT00340-01,SHP00340,1,2024-10-15T10:00:00,Booking created,Completed,Forwarder,Lyon Fabrication Partner,
EVT00340-02,SHP00340,2,2024-10-24T12:18:55,Pickup completed,Completed,Carrier,Lyon Fabrication Partner,
EVT00340-03,SHP00340,3,2024-10-25T04:21:54,Origin port gate in,Completed,Port terminal,Marseille-Fos,
EVT00340-04,SHP00340,4,2024-10-25T19:55:54,Vessel departed,Completed,Carrier,Marseille-Fos,
EVT00340-05,SHP00340,5,2024-10-29T08:14:46,Destination port arrival,Completed,Port terminal,Sines,
EVT00340-06,SHP00340,6,2024-10-29T15:57:52,Customs released,Completed,Forwarder,Sines,
EVT00340-07,SHP00340,7,2024-10-30T02:41:02,Delivery completed,Completed,Carrier,Sines Energy Project Site,
EVT00341-01,SHP00341,1,2024-04-18T09:00:00,Booking created,Completed,Forwarder,Tarragona Equipment Vendor,
EVT00341-02,SHP00341,2,2024-04-26T09:41:09,Pickup completed,Completed,Carrier,Tarragona Equipment Vendor,
EVT00341-03,SHP00341,3,2024-04-26T22:16:26,Delivery completed,Completed,Carrier,Zaragoza Distribution Hub,
EVT00342-01,SHP00342,1,2024-05-23T07:00:00,Booking created,Completed,Forwarder,Antwerp EPC Supplier Yard,
EVT00342-02,SHP00342,2,2024-05-28T06:43:25,Pickup completed,Completed,Carrier,Antwerp EPC Supplier Yard,
EVT00342-03,SHP00342,3,2024-05-29T16:55:23,Delivery completed,Completed,Carrier,Zaragoza Distribution Hub,
EVT00343-01,SHP00343,1,2024-05-10T11:00:00,Booking created,Completed,Forwarder,Cadiz Module Yard,
EVT00343-02,SHP00343,2,2024-05-16T11:50:30,Pickup completed,Completed,Carrier,Cadiz Module Yard,
EVT00343-03,SHP00343,3,2024-05-16T22:36:49,Origin port gate in,Completed,Port terminal,Algeciras,
EVT00343-04,SHP00343,4,2024-05-17T13:13:22,Vessel departed,Completed,Carrier,Algeciras,
EVT00343-05,SHP00343,5,2024-05-20T20:04:44,Destination port arrival,Completed,Port terminal,Marseille-Fos,
EVT00343-06,SHP00343,6,2024-05-21T01:54:55,Customs released,Completed,Forwarder,Marseille-Fos,
EVT00343-07,SHP00343,7,2024-05-22T07:24:43,Delivery completed,Completed,Carrier,Marseille Wind Substation Site,
EVT00344-01,SHP00344,1,2024-05-17T09:00:00,Booking created,Completed,Forwarder,Puertollano Module Yard,
EVT00344-02,SHP00344,2,2024-05-27T10:26:46,Pickup completed,Completed,Carrier,Puertollano Module Yard,
EVT00344-03,SHP00344,3,2024-05-29T04:03:07,Delivery completed,Completed,Carrier,Rotterdam Consolidation Hub,
EVT00345-01,SHP00345,1,2025-04-06T08:00:00,Booking created,Completed,Forwarder,Tarragona Equipment Vendor,
EVT00345-02,SHP00345,2,2025-04-11T09:14:59,Pickup completed,Completed,Carrier,Tarragona Equipment Vendor,
EVT00345-03,SHP00345,3,2025-04-11T18:19:59,Origin port gate in,Completed,Port terminal,Barcelona,
EVT00345-04,SHP00345,4,2025-04-12T11:35:25,Vessel departed,Completed,Carrier,Barcelona,
EVT00345-05,SHP00345,5,2025-04-15T04:35:24,Destination port arrival,Completed,Port terminal,Casablanca,
EVT00345-06,SHP00345,6,2025-04-15T19:58:17,Customs released,Completed,Forwarder,Casablanca,
EVT00345-07,SHP00345,7,2025-04-16T01:47:04,Delivery completed,Completed,Carrier,Casablanca Desalination Site,
EVT00346-01,SHP00346,1,2025-11-17T08:00:00,Booking created,Completed,Forwarder,Tarragona Equipment Vendor,
EVT00346-02,SHP00346,2,2025-11-27T08:07:19,Pickup completed,Completed,Carrier,Tarragona Equipment Vendor,
EVT00346-03,SHP00346,3,2025-11-27T16:00:16,Origin port gate in,Completed,Port terminal,Barcelona,
EVT00346-04,SHP00346,4,2025-11-28T09:13:06,Vessel departed,Completed,Carrier,Barcelona,
EVT00346-05,SHP00346,5,2025-12-08T12:54:11,Destination port arrival,Completed,Port terminal,Dammam,
EVT00346-06,SHP00346,6,2025-12-08T17:58:37,Customs released,Completed,Forwarder,Dammam,
EVT00346-07,SHP00346,7,2025-12-09T06:08:55,Delivery completed,Completed,Carrier,Dammam Gas Project Site,
EVT00347-01,SHP00347,1,2025-11-19T13:00:00,Booking created,Completed,Forwarder,Bilbao Steel Fabricator,
EVT00347-02,SHP00347,2,2025-11-24T12:04:18,Pickup completed,Completed,Carrier,Bilbao Steel Fabricator,
EVT00347-03,SHP00347,3,2025-11-25T21:46:27,Delivery completed,Completed,Carrier,Casablanca Desalination Site,
EVT00348-01,SHP00348,1,2025-06-14T09:00:00,Booking created,Completed,Forwarder,Tarragona Equipment Vendor,
EVT00348-02,SHP00348,2,2025-06-25T11:03:02,Pickup completed,Completed,Carrier,Tarragona Equipment Vendor,
EVT00348-03,SHP00348,3,2025-06-25T21:03:15,Origin port gate in,Completed,Port terminal,Barcelona,
EVT00348-04,SHP00348,4,2025-06-26T04:38:41,Vessel departed,Completed,Carrier,Barcelona,
EVT00348-05,SHP00348,5,2025-06-28T06:28:08,Destination port arrival,Completed,Port terminal,Marseille-Fos,
EVT00348-06,SHP00348,6,2025-06-28T12:26:38,Customs released,Completed,Forwarder,Marseille-Fos,
EVT00348-07,SHP00348,7,2025-06-28T23:40:14,Delivery completed,Completed,Carrier,Marseille Wind Substation Site,
EVT00349-01,SHP00349,1,2024-05-18T11:00:00,Booking created,Completed,Forwarder,Rotterdam Consolidation Hub,
EVT00349-02,SHP00349,2,2024-05-30T11:22:25,Pickup completed,Completed,Carrier,Rotterdam Consolidation Hub,
EVT00349-03,SHP00349,3,2024-05-30T20:31:11,Origin port gate in,Completed,Port terminal,Rotterdam,
EVT00349-04,SHP00349,4,2024-05-31T11:19:03,Vessel departed,Completed,Carrier,Rotterdam,
EVT00349-05,SHP00349,5,2024-06-06T16:38:28,Destination port arrival,Completed,Port terminal,Casablanca,
EVT00349-06,SHP00349,6,2024-06-06T22:01:55,Customs released,Completed,Forwarder,Casablanca,
EVT00349-07,SHP00349,7,2024-06-07T06:15:47,Delivery completed,Completed,Carrier,Casablanca Desalination Site,
EVT00350-01,SHP00350,1,2025-01-18T13:00:00,Booking created,Completed,Forwarder,Rotterdam Consolidation Hub,
EVT00350-02,SHP00350,2,2025-01-23T14:39:02,Pickup completed,Completed,Carrier,Rotterdam Consolidation Hub,
EVT00350-03,SHP00350,3,2025-01-24T06:56:34,Origin port gate in,Completed,Port terminal,Rotterdam,
EVT00350-04,SHP00350,4,2025-01-24T22:37:31,Vessel departed,Completed,Carrier,Rotterdam,
EVT00350-05,SHP00350,5,2025-01-31T06:03:47,Destination port arrival,Completed,Port terminal,Alexandria,
EVT00350-06,SHP00350,6,2025-01-31T07:38:20,Customs released,Completed,Forwarder,Alexandria,
EVT00350-07,SHP00350,7,2025-01-31T19:18:58,Delivery completed,Completed,Carrier,Alexandria Water Project Site,
EVT00351-01,SHP00351,1,2025-01-03T10:00:00,Booking created,Completed,Forwarder,Puertollano Module Yard,
EVT00351-02,SHP00351,2,2025-01-08T09:26:08,Pickup completed,Completed,Carrier,Puertollano Module Yard,
EVT00351-03,SHP00351,3,2025-01-09T03:26:40,Origin port gate in,Completed,Port terminal,Algeciras,
EVT00351-04,SHP00351,4,2025-01-09T16:33:04,Vessel departed,Completed,Carrier,Algeciras,
EVT00351-05,SHP00351,5,2025-01-19T07:04:15,Destination port arrival,Completed,Port terminal,Dammam,
EVT00351-06,SHP00351,6,2025-01-19T20:05:53,Customs released,Completed,Forwarder,Dammam,
EVT00351-07,SHP00351,7,2025-01-20T06:55:58,Delivery completed,Completed,Carrier,Dammam Gas Project Site,
EVT00352-01,SHP00352,1,2024-08-11T14:00:00,Booking created,Completed,Forwarder,Cadiz Module Yard,
EVT00352-02,SHP00352,2,2024-08-21T13:25:06,Pickup completed,Completed,Carrier,Cadiz Module Yard,
EVT00352-03,SHP00352,3,2024-08-22T16:11:45,Delivery completed,Completed,Carrier,Marseille Wind Substation Site,
EVT00353-01,SHP00353,1,2025-12-10T08:00:00,Booking created,Completed,Forwarder,Tarragona Equipment Vendor,
EVT00353-02,SHP00353,2,2025-12-23T09:35:39,Pickup completed,Completed,Carrier,Tarragona Equipment Vendor,
EVT00353-03,SHP00353,3,2025-12-23T12:43:25,Origin port gate in,Completed,Port terminal,Barcelona,
EVT00353-04,SHP00353,4,2025-12-23T18:13:40,Vessel departed,Completed,Carrier,Barcelona,
EVT00353-05,SHP00353,5,2026-01-01T06:40:59,Destination port arrival,Completed,Port terminal,Dammam,
EVT00353-06,SHP00353,6,2026-01-01T09:34:09,Customs released,Completed,Forwarder,Dammam,
EVT00353-07,SHP00353,7,2026-01-01T19:17:13,Delivery completed,Completed,Carrier,Dammam Gas Project Site,
EVT00354-01,SHP00354,1,2025-10-30T15:00:00,Booking created,Completed,Forwarder,Cadiz Module Yard,
EVT00354-02,SHP00354,2,2025-11-11T15:42:56,Pickup completed,Completed,Carrier,Cadiz Module Yard,
EVT00354-03,SHP00354,3,2025-11-11T23:34:11,Origin port gate in,Completed,Port terminal,Algeciras,
EVT00354-04,SHP00354,4,2025-11-12T13:02:56,Vessel departed,Completed,Carrier,Algeciras,
EVT00354-05,SHP00354,5,2025-11-15T21:23:12,Destination port arrival,Completed,Port terminal,Valencia,
EVT00354-06,SHP00354,6,2025-11-16T12:23:03,Customs released,Completed,Forwarder,Valencia,
EVT00354-07,SHP00354,7,2025-11-17T16:46:45,Delivery completed,Delayed,Carrier,Zaragoza Distribution Hub,Carrier capacity
EVT00355-01,SHP00355,1,2024-10-29T13:00:00,Booking created,Completed,Forwarder,Puertollano Module Yard,
EVT00355-02,SHP00355,2,2024-11-06T12:44:19,Pickup completed,Completed,Carrier,Puertollano Module Yard,
EVT00355-03,SHP00355,3,2024-11-07T02:26:31,Origin port gate in,Completed,Port terminal,Algeciras,
EVT00355-04,SHP00355,4,2024-11-07T18:26:18,Vessel departed,Completed,Carrier,Algeciras,
EVT00355-05,SHP00355,5,2024-11-17T10:12:06,Destination port arrival,Completed,Port terminal,Dammam,
EVT00355-06,SHP00355,6,2024-11-17T12:18:37,Customs released,Completed,Forwarder,Dammam,
EVT00355-07,SHP00355,7,2024-11-17T22:46:15,Delivery completed,Completed,Carrier,Dammam Gas Project Site,
EVT00356-01,SHP00356,1,2025-02-01T14:00:00,Booking created,Completed,Forwarder,Zaragoza Distribution Hub,
EVT00356-02,SHP00356,2,2025-02-07T15:32:04,Pickup completed,Completed,Carrier,Zaragoza Distribution Hub,
EVT00356-03,SHP00356,3,2025-02-08T06:21:11,Origin port gate in,Completed,Port terminal,Valencia,
EVT00356-04,SHP00356,4,2025-02-08T20:39:13,Vessel departed,Completed,Carrier,Valencia,
EVT00356-05,SHP00356,5,2025-02-13T13:41:10,Destination port arrival,Completed,Port terminal,Rotterdam,
EVT00356-06,SHP00356,6,2025-02-13T23:17:39,Customs released,Completed,Forwarder,Rotterdam,
EVT00356-07,SHP00356,7,2025-02-14T13:19:18,Delivery completed,Completed,Carrier,Rotterdam Consolidation Hub,
EVT00357-01,SHP00357,1,2024-08-01T15:00:00,Booking created,Completed,Forwarder,Antwerp EPC Supplier Yard,
EVT00357-02,SHP00357,2,2024-08-07T17:37:38,Pickup completed,Completed,Carrier,Antwerp EPC Supplier Yard,
EVT00357-03,SHP00357,3,2024-08-08T03:29:00,Origin port gate in,Completed,Port terminal,Antwerp-Bruges,
EVT00357-04,SHP00357,4,2024-08-08T07:10:44,Vessel departed,Completed,Carrier,Antwerp-Bruges,
EVT00357-05,SHP00357,5,2024-08-10T06:19:35,Destination port arrival,Completed,Port terminal,Rotterdam,
EVT00357-06,SHP00357,6,2024-08-10T18:44:33,Customs released,Completed,Forwarder,Rotterdam,
EVT00357-07,SHP00357,7,2024-08-10T22:18:16,Delivery completed,Completed,Carrier,Rotterdam Consolidation Hub,
EVT00358-01,SHP00358,1,2024-11-08T14:00:00,Booking created,Completed,Forwarder,Bilbao Steel Fabricator,
EVT00358-02,SHP00358,2,2024-11-19T16:01:33,Pickup completed,Completed,Carrier,Bilbao Steel Fabricator,
EVT00358-03,SHP00358,3,2024-11-19T21:53:39,Origin port gate in,Completed,Port terminal,Bilbao,
EVT00358-04,SHP00358,4,2024-11-20T10:50:10,Vessel departed,Completed,Carrier,Bilbao,
EVT00358-05,SHP00358,5,2024-11-24T02:20:30,Destination port arrival,Completed,Port terminal,Rotterdam,
EVT00358-06,SHP00358,6,2024-11-24T14:40:35,Customs released,Completed,Forwarder,Rotterdam,
EVT00358-07,SHP00358,7,2024-11-25T00:55:03,Delivery completed,Completed,Carrier,Rotterdam Consolidation Hub,
EVT00359-01,SHP00359,1,2024-03-30T08:00:00,Booking created,Completed,Forwarder,Valencia Export Depot,
EVT00359-02,SHP00359,2,2024-04-08T07:45:40,Pickup completed,Completed,Carrier,Valencia Export Depot,
EVT00359-03,SHP00359,3,2024-04-08T14:20:12,Origin port gate in,Completed,Port terminal,Valencia,
EVT00359-04,SHP00359,4,2024-04-09T03:38:07,Vessel departed,Completed,Carrier,Valencia,
EVT00359-05,SHP00359,5,2024-04-12T03:48:46,Destination port arrival,Completed,Port terminal,Rotterdam,
EVT00359-06,SHP00359,6,2024-04-12T07:23:27,Customs released,Completed,Forwarder,Rotterdam,
EVT00359-07,SHP00359,7,2024-04-12T22:08:50,Delivery completed,Completed,Carrier,Rotterdam Consolidation Hub,
EVT00360-01,SHP00360,1,2025-08-07T12:00:00,Booking created,Completed,Forwarder,Lyon Fabrication Partner,
EVT00360-02,SHP00360,2,2025-08-19T11:43:54,Pickup completed,Completed,Carrier,Lyon Fabrication Partner,
EVT00360-03,SHP00360,3,2025-08-20T10:14:30,Origin port gate in,Completed,Port terminal,Marseille-Fos,
EVT00360-04,SHP00360,4,2025-08-20T20:05:31,Vessel departed,Completed,Carrier,Marseille-Fos,
EVT00360-05,SHP00360,5,2025-08-26T04:49:04,Destination port arrival,Completed,Port terminal,Alexandria,
EVT00360-06,SHP00360,6,2025-08-26T14:44:44,Customs released,Completed,Forwarder,Alexandria,
EVT00360-07,SHP00360,7,2025-08-26T22:07:13,Delivery completed,Delayed,Carrier,Alexandria Water Project Site,Documentation issue
EVT00361-01,SHP00361,1,2024-03-13T15:00:00,Booking created,Completed,Forwarder,Antwerp EPC Supplier Yard,
EVT00361-02,SHP00361,2,2024-03-27T16:18:03,Pickup completed,Completed,Carrier,Antwerp EPC Supplier Yard,
EVT00361-03,SHP00361,3,2024-03-28T04:47:37,Origin port gate in,Completed,Port terminal,Antwerp-Bruges,
EVT00361-04,SHP00361,4,2024-03-28T12:42:19,Vessel departed,Completed,Carrier,Antwerp-Bruges,
EVT00361-05,SHP00361,5,2024-03-30T01:39:41,Destination port arrival,Completed,Port terminal,Rotterdam,
EVT00361-06,SHP00361,6,2024-03-30T10:49:34,Customs released,Completed,Forwarder,Rotterdam,
EVT00361-07,SHP00361,7,2024-03-31T04:33:50,Delivery completed,Completed,Carrier,Rotterdam Consolidation Hub,
EVT00362-01,SHP00362,1,2024-10-11T14:00:00,Booking created,Completed,Forwarder,Milan Valve Plant,
EVT00362-02,SHP00362,2,2024-10-16T15:51:07,Pickup completed,Completed,Carrier,Milan Valve Plant,
EVT00362-03,SHP00362,3,2024-10-16T23:28:58,Origin port gate in,Completed,Port terminal,Genoa,
EVT00362-04,SHP00362,4,2024-10-17T03:13:47,Vessel departed,Completed,Carrier,Genoa,
EVT00362-05,SHP00362,5,2024-10-25T09:33:40,Destination port arrival,Completed,Port terminal,Dammam,
EVT00362-06,SHP00362,6,2024-10-25T19:03:50,Customs released,Completed,Forwarder,Dammam,
EVT00362-07,SHP00362,7,2024-10-26T09:56:38,Delivery completed,Completed,Carrier,Dammam Gas Project Site,
EVT00363-01,SHP00363,1,2024-11-08T09:00:00,Booking created,Completed,Forwarder,Lyon Fabrication Partner,
EVT00363-02,SHP00363,2,2024-11-21T10:20:30,Pickup completed,Completed,Carrier,Lyon Fabrication Partner,
EVT00363-03,SHP00363,3,2024-11-21T21:11:08,Origin port gate in,Completed,Port terminal,Marseille-Fos,
EVT00363-04,SHP00363,4,2024-11-22T12:48:35,Vessel departed,Completed,Carrier,Marseille-Fos,
EVT00363-05,SHP00363,5,2024-12-01T18:39:58,Destination port arrival,Completed,Port terminal,Dammam,
EVT00363-06,SHP00363,6,2024-12-01T23:26:57,Customs released,Completed,Forwarder,Dammam,
EVT00363-07,SHP00363,7,2024-12-02T13:24:47,Delivery completed,Delayed,Carrier,Dammam Gas Project Site,Road permit delay
EVT00364-01,SHP00364,1,2025-07-20T09:00:00,Booking created,Completed,Forwarder,Bilbao Steel Fabricator,
EVT00364-02,SHP00364,2,2025-07-25T09:42:00,Pickup completed,Completed,Carrier,Bilbao Steel Fabricator,
EVT00364-03,SHP00364,3,2025-07-25T18:08:36,Origin port gate in,Completed,Port terminal,Bilbao,
EVT00364-04,SHP00364,4,2025-07-26T08:44:42,Vessel departed,Completed,Carrier,Bilbao,
EVT00364-05,SHP00364,5,2025-07-28T16:58:44,Destination port arrival,Completed,Port terminal,Sines,
EVT00364-06,SHP00364,6,2025-07-29T00:02:44,Customs released,Completed,Forwarder,Sines,
EVT00364-07,SHP00364,7,2025-07-29T14:18:17,Delivery completed,Completed,Carrier,Sines Energy Project Site,
EVT00365-01,SHP00365,1,2025-10-26T15:00:00,Booking created,Completed,Forwarder,Puertollano Module Yard,
EVT00365-02,SHP00365,2,2025-11-04T14:55:07,Pickup completed,Completed,Carrier,Puertollano Module Yard,
EVT00365-03,SHP00365,3,2025-11-05T03:33:51,Origin port gate in,Completed,Port terminal,Algeciras,
EVT00365-04,SHP00365,4,2025-11-05T06:36:28,Vessel departed,Completed,Carrier,Algeciras,
EVT00365-05,SHP00365,5,2025-11-07T21:21:13,Destination port arrival,Completed,Port terminal,Sines,
EVT00365-06,SHP00365,6,2025-11-07T22:19:10,Customs released,Completed,Forwarder,Sines,
EVT00365-07,SHP00365,7,2025-11-08T09:32:29,Delivery completed,Completed,Carrier,Sines Energy Project Site,
EVT00366-01,SHP00366,1,2024-08-17T07:00:00,Booking created,Completed,Forwarder,Antwerp EPC Supplier Yard,
EVT00366-02,SHP00366,2,2024-08-23T06:22:50,Pickup completed,Completed,Carrier,Antwerp EPC Supplier Yard,
EVT00366-03,SHP00366,3,2024-08-24T08:28:11,Origin port gate in,Completed,Port terminal,Antwerp-Bruges,
EVT00366-04,SHP00366,4,2024-08-24T20:56:27,Vessel departed,Completed,Carrier,Antwerp-Bruges,
EVT00366-05,SHP00366,5,2024-09-02T01:37:21,Destination port arrival,Completed,Port terminal,Dammam,
EVT00366-06,SHP00366,6,2024-09-02T12:54:39,Customs released,Completed,Forwarder,Dammam,
EVT00366-07,SHP00366,7,2024-09-02T18:23:47,Delivery completed,Delayed,Carrier,Dammam Gas Project Site,Customs hold
EVT00367-01,SHP00367,1,2024-06-27T15:00:00,Booking created,Completed,Forwarder,Milan Valve Plant,
EVT00367-02,SHP00367,2,2024-07-01T16:34:22,Pickup completed,Completed,Carrier,Milan Valve Plant,
EVT00367-03,SHP00367,3,2024-07-02T19:00:05,Origin port gate in,Completed,Port terminal,Genoa,
EVT00367-04,SHP00367,4,2024-07-02T23:53:06,Vessel departed,Completed,Carrier,Genoa,
EVT00367-05,SHP00367,5,2024-07-08T05:37:13,Customs released,Completed,Forwarder,Sines,
EVT00367-06,SHP00367,6,2024-07-08T06:10:53,Destination port arrival,Completed,Port terminal,Sines,
EVT00367-07,SHP00367,7,2024-07-08T18:26:44,Delivery completed,Delayed,Carrier,Sines Energy Project Site,Customs hold
EVT00368-01,SHP00368,1,2024-03-16T13:00:00,Booking created,Completed,Forwarder,Antwerp EPC Supplier Yard,
EVT00368-02,SHP00368,2,2024-03-27T12:35:32,Pickup completed,Completed,Carrier,Antwerp EPC Supplier Yard,
EVT00368-03,SHP00368,3,2024-03-27T22:21:53,Origin port gate in,Completed,Port terminal,Antwerp-Bruges,
EVT00368-04,SHP00368,4,2024-03-28T11:50:17,Vessel departed,Completed,Carrier,Antwerp-Bruges,
EVT00368-05,SHP00368,5,2024-03-31T16:21:26,Customs released,Completed,Forwarder,Valencia,
EVT00368-06,SHP00368,6,2024-03-31T18:21:38,Destination port arrival,Completed,Port terminal,Valencia,
EVT00368-07,SHP00368,7,2024-04-01T12:25:18,Delivery completed,Completed,Carrier,Zaragoza Distribution Hub,
EVT00369-01,SHP00369,1,2025-09-23T15:00:00,Booking created,Completed,Forwarder,Rotterdam Consolidation Hub,
EVT00369-02,SHP00369,2,2025-09-30T14:27:19,Pickup completed,Completed,Carrier,Rotterdam Consolidation Hub,
EVT00369-03,SHP00369,3,2025-09-30T16:57:53,Origin port gate in,Completed,Port terminal,Rotterdam,
EVT00369-04,SHP00369,4,2025-10-01T05:44:49,Vessel departed,Completed,Carrier,Rotterdam,
EVT00369-05,SHP00369,5,2025-10-05T22:29:50,Destination port arrival,Completed,Port terminal,Casablanca,
EVT00369-06,SHP00369,6,2025-10-06T05:31:51,Customs released,Completed,Forwarder,Casablanca,
EVT00369-07,SHP00369,7,2025-10-06T12:34:59,Delivery completed,Completed,Carrier,Casablanca Desalination Site,
EVT00370-01,SHP00370,1,2025-10-30T14:00:00,Booking created,Completed,Forwarder,Antwerp EPC Supplier Yard,
EVT00370-02,SHP00370,2,2025-11-11T14:17:06,Pickup completed,Completed,Carrier,Antwerp EPC Supplier Yard,
EVT00370-03,SHP00370,3,2025-11-11T16:47:36,Origin port gate in,Completed,Port terminal,Antwerp-Bruges,
EVT00370-04,SHP00370,4,2025-11-11T22:20:48,Vessel departed,Completed,Carrier,Antwerp-Bruges,
EVT00370-05,SHP00370,5,2025-11-14T12:50:50,Destination port arrival,Completed,Port terminal,Marseille-Fos,
EVT00370-06,SHP00370,6,2025-11-14T21:07:58,Customs released,Completed,Forwarder,Marseille-Fos,
EVT00370-07,SHP00370,7,2025-11-15T12:14:08,Delivery completed,Completed,Carrier,Marseille Wind Substation Site,
EVT00371-01,SHP00371,1,2024-11-11T07:00:00,Booking created,Completed,Forwarder,Tarragona Equipment Vendor,
EVT00371-02,SHP00371,2,2024-11-20T09:57:23,Pickup completed,Completed,Carrier,Tarragona Equipment Vendor,
EVT00371-03,SHP00371,3,2024-11-20T17:45:25,Origin port gate in,Completed,Port terminal,Barcelona,
EVT00371-04,SHP00371,4,2024-11-21T03:15:57,Vessel departed,Completed,Carrier,Barcelona,
EVT00371-05,SHP00371,5,2024-11-30T05:33:44,Destination port arrival,Completed,Port terminal,Dammam,
EVT00371-06,SHP00371,6,2024-11-30T08:46:43,Customs released,Completed,Forwarder,Dammam,
EVT00371-07,SHP00371,7,2024-11-30T21:47:01,Delivery completed,Completed,Carrier,Dammam Gas Project Site,
EVT00372-01,SHP00372,1,2025-12-02T12:00:00,Booking created,Completed,Forwarder,Antwerp EPC Supplier Yard,
EVT00372-02,SHP00372,2,2025-12-17T11:17:13,Pickup completed,Completed,Carrier,Antwerp EPC Supplier Yard,
EVT00372-03,SHP00372,3,2025-12-21T10:47:01,Delivery completed,Completed,Carrier,Dammam Gas Project Site,
EVT00373-01,SHP00373,1,2025-03-09T10:00:00,Booking created,Completed,Forwarder,Valencia Export Depot,
EVT00373-02,SHP00373,2,2025-03-19T10:05:02,Pickup completed,Completed,Carrier,Valencia Export Depot,
EVT00373-03,SHP00373,3,2025-03-19T21:54:55,Origin port gate in,Completed,Port terminal,Valencia,
EVT00373-04,SHP00373,4,2025-03-20T15:21:54,Vessel departed,Completed,Carrier,Valencia,
EVT00373-05,SHP00373,5,2025-03-29T22:40:18,Destination port arrival,Completed,Port terminal,Dammam,
EVT00373-06,SHP00373,6,2025-03-30T05:46:38,Customs released,Completed,Forwarder,Dammam,
EVT00373-07,SHP00373,7,2025-03-30T15:03:11,Delivery completed,Completed,Carrier,Dammam Gas Project Site,
EVT00374-01,SHP00374,1,2024-08-04T12:00:00,Booking created,Completed,Forwarder,Bilbao Steel Fabricator,
EVT00374-02,SHP00374,2,2024-08-08T11:05:21,Pickup completed,Completed,Carrier,Bilbao Steel Fabricator,
EVT00374-03,SHP00374,3,2024-08-08T16:40:56,Origin port gate in,Completed,Port terminal,Bilbao,
EVT00374-04,SHP00374,4,2024-08-09T00:02:53,Vessel departed,Completed,Carrier,Bilbao,
EVT00374-05,SHP00374,5,2024-08-11T06:20:53,Customs released,Completed,Forwarder,Casablanca,
EVT00374-06,SHP00374,6,2024-08-11T10:40:36,Destination port arrival,Completed,Port terminal,Casablanca,
EVT00374-07,SHP00374,7,2024-08-12T02:59:03,Delivery completed,Completed,Carrier,Casablanca Desalination Site,
EVT00375-01,SHP00375,1,2025-03-10T15:00:00,Booking created,Completed,Forwarder,Valencia Export Depot,
EVT00375-02,SHP00375,2,2025-03-21T16:21:11,Pickup completed,Completed,Carrier,Valencia Export Depot,
EVT00375-03,SHP00375,3,2025-03-21T22:50:00,Origin port gate in,Completed,Port terminal,Valencia,
EVT00375-04,SHP00375,4,2025-03-22T12:30:21,Vessel departed,Completed,Carrier,Valencia,
EVT00375-05,SHP00375,5,2025-03-31T07:03:16,Destination port arrival,Completed,Port terminal,Dammam,
EVT00375-06,SHP00375,6,2025-03-31T19:34:20,Customs released,Completed,Forwarder,Dammam,
EVT00375-07,SHP00375,7,2025-04-02T03:44:01,Delivery completed,Delayed,Carrier,Dammam Gas Project Site,Port congestion
EVT00376-01,SHP00376,1,2025-05-30T08:00:00,Booking created,Completed,Forwarder,Milan Valve Plant,
EVT00376-02,SHP00376,2,2025-06-11T08:05:19,Pickup completed,Completed,Carrier,Milan Valve Plant,
EVT00376-03,SHP00376,3,2025-06-11T15:38:53,Origin port gate in,Completed,Port terminal,Genoa,
EVT00376-04,SHP00376,4,2025-06-12T02:59:25,Vessel departed,Completed,Carrier,Genoa,
EVT00376-05,SHP00376,5,2025-06-17T03:23:36,Destination port arrival,Completed,Port terminal,Alexandria,
EVT00376-06,SHP00376,6,2025-06-17T08:07:32,Customs released,Completed,Forwarder,Alexandria,
EVT00376-07,SHP00376,7,2025-06-19T05:14:29,Delivery completed,Completed,Carrier,Alexandria Water Project Site,
EVT00377-01,SHP00377,1,2025-09-18T12:00:00,Booking created,Completed,Forwarder,Zaragoza Distribution Hub,
EVT00377-02,SHP00377,2,2025-09-29T12:48:59,Pickup completed,Completed,Carrier,Zaragoza Distribution Hub,
EVT00377-03,SHP00377,3,2025-09-29T23:48:15,Origin port gate in,Completed,Port terminal,Valencia,
EVT00377-04,SHP00377,4,2025-09-30T12:16:22,Vessel departed,Completed,Carrier,Valencia,
EVT00377-05,SHP00377,5,2025-10-04T00:29:45,Destination port arrival,Completed,Port terminal,Sines,
EVT00377-06,SHP00377,6,2025-10-04T11:40:24,Customs released,Completed,Forwarder,Sines,
EVT00377-07,SHP00377,7,2025-10-04T16:32:02,Delivery completed,Completed,Carrier,Sines Energy Project Site,
EVT00378-01,SHP00378,1,2025-07-24T11:00:00,Booking created,Completed,Forwarder,Antwerp EPC Supplier Yard,
EVT00378-02,SHP00378,2,2025-08-06T11:27:44,Pickup completed,Completed,Carrier,Antwerp EPC Supplier Yard,
EVT00378-03,SHP00378,3,2025-08-06T22:07:27,Origin port gate in,Completed,Port terminal,Antwerp-Bruges,
EVT00378-04,SHP00378,4,2025-08-07T04:03:53,Vessel departed,Completed,Carrier,Antwerp-Bruges,
EVT00378-05,SHP00378,5,2025-08-10T21:45:47,Destination port arrival,Completed,Port terminal,Sines,
EVT00378-06,SHP00378,6,2025-08-11T00:49:49,Customs released,Completed,Forwarder,Sines,
EVT00378-07,SHP00378,7,2025-08-11T19:57:57,Delivery completed,Completed,Carrier,Sines Energy Project Site,
EVT00379-01,SHP00379,1,2024-07-15T08:00:00,Booking created,Completed,Forwarder,Valencia Export Depot,
EVT00379-02,SHP00379,2,2024-07-26T09:55:10,Pickup completed,Completed,Carrier,Valencia Export Depot,
EVT00379-03,SHP00379,3,2024-07-26T18:44:56,Origin port gate in,Completed,Port terminal,Valencia,
EVT00379-04,SHP00379,4,2024-07-27T00:04:30,Vessel departed,Completed,Carrier,Valencia,
EVT00379-05,SHP00379,5,2024-07-31T06:00:16,Destination port arrival,Completed,Port terminal,Rotterdam,
EVT00379-06,SHP00379,6,2024-07-31T14:10:44,Customs released,Completed,Forwarder,Rotterdam,
EVT00379-07,SHP00379,7,2024-07-31T22:11:26,Delivery completed,Completed,Carrier,Rotterdam Consolidation Hub,
EVT00380-01,SHP00380,1,2025-09-13T07:00:00,Booking created,Completed,Forwarder,Zaragoza Distribution Hub,
EVT00380-02,SHP00380,2,2025-09-25T06:32:00,Pickup completed,Completed,Carrier,Zaragoza Distribution Hub,
EVT00380-03,SHP00380,3,2025-09-25T22:41:35,Origin port gate in,Completed,Port terminal,Valencia,
EVT00380-04,SHP00380,4,2025-09-26T03:44:05,Vessel departed,Completed,Carrier,Valencia,
EVT00380-05,SHP00380,5,2025-09-28T12:13:06,Destination port arrival,Completed,Port terminal,Sines,
EVT00380-06,SHP00380,6,2025-09-28T16:41:50,Customs released,Completed,Forwarder,Sines,
EVT00380-07,SHP00380,7,2025-09-29T05:15:14,Delivery completed,Completed,Carrier,Sines Energy Project Site,
EVT00381-01,SHP00381,1,2025-07-31T11:00:00,Booking created,Completed,Forwarder,Rotterdam Consolidation Hub,
EVT00381-02,SHP00381,2,2025-08-06T11:04:16,Pickup completed,Completed,Carrier,Rotterdam Consolidation Hub,
EVT00381-03,SHP00381,3,2025-08-06T20:39:05,Origin port gate in,Completed,Port terminal,Rotterdam,
EVT00381-04,SHP00381,4,2025-08-07T05:36:10,Vessel departed,Completed,Carrier,Rotterdam,
EVT00381-05,SHP00381,5,2025-08-16T13:25:49,Destination port arrival,Completed,Port terminal,Dammam,
EVT00381-06,SHP00381,6,2025-08-16T21:51:23,Customs released,Completed,Forwarder,Dammam,
EVT00381-07,SHP00381,7,2025-08-17T12:59:53,Delivery completed,Delayed,Carrier,Dammam Gas Project Site,Carrier capacity
EVT00382-01,SHP00382,1,2025-07-08T10:00:00,Booking created,Completed,Forwarder,Antwerp EPC Supplier Yard,
EVT00382-02,SHP00382,2,2025-07-14T09:08:42,Pickup completed,Completed,Carrier,Antwerp EPC Supplier Yard,
EVT00382-03,SHP00382,3,2025-07-14T21:48:22,Origin port gate in,Completed,Port terminal,Antwerp-Bruges,
EVT00382-04,SHP00382,4,2025-07-15T01:10:08,Vessel departed,Completed,Carrier,Antwerp-Bruges,
EVT00382-05,SHP00382,5,2025-07-19T01:34:13,Destination port arrival,Completed,Port terminal,Sines,
EVT00382-06,SHP00382,6,2025-07-19T05:05:42,Customs released,Completed,Forwarder,Sines,
EVT00382-07,SHP00382,7,2025-07-19T17:27:31,Delivery completed,Completed,Carrier,Sines Energy Project Site,
EVT00383-01,SHP00383,1,2024-12-16T08:00:00,Booking created,Completed,Forwarder,Madrid Cross Dock,
EVT00383-02,SHP00383,2,2024-12-24T07:52:58,Pickup completed,Completed,Carrier,Madrid Cross Dock,
EVT00383-03,SHP00383,3,2024-12-24T20:25:02,Origin port gate in,Completed,Port terminal,Valencia,
EVT00383-04,SHP00383,4,2024-12-25T09:25:50,Vessel departed,Completed,Carrier,Valencia,
EVT00383-05,SHP00383,5,2025-01-03T08:12:23,Destination port arrival,Completed,Port terminal,Dammam,
EVT00383-06,SHP00383,6,2025-01-03T22:21:55,Customs released,Completed,Forwarder,Dammam,
EVT00383-07,SHP00383,7,2025-01-05T23:13:05,Delivery completed,Delayed,Carrier,Dammam Gas Project Site,Weather disruption
EVT00384-01,SHP00384,1,2024-08-23T15:00:00,Booking created,Completed,Forwarder,Valencia Export Depot,
EVT00384-02,SHP00384,2,2024-09-02T15:18:44,Pickup completed,Completed,Carrier,Valencia Export Depot,
EVT00384-03,SHP00384,3,2024-09-03T10:35:48,Origin port gate in,Completed,Port terminal,Valencia,
EVT00384-04,SHP00384,4,2024-09-03T18:26:58,Vessel departed,Completed,Carrier,Valencia,
EVT00384-05,SHP00384,5,2024-09-12T03:40:58,Destination port arrival,Completed,Port terminal,Dammam,
EVT00384-06,SHP00384,6,2024-09-12T09:47:44,Customs released,Completed,Forwarder,Dammam,
EVT00384-07,SHP00384,7,2024-09-12T14:58:25,Delivery completed,Completed,Carrier,Dammam Gas Project Site,
EVT00385-01,SHP00385,1,2024-05-20T07:00:00,Booking created,Completed,Forwarder,Tarragona Equipment Vendor,
EVT00385-02,SHP00385,2,2024-05-24T08:10:20,Pickup completed,Completed,Carrier,Tarragona Equipment Vendor,
EVT00385-03,SHP00385,3,2024-05-24T21:22:03,Origin port gate in,Completed,Port terminal,Barcelona,
EVT00385-04,SHP00385,4,2024-05-25T07:38:40,Vessel departed,Completed,Carrier,Barcelona,
EVT00385-05,SHP00385,5,2024-05-28T04:09:36,Destination port arrival,Completed,Port terminal,Marseille-Fos,
EVT00385-06,SHP00385,6,2024-05-28T12:20:43,Customs released,Completed,Forwarder,Marseille-Fos,
EVT00385-07,SHP00385,7,2024-05-28T22:08:36,Delivery completed,Delayed,Carrier,Marseille Wind Substation Site,Road permit delay
EVT00386-01,SHP00386,1,2025-10-31T14:00:00,Booking created,Completed,Forwarder,Cadiz Module Yard,
EVT00386-02,SHP00386,2,2025-11-06T14:27:08,Pickup completed,Completed,Carrier,Cadiz Module Yard,
EVT00386-03,SHP00386,3,2025-11-07T02:03:16,Origin port gate in,Completed,Port terminal,Algeciras,
EVT00386-04,SHP00386,4,2025-11-07T18:12:14,Vessel departed,Completed,Carrier,Algeciras,
EVT00386-05,SHP00386,5,2025-11-08T21:28:48,Destination port arrival,Completed,Port terminal,Casablanca,
EVT00386-06,SHP00386,6,2025-11-09T04:55:41,Customs released,Completed,Forwarder,Casablanca,
EVT00386-07,SHP00386,7,2025-11-09T20:20:32,Delivery completed,Completed,Carrier,Casablanca Desalination Site,
EVT00387-01,SHP00387,1,2025-04-26T13:00:00,Booking created,Completed,Forwarder,Zaragoza Distribution Hub,
EVT00387-02,SHP00387,2,2025-05-06T14:29:01,Pickup completed,Completed,Carrier,Zaragoza Distribution Hub,
EVT00387-03,SHP00387,3,2025-05-07T18:17:12,Delivery completed,Completed,Carrier,Sines Energy Project Site,
EVT00388-01,SHP00388,1,2024-07-03T14:00:00,Booking created,Completed,Forwarder,Tarragona Equipment Vendor,
EVT00388-02,SHP00388,2,2024-07-18T15:52:29,Pickup completed,Completed,Carrier,Tarragona Equipment Vendor,
EVT00388-03,SHP00388,3,2024-07-19T02:03:57,Origin port gate in,Completed,Port terminal,Barcelona,
EVT00388-04,SHP00388,4,2024-07-19T05:16:22,Vessel departed,Completed,Carrier,Barcelona,
EVT00388-05,SHP00388,5,2024-07-27T06:04:07,Destination port arrival,Completed,Port terminal,Dammam,
EVT00388-06,SHP00388,6,2024-07-27T14:16:28,Customs released,Completed,Forwarder,Dammam,
EVT00388-07,SHP00388,7,2024-07-28T04:34:49,Delivery completed,Completed,Carrier,Dammam Gas Project Site,
EVT00389-01,SHP00389,1,2025-04-20T15:00:00,Booking created,Completed,Forwarder,Valencia Export Depot,
EVT00389-02,SHP00389,2,2025-04-28T15:40:10,Pickup completed,Completed,Carrier,Valencia Export Depot,
EVT00389-03,SHP00389,3,2025-04-28T23:23:17,Origin port gate in,Completed,Port terminal,Valencia,
EVT00389-04,SHP00389,4,2025-04-29T16:16:40,Vessel departed,Completed,Carrier,Valencia,
EVT00389-05,SHP00389,5,2025-05-02T08:07:15,Destination port arrival,Completed,Port terminal,Marseille-Fos,
EVT00389-06,SHP00389,6,2025-05-02T10:56:30,Customs released,Completed,Forwarder,Marseille-Fos,
EVT00389-07,SHP00389,7,2025-05-03T02:41:39,Delivery completed,Completed,Carrier,Marseille Wind Substation Site,
EVT00390-01,SHP00390,1,2024-05-24T13:00:00,Booking created,Completed,Forwarder,Antwerp EPC Supplier Yard,
EVT00390-02,SHP00390,2,2024-05-30T13:22:48,Pickup completed,Completed,Carrier,Antwerp EPC Supplier Yard,
EVT00390-03,SHP00390,3,2024-05-31T02:53:03,Origin port gate in,Completed,Port terminal,Antwerp-Bruges,
EVT00390-04,SHP00390,4,2024-05-31T08:05:56,Vessel departed,Completed,Carrier,Antwerp-Bruges,
EVT00390-05,SHP00390,5,2024-06-05T14:08:27,Destination port arrival,Completed,Port terminal,Casablanca,
EVT00390-06,SHP00390,6,2024-06-06T00:20:54,Customs released,Completed,Forwarder,Casablanca,
EVT00390-07,SHP00390,7,2024-06-06T12:06:33,Delivery completed,Completed,Carrier,Casablanca Desalination Site,
EVT00391-01,SHP00391,1,2025-11-02T12:00:00,Booking created,Completed,Forwarder,Cadiz Module Yard,
EVT00391-02,SHP00391,2,2025-11-11T11:27:39,Pickup completed,Completed,Carrier,Cadiz Module Yard,
EVT00391-03,SHP00391,3,2025-11-11T23:06:30,Origin port gate in,Completed,Port terminal,Algeciras,
EVT00391-04,SHP00391,4,2025-11-12T08:25:14,Vessel departed,Completed,Carrier,Algeciras,
EVT00391-05,SHP00391,5,2025-11-21T20:57:18,Destination port arrival,Completed,Port terminal,Dammam,
EVT00391-06,SHP00391,6,2025-11-21T23:07:54,Customs released,Completed,Forwarder,Dammam,
EVT00391-07,SHP00391,7,2025-11-22T14:01:09,Delivery completed,Completed,Carrier,Dammam Gas Project Site,
EVT00392-01,SHP00392,1,2025-11-24T12:00:00,Booking created,Completed,Forwarder,Antwerp EPC Supplier Yard,
EVT00392-02,SHP00392,2,2025-11-28T12:12:25,Pickup completed,Completed,Carrier,Antwerp EPC Supplier Yard,
EVT00392-03,SHP00392,3,2025-12-03T08:12:00,Delivery completed,Completed,Carrier,Dammam Gas Project Site,
EVT00393-01,SHP00393,1,2025-09-26T12:00:00,Booking created,Completed,Forwarder,Puertollano Module Yard,
EVT00393-02,SHP00393,2,2025-10-06T11:56:17,Pickup completed,Completed,Carrier,Puertollano Module Yard,
EVT00393-03,SHP00393,3,2025-10-07T04:36:25,Delivery completed,Completed,Carrier,Zaragoza Distribution Hub,
EVT00394-01,SHP00394,1,2024-06-15T13:00:00,Booking created,Completed,Forwarder,Tarragona Equipment Vendor,
EVT00394-02,SHP00394,2,2024-06-25T13:36:07,Pickup completed,Completed,Carrier,Tarragona Equipment Vendor,
EVT00394-03,SHP00394,3,2024-06-26T02:02:47,Origin port gate in,Completed,Port terminal,Barcelona,
EVT00394-04,SHP00394,4,2024-06-26T12:58:08,Vessel departed,Completed,Carrier,Barcelona,
EVT00394-05,SHP00394,5,2024-06-28T22:27:34,Destination port arrival,Completed,Port terminal,Casablanca,
EVT00394-06,SHP00394,6,2024-06-29T04:27:09,Customs released,Completed,Forwarder,Casablanca,
EVT00394-07,SHP00394,7,2024-06-29T13:51:22,Delivery completed,Completed,Carrier,Casablanca Desalination Site,
EVT00395-01,SHP00395,1,2024-11-12T13:00:00,Booking created,Completed,Forwarder,Rotterdam Consolidation Hub,
EVT00395-02,SHP00395,2,2024-11-21T13:15:24,Pickup completed,Completed,Carrier,Rotterdam Consolidation Hub,
EVT00395-03,SHP00395,3,2024-11-25T23:55:38,Delivery completed,Completed,Carrier,Dammam Gas Project Site,
EVT00396-01,SHP00396,1,2024-03-16T07:00:00,Booking created,Completed,Forwarder,Bilbao Steel Fabricator,
EVT00396-02,SHP00396,2,2024-03-26T07:39:50,Pickup completed,Completed,Carrier,Bilbao Steel Fabricator,
EVT00396-03,SHP00396,3,2024-03-26T13:54:56,Origin port gate in,Completed,Port terminal,Bilbao,
EVT00396-04,SHP00396,4,2024-03-27T06:25:01,Vessel departed,Completed,Carrier,Bilbao,
EVT00396-05,SHP00396,5,2024-03-30T07:18:30,Destination port arrival,Completed,Port terminal,Sines,
EVT00396-06,SHP00396,6,2024-03-30T23:27:52,Customs released,Completed,Forwarder,Sines,
EVT00396-07,SHP00396,7,2024-03-31T10:15:01,Delivery completed,Completed,Carrier,Sines Energy Project Site,
EVT00397-01,SHP00397,1,2025-11-30T14:00:00,Booking created,Completed,Forwarder,Rotterdam Consolidation Hub,
EVT00397-02,SHP00397,2,2025-12-08T15:04:14,Pickup completed,Completed,Carrier,Rotterdam Consolidation Hub,
EVT00397-03,SHP00397,3,2025-12-08T20:41:58,Origin port gate in,Completed,Port terminal,Rotterdam,
EVT00397-04,SHP00397,4,2025-12-09T14:38:16,Vessel departed,Completed,Carrier,Rotterdam,
EVT00397-05,SHP00397,5,2025-12-15T22:12:36,Destination port arrival,Completed,Port terminal,Alexandria,
EVT00397-06,SHP00397,6,2025-12-16T04:38:08,Customs released,Completed,Forwarder,Alexandria,
EVT00397-07,SHP00397,7,2025-12-16T17:47:58,Delivery completed,Completed,Carrier,Alexandria Water Project Site,
EVT00398-01,SHP00398,1,2025-11-17T13:00:00,Booking created,Completed,Forwarder,Tarragona Equipment Vendor,
EVT00398-02,SHP00398,2,2025-11-25T12:08:01,Pickup completed,Completed,Carrier,Tarragona Equipment Vendor,
EVT00398-03,SHP00398,3,2025-11-26T17:42:32,Origin port gate in,Completed,Port terminal,Barcelona,
EVT00398-04,SHP00398,4,2025-11-27T01:09:27,Vessel departed,Completed,Carrier,Barcelona,
EVT00398-05,SHP00398,5,2025-12-03T02:24:46,Destination port arrival,Completed,Port terminal,Alexandria,
EVT00398-06,SHP00398,6,2025-12-03T07:47:55,Customs released,Completed,Forwarder,Alexandria,
EVT00398-07,SHP00398,7,2025-12-03T20:38:45,Delivery completed,Completed,Carrier,Alexandria Water Project Site,
EVT00399-01,SHP00399,1,2024-08-25T13:00:00,Booking created,Completed,Forwarder,Antwerp EPC Supplier Yard,
EVT00399-02,SHP00399,2,2024-09-02T12:35:43,Pickup completed,Completed,Carrier,Antwerp EPC Supplier Yard,
EVT00399-03,SHP00399,3,2024-09-02T20:30:58,Origin port gate in,Completed,Port terminal,Antwerp-Bruges,
EVT00399-04,SHP00399,4,2024-09-03T12:30:14,Vessel departed,Completed,Carrier,Antwerp-Bruges,
EVT00399-05,SHP00399,5,2024-09-08T23:13:31,Customs released,Completed,Forwarder,Alexandria,
EVT00399-06,SHP00399,6,2024-09-09T00:53:23,Destination port arrival,Completed,Port terminal,Alexandria,
EVT00399-07,SHP00399,7,2024-09-10T07:12:20,Delivery completed,Delayed,Carrier,Alexandria Water Project Site,Port congestion
EVT00400-01,SHP00400,1,2025-04-17T10:00:00,Booking created,Completed,Forwarder,Bilbao Steel Fabricator,
EVT00400-02,SHP00400,2,2025-04-30T09:40:48,Pickup completed,Completed,Carrier,Bilbao Steel Fabricator,
EVT00400-03,SHP00400,3,2025-04-30T21:30:39,Origin port gate in,Completed,Port terminal,Bilbao,
EVT00400-04,SHP00400,4,2025-05-01T14:32:56,Vessel departed,Completed,Carrier,Bilbao,
EVT00400-05,SHP00400,5,2025-05-05T06:50:57,Destination port arrival,Completed,Port terminal,Sines,
EVT00400-06,SHP00400,6,2025-05-05T20:37:14,Customs released,Completed,Forwarder,Sines,
EVT00400-07,SHP00400,7,2025-05-06T08:22:48,Delivery completed,Delayed,Carrier,Sines Energy Project Site,Carrier capacity
EVT00401-01,SHP00401,1,2024-10-31T13:00:00,Booking created,Completed,Forwarder,Antwerp EPC Supplier Yard,
EVT00401-02,SHP00401,2,2024-11-04T14:06:51,Pickup completed,Completed,Carrier,Antwerp EPC Supplier Yard,
EVT00401-03,SHP00401,3,2024-11-05T01:09:15,Origin port gate in,Completed,Port terminal,Antwerp-Bruges,
EVT00401-04,SHP00401,4,2024-11-05T14:23:37,Vessel departed,Completed,Carrier,Antwerp-Bruges,
EVT00401-05,SHP00401,5,2024-11-06T19:46:23,Destination port arrival,Completed,Port terminal,Rotterdam,
EVT00401-06,SHP00401,6,2024-11-06T20:08:41,Customs released,Completed,Forwarder,Rotterdam,
EVT00401-07,SHP00401,7,2024-11-07T11:48:57,Delivery completed,Completed,Carrier,Rotterdam Consolidation Hub,
EVT00402-01,SHP00402,1,2025-05-12T07:00:00,Booking created,Completed,Forwarder,Lyon Fabrication Partner,
EVT00402-02,SHP00402,2,2025-05-27T08:19:33,Pickup completed,Completed,Carrier,Lyon Fabrication Partner,
EVT00402-03,SHP00402,3,2025-05-27T21:20:47,Origin port gate in,Completed,Port terminal,Marseille-Fos,
EVT00402-04,SHP00402,4,2025-05-28T09:11:42,Vessel departed,Completed,Carrier,Marseille-Fos,
EVT00402-05,SHP00402,5,2025-06-01T22:03:19,Destination port arrival,Completed,Port terminal,Casablanca,
EVT00402-06,SHP00402,6,2025-06-02T04:50:56,Customs released,Completed,Forwarder,Casablanca,
EVT00402-07,SHP00402,7,2025-06-02T11:03:47,Delivery completed,Completed,Carrier,Casablanca Desalination Site,
EVT00403-01,SHP00403,1,2024-05-08T13:00:00,Booking created,Completed,Forwarder,Milan Valve Plant,
EVT00403-02,SHP00403,2,2024-05-16T14:36:01,Pickup completed,Completed,Carrier,Milan Valve Plant,
EVT00403-03,SHP00403,3,2024-05-18T14:57:10,Delivery completed,Completed,Carrier,Sines Energy Project Site,
EVT00404-01,SHP00404,1,2025-09-17T10:00:00,Booking created,Completed,Forwarder,Madrid Cross Dock,
EVT00404-02,SHP00404,2,2025-09-29T11:11:05,Pickup completed,Completed,Carrier,Madrid Cross Dock,
EVT00404-03,SHP00404,3,2025-09-29T22:28:53,Delivery completed,Completed,Carrier,Zaragoza Distribution Hub,
EVT00405-01,SHP00405,1,2024-01-24T07:00:00,Booking created,Completed,Forwarder,Cadiz Module Yard,
EVT00405-02,SHP00405,2,2024-02-04T06:21:49,Pickup completed,Completed,Carrier,Cadiz Module Yard,
EVT00405-03,SHP00405,3,2024-02-04T20:34:01,Origin port gate in,Completed,Port terminal,Algeciras,
EVT00405-04,SHP00405,4,2024-02-05T06:29:03,Vessel departed,Completed,Carrier,Algeciras,
EVT00405-05,SHP00405,5,2024-02-06T20:09:05,Customs released,Completed,Forwarder,Sines,
EVT00405-06,SHP00405,6,2024-02-06T22:08:36,Destination port arrival,Completed,Port terminal,Sines,
EVT00405-07,SHP00405,7,2024-02-07T11:47:44,Delivery completed,Completed,Carrier,Sines Energy Project Site,
EVT00406-01,SHP00406,1,2025-05-07T07:00:00,Booking created,Completed,Forwarder,Tarragona Equipment Vendor,
EVT00406-02,SHP00406,2,2025-05-21T09:52:26,Pickup completed,Completed,Carrier,Tarragona Equipment Vendor,
EVT00406-03,SHP00406,3,2025-05-21T15:18:35,Origin port gate in,Completed,Port terminal,Barcelona,
EVT00406-04,SHP00406,4,2025-05-21T19:46:08,Vessel departed,Completed,Carrier,Barcelona,
EVT00406-05,SHP00406,5,2025-05-25T08:27:33,Destination port arrival,Completed,Port terminal,Rotterdam,
EVT00406-06,SHP00406,6,2025-05-25T15:24:25,Customs released,Completed,Forwarder,Rotterdam,
EVT00406-07,SHP00406,7,2025-05-26T06:53:29,Delivery completed,Completed,Carrier,Rotterdam Consolidation Hub,
EVT00407-01,SHP00407,1,2024-03-06T08:00:00,Booking created,Completed,Forwarder,Madrid Cross Dock,
EVT00407-02,SHP00407,2,2024-03-12T10:36:27,Pickup completed,Completed,Carrier,Madrid Cross Dock,
EVT00407-03,SHP00407,3,2024-03-13T01:22:00,Delivery completed,Completed,Carrier,Zaragoza Distribution Hub,
EVT00408-01,SHP00408,1,2024-06-18T10:00:00,Booking created,Completed,Forwarder,Tarragona Equipment Vendor,
EVT00408-02,SHP00408,2,2024-06-26T11:31:34,Pickup completed,Completed,Carrier,Tarragona Equipment Vendor,
EVT00408-03,SHP00408,3,2024-06-27T05:01:59,Origin port gate in,Completed,Port terminal,Barcelona,
EVT00408-04,SHP00408,4,2024-06-27T18:25:31,Vessel departed,Completed,Carrier,Barcelona,
EVT00408-05,SHP00408,5,2024-06-30T11:08:12,Destination port arrival,Completed,Port terminal,Rotterdam,
EVT00408-06,SHP00408,6,2024-06-30T13:45:35,Customs released,Completed,Forwarder,Rotterdam,
EVT00408-07,SHP00408,7,2024-07-01T03:34:25,Delivery completed,Completed,Carrier,Rotterdam Consolidation Hub,
EVT00409-01,SHP00409,1,2024-09-28T10:00:00,Booking created,Completed,Forwarder,Bilbao Steel Fabricator,
EVT00409-02,SHP00409,2,2024-10-10T12:07:54,Pickup completed,Completed,Carrier,Bilbao Steel Fabricator,
EVT00409-03,SHP00409,3,2024-10-10T15:10:33,Origin port gate in,Completed,Port terminal,Bilbao,
EVT00409-04,SHP00409,4,2024-10-11T06:37:54,Vessel departed,Completed,Carrier,Bilbao,
EVT00409-05,SHP00409,5,2024-10-13T12:20:16,Destination port arrival,Completed,Port terminal,Marseille-Fos,
EVT00409-06,SHP00409,6,2024-10-13T12:27:57,Customs released,Completed,Forwarder,Marseille-Fos,
EVT00409-07,SHP00409,7,2024-10-14T10:12:26,Delivery completed,Completed,Carrier,Marseille Wind Substation Site,
EVT00410-01,SHP00410,1,2024-11-14T08:00:00,Booking created,Completed,Forwarder,Bilbao Steel Fabricator,
EVT00410-02,SHP00410,2,2024-11-27T10:09:23,Pickup completed,Completed,Carrier,Bilbao Steel Fabricator,
EVT00410-03,SHP00410,3,2024-11-27T17:36:43,Origin port gate in,Completed,Port terminal,Bilbao,
EVT00410-04,SHP00410,4,2024-11-27T21:26:41,Vessel departed,Completed,Carrier,Bilbao,
EVT00410-05,SHP00410,5,2024-11-30T05:27:36,Customs released,Completed,Forwarder,Casablanca,
EVT00410-06,SHP00410,6,2024-11-30T06:08:35,Destination port arrival,Completed,Port terminal,Casablanca,
EVT00410-07,SHP00410,7,2024-11-30T22:47:53,Delivery completed,Completed,Carrier,Casablanca Desalination Site,
EVT00411-01,SHP00411,1,2025-08-01T15:00:00,Booking created,Completed,Forwarder,Puertollano Module Yard,
EVT00411-02,SHP00411,2,2025-08-14T14:11:57,Pickup completed,Completed,Carrier,Puertollano Module Yard,
EVT00411-03,SHP00411,3,2025-08-15T03:58:57,Origin port gate in,Completed,Port terminal,Algeciras,
EVT00411-04,SHP00411,4,2025-08-15T08:43:34,Vessel departed,Completed,Carrier,Algeciras,
EVT00411-05,SHP00411,5,2025-08-25T20:25:00,Destination port arrival,Completed,Port terminal,Dammam,
EVT00411-06,SHP00411,6,2025-08-26T07:04:49,Customs released,Completed,Forwarder,Dammam,
EVT00411-07,SHP00411,7,2025-08-26T15:04:23,Delivery completed,Completed,Carrier,Dammam Gas Project Site,
EVT00412-01,SHP00412,1,2024-11-23T10:00:00,Booking created,Completed,Forwarder,Antwerp EPC Supplier Yard,
EVT00412-02,SHP00412,2,2024-12-04T09:49:50,Pickup completed,Completed,Carrier,Antwerp EPC Supplier Yard,
EVT00412-03,SHP00412,3,2024-12-04T19:12:14,Origin port gate in,Completed,Port terminal,Antwerp-Bruges,
EVT00412-04,SHP00412,4,2024-12-05T12:38:33,Vessel departed,Completed,Carrier,Antwerp-Bruges,
EVT00412-05,SHP00412,5,2024-12-09T00:39:53,Destination port arrival,Completed,Port terminal,Marseille-Fos,
EVT00412-06,SHP00412,6,2024-12-09T10:21:13,Customs released,Completed,Forwarder,Marseille-Fos,
EVT00412-07,SHP00412,7,2024-12-09T21:50:37,Delivery completed,Completed,Carrier,Marseille Wind Substation Site,
EVT00413-01,SHP00413,1,2025-06-08T14:00:00,Booking created,Completed,Forwarder,Antwerp EPC Supplier Yard,
EVT00413-02,SHP00413,2,2025-06-12T14:03:52,Pickup completed,Completed,Carrier,Antwerp EPC Supplier Yard,
EVT00413-03,SHP00413,3,2025-06-12T21:07:50,Origin port gate in,Completed,Port terminal,Antwerp-Bruges,
EVT00413-04,SHP00413,4,2025-06-13T07:52:55,Vessel departed,Completed,Carrier,Antwerp-Bruges,
EVT00413-05,SHP00413,5,2025-06-15T14:04:56,Destination port arrival,Completed,Port terminal,Marseille-Fos,
EVT00413-06,SHP00413,6,2025-06-15T20:07:52,Customs released,Completed,Forwarder,Marseille-Fos,
EVT00413-07,SHP00413,7,2025-06-17T06:17:43,Delivery completed,Completed,Carrier,Marseille Wind Substation Site,
EVT00414-01,SHP00414,1,2025-04-28T14:00:00,Booking created,Completed,Forwarder,Antwerp EPC Supplier Yard,
EVT00414-02,SHP00414,2,2025-05-12T15:09:10,Pickup completed,Completed,Carrier,Antwerp EPC Supplier Yard,
EVT00414-03,SHP00414,3,2025-05-12T20:17:04,Origin port gate in,Completed,Port terminal,Antwerp-Bruges,
EVT00414-04,SHP00414,4,2025-05-12T23:57:04,Vessel departed,Completed,Carrier,Antwerp-Bruges,
EVT00414-05,SHP00414,5,2025-05-19T18:13:42,Destination port arrival,Completed,Port terminal,Alexandria,
EVT00414-06,SHP00414,6,2025-05-20T00:40:46,Customs released,Completed,Forwarder,Alexandria,
EVT00414-07,SHP00414,7,2025-05-20T13:44:51,Delivery completed,Completed,Carrier,Alexandria Water Project Site,
EVT00415-01,SHP00415,1,2025-04-12T13:00:00,Booking created,Completed,Forwarder,Tarragona Equipment Vendor,
EVT00415-02,SHP00415,2,2025-04-21T15:16:35,Pickup completed,Completed,Carrier,Tarragona Equipment Vendor,
EVT00415-03,SHP00415,3,2025-04-22T15:04:48,Origin port gate in,Completed,Port terminal,Barcelona,
EVT00415-04,SHP00415,4,2025-04-23T06:02:56,Vessel departed,Completed,Carrier,Barcelona,
EVT00415-05,SHP00415,5,2025-04-26T01:30:39,Destination port arrival,Completed,Port terminal,Rotterdam,
EVT00415-06,SHP00415,6,2025-04-26T05:27:15,Customs released,Completed,Forwarder,Rotterdam,
EVT00415-07,SHP00415,7,2025-04-26T17:37:25,Delivery completed,Completed,Carrier,Rotterdam Consolidation Hub,
EVT00416-01,SHP00416,1,2024-12-22T12:00:00,Booking created,Completed,Forwarder,Antwerp EPC Supplier Yard,
EVT00416-02,SHP00416,2,2024-12-27T11:56:04,Pickup completed,Completed,Carrier,Antwerp EPC Supplier Yard,
EVT00416-03,SHP00416,3,2024-12-27T16:38:48,Origin port gate in,Completed,Port terminal,Antwerp-Bruges,
EVT00416-04,SHP00416,4,2024-12-28T05:59:01,Vessel departed,Completed,Carrier,Antwerp-Bruges,
EVT00416-05,SHP00416,5,2024-12-31T07:22:54,Destination port arrival,Completed,Port terminal,Valencia,
EVT00416-06,SHP00416,6,2024-12-31T10:48:41,Customs released,Completed,Forwarder,Valencia,
EVT00416-07,SHP00416,7,2025-01-01T02:40:56,Delivery completed,Completed,Carrier,Zaragoza Distribution Hub,
EVT00417-01,SHP00417,1,2025-05-27T08:00:00,Booking created,Completed,Forwarder,Milan Valve Plant,
EVT00417-02,SHP00417,2,2025-06-03T09:27:35,Pickup completed,Completed,Carrier,Milan Valve Plant,
EVT00417-03,SHP00417,3,2025-06-04T00:15:12,Origin port gate in,Completed,Port terminal,Genoa,
EVT00417-04,SHP00417,4,2025-06-04T11:04:28,Vessel departed,Completed,Carrier,Genoa,
EVT00417-05,SHP00417,5,2025-06-09T11:42:20,Destination port arrival,Completed,Port terminal,Casablanca,
EVT00417-06,SHP00417,6,2025-06-09T12:16:07,Customs released,Completed,Forwarder,Casablanca,
EVT00417-07,SHP00417,7,2025-06-11T01:25:19,Delivery completed,Delayed,Carrier,Casablanca Desalination Site,Road permit delay
EVT00418-01,SHP00418,1,2024-03-14T09:00:00,Booking created,Completed,Forwarder,Valencia Export Depot,
EVT00418-02,SHP00418,2,2024-03-25T11:05:25,Pickup completed,Completed,Carrier,Valencia Export Depot,
EVT00418-03,SHP00418,3,2024-03-25T20:18:59,Origin port gate in,Completed,Port terminal,Valencia,
EVT00418-04,SHP00418,4,2024-03-26T13:33:54,Vessel departed,Completed,Carrier,Valencia,
EVT00418-05,SHP00418,5,2024-03-29T16:41:23,Destination port arrival,Completed,Port terminal,Casablanca,
EVT00418-06,SHP00418,6,2024-03-29T23:12:35,Customs released,Completed,Forwarder,Casablanca,
EVT00418-07,SHP00418,7,2024-03-30T19:09:24,Delivery completed,Delayed,Carrier,Casablanca Desalination Site,Carrier capacity
EVT00419-01,SHP00419,1,2025-04-05T09:00:00,Booking created,Completed,Forwarder,Milan Valve Plant,
EVT00419-02,SHP00419,2,2025-04-17T10:49:38,Pickup completed,Completed,Carrier,Milan Valve Plant,
EVT00419-03,SHP00419,3,2025-04-18T08:41:13,Origin port gate in,Completed,Port terminal,Genoa,
EVT00419-04,SHP00419,4,2025-04-18T18:09:47,Vessel departed,Completed,Carrier,Genoa,
EVT00419-05,SHP00419,5,2025-04-22T05:27:40,Destination port arrival,Completed,Port terminal,Casablanca,
EVT00419-06,SHP00419,6,2025-04-22T06:25:17,Customs released,Completed,Forwarder,Casablanca,
EVT00419-07,SHP00419,7,2025-04-22T15:57:26,Delivery completed,Completed,Carrier,Casablanca Desalination Site,
EVT00420-01,SHP00420,1,2024-02-16T13:00:00,Booking created,Completed,Forwarder,Milan Valve Plant,
EVT00420-02,SHP00420,2,2024-02-22T13:08:22,Pickup completed,Completed,Carrier,Milan Valve Plant,
EVT00420-03,SHP00420,3,2024-02-23T00:06:28,Origin port gate in,Completed,Port terminal,Genoa,
EVT00420-04,SHP00420,4,2024-02-23T13:42:55,Vessel departed,Completed,Carrier,Genoa,
EVT00420-05,SHP00420,5,2024-02-27T10:24:21,Destination port arrival,Completed,Port terminal,Sines,
EVT00420-06,SHP00420,6,2024-02-27T13:46:10,Customs released,Completed,Forwarder,Sines,
EVT00420-07,SHP00420,7,2024-02-27T21:50:07,Delivery completed,Completed,Carrier,Sines Energy Project Site,
EVT00421-01,SHP00421,1,2024-01-12T11:00:00,Booking created,Completed,Forwarder,Puertollano Module Yard,
EVT00421-02,SHP00421,2,2024-01-16T10:35:58,Pickup completed,Completed,Carrier,Puertollano Module Yard,
EVT00421-03,SHP00421,3,2024-01-17T00:26:05,Delivery completed,Completed,Carrier,Zaragoza Distribution Hub,
EVT00422-01,SHP00422,1,2025-01-13T08:00:00,Booking created,Completed,Forwarder,Milan Valve Plant,
EVT00422-02,SHP00422,2,2025-01-21T09:47:00,Pickup completed,Completed,Carrier,Milan Valve Plant,
EVT00422-03,SHP00422,3,2025-01-23T02:47:03,Delivery completed,Completed,Carrier,Casablanca Desalination Site,
EVT00423-01,SHP00423,1,2024-03-18T10:00:00,Booking created,Completed,Forwarder,Zaragoza Distribution Hub,
EVT00423-02,SHP00423,2,2024-04-01T09:52:51,Pickup completed,Completed,Carrier,Zaragoza Distribution Hub,
EVT00423-03,SHP00423,3,2024-04-01T19:13:05,Origin port gate in,Completed,Port terminal,Valencia,
EVT00423-04,SHP00423,4,2024-04-02T08:31:00,Vessel departed,Completed,Carrier,Valencia,
EVT00423-05,SHP00423,5,2024-04-04T09:26:59,Customs released,Completed,Forwarder,Casablanca,
EVT00423-06,SHP00423,6,2024-04-04T09:37:55,Destination port arrival,Completed,Port terminal,Casablanca,
EVT00423-07,SHP00423,7,2024-04-05T02:22:05,Delivery completed,Completed,Carrier,Casablanca Desalination Site,
EVT00424-01,SHP00424,1,2025-08-22T12:00:00,Booking created,Completed,Forwarder,Tarragona Equipment Vendor,
EVT00424-02,SHP00424,2,2025-08-29T14:18:45,Pickup completed,Completed,Carrier,Tarragona Equipment Vendor,
EVT00424-03,SHP00424,3,2025-08-30T06:26:57,Origin port gate in,Completed,Port terminal,Barcelona,
EVT00424-04,SHP00424,4,2025-08-30T22:04:21,Vessel departed,Completed,Carrier,Barcelona,
EVT00424-05,SHP00424,5,2025-09-03T08:55:20,Destination port arrival,Completed,Port terminal,Sines,
EVT00424-06,SHP00424,6,2025-09-03T14:40:19,Customs released,Completed,Forwarder,Sines,
EVT00424-07,SHP00424,7,2025-09-04T05:58:06,Delivery completed,Completed,Carrier,Sines Energy Project Site,
EVT00425-01,SHP00425,1,2024-09-10T09:00:00,Booking created,Completed,Forwarder,Bilbao Steel Fabricator,
EVT00425-02,SHP00425,2,2024-09-20T09:49:32,Pickup completed,Completed,Carrier,Bilbao Steel Fabricator,
EVT00425-03,SHP00425,3,2024-09-20T18:21:07,Origin port gate in,Completed,Port terminal,Bilbao,
EVT00425-04,SHP00425,4,2024-09-21T01:19:50,Vessel departed,Completed,Carrier,Bilbao,
EVT00425-05,SHP00425,5,2024-09-23T21:41:20,Destination port arrival,Completed,Port terminal,Sines,
EVT00425-06,SHP00425,6,2024-09-23T23:37:16,Customs released,Completed,Forwarder,Sines,
EVT00425-07,SHP00425,7,2024-09-24T14:13:33,Delivery completed,Completed,Carrier,Sines Energy Project Site,
EVT00426-01,SHP00426,1,2024-04-08T09:00:00,Booking created,Completed,Forwarder,Valencia Export Depot,
EVT00426-02,SHP00426,2,2024-04-16T10:41:51,Pickup completed,Completed,Carrier,Valencia Export Depot,
EVT00426-03,SHP00426,3,2024-04-17T06:23:39,Origin port gate in,Completed,Port terminal,Valencia,
EVT00426-04,SHP00426,4,2024-04-17T20:22:32,Vessel departed,Completed,Carrier,Valencia,
EVT00426-05,SHP00426,5,2024-04-20T18:36:39,Destination port arrival,Completed,Port terminal,Sines,
EVT00426-06,SHP00426,6,2024-04-21T02:09:32,Customs released,Completed,Forwarder,Sines,
EVT00426-07,SHP00426,7,2024-04-21T14:58:44,Delivery completed,Delayed,Carrier,Sines Energy Project Site,Port congestion
EVT00427-01,SHP00427,1,2025-10-25T11:00:00,Booking created,Completed,Forwarder,Rotterdam Consolidation Hub,
EVT00427-02,SHP00427,2,2025-11-03T13:17:23,Pickup completed,Completed,Carrier,Rotterdam Consolidation Hub,
EVT00427-03,SHP00427,3,2025-11-03T15:32:04,Origin port gate in,Completed,Port terminal,Rotterdam,
EVT00427-04,SHP00427,4,2025-11-04T03:19:57,Vessel departed,Completed,Carrier,Rotterdam,
EVT00427-05,SHP00427,5,2025-11-07T16:23:17,Destination port arrival,Completed,Port terminal,Marseille-Fos,
EVT00427-06,SHP00427,6,2025-11-08T01:58:00,Customs released,Completed,Forwarder,Marseille-Fos,
EVT00427-07,SHP00427,7,2025-11-08T09:38:17,Delivery completed,Completed,Carrier,Marseille Wind Substation Site,
EVT00428-01,SHP00428,1,2024-08-16T11:00:00,Booking created,Completed,Forwarder,Antwerp EPC Supplier Yard,
EVT00428-02,SHP00428,2,2024-08-20T13:43:46,Pickup completed,Completed,Carrier,Antwerp EPC Supplier Yard,
EVT00428-03,SHP00428,3,2024-08-20T23:43:37,Origin port gate in,Completed,Port terminal,Antwerp-Bruges,
EVT00428-04,SHP00428,4,2024-08-21T17:15:44,Vessel departed,Completed,Carrier,Antwerp-Bruges,
EVT00428-05,SHP00428,5,2024-08-25T01:15:11,Destination port arrival,Completed,Port terminal,Marseille-Fos,
EVT00428-06,SHP00428,6,2024-08-25T10:18:53,Customs released,Completed,Forwarder,Marseille-Fos,
EVT00428-07,SHP00428,7,2024-08-25T23:21:53,Delivery completed,Delayed,Carrier,Marseille Wind Substation Site,Carrier capacity
EVT00429-01,SHP00429,1,2025-12-11T08:00:00,Booking created,Completed,Forwarder,Valencia Export Depot,
EVT00429-02,SHP00429,2,2025-12-24T08:24:32,Pickup completed,Completed,Carrier,Valencia Export Depot,
EVT00429-03,SHP00429,3,2025-12-24T19:22:50,Origin port gate in,Completed,Port terminal,Valencia,
EVT00429-04,SHP00429,4,2025-12-25T05:19:14,Vessel departed,Completed,Carrier,Valencia,
EVT00429-05,SHP00429,5,2025-12-31T20:52:18,Destination port arrival,Completed,Port terminal,Alexandria,
EVT00429-06,SHP00429,6,2026-01-01T01:20:54,Customs released,Completed,Forwarder,Alexandria,
EVT00429-07,SHP00429,7,2026-01-01T17:43:08,Delivery completed,Completed,Carrier,Alexandria Water Project Site,
EVT00430-01,SHP00430,1,2025-11-27T07:00:00,Booking created,Completed,Forwarder,Rotterdam Consolidation Hub,
EVT00430-02,SHP00430,2,2025-12-10T08:14:35,Pickup completed,Completed,Carrier,Rotterdam Consolidation Hub,
EVT00430-03,SHP00430,3,2025-12-10T18:38:20,Origin port gate in,Completed,Port terminal,Rotterdam,
EVT00430-04,SHP00430,4,2025-12-10T22:33:21,Vessel departed,Completed,Carrier,Rotterdam,
EVT00430-05,SHP00430,5,2025-12-16T18:07:36,Destination port arrival,Completed,Port terminal,Casablanca,
EVT00430-06,SHP00430,6,2025-12-17T03:10:50,Customs released,Completed,Forwarder,Casablanca,
EVT00430-07,SHP00430,7,2025-12-18T06:48:32,Delivery completed,Completed,Carrier,Casablanca Desalination Site,
EVT00431-01,SHP00431,1,2025-10-17T14:00:00,Booking created,Completed,Forwarder,Antwerp EPC Supplier Yard,
EVT00431-02,SHP00431,2,2025-10-21T14:10:00,Pickup completed,Completed,Carrier,Antwerp EPC Supplier Yard,
EVT00431-03,SHP00431,3,2025-10-21T20:09:39,Origin port gate in,Completed,Port terminal,Antwerp-Bruges,
EVT00431-04,SHP00431,4,2025-10-22T12:15:15,Vessel departed,Completed,Carrier,Antwerp-Bruges,
EVT00431-05,SHP00431,5,2025-10-31T16:44:02,Destination port arrival,Completed,Port terminal,Dammam,
EVT00431-06,SHP00431,6,2025-10-31T22:45:37,Customs released,Completed,Forwarder,Dammam,
EVT00431-07,SHP00431,7,2025-11-02T14:41:20,Delivery completed,Delayed,Carrier,Dammam Gas Project Site,Carrier capacity
EVT00432-01,SHP00432,1,2025-04-24T10:00:00,Booking created,Completed,Forwarder,Antwerp EPC Supplier Yard,
EVT00432-02,SHP00432,2,2025-04-28T10:39:02,Pickup completed,Completed,Carrier,Antwerp EPC Supplier Yard,
EVT00432-03,SHP00432,3,2025-04-28T19:12:46,Origin port gate in,Completed,Port terminal,Antwerp-Bruges,
EVT00432-04,SHP00432,4,2025-04-29T06:40:28,Vessel departed,Completed,Carrier,Antwerp-Bruges,
EVT00432-05,SHP00432,5,2025-05-03T07:25:40,Destination port arrival,Completed,Port terminal,Sines,
EVT00432-06,SHP00432,6,2025-05-03T18:41:37,Customs released,Completed,Forwarder,Sines,
EVT00432-07,SHP00432,7,2025-05-04T00:29:47,Delivery completed,Completed,Carrier,Sines Energy Project Site,
EVT00433-01,SHP00433,1,2024-12-10T08:00:00,Booking created,Completed,Forwarder,Tarragona Equipment Vendor,
EVT00433-02,SHP00433,2,2024-12-18T08:26:30,Pickup completed,Completed,Carrier,Tarragona Equipment Vendor,
EVT00433-03,SHP00433,3,2024-12-18T17:32:12,Origin port gate in,Completed,Port terminal,Barcelona,
EVT00433-04,SHP00433,4,2024-12-19T04:36:48,Vessel departed,Completed,Carrier,Barcelona,
EVT00433-05,SHP00433,5,2024-12-28T02:14:55,Destination port arrival,Completed,Port terminal,Dammam,
EVT00433-06,SHP00433,6,2024-12-28T05:34:07,Customs released,Completed,Forwarder,Dammam,
EVT00433-07,SHP00433,7,2024-12-28T18:03:02,Delivery completed,Completed,Carrier,Dammam Gas Project Site,
EVT00434-01,SHP00434,1,2025-10-22T11:00:00,Booking created,Completed,Forwarder,Cadiz Module Yard,
EVT00434-02,SHP00434,2,2025-10-28T13:26:30,Pickup completed,Completed,Carrier,Cadiz Module Yard,
EVT00434-03,SHP00434,3,2025-10-29T03:54:02,Delivery completed,Completed,Carrier,Sines Energy Project Site,
EVT00435-01,SHP00435,1,2024-01-02T10:00:00,Booking created,Completed,Forwarder,Milan Valve Plant,
EVT00435-02,SHP00435,2,2024-01-15T10:30:17,Pickup completed,Completed,Carrier,Milan Valve Plant,
EVT00435-03,SHP00435,3,2024-01-15T21:27:27,Origin port gate in,Completed,Port terminal,Genoa,
EVT00435-04,SHP00435,4,2024-01-16T01:21:12,Vessel departed,Completed,Carrier,Genoa,
EVT00435-05,SHP00435,5,2024-01-18T19:06:29,Destination port arrival,Completed,Port terminal,Valencia,
EVT00435-06,SHP00435,6,2024-01-18T19:41:50,Customs released,Completed,Forwarder,Valencia,
EVT00435-07,SHP00435,7,2024-01-20T07:03:23,Delivery completed,Completed,Carrier,Zaragoza Distribution Hub,
EVT00436-01,SHP00436,1,2024-01-22T07:00:00,Booking created,Completed,Forwarder,Milan Valve Plant,
EVT00436-02,SHP00436,2,2024-01-26T09:34:42,Pickup completed,Completed,Carrier,Milan Valve Plant,
EVT00436-03,SHP00436,3,2024-01-26T20:21:20,Origin port gate in,Completed,Port terminal,Genoa,
EVT00436-04,SHP00436,4,2024-01-27T05:18:06,Vessel departed,Completed,Carrier,Genoa,
EVT00436-05,SHP00436,5,2024-01-30T17:50:36,Destination port arrival,Completed,Port terminal,Sines,
EVT00436-06,SHP00436,6,2024-01-31T05:09:24,Customs released,Completed,Forwarder,Sines,
EVT00436-07,SHP00436,7,2024-01-31T13:59:12,Delivery completed,Completed,Carrier,Sines Energy Project Site,
EVT00437-01,SHP00437,1,2025-01-28T07:00:00,Booking created,Completed,Forwarder,Rotterdam Consolidation Hub,
EVT00437-02,SHP00437,2,2025-02-11T07:04:38,Pickup completed,Completed,Carrier,Rotterdam Consolidation Hub,
EVT00437-03,SHP00437,3,2025-02-11T15:59:52,Origin port gate in,Completed,Port terminal,Rotterdam,
EVT00437-04,SHP00437,4,2025-02-11T21:22:02,Vessel departed,Completed,Carrier,Rotterdam,
EVT00437-05,SHP00437,5,2025-02-16T20:42:42,Destination port arrival,Completed,Port terminal,Casablanca,
EVT00437-06,SHP00437,6,2025-02-17T09:33:16,Customs released,Completed,Forwarder,Casablanca,
EVT00437-07,SHP00437,7,2025-02-19T00:56:14,Delivery completed,Delayed,Carrier,Casablanca Desalination Site,Road permit delay
EVT00438-01,SHP00438,1,2024-12-23T07:00:00,Booking created,Completed,Forwarder,Bilbao Steel Fabricator,
EVT00438-02,SHP00438,2,2025-01-03T06:55:45,Pickup completed,Completed,Carrier,Bilbao Steel Fabricator,
EVT00438-03,SHP00438,3,2025-01-03T20:50:33,Origin port gate in,Completed,Port terminal,Bilbao,
EVT00438-04,SHP00438,4,2025-01-04T00:25:51,Vessel departed,Completed,Carrier,Bilbao,
EVT00438-05,SHP00438,5,2025-01-11T00:27:19,Destination port arrival,Completed,Port terminal,Alexandria,
EVT00438-06,SHP00438,6,2025-01-11T13:28:59,Customs released,Completed,Forwarder,Alexandria,
EVT00438-07,SHP00438,7,2025-01-11T19:29:45,Delivery completed,Completed,Carrier,Alexandria Water Project Site,
EVT00439-01,SHP00439,1,2025-08-03T13:00:00,Booking created,Completed,Forwarder,Valencia Export Depot,
EVT00439-02,SHP00439,2,2025-08-11T12:00:13,Pickup completed,Completed,Carrier,Valencia Export Depot,
EVT00439-03,SHP00439,3,2025-08-11T14:59:06,Origin port gate in,Completed,Port terminal,Valencia,
EVT00439-04,SHP00439,4,2025-08-11T18:02:16,Vessel departed,Completed,Carrier,Valencia,
EVT00439-05,SHP00439,5,2025-08-15T02:52:18,Destination port arrival,Completed,Port terminal,Casablanca,
EVT00439-06,SHP00439,6,2025-08-15T06:30:34,Customs released,Completed,Forwarder,Casablanca,
EVT00439-07,SHP00439,7,2025-08-15T20:10:45,Delivery completed,Completed,Carrier,Casablanca Desalination Site,
EVT00440-01,SHP00440,1,2025-10-05T10:00:00,Booking created,Completed,Forwarder,Milan Valve Plant,
EVT00440-02,SHP00440,2,2025-10-14T09:22:38,Pickup completed,Completed,Carrier,Milan Valve Plant,
EVT00440-03,SHP00440,3,2025-10-14T16:22:01,Origin port gate in,Completed,Port terminal,Genoa,
EVT00440-04,SHP00440,4,2025-10-14T21:23:53,Vessel departed,Completed,Carrier,Genoa,
EVT00440-05,SHP00440,5,2025-10-22T08:57:14,Destination port arrival,Completed,Port terminal,Dammam,
EVT00440-06,SHP00440,6,2025-10-22T18:39:34,Customs released,Completed,Forwarder,Dammam,
EVT00440-07,SHP00440,7,2025-10-23T11:42:34,Delivery completed,Completed,Carrier,Dammam Gas Project Site,
EVT00441-01,SHP00441,1,2025-09-19T10:00:00,Booking created,Completed,Forwarder,Milan Valve Plant,
EVT00441-02,SHP00441,2,2025-09-30T11:13:34,Pickup completed,Completed,Carrier,Milan Valve Plant,
EVT00441-03,SHP00441,3,2025-10-01T03:58:59,Origin port gate in,Completed,Port terminal,Genoa,
EVT00441-04,SHP00441,4,2025-10-01T15:42:44,Vessel departed,Completed,Carrier,Genoa,
EVT00441-05,SHP00441,5,2025-10-05T05:07:07,Destination port arrival,Completed,Port terminal,Sines,
EVT00441-06,SHP00441,6,2025-10-05T19:55:17,Customs released,Completed,Forwarder,Sines,
EVT00441-07,SHP00441,7,2025-10-06T06:21:45,Delivery completed,Delayed,Carrier,Sines Energy Project Site,Documentation issue
EVT00442-01,SHP00442,1,2025-03-04T13:00:00,Booking created,Completed,Forwarder,Milan Valve Plant,
EVT00442-02,SHP00442,2,2025-03-12T13:19:11,Pickup completed,Completed,Carrier,Milan Valve Plant,
EVT00442-03,SHP00442,3,2025-03-12T18:52:50,Origin port gate in,Completed,Port terminal,Genoa,
EVT00442-04,SHP00442,4,2025-03-13T05:54:49,Vessel departed,Completed,Carrier,Genoa,
EVT00442-05,SHP00442,5,2025-03-21T11:52:20,Destination port arrival,Completed,Port terminal,Dammam,
EVT00442-06,SHP00442,6,2025-03-21T14:06:57,Customs released,Completed,Forwarder,Dammam,
EVT00442-07,SHP00442,7,2025-03-21T22:08:02,Delivery completed,Completed,Carrier,Dammam Gas Project Site,
EVT00443-01,SHP00443,1,2025-11-18T14:00:00,Booking created,Completed,Forwarder,Cadiz Module Yard,
EVT00443-02,SHP00443,2,2025-11-26T16:58:52,Pickup completed,Completed,Carrier,Cadiz Module Yard,
EVT00443-03,SHP00443,3,2025-11-27T08:07:26,Origin port gate in,Completed,Port terminal,Algeciras,
EVT00443-04,SHP00443,4,2025-11-27T18:35:31,Vessel departed,Completed,Carrier,Algeciras,
EVT00443-05,SHP00443,5,2025-11-28T18:14:21,Destination port arrival,Completed,Port terminal,Casablanca,
EVT00443-06,SHP00443,6,2025-11-28T20:08:19,Customs released,Completed,Forwarder,Casablanca,
EVT00443-07,SHP00443,7,2025-11-29T23:16:56,Delivery completed,Completed,Carrier,Casablanca Desalination Site,
EVT00444-01,SHP00444,1,2024-12-15T11:00:00,Booking created,Completed,Forwarder,Rotterdam Consolidation Hub,
EVT00444-02,SHP00444,2,2024-12-25T11:49:58,Pickup completed,Completed,Carrier,Rotterdam Consolidation Hub,
EVT00444-03,SHP00444,3,2024-12-26T15:23:24,Delivery completed,Completed,Carrier,Zaragoza Distribution Hub,
EVT00445-01,SHP00445,1,2024-04-17T11:00:00,Booking created,Completed,Forwarder,Zaragoza Distribution Hub,
EVT00445-02,SHP00445,2,2024-04-21T13:19:31,Pickup completed,Completed,Carrier,Zaragoza Distribution Hub,
EVT00445-03,SHP00445,3,2024-04-21T22:54:39,Origin port gate in,Completed,Port terminal,Valencia,
EVT00445-04,SHP00445,4,2024-04-22T03:01:27,Vessel departed,Completed,Carrier,Valencia,
EVT00445-05,SHP00445,5,2024-04-24T06:17:57,Destination port arrival,Completed,Port terminal,Sines,
EVT00445-06,SHP00445,6,2024-04-24T14:46:24,Customs released,Completed,Forwarder,Sines,
EVT00445-07,SHP00445,7,2024-04-25T09:47:01,Delivery completed,Completed,Carrier,Sines Energy Project Site,
EVT00446-01,SHP00446,1,2024-12-17T14:00:00,Booking created,Completed,Forwarder,Tarragona Equipment Vendor,
EVT00446-02,SHP00446,2,2024-12-31T16:05:24,Pickup completed,Completed,Carrier,Tarragona Equipment Vendor,
EVT00446-03,SHP00446,3,2025-01-01T00:35:16,Origin port gate in,Completed,Port terminal,Barcelona,
EVT00446-04,SHP00446,4,2025-01-01T16:11:08,Vessel departed,Completed,Carrier,Barcelona,
EVT00446-05,SHP00446,5,2025-01-04T23:30:30,Destination port arrival,Completed,Port terminal,Sines,
EVT00446-06,SHP00446,6,2025-01-05T04:34:19,Customs released,Completed,Forwarder,Sines,
EVT00446-07,SHP00446,7,2025-01-05T16:21:20,Delivery completed,Delayed,Carrier,Sines Energy Project Site,Customs hold
EVT00447-01,SHP00447,1,2024-11-22T12:00:00,Booking created,Completed,Forwarder,Bilbao Steel Fabricator,
EVT00447-02,SHP00447,2,2024-12-03T13:16:11,Pickup completed,Completed,Carrier,Bilbao Steel Fabricator,
EVT00447-03,SHP00447,3,2024-12-03T20:07:54,Origin port gate in,Completed,Port terminal,Bilbao,
EVT00447-04,SHP00447,4,2024-12-04T09:14:24,Vessel departed,Completed,Carrier,Bilbao,
EVT00447-05,SHP00447,5,2024-12-10T03:24:32,Customs released,Completed,Forwarder,Alexandria,
EVT00447-06,SHP00447,6,2024-12-10T06:12:27,Destination port arrival,Completed,Port terminal,Alexandria,
EVT00447-07,SHP00447,7,2024-12-10T21:06:17,Delivery completed,Completed,Carrier,Alexandria Water Project Site,
EVT00448-01,SHP00448,1,2024-11-25T10:00:00,Booking created,Completed,Forwarder,Antwerp EPC Supplier Yard,
EVT00448-02,SHP00448,2,2024-12-09T10:19:31,Pickup completed,Completed,Carrier,Antwerp EPC Supplier Yard,
EVT00448-03,SHP00448,3,2024-12-09T20:19:09,Origin port gate in,Completed,Port terminal,Antwerp-Bruges,
EVT00448-04,SHP00448,4,2024-12-10T07:31:34,Vessel departed,Completed,Carrier,Antwerp-Bruges,
EVT00448-05,SHP00448,5,2024-12-14T15:34:45,Destination port arrival,Completed,Port terminal,Casablanca,
EVT00448-06,SHP00448,6,2024-12-14T20:22:16,Customs released,Completed,Forwarder,Casablanca,
EVT00448-07,SHP00448,7,2024-12-15T01:43:26,Delivery completed,Completed,Carrier,Casablanca Desalination Site,
EVT00449-01,SHP00449,1,2025-07-15T10:00:00,Booking created,Completed,Forwarder,Bilbao Steel Fabricator,
EVT00449-02,SHP00449,2,2025-07-27T09:29:39,Pickup completed,Completed,Carrier,Bilbao Steel Fabricator,
EVT00449-03,SHP00449,3,2025-07-27T14:58:00,Origin port gate in,Completed,Port terminal,Bilbao,
EVT00449-04,SHP00449,4,2025-07-27T22:08:03,Vessel departed,Completed,Carrier,Bilbao,
EVT00449-05,SHP00449,5,2025-08-03T10:49:25,Customs released,Completed,Forwarder,Alexandria,
EVT00449-06,SHP00449,6,2025-08-03T11:14:46,Destination port arrival,Completed,Port terminal,Alexandria,
EVT00449-07,SHP00449,7,2025-08-03T16:53:30,Delivery completed,Completed,Carrier,Alexandria Water Project Site,
EVT00450-01,SHP00450,1,2025-05-06T13:00:00,Booking created,Completed,Forwarder,Lyon Fabrication Partner,
EVT00450-02,SHP00450,2,2025-05-20T12:16:30,Pickup completed,Completed,Carrier,Lyon Fabrication Partner,
EVT00450-03,SHP00450,3,2025-05-21T00:28:50,Origin port gate in,Completed,Port terminal,Marseille-Fos,
EVT00450-04,SHP00450,4,2025-05-21T15:42:28,Vessel departed,Completed,Carrier,Marseille-Fos,
EVT00450-05,SHP00450,5,2025-05-24T23:36:10,Destination port arrival,Completed,Port terminal,Sines,
EVT00450-06,SHP00450,6,2025-05-25T12:33:40,Customs released,Completed,Forwarder,Sines,
EVT00450-07,SHP00450,7,2025-05-26T00:36:35,Delivery completed,Completed,Carrier,Sines Energy Project Site,
EVT00451-01,SHP00451,1,2025-02-07T07:00:00,Booking created,Completed,Forwarder,Antwerp EPC Supplier Yard,
EVT00451-02,SHP00451,2,2025-02-18T07:07:36,Pickup completed,Completed,Carrier,Antwerp EPC Supplier Yard,
EVT00451-03,SHP00451,3,2025-02-19T02:52:49,Origin port gate in,Completed,Port terminal,Antwerp-Bruges,
EVT00451-04,SHP00451,4,2025-02-19T17:54:40,Vessel departed,Completed,Carrier,Antwerp-Bruges,
EVT00451-05,SHP00451,5,2025-02-24T17:10:55,Destination port arrival,Completed,Port terminal,Sines,
EVT00451-06,SHP00451,6,2025-02-24T20:38:52,Customs released,Completed,Forwarder,Sines,
EVT00451-07,SHP00451,7,2025-02-26T02:00:15,Delivery completed,Delayed,Carrier,Sines Energy Project Site,Carrier capacity
EVT00452-01,SHP00452,1,2024-04-02T15:00:00,Booking created,Completed,Forwarder,Milan Valve Plant,
EVT00452-02,SHP00452,2,2024-04-16T17:12:16,Pickup completed,Completed,Carrier,Milan Valve Plant,
EVT00452-03,SHP00452,3,2024-04-17T02:07:36,Origin port gate in,Completed,Port terminal,Genoa,
EVT00452-04,SHP00452,4,2024-04-17T10:57:55,Vessel departed,Completed,Carrier,Genoa,
EVT00452-05,SHP00452,5,2024-04-21T10:33:28,Destination port arrival,Completed,Port terminal,Casablanca,
EVT00452-06,SHP00452,6,2024-04-22T01:35:17,Customs released,Completed,Forwarder,Casablanca,
EVT00452-07,SHP00452,7,2024-04-22T10:41:50,Delivery completed,Completed,Carrier,Casablanca Desalination Site,
EVT00453-01,SHP00453,1,2025-12-02T09:00:00,Booking created,Completed,Forwarder,Bilbao Steel Fabricator,
EVT00453-02,SHP00453,2,2025-12-15T11:08:39,Pickup completed,Completed,Carrier,Bilbao Steel Fabricator,
EVT00453-03,SHP00453,3,2025-12-15T14:28:16,Origin port gate in,Completed,Port terminal,Bilbao,
EVT00453-04,SHP00453,4,2025-12-15T20:26:44,Vessel departed,Completed,Carrier,Bilbao,
EVT00453-05,SHP00453,5,2025-12-18T20:11:07,Destination port arrival,Completed,Port terminal,Casablanca,
EVT00453-06,SHP00453,6,2025-12-19T03:46:07,Customs released,Completed,Forwarder,Casablanca,
EVT00453-07,SHP00453,7,2025-12-20T05:03:39,Delivery completed,Completed,Carrier,Casablanca Desalination Site,
EVT00454-01,SHP00454,1,2025-03-27T13:00:00,Booking created,Completed,Forwarder,Tarragona Equipment Vendor,
EVT00454-02,SHP00454,2,2025-04-08T14:07:57,Pickup completed,Completed,Carrier,Tarragona Equipment Vendor,
EVT00454-03,SHP00454,3,2025-04-08T23:09:20,Origin port gate in,Completed,Port terminal,Barcelona,
EVT00454-04,SHP00454,4,2025-04-09T08:20:57,Vessel departed,Completed,Carrier,Barcelona,
EVT00454-05,SHP00454,5,2025-04-11T02:59:44,Destination port arrival,Completed,Port terminal,Valencia,
EVT00454-06,SHP00454,6,2025-04-11T15:18:34,Customs released,Completed,Forwarder,Valencia,
EVT00454-07,SHP00454,7,2025-04-12T04:33:25,Delivery completed,Completed,Carrier,Zaragoza Distribution Hub,
EVT00455-01,SHP00455,1,2025-09-29T15:00:00,Booking created,Completed,Forwarder,Antwerp EPC Supplier Yard,
EVT00455-02,SHP00455,2,2025-10-05T17:15:57,Pickup completed,Completed,Carrier,Antwerp EPC Supplier Yard,
EVT00455-03,SHP00455,3,2025-10-06T02:23:16,Origin port gate in,Completed,Port terminal,Antwerp-Bruges,
EVT00455-04,SHP00455,4,2025-10-06T12:32:44,Vessel departed,Completed,Carrier,Antwerp-Bruges,
EVT00455-05,SHP00455,5,2025-10-10T02:53:36,Destination port arrival,Completed,Port terminal,Sines,
EVT00455-06,SHP00455,6,2025-10-10T09:23:59,Customs released,Completed,Forwarder,Sines,
EVT00455-07,SHP00455,7,2025-10-10T23:48:45,Delivery completed,Completed,Carrier,Sines Energy Project Site,
EVT00456-01,SHP00456,1,2024-03-15T11:00:00,Booking created,Completed,Forwarder,Antwerp EPC Supplier Yard,
EVT00456-02,SHP00456,2,2024-03-25T13:50:19,Pickup completed,Completed,Carrier,Antwerp EPC Supplier Yard,
EVT00456-03,SHP00456,3,2024-03-25T23:33:11,Origin port gate in,Completed,Port terminal,Antwerp-Bruges,
EVT00456-04,SHP00456,4,2024-03-26T11:21:04,Vessel departed,Completed,Carrier,Antwerp-Bruges,
EVT00456-05,SHP00456,5,2024-03-29T16:44:58,Destination port arrival,Completed,Port terminal,Valencia,
EVT00456-06,SHP00456,6,2024-03-30T05:39:10,Customs released,Completed,Forwarder,Valencia,
EVT00456-07,SHP00456,7,2024-03-30T20:41:30,Delivery completed,Completed,Carrier,Zaragoza Distribution Hub,
EVT00457-01,SHP00457,1,2024-04-09T10:00:00,Booking created,Completed,Forwarder,Antwerp EPC Supplier Yard,
EVT00457-02,SHP00457,2,2024-04-16T11:00:44,Pickup completed,Completed,Carrier,Antwerp EPC Supplier Yard,
EVT00457-03,SHP00457,3,2024-04-16T19:45:36,Origin port gate in,Completed,Port terminal,Antwerp-Bruges,
EVT00457-04,SHP00457,4,2024-04-16T23:03:21,Vessel departed,Completed,Carrier,Antwerp-Bruges,
EVT00457-05,SHP00457,5,2024-04-23T13:45:32,Destination port arrival,Completed,Port terminal,Casablanca,
EVT00457-06,SHP00457,6,2024-04-23T20:27:59,Customs released,Completed,Forwarder,Casablanca,
EVT00457-07,SHP00457,7,2024-04-24T07:37:46,Delivery completed,Delayed,Carrier,Casablanca Desalination Site,Documentation issue
EVT00458-01,SHP00458,1,2025-04-19T12:00:00,Booking created,Completed,Forwarder,Lyon Fabrication Partner,
EVT00458-02,SHP00458,2,2025-05-01T12:15:30,Pickup completed,Completed,Carrier,Lyon Fabrication Partner,
EVT00458-03,SHP00458,3,2025-05-01T21:35:54,Delivery completed,Completed,Carrier,Marseille Wind Substation Site,
EVT00459-01,SHP00459,1,2024-11-08T08:00:00,Booking created,Completed,Forwarder,Milan Valve Plant,
EVT00459-02,SHP00459,2,2024-11-22T07:15:49,Pickup completed,Completed,Carrier,Milan Valve Plant,
EVT00459-03,SHP00459,3,2024-11-22T12:25:32,Origin port gate in,Completed,Port terminal,Genoa,
EVT00459-04,SHP00459,4,2024-11-23T06:05:19,Vessel departed,Completed,Carrier,Genoa,
EVT00459-05,SHP00459,5,2024-11-26T19:24:53,Destination port arrival,Completed,Port terminal,Valencia,
EVT00459-06,SHP00459,6,2024-11-27T00:25:47,Customs released,Completed,Forwarder,Valencia,
EVT00459-07,SHP00459,7,2024-11-27T23:19:18,Delivery completed,Completed,Carrier,Zaragoza Distribution Hub,
EVT00460-01,SHP00460,1,2025-01-31T15:00:00,Booking created,Completed,Forwarder,Antwerp EPC Supplier Yard,
EVT00460-02,SHP00460,2,2025-02-07T14:17:45,Pickup completed,Completed,Carrier,Antwerp EPC Supplier Yard,
EVT00460-03,SHP00460,3,2025-02-07T23:31:54,Origin port gate in,Completed,Port terminal,Antwerp-Bruges,
EVT00460-04,SHP00460,4,2025-02-08T05:10:06,Vessel departed,Completed,Carrier,Antwerp-Bruges,
EVT00460-05,SHP00460,5,2025-02-09T15:16:41,Destination port arrival,Completed,Port terminal,Rotterdam,
EVT00460-06,SHP00460,6,2025-02-10T04:58:54,Customs released,Completed,Forwarder,Rotterdam,
EVT00460-07,SHP00460,7,2025-02-10T16:05:25,Delivery completed,Completed,Carrier,Rotterdam Consolidation Hub,
EVT00461-01,SHP00461,1,2024-10-07T10:00:00,Booking created,Completed,Forwarder,Puertollano Module Yard,
EVT00461-02,SHP00461,2,2024-10-14T12:31:58,Pickup completed,Completed,Carrier,Puertollano Module Yard,
EVT00461-03,SHP00461,3,2024-10-15T01:11:42,Origin port gate in,Completed,Port terminal,Algeciras,
EVT00461-04,SHP00461,4,2024-10-15T14:11:50,Vessel departed,Completed,Carrier,Algeciras,
EVT00461-05,SHP00461,5,2024-10-17T06:44:19,Destination port arrival,Completed,Port terminal,Sines,
EVT00461-06,SHP00461,6,2024-10-17T13:29:55,Customs released,Completed,Forwarder,Sines,
EVT00461-07,SHP00461,7,2024-10-18T05:23:53,Delivery completed,Completed,Carrier,Sines Energy Project Site,
EVT00462-01,SHP00462,1,2024-11-25T14:00:00,Booking created,Completed,Forwarder,Milan Valve Plant,
EVT00462-02,SHP00462,2,2024-12-02T14:36:48,Pickup completed,Completed,Carrier,Milan Valve Plant,
EVT00462-03,SHP00462,3,2024-12-06T20:45:03,Delivery completed,Completed,Carrier,Dammam Gas Project Site,
EVT00463-01,SHP00463,1,2024-01-15T14:00:00,Booking created,Completed,Forwarder,Antwerp EPC Supplier Yard,
EVT00463-02,SHP00463,2,2024-01-22T14:58:41,Pickup completed,Completed,Carrier,Antwerp EPC Supplier Yard,
EVT00463-03,SHP00463,3,2024-01-23T00:15:27,Origin port gate in,Completed,Port terminal,Antwerp-Bruges,
EVT00463-04,SHP00463,4,2024-01-23T13:14:32,Vessel departed,Completed,Carrier,Antwerp-Bruges,
EVT00463-05,SHP00463,5,2024-01-28T02:46:21,Destination port arrival,Completed,Port terminal,Sines,
EVT00463-06,SHP00463,6,2024-01-28T13:32:53,Customs released,Completed,Forwarder,Sines,
EVT00463-07,SHP00463,7,2024-01-29T03:07:15,Delivery completed,Completed,Carrier,Sines Energy Project Site,
EVT00464-01,SHP00464,1,2024-07-03T13:00:00,Booking created,Completed,Forwarder,Rotterdam Consolidation Hub,
EVT00464-02,SHP00464,2,2024-07-12T13:33:43,Pickup completed,Completed,Carrier,Rotterdam Consolidation Hub,
EVT00464-03,SHP00464,3,2024-07-12T16:23:39,Origin port gate in,Completed,Port terminal,Rotterdam,
EVT00464-04,SHP00464,4,2024-07-13T03:03:45,Vessel departed,Completed,Carrier,Rotterdam,
EVT00464-05,SHP00464,5,2024-07-18T21:21:57,Destination port arrival,Completed,Port terminal,Casablanca,
EVT00464-06,SHP00464,6,2024-07-19T03:18:30,Customs released,Completed,Forwarder,Casablanca,
EVT00464-07,SHP00464,7,2024-07-19T15:49:20,Delivery completed,Completed,Carrier,Casablanca Desalination Site,
EVT00465-01,SHP00465,1,2025-04-21T10:00:00,Booking created,Completed,Forwarder,Antwerp EPC Supplier Yard,
EVT00465-02,SHP00465,2,2025-04-28T12:46:58,Pickup completed,Completed,Carrier,Antwerp EPC Supplier Yard,
EVT00465-03,SHP00465,3,2025-04-28T21:20:49,Origin port gate in,Completed,Port terminal,Antwerp-Bruges,
EVT00465-04,SHP00465,4,2025-04-29T00:33:10,Vessel departed,Completed,Carrier,Antwerp-Bruges,
EVT00465-05,SHP00465,5,2025-05-08T21:34:26,Destination port arrival,Completed,Port terminal,Dammam,
EVT00465-06,SHP00465,6,2025-05-09T06:14:56,Customs released,Completed,Forwarder,Dammam,
EVT00465-07,SHP00465,7,2025-05-09T17:01:34,Delivery completed,Completed,Carrier,Dammam Gas Project Site,
EVT00466-01,SHP00466,1,2025-01-30T12:00:00,Booking created,Completed,Forwarder,Cadiz Module Yard,
EVT00466-02,SHP00466,2,2025-02-11T14:23:00,Pickup completed,Completed,Carrier,Cadiz Module Yard,
EVT00466-03,SHP00466,3,2025-02-11T23:07:13,Origin port gate in,Completed,Port terminal,Algeciras,
EVT00466-04,SHP00466,4,2025-02-12T16:33:19,Vessel departed,Completed,Carrier,Algeciras,
EVT00466-05,SHP00466,5,2025-02-22T02:54:48,Destination port arrival,Completed,Port terminal,Dammam,
EVT00466-06,SHP00466,6,2025-02-22T18:10:05,Customs released,Completed,Forwarder,Dammam,
EVT00466-07,SHP00466,7,2025-02-23T06:17:22,Delivery completed,Delayed,Carrier,Dammam Gas Project Site,Documentation issue
EVT00467-01,SHP00467,1,2025-04-22T08:00:00,Booking created,Completed,Forwarder,Tarragona Equipment Vendor,
EVT00467-02,SHP00467,2,2025-05-04T10:08:10,Pickup completed,Completed,Carrier,Tarragona Equipment Vendor,
EVT00467-03,SHP00467,3,2025-05-04T21:52:54,Delivery completed,Completed,Carrier,Zaragoza Distribution Hub,
EVT00468-01,SHP00468,1,2024-03-07T15:00:00,Booking created,Completed,Forwarder,Milan Valve Plant,
EVT00468-02,SHP00468,2,2024-03-14T15:29:07,Pickup completed,Completed,Carrier,Milan Valve Plant,
EVT00468-03,SHP00468,3,2024-03-15T03:37:11,Origin port gate in,Completed,Port terminal,Genoa,
EVT00468-04,SHP00468,4,2024-03-15T08:11:16,Vessel departed,Completed,Carrier,Genoa,
EVT00468-05,SHP00468,5,2024-03-17T17:05:52,Destination port arrival,Completed,Port terminal,Valencia,
EVT00468-06,SHP00468,6,2024-03-17T21:43:49,Customs released,Completed,Forwarder,Valencia,
EVT00468-07,SHP00468,7,2024-03-18T14:15:17,Delivery completed,Completed,Carrier,Zaragoza Distribution Hub,
EVT00469-01,SHP00469,1,2024-12-09T14:00:00,Booking created,Completed,Forwarder,Zaragoza Distribution Hub,
EVT00469-02,SHP00469,2,2024-12-17T13:13:09,Pickup completed,Completed,Carrier,Zaragoza Distribution Hub,
EVT00469-03,SHP00469,3,2024-12-17T23:58:19,Origin port gate in,Completed,Port terminal,Valencia,
EVT00469-04,SHP00469,4,2024-12-18T10:17:03,Vessel departed,Completed,Carrier,Valencia,
EVT00469-05,SHP00469,5,2024-12-28T10:10:05,Destination port arrival,Completed,Port terminal,Dammam,
EVT00469-06,SHP00469,6,2024-12-28T22:28:40,Customs released,Completed,Forwarder,Dammam,
EVT00469-07,SHP00469,7,2024-12-29T10:34:25,Delivery completed,Delayed,Carrier,Dammam Gas Project Site,Carrier capacity
EVT00470-01,SHP00470,1,2024-11-07T07:00:00,Booking created,Completed,Forwarder,Valencia Export Depot,
EVT00470-02,SHP00470,2,2024-11-12T06:30:49,Pickup completed,Completed,Carrier,Valencia Export Depot,
EVT00470-03,SHP00470,3,2024-11-12T18:19:58,Delivery completed,Completed,Carrier,Zaragoza Distribution Hub,
EVT00471-01,SHP00471,1,2025-09-04T07:00:00,Booking created,Completed,Forwarder,Tangier Free Zone DC,
EVT00471-02,SHP00471,2,2025-09-15T09:44:55,Pickup completed,Completed,Carrier,Tangier Free Zone DC,
EVT00471-03,SHP00471,3,2025-09-15T20:03:51,Origin port gate in,Completed,Port terminal,Tanger Med,
EVT00471-04,SHP00471,4,2025-09-16T04:26:13,Vessel departed,Completed,Carrier,Tanger Med,
EVT00471-05,SHP00471,5,2025-09-18T16:26:44,Destination port arrival,Completed,Port terminal,Casablanca,
EVT00471-06,SHP00471,6,2025-09-19T01:29:40,Customs released,Completed,Forwarder,Casablanca,
EVT00471-07,SHP00471,7,2025-09-19T14:05:51,Delivery completed,Completed,Carrier,Casablanca Desalination Site,
EVT00472-01,SHP00472,1,2025-07-29T09:00:00,Booking created,Completed,Forwarder,Milan Valve Plant,
EVT00472-02,SHP00472,2,2025-08-12T08:21:32,Pickup completed,Completed,Carrier,Milan Valve Plant,
EVT00472-03,SHP00472,3,2025-08-12T16:20:51,Origin port gate in,Completed,Port terminal,Genoa,
EVT00472-04,SHP00472,4,2025-08-13T08:57:11,Vessel departed,Completed,Carrier,Genoa,
EVT00472-05,SHP00472,5,2025-08-22T06:56:41,Destination port arrival,Completed,Port terminal,Dammam,
EVT00472-06,SHP00472,6,2025-08-22T18:49:23,Customs released,Completed,Forwarder,Dammam,
EVT00472-07,SHP00472,7,2025-08-23T09:43:12,Delivery completed,Completed,Carrier,Dammam Gas Project Site,
EVT00473-01,SHP00473,1,2024-06-27T11:00:00,Booking created,Completed,Forwarder,Zaragoza Distribution Hub,
EVT00473-02,SHP00473,2,2024-07-03T11:08:14,Pickup completed,Completed,Carrier,Zaragoza Distribution Hub,
EVT00473-03,SHP00473,3,2024-07-04T07:59:13,Delivery completed,Completed,Carrier,Marseille Wind Substation Site,
EVT00474-01,SHP00474,1,2025-03-28T15:00:00,Booking created,Completed,Forwarder,Tangier Free Zone DC,
EVT00474-02,SHP00474,2,2025-04-07T16:52:29,Pickup completed,Completed,Carrier,Tangier Free Zone DC,
EVT00474-03,SHP00474,3,2025-04-07T21:55:58,Origin port gate in,Completed,Port terminal,Tanger Med,
EVT00474-04,SHP00474,4,2025-04-08T12:03:43,Vessel departed,Completed,Carrier,Tanger Med,
EVT00474-05,SHP00474,5,2025-04-14T18:03:06,Destination port arrival,Completed,Port terminal,Rotterdam,
EVT00474-06,SHP00474,6,2025-04-15T00:33:03,Customs released,Completed,Forwarder,Rotterdam,
EVT00474-07,SHP00474,7,2025-04-15T15:21:39,Delivery completed,Completed,Carrier,Rotterdam Consolidation Hub,
EVT00475-01,SHP00475,1,2024-07-11T13:00:00,Booking created,Completed,Forwarder,Milan Valve Plant,
EVT00475-02,SHP00475,2,2024-07-25T13:50:58,Pickup completed,Completed,Carrier,Milan Valve Plant,
EVT00475-03,SHP00475,3,2024-07-25T18:18:46,Origin port gate in,Completed,Port terminal,Genoa,
EVT00475-04,SHP00475,4,2024-07-25T22:13:07,Vessel departed,Completed,Carrier,Genoa,
EVT00475-05,SHP00475,5,2024-08-02T16:59:33,Destination port arrival,Completed,Port terminal,Dammam,
EVT00475-06,SHP00475,6,2024-08-02T22:39:31,Customs released,Completed,Forwarder,Dammam,
EVT00475-07,SHP00475,7,2024-08-03T06:31:56,Delivery completed,Completed,Carrier,Dammam Gas Project Site,
EVT00476-01,SHP00476,1,2024-03-04T11:00:00,Booking created,Completed,Forwarder,Milan Valve Plant,
EVT00476-02,SHP00476,2,2024-03-12T10:46:40,Pickup completed,Completed,Carrier,Milan Valve Plant,
EVT00476-03,SHP00476,3,2024-03-12T19:28:02,Origin port gate in,Completed,Port terminal,Genoa,
EVT00476-04,SHP00476,4,2024-03-13T06:54:04,Vessel departed,Completed,Carrier,Genoa,
EVT00476-05,SHP00476,5,2024-03-16T13:43:35,Destination port arrival,Completed,Port terminal,Sines,
EVT00476-06,SHP00476,6,2024-03-17T02:45:00,Customs released,Completed,Forwarder,Sines,
EVT00476-07,SHP00476,7,2024-03-17T12:13:53,Delivery completed,Completed,Carrier,Sines Energy Project Site,
EVT00477-01,SHP00477,1,2024-11-18T07:00:00,Booking created,Completed,Forwarder,Tarragona Equipment Vendor,
EVT00477-02,SHP00477,2,2024-12-02T07:00:31,Pickup completed,Completed,Carrier,Tarragona Equipment Vendor,
EVT00477-03,SHP00477,3,2024-12-03T20:39:31,Delivery completed,Completed,Carrier,Rotterdam Consolidation Hub,
EVT00478-01,SHP00478,1,2025-04-29T12:00:00,Booking created,Completed,Forwarder,Tangier Free Zone DC,
EVT00478-02,SHP00478,2,2025-05-04T14:39:03,Pickup completed,Completed,Carrier,Tangier Free Zone DC,
EVT00478-03,SHP00478,3,2025-05-05T02:35:05,Delivery completed,Completed,Carrier,Casablanca Desalination Site,
EVT00479-01,SHP00479,1,2025-01-28T11:00:00,Booking created,Completed,Forwarder,Valencia Export Depot,
EVT00479-02,SHP00479,2,2025-02-07T11:05:00,Pickup completed,Completed,Carrier,Valencia Export Depot,
EVT00479-03,SHP00479,3,2025-02-07T23:03:44,Origin port gate in,Completed,Port terminal,Valencia,
EVT00479-04,SHP00479,4,2025-02-08T08:21:01,Vessel departed,Completed,Carrier,Valencia,
EVT00479-05,SHP00479,5,2025-02-11T11:57:15,Customs released,Completed,Forwarder,Sines,
EVT00479-06,SHP00479,6,2025-02-11T13:12:17,Destination port arrival,Completed,Port terminal,Sines,
EVT00479-07,SHP00479,7,2025-02-11T22:58:45,Delivery completed,Completed,Carrier,Sines Energy Project Site,
EVT00480-01,SHP00480,1,2024-07-16T13:00:00,Booking created,Completed,Forwarder,Rotterdam Consolidation Hub,
EVT00480-02,SHP00480,2,2024-07-22T14:08:17,Pickup completed,Completed,Carrier,Rotterdam Consolidation Hub,
EVT00480-03,SHP00480,3,2024-07-22T17:16:53,Origin port gate in,Completed,Port terminal,Rotterdam,
EVT00480-04,SHP00480,4,2024-07-22T23:04:02,Vessel departed,Completed,Carrier,Rotterdam,
EVT00480-05,SHP00480,5,2024-08-01T05:56:35,Destination port arrival,Completed,Port terminal,Dammam,
EVT00480-06,SHP00480,6,2024-08-01T10:23:15,Customs released,Completed,Forwarder,Dammam,
EVT00480-07,SHP00480,7,2024-08-01T21:24:30,Delivery completed,Completed,Carrier,Dammam Gas Project Site,
EVT00481-01,SHP00481,1,2025-02-09T15:00:00,Booking created,Completed,Forwarder,Zaragoza Distribution Hub,
EVT00481-02,SHP00481,2,2025-02-14T15:13:05,Pickup completed,Completed,Carrier,Zaragoza Distribution Hub,
EVT00481-03,SHP00481,3,2025-02-15T04:53:00,Origin port gate in,Completed,Port terminal,Valencia,
EVT00481-04,SHP00481,4,2025-02-15T16:56:15,Vessel departed,Completed,Carrier,Valencia,
EVT00481-05,SHP00481,5,2025-02-24T10:14:31,Destination port arrival,Completed,Port terminal,Dammam,
EVT00481-06,SHP00481,6,2025-02-24T10:24:21,Customs released,Completed,Forwarder,Dammam,
EVT00481-07,SHP00481,7,2025-02-24T22:59:34,Delivery completed,Completed,Carrier,Dammam Gas Project Site,
EVT00482-01,SHP00482,1,2024-04-06T12:00:00,Booking created,Completed,Forwarder,Madrid Cross Dock,
EVT00482-02,SHP00482,2,2024-04-16T13:36:50,Pickup completed,Completed,Carrier,Madrid Cross Dock,
EVT00482-03,SHP00482,3,2024-04-17T04:37:34,Origin port gate in,Completed,Port terminal,Valencia,
EVT00482-04,SHP00482,4,2024-04-17T21:00:56,Vessel departed,Completed,Carrier,Valencia,
EVT00482-05,SHP00482,5,2024-04-21T12:07:58,Destination port arrival,Completed,Port terminal,Casablanca,
EVT00482-06,SHP00482,6,2024-04-21T20:23:55,Customs released,Completed,Forwarder,Casablanca,
EVT00482-07,SHP00482,7,2024-04-22T03:50:39,Delivery completed,Delayed,Carrier,Casablanca Desalination Site,Documentation issue
EVT00483-01,SHP00483,1,2025-01-27T09:00:00,Booking created,Completed,Forwarder,Bilbao Steel Fabricator,
EVT00483-02,SHP00483,2,2025-02-06T10:46:31,Pickup completed,Completed,Carrier,Bilbao Steel Fabricator,
EVT00483-03,SHP00483,3,2025-02-07T06:33:41,Origin port gate in,Completed,Port terminal,Bilbao,
EVT00483-04,SHP00483,4,2025-02-07T23:05:41,Vessel departed,Completed,Carrier,Bilbao,
EVT00483-05,SHP00483,5,2025-02-10T19:35:12,Destination port arrival,Completed,Port terminal,Sines,
EVT00483-06,SHP00483,6,2025-02-10T19:41:17,Customs released,Completed,Forwarder,Sines,
EVT00483-07,SHP00483,7,2025-02-11T07:43:18,Delivery completed,Completed,Carrier,Sines Energy Project Site,
EVT00484-01,SHP00484,1,2024-01-26T14:00:00,Booking created,Completed,Forwarder,Rotterdam Consolidation Hub,
EVT00484-02,SHP00484,2,2024-02-02T13:55:00,Pickup completed,Completed,Carrier,Rotterdam Consolidation Hub,
EVT00484-03,SHP00484,3,2024-02-02T23:04:47,Origin port gate in,Completed,Port terminal,Rotterdam,
EVT00484-04,SHP00484,4,2024-02-03T06:41:08,Vessel departed,Completed,Carrier,Rotterdam,
EVT00484-05,SHP00484,5,2024-02-08T09:46:49,Destination port arrival,Completed,Port terminal,Valencia,
EVT00484-06,SHP00484,6,2024-02-08T13:56:36,Customs released,Completed,Forwarder,Valencia,
EVT00484-07,SHP00484,7,2024-02-09T00:30:38,Delivery completed,Completed,Carrier,Zaragoza Distribution Hub,
EVT00485-01,SHP00485,1,2024-01-01T14:00:00,Booking created,Completed,Forwarder,Milan Valve Plant,
EVT00485-02,SHP00485,2,2024-01-15T16:34:26,Pickup completed,Completed,Carrier,Milan Valve Plant,
EVT00485-03,SHP00485,3,2024-01-16T08:36:34,Origin port gate in,Completed,Port terminal,Genoa,
EVT00485-04,SHP00485,4,2024-01-16T16:05:00,Vessel departed,Completed,Carrier,Genoa,
EVT00485-05,SHP00485,5,2024-01-19T14:53:33,Destination port arrival,Completed,Port terminal,Valencia,
EVT00485-06,SHP00485,6,2024-01-20T05:49:32,Customs released,Completed,Forwarder,Valencia,
EVT00485-07,SHP00485,7,2024-01-21T16:09:49,Delivery completed,Delayed,Carrier,Zaragoza Distribution Hub,Road permit delay
EVT00486-01,SHP00486,1,2025-12-02T14:00:00,Booking created,Completed,Forwarder,Madrid Cross Dock,
EVT00486-02,SHP00486,2,2025-12-17T14:58:28,Pickup completed,Completed,Carrier,Madrid Cross Dock,
EVT00486-03,SHP00486,3,2025-12-20T19:16:36,Delivery completed,Completed,Carrier,Alexandria Water Project Site,
EVT00487-01,SHP00487,1,2025-12-20T12:00:00,Booking created,Completed,Forwarder,Antwerp EPC Supplier Yard,
EVT00487-02,SHP00487,2,2025-12-29T14:46:13,Pickup completed,Completed,Carrier,Antwerp EPC Supplier Yard,
EVT00487-03,SHP00487,3,2025-12-29T22:12:06,Origin port gate in,Completed,Port terminal,Antwerp-Bruges,
EVT00487-04,SHP00487,4,2025-12-30T01:20:04,Vessel departed,Completed,Carrier,Antwerp-Bruges,
EVT00487-05,SHP00487,5,2026-01-03T13:42:43,Destination port arrival,Completed,Port terminal,Casablanca,
EVT00487-06,SHP00487,6,2026-01-04T04:09:19,Customs released,Completed,Forwarder,Casablanca,
EVT00487-07,SHP00487,7,2026-01-04T14:45:47,Delivery completed,Completed,Carrier,Casablanca Desalination Site,
EVT00488-01,SHP00488,1,2025-03-25T15:00:00,Booking created,Completed,Forwarder,Milan Valve Plant,
EVT00488-02,SHP00488,2,2025-04-07T16:01:06,Pickup completed,Completed,Carrier,Milan Valve Plant,
EVT00488-03,SHP00488,3,2025-04-08T03:45:43,Origin port gate in,Completed,Port terminal,Genoa,
EVT00488-04,SHP00488,4,2025-04-08T11:53:38,Vessel departed,Completed,Carrier,Genoa,
EVT00488-05,SHP00488,5,2025-04-14T06:04:01,Destination port arrival,Completed,Port terminal,Casablanca,
EVT00488-06,SHP00488,6,2025-04-14T14:05:03,Customs released,Completed,Forwarder,Casablanca,
EVT00488-07,SHP00488,7,2025-04-15T04:39:47,Delivery completed,Delayed,Carrier,Casablanca Desalination Site,Customs hold
EVT00489-01,SHP00489,1,2023-12-26T10:00:00,Booking created,Completed,Forwarder,Cadiz Module Yard,
EVT00489-02,SHP00489,2,2024-01-03T12:05:29,Pickup completed,Completed,Carrier,Cadiz Module Yard,
EVT00489-03,SHP00489,3,2024-01-03T18:09:45,Origin port gate in,Completed,Port terminal,Algeciras,
EVT00489-04,SHP00489,4,2024-01-04T03:08:11,Vessel departed,Completed,Carrier,Algeciras,
EVT00489-05,SHP00489,5,2024-01-07T14:04:17,Destination port arrival,Completed,Port terminal,Valencia,
EVT00489-06,SHP00489,6,2024-01-08T04:12:49,Customs released,Completed,Forwarder,Valencia,
EVT00489-07,SHP00489,7,2024-01-08T20:23:21,Delivery completed,Completed,Carrier,Zaragoza Distribution Hub,
EVT00490-01,SHP00490,1,2025-12-12T13:00:00,Booking created,Completed,Forwarder,Bilbao Steel Fabricator,
EVT00490-02,SHP00490,2,2025-12-24T12:29:04,Pickup completed,Completed,Carrier,Bilbao Steel Fabricator,
EVT00490-03,SHP00490,3,2025-12-24T18:24:34,Origin port gate in,Completed,Port terminal,Bilbao,
EVT00490-04,SHP00490,4,2025-12-25T10:00:50,Vessel departed,Completed,Carrier,Bilbao,
EVT00490-05,SHP00490,5,2026-01-03T16:05:42,Destination port arrival,Completed,Port terminal,Dammam,
EVT00490-06,SHP00490,6,2026-01-03T17:53:12,Customs released,Completed,Forwarder,Dammam,
EVT00490-07,SHP00490,7,2026-01-04T09:13:18,Delivery completed,Completed,Carrier,Dammam Gas Project Site,
EVT00491-01,SHP00491,1,2024-02-08T11:00:00,Booking created,Completed,Forwarder,Valencia Export Depot,
EVT00491-02,SHP00491,2,2024-02-22T11:42:04,Pickup completed,Completed,Carrier,Valencia Export Depot,
EVT00491-03,SHP00491,3,2024-02-22T19:22:02,Origin port gate in,Completed,Port terminal,Valencia,
EVT00491-04,SHP00491,4,2024-02-23T03:32:41,Vessel departed,Completed,Carrier,Valencia,
EVT00491-05,SHP00491,5,2024-02-26T00:47:35,Destination port arrival,Completed,Port terminal,Sines,
EVT00491-06,SHP00491,6,2024-02-26T12:19:57,Customs released,Completed,Forwarder,Sines,
EVT00491-07,SHP00491,7,2024-02-26T20:18:41,Delivery completed,Completed,Carrier,Sines Energy Project Site,
EVT00492-01,SHP00492,1,2024-04-05T12:00:00,Booking created,Completed,Forwarder,Antwerp EPC Supplier Yard,
EVT00492-02,SHP00492,2,2024-04-15T12:50:43,Pickup completed,Completed,Carrier,Antwerp EPC Supplier Yard,
EVT00492-03,SHP00492,3,2024-04-15T15:37:16,Origin port gate in,Completed,Port terminal,Antwerp-Bruges,
EVT00492-04,SHP00492,4,2024-04-15T23:11:43,Vessel departed,Completed,Carrier,Antwerp-Bruges,
EVT00492-05,SHP00492,5,2024-04-20T08:58:14,Destination port arrival,Completed,Port terminal,Sines,
EVT00492-06,SHP00492,6,2024-04-20T20:40:44,Customs released,Completed,Forwarder,Sines,
EVT00492-07,SHP00492,7,2024-04-21T03:37:06,Delivery completed,Completed,Carrier,Sines Energy Project Site,
EVT00493-01,SHP00493,1,2025-06-11T14:00:00,Booking created,Completed,Forwarder,Antwerp EPC Supplier Yard,
EVT00493-02,SHP00493,2,2025-06-18T15:07:55,Pickup completed,Completed,Carrier,Antwerp EPC Supplier Yard,
EVT00493-03,SHP00493,3,2025-06-18T18:34:42,Origin port gate in,Completed,Port terminal,Antwerp-Bruges,
EVT00493-04,SHP00493,4,2025-06-19T03:40:22,Vessel departed,Completed,Carrier,Antwerp-Bruges,
EVT00493-05,SHP00493,5,2025-06-27T18:20:30,Destination port arrival,Completed,Port terminal,Dammam,
EVT00493-06,SHP00493,6,2025-06-27T19:48:52,Customs released,Completed,Forwarder,Dammam,
EVT00493-07,SHP00493,7,2025-06-28T06:14:43,Delivery completed,Completed,Carrier,Dammam Gas Project Site,
EVT00494-01,SHP00494,1,2025-07-21T11:00:00,Booking created,Completed,Forwarder,Cadiz Module Yard,
EVT00494-02,SHP00494,2,2025-07-28T10:09:29,Pickup completed,Completed,Carrier,Cadiz Module Yard,
EVT00494-03,SHP00494,3,2025-07-28T20:11:15,Origin port gate in,Completed,Port terminal,Algeciras,
EVT00494-04,SHP00494,4,2025-07-29T10:20:39,Vessel departed,Completed,Carrier,Algeciras,
EVT00494-05,SHP00494,5,2025-08-02T05:23:32,Destination port arrival,Completed,Port terminal,Marseille-Fos,
EVT00494-06,SHP00494,6,2025-08-02T13:29:20,Customs released,Completed,Forwarder,Marseille-Fos,
EVT00494-07,SHP00494,7,2025-08-03T01:51:02,Delivery completed,Completed,Carrier,Marseille Wind Substation Site,
EVT00495-01,SHP00495,1,2024-03-26T12:00:00,Booking created,Completed,Forwarder,Valencia Export Depot,
EVT00495-02,SHP00495,2,2024-04-08T13:36:00,Pickup completed,Completed,Carrier,Valencia Export Depot,
EVT00495-03,SHP00495,3,2024-04-09T09:49:25,Origin port gate in,Completed,Port terminal,Valencia,
EVT00495-04,SHP00495,4,2024-04-09T17:30:56,Vessel departed,Completed,Carrier,Valencia,
EVT00495-05,SHP00495,5,2024-04-12T01:49:14,Destination port arrival,Completed,Port terminal,Casablanca,
EVT00495-06,SHP00495,6,2024-04-12T10:59:13,Customs released,Completed,Forwarder,Casablanca,
EVT00495-07,SHP00495,7,2024-04-13T02:32:26,Delivery completed,Completed,Carrier,Casablanca Desalination Site,
EVT00496-01,SHP00496,1,2024-09-08T10:00:00,Booking created,Completed,Forwarder,Lyon Fabrication Partner,
EVT00496-02,SHP00496,2,2024-09-13T10:27:57,Pickup completed,Completed,Carrier,Lyon Fabrication Partner,
EVT00496-03,SHP00496,3,2024-09-15T06:38:22,Delivery completed,Completed,Carrier,Sines Energy Project Site,
EVT00497-01,SHP00497,1,2024-08-23T14:00:00,Booking created,Completed,Forwarder,Bilbao Steel Fabricator,
EVT00497-02,SHP00497,2,2024-08-30T13:04:27,Pickup completed,Completed,Carrier,Bilbao Steel Fabricator,
EVT00497-03,SHP00497,3,2024-08-30T20:32:42,Delivery completed,Completed,Carrier,Zaragoza Distribution Hub,
EVT00498-01,SHP00498,1,2025-02-06T14:00:00,Booking created,Completed,Forwarder,Tarragona Equipment Vendor,
EVT00498-02,SHP00498,2,2025-02-10T13:51:31,Pickup completed,Completed,Carrier,Tarragona Equipment Vendor,
EVT00498-03,SHP00498,3,2025-02-11T04:48:18,Origin port gate in,Completed,Port terminal,Barcelona,
EVT00498-04,SHP00498,4,2025-02-11T22:42:06,Vessel departed,Completed,Carrier,Barcelona,
EVT00498-05,SHP00498,5,2025-02-21T21:35:02,Destination port arrival,Completed,Port terminal,Dammam,
EVT00498-06,SHP00498,6,2025-02-21T22:30:41,Customs released,Completed,Forwarder,Dammam,
EVT00498-07,SHP00498,7,2025-02-22T08:41:29,Delivery completed,Completed,Carrier,Dammam Gas Project Site,
EVT00499-01,SHP00499,1,2025-01-16T09:00:00,Booking created,Completed,Forwarder,Cadiz Module Yard,
EVT00499-02,SHP00499,2,2025-01-20T08:28:19,Pickup completed,Completed,Carrier,Cadiz Module Yard,
EVT00499-03,SHP00499,3,2025-01-26T01:04:39,Delivery completed,Completed,Carrier,Dammam Gas Project Site,
EVT00500-01,SHP00500,1,2024-10-30T11:00:00,Booking created,Completed,Forwarder,Cadiz Module Yard,
EVT00500-02,SHP00500,2,2024-11-12T11:19:20,Pickup completed,Completed,Carrier,Cadiz Module Yard,
EVT00500-03,SHP00500,3,2024-11-12T20:05:26,Origin port gate in,Completed,Port terminal,Algeciras,
EVT00500-04,SHP00500,4,2024-11-13T00:33:49,Vessel departed,Completed,Carrier,Algeciras,
EVT00500-05,SHP00500,5,2024-11-22T01:11:58,Customs released,Completed,Forwarder,Dammam,
EVT00500-06,SHP00500,6,2024-11-22T05:31:32,Destination port arrival,Completed,Port terminal,Dammam,
EVT00500-07,SHP00500,7,2024-11-22T16:47:16,Delivery completed,Completed,Carrier,Dammam Gas Project Site,
EVT00501-01,SHP00501,1,2024-09-04T08:00:00,Booking created,Completed,Forwarder,Tarragona Equipment Vendor,
EVT00501-02,SHP00501,2,2024-09-18T07:52:22,Pickup completed,Completed,Carrier,Tarragona Equipment Vendor,
EVT00501-03,SHP00501,3,2024-09-18T13:14:41,Origin port gate in,Completed,Port terminal,Barcelona,
EVT00501-04,SHP00501,4,2024-09-19T02:37:03,Vessel departed,Completed,Carrier,Barcelona,
EVT00501-05,SHP00501,5,2024-09-28T14:15:20,Destination port arrival,Completed,Port terminal,Dammam,
EVT00501-06,SHP00501,6,2024-09-28T16:33:56,Customs released,Completed,Forwarder,Dammam,
EVT00501-07,SHP00501,7,2024-09-29T02:34:00,Delivery completed,Completed,Carrier,Dammam Gas Project Site,
EVT00502-01,SHP00502,1,2025-01-31T10:00:00,Booking created,Completed,Forwarder,Bilbao Steel Fabricator,
EVT00502-02,SHP00502,2,2025-02-04T10:36:03,Pickup completed,Completed,Carrier,Bilbao Steel Fabricator,
EVT00502-03,SHP00502,3,2025-02-04T18:38:06,Origin port gate in,Completed,Port terminal,Bilbao,
EVT00502-04,SHP00502,4,2025-02-05T11:19:35,Vessel departed,Completed,Carrier,Bilbao,
EVT00502-05,SHP00502,5,2025-02-08T16:59:18,Destination port arrival,Completed,Port terminal,Sines,
EVT00502-06,SHP00502,6,2025-02-08T21:51:18,Customs released,Completed,Forwarder,Sines,
EVT00502-07,SHP00502,7,2025-02-10T04:28:33,Delivery completed,Completed,Carrier,Sines Energy Project Site,
EVT00503-01,SHP00503,1,2025-01-18T10:00:00,Booking created,Completed,Forwarder,Madrid Cross Dock,
EVT00503-02,SHP00503,2,2025-01-30T12:34:25,Pickup completed,Completed,Carrier,Madrid Cross Dock,
EVT00503-03,SHP00503,3,2025-01-31T11:30:51,Origin port gate in,Completed,Port terminal,Valencia,
EVT00503-04,SHP00503,4,2025-02-01T00:28:40,Vessel departed,Completed,Carrier,Valencia,
EVT00503-05,SHP00503,5,2025-02-02T17:53:35,Destination port arrival,Completed,Port terminal,Marseille-Fos,
EVT00503-06,SHP00503,6,2025-02-02T19:19:27,Customs released,Completed,Forwarder,Marseille-Fos,
EVT00503-07,SHP00503,7,2025-02-03T07:22:35,Delivery completed,Completed,Carrier,Marseille Wind Substation Site,
EVT00504-01,SHP00504,1,2024-09-05T07:00:00,Booking created,Completed,Forwarder,Antwerp EPC Supplier Yard,
EVT00504-02,SHP00504,2,2024-09-09T06:39:54,Pickup completed,Completed,Carrier,Antwerp EPC Supplier Yard,
EVT00504-03,SHP00504,3,2024-09-09T12:52:22,Origin port gate in,Completed,Port terminal,Antwerp-Bruges,
EVT00504-04,SHP00504,4,2024-09-09T21:58:11,Vessel departed,Completed,Carrier,Antwerp-Bruges,
EVT00504-05,SHP00504,5,2024-09-15T06:57:16,Destination port arrival,Completed,Port terminal,Alexandria,
EVT00504-06,SHP00504,6,2024-09-15T11:57:17,Customs released,Completed,Forwarder,Alexandria,
EVT00504-07,SHP00504,7,2024-09-15T23:33:00,Delivery completed,Completed,Carrier,Alexandria Water Project Site,
EVT00505-01,SHP00505,1,2024-02-21T07:00:00,Booking created,Completed,Forwarder,Zaragoza Distribution Hub,
EVT00505-02,SHP00505,2,2024-02-27T08:02:51,Pickup completed,Completed,Carrier,Zaragoza Distribution Hub,
EVT00505-03,SHP00505,3,2024-02-27T22:57:39,Origin port gate in,Completed,Port terminal,Valencia,
EVT00505-04,SHP00505,4,2024-02-28T14:41:00,Vessel departed,Completed,Carrier,Valencia,
EVT00505-05,SHP00505,5,2024-03-01T17:51:54,Destination port arrival,Completed,Port terminal,Casablanca,
EVT00505-06,SHP00505,6,2024-03-02T03:11:20,Customs released,Completed,Forwarder,Casablanca,
EVT00505-07,SHP00505,7,2024-03-02T14:39:56,Delivery completed,Delayed,Carrier,Casablanca Desalination Site,None
EVT00506-01,SHP00506,1,2025-03-25T09:00:00,Booking created,Completed,Forwarder,Cadiz Module Yard,
EVT00506-02,SHP00506,2,2025-04-06T10:10:54,Pickup completed,Completed,Carrier,Cadiz Module Yard,
EVT00506-03,SHP00506,3,2025-04-06T21:34:35,Origin port gate in,Completed,Port terminal,Algeciras,
EVT00506-04,SHP00506,4,2025-04-07T15:17:14,Vessel departed,Completed,Carrier,Algeciras,
EVT00506-05,SHP00506,5,2025-04-16T21:10:42,Destination port arrival,Completed,Port terminal,Dammam,
EVT00506-06,SHP00506,6,2025-04-17T04:30:11,Customs released,Completed,Forwarder,Dammam,
EVT00506-07,SHP00506,7,2025-04-18T04:55:10,Delivery completed,Delayed,Carrier,Dammam Gas Project Site,Port congestion
EVT00507-01,SHP00507,1,2025-07-05T13:00:00,Booking created,Completed,Forwarder,Bilbao Steel Fabricator,
EVT00507-02,SHP00507,2,2025-07-09T12:25:47,Pickup completed,Completed,Carrier,Bilbao Steel Fabricator,
EVT00507-03,SHP00507,3,2025-07-09T14:18:00,Origin port gate in,Completed,Port terminal,Bilbao,
EVT00507-04,SHP00507,4,2025-07-10T01:23:24,Vessel departed,Completed,Carrier,Bilbao,
EVT00507-05,SHP00507,5,2025-07-12T23:40:40,Destination port arrival,Completed,Port terminal,Rotterdam,
EVT00507-06,SHP00507,6,2025-07-13T11:38:56,Customs released,Completed,Forwarder,Rotterdam,
EVT00507-07,SHP00507,7,2025-07-14T01:26:21,Delivery completed,Completed,Carrier,Rotterdam Consolidation Hub,
EVT00508-01,SHP00508,1,2024-12-28T07:00:00,Booking created,Completed,Forwarder,Tarragona Equipment Vendor,
EVT00508-02,SHP00508,2,2025-01-02T06:24:38,Pickup completed,Completed,Carrier,Tarragona Equipment Vendor,
EVT00508-03,SHP00508,3,2025-01-02T17:51:45,Origin port gate in,Completed,Port terminal,Barcelona,
EVT00508-04,SHP00508,4,2025-01-03T03:52:53,Vessel departed,Completed,Carrier,Barcelona,
EVT00508-05,SHP00508,5,2025-01-05T19:31:43,Destination port arrival,Completed,Port terminal,Casablanca,
EVT00508-06,SHP00508,6,2025-01-06T06:56:31,Customs released,Completed,Forwarder,Casablanca,
EVT00508-07,SHP00508,7,2025-01-06T18:46:40,Delivery completed,Completed,Carrier,Casablanca Desalination Site,
EVT00509-01,SHP00509,1,2024-01-13T15:00:00,Booking created,Completed,Forwarder,Valencia Export Depot,
EVT00509-02,SHP00509,2,2024-01-22T15:19:28,Pickup completed,Completed,Carrier,Valencia Export Depot,
EVT00509-03,SHP00509,3,2024-01-22T21:46:25,Origin port gate in,Completed,Port terminal,Valencia,
EVT00509-04,SHP00509,4,2024-01-23T07:29:23,Vessel departed,Completed,Carrier,Valencia,
EVT00509-05,SHP00509,5,2024-01-26T12:44:17,Destination port arrival,Completed,Port terminal,Sines,
EVT00509-06,SHP00509,6,2024-01-26T18:42:58,Customs released,Completed,Forwarder,Sines,
EVT00509-07,SHP00509,7,2024-01-27T08:03:39,Delivery completed,Completed,Carrier,Sines Energy Project Site,
EVT00510-01,SHP00510,1,2025-09-11T14:00:00,Booking created,Completed,Forwarder,Zaragoza Distribution Hub,
EVT00510-02,SHP00510,2,2025-09-17T15:23:50,Pickup completed,Completed,Carrier,Zaragoza Distribution Hub,
EVT00510-03,SHP00510,3,2025-09-18T00:39:26,Origin port gate in,Completed,Port terminal,Valencia,
EVT00510-04,SHP00510,4,2025-09-18T13:08:59,Vessel departed,Completed,Carrier,Valencia,
EVT00510-05,SHP00510,5,2025-09-27T08:14:54,Customs released,Completed,Forwarder,Dammam,
EVT00510-06,SHP00510,6,2025-09-27T08:34:57,Destination port arrival,Completed,Port terminal,Dammam,
EVT00510-07,SHP00510,7,2025-09-27T22:46:31,Delivery completed,Completed,Carrier,Dammam Gas Project Site,
EVT00511-01,SHP00511,1,2024-05-23T11:00:00,Booking created,Completed,Forwarder,Bilbao Steel Fabricator,
EVT00511-02,SHP00511,2,2024-05-27T11:24:00,Pickup completed,Completed,Carrier,Bilbao Steel Fabricator,
EVT00511-03,SHP00511,3,2024-05-27T23:06:38,Origin port gate in,Completed,Port terminal,Bilbao,
EVT00511-04,SHP00511,4,2024-05-28T16:41:54,Vessel departed,Completed,Carrier,Bilbao,
EVT00511-05,SHP00511,5,2024-05-31T19:26:38,Destination port arrival,Completed,Port terminal,Rotterdam,
EVT00511-06,SHP00511,6,2024-05-31T20:27:08,Customs released,Completed,Forwarder,Rotterdam,
EVT00511-07,SHP00511,7,2024-06-02T05:49:53,Delivery completed,Delayed,Carrier,Rotterdam Consolidation Hub,Road permit delay
EVT00512-01,SHP00512,1,2024-08-29T07:00:00,Booking created,Completed,Forwarder,Antwerp EPC Supplier Yard,
EVT00512-02,SHP00512,2,2024-09-12T07:58:25,Pickup completed,Completed,Carrier,Antwerp EPC Supplier Yard,
EVT00512-03,SHP00512,3,2024-09-12T10:05:57,Origin port gate in,Completed,Port terminal,Antwerp-Bruges,
EVT00512-04,SHP00512,4,2024-09-12T15:04:46,Vessel departed,Completed,Carrier,Antwerp-Bruges,
EVT00512-05,SHP00512,5,2024-09-16T13:46:22,Destination port arrival,Completed,Port terminal,Valencia,
EVT00512-06,SHP00512,6,2024-09-16T15:09:22,Customs released,Completed,Forwarder,Valencia,
EVT00512-07,SHP00512,7,2024-09-17T09:30:52,Delivery completed,Completed,Carrier,Zaragoza Distribution Hub,
EVT00513-01,SHP00513,1,2025-12-10T11:00:00,Booking created,Completed,Forwarder,Cadiz Module Yard,
EVT00513-02,SHP00513,2,2025-12-16T11:24:07,Pickup completed,Completed,Carrier,Cadiz Module Yard,
EVT00513-03,SHP00513,3,2025-12-16T19:49:02,Origin port gate in,Completed,Port terminal,Algeciras,
EVT00513-04,SHP00513,4,2025-12-17T01:44:23,Vessel departed,Completed,Carrier,Algeciras,
EVT00513-05,SHP00513,5,2025-12-22T21:28:49,Destination port arrival,Completed,Port terminal,Alexandria,
EVT00513-06,SHP00513,6,2025-12-23T05:21:12,Customs released,Completed,Forwarder,Alexandria,
EVT00513-07,SHP00513,7,2025-12-23T18:30:47,Delivery completed,Completed,Carrier,Alexandria Water Project Site,
EVT00514-01,SHP00514,1,2024-05-01T10:00:00,Booking created,Completed,Forwarder,Antwerp EPC Supplier Yard,
EVT00514-02,SHP00514,2,2024-05-06T11:36:57,Pickup completed,Completed,Carrier,Antwerp EPC Supplier Yard,
EVT00514-03,SHP00514,3,2024-05-06T16:51:39,Origin port gate in,Completed,Port terminal,Antwerp-Bruges,
EVT00514-04,SHP00514,4,2024-05-06T22:08:36,Vessel departed,Completed,Carrier,Antwerp-Bruges,
EVT00514-05,SHP00514,5,2024-05-11T18:08:37,Destination port arrival,Completed,Port terminal,Casablanca,
EVT00514-06,SHP00514,6,2024-05-12T00:06:19,Customs released,Completed,Forwarder,Casablanca,
EVT00514-07,SHP00514,7,2024-05-12T14:10:53,Delivery completed,Completed,Carrier,Casablanca Desalination Site,
EVT00515-01,SHP00515,1,2025-03-04T14:00:00,Booking created,Completed,Forwarder,Cadiz Module Yard,
EVT00515-02,SHP00515,2,2025-03-18T14:21:25,Pickup completed,Completed,Carrier,Cadiz Module Yard,
EVT00515-03,SHP00515,3,2025-03-18T23:34:15,Origin port gate in,Completed,Port terminal,Algeciras,
EVT00515-04,SHP00515,4,2025-03-19T06:28:58,Vessel departed,Completed,Carrier,Algeciras,
EVT00515-05,SHP00515,5,2025-03-23T17:41:43,Destination port arrival,Completed,Port terminal,Rotterdam,
EVT00515-06,SHP00515,6,2025-03-23T21:39:13,Customs released,Completed,Forwarder,Rotterdam,
EVT00515-07,SHP00515,7,2025-03-24T09:11:30,Delivery completed,Completed,Carrier,Rotterdam Consolidation Hub,
EVT00516-01,SHP00516,1,2024-09-28T13:00:00,Booking created,Completed,Forwarder,Antwerp EPC Supplier Yard,
EVT00516-02,SHP00516,2,2024-10-08T14:37:54,Pickup completed,Completed,Carrier,Antwerp EPC Supplier Yard,
EVT00516-03,SHP00516,3,2024-10-09T15:43:59,Origin port gate in,Completed,Port terminal,Antwerp-Bruges,
EVT00516-04,SHP00516,4,2024-10-09T22:33:50,Vessel departed,Completed,Carrier,Antwerp-Bruges,
EVT00516-05,SHP00516,5,2024-10-12T11:17:38,Destination port arrival,Completed,Port terminal,Rotterdam,
EVT00516-06,SHP00516,6,2024-10-12T18:58:27,Customs released,Completed,Forwarder,Rotterdam,
EVT00516-07,SHP00516,7,2024-10-13T09:51:21,Delivery completed,Delayed,Carrier,Rotterdam Consolidation Hub,Customs hold
EVT00517-01,SHP00517,1,2024-01-30T13:00:00,Booking created,Completed,Forwarder,Puertollano Module Yard,
EVT00517-02,SHP00517,2,2024-02-12T13:20:26,Pickup completed,Completed,Carrier,Puertollano Module Yard,
EVT00517-03,SHP00517,3,2024-02-13T02:28:35,Origin port gate in,Completed,Port terminal,Algeciras,
EVT00517-04,SHP00517,4,2024-02-13T07:59:12,Vessel departed,Completed,Carrier,Algeciras,
EVT00517-05,SHP00517,5,2024-02-15T20:27:13,Destination port arrival,Completed,Port terminal,Sines,
EVT00517-06,SHP00517,6,2024-02-15T23:51:47,Customs released,Completed,Forwarder,Sines,
EVT00517-07,SHP00517,7,2024-02-16T18:06:24,Delivery completed,Completed,Carrier,Sines Energy Project Site,
EVT00518-01,SHP00518,1,2025-10-30T10:00:00,Booking created,Completed,Forwarder,Puertollano Module Yard,
EVT00518-02,SHP00518,2,2025-11-10T11:18:29,Pickup completed,Completed,Carrier,Puertollano Module Yard,
EVT00518-03,SHP00518,3,2025-11-11T03:04:56,Delivery completed,Completed,Carrier,Zaragoza Distribution Hub,
EVT00519-01,SHP00519,1,2025-02-13T07:00:00,Booking created,Completed,Forwarder,Antwerp EPC Supplier Yard,
EVT00519-02,SHP00519,2,2025-02-26T08:21:30,Pickup completed,Completed,Carrier,Antwerp EPC Supplier Yard,
EVT00519-03,SHP00519,3,2025-02-26T17:08:58,Origin port gate in,Completed,Port terminal,Antwerp-Bruges,
EVT00519-04,SHP00519,4,2025-02-26T23:22:37,Vessel departed,Completed,Carrier,Antwerp-Bruges,
EVT00519-05,SHP00519,5,2025-03-08T04:53:20,Destination port arrival,Completed,Port terminal,Dammam,
EVT00519-06,SHP00519,6,2025-03-08T08:24:04,Customs released,Completed,Forwarder,Dammam,
EVT00519-07,SHP00519,7,2025-03-08T21:36:51,Delivery completed,Completed,Carrier,Dammam Gas Project Site,
EVT00520-01,SHP00520,1,2024-09-09T12:00:00,Booking created,Completed,Forwarder,Cadiz Module Yard,
EVT00520-02,SHP00520,2,2024-09-23T12:25:28,Pickup completed,Completed,Carrier,Cadiz Module Yard,
EVT00520-03,SHP00520,3,2024-09-24T07:51:45,Origin port gate in,Completed,Port terminal,Algeciras,
EVT00520-04,SHP00520,4,2024-09-24T11:57:50,Vessel departed,Completed,Carrier,Algeciras,
EVT00520-05,SHP00520,5,2024-09-28T18:01:06,Destination port arrival,Completed,Port terminal,Marseille-Fos,
EVT00520-06,SHP00520,6,2024-09-29T02:39:58,Customs released,Completed,Forwarder,Marseille-Fos,
EVT00520-07,SHP00520,7,2024-09-30T09:03:11,Delivery completed,Delayed,Carrier,Marseille Wind Substation Site,Road permit delay
EVT00521-01,SHP00521,1,2025-02-06T11:00:00,Booking created,Completed,Forwarder,Madrid Cross Dock,
EVT00521-02,SHP00521,2,2025-02-10T12:41:00,Pickup completed,Completed,Carrier,Madrid Cross Dock,
EVT00521-03,SHP00521,3,2025-02-11T04:04:40,Delivery completed,Completed,Carrier,Zaragoza Distribution Hub,
EVT00522-01,SHP00522,1,2025-10-30T15:00:00,Booking created,Completed,Forwarder,Antwerp EPC Supplier Yard,
EVT00522-02,SHP00522,2,2025-11-13T15:29:27,Pickup completed,Completed,Carrier,Antwerp EPC Supplier Yard,
EVT00522-03,SHP00522,3,2025-11-13T23:40:34,Origin port gate in,Completed,Port terminal,Antwerp-Bruges,
EVT00522-04,SHP00522,4,2025-11-14T12:54:10,Vessel departed,Completed,Carrier,Antwerp-Bruges,
EVT00522-05,SHP00522,5,2025-11-19T16:10:02,Destination port arrival,Completed,Port terminal,Casablanca,
EVT00522-06,SHP00522,6,2025-11-19T23:55:15,Customs released,Completed,Forwarder,Casablanca,
EVT00522-07,SHP00522,7,2025-11-20T11:23:10,Delivery completed,Completed,Carrier,Casablanca Desalination Site,
EVT00523-01,SHP00523,1,2024-07-24T10:00:00,Booking created,Completed,Forwarder,Antwerp EPC Supplier Yard,
EVT00523-02,SHP00523,2,2024-08-05T12:18:27,Pickup completed,Completed,Carrier,Antwerp EPC Supplier Yard,
EVT00523-03,SHP00523,3,2024-08-06T07:44:13,Origin port gate in,Completed,Port terminal,Antwerp-Bruges,
EVT00523-04,SHP00523,4,2024-08-06T21:55:48,Vessel departed,Completed,Carrier,Antwerp-Bruges,
EVT00523-05,SHP00523,5,2024-08-09T02:15:03,Destination port arrival,Completed,Port terminal,Marseille-Fos,
EVT00523-06,SHP00523,6,2024-08-09T12:01:18,Customs released,Completed,Forwarder,Marseille-Fos,
EVT00523-07,SHP00523,7,2024-08-09T20:46:14,Delivery completed,Completed,Carrier,Marseille Wind Substation Site,
EVT00524-01,SHP00524,1,2025-05-31T12:00:00,Booking created,Completed,Forwarder,Zaragoza Distribution Hub,
EVT00524-02,SHP00524,2,2025-06-13T14:16:33,Pickup completed,Completed,Carrier,Zaragoza Distribution Hub,
EVT00524-03,SHP00524,3,2025-06-14T03:12:16,Origin port gate in,Completed,Port terminal,Valencia,
EVT00524-04,SHP00524,4,2025-06-14T18:40:00,Vessel departed,Completed,Carrier,Valencia,
EVT00524-05,SHP00524,5,2025-06-17T07:25:42,Customs released,Completed,Forwarder,Sines,
EVT00524-06,SHP00524,6,2025-06-17T07:55:13,Destination port arrival,Completed,Port terminal,Sines,
EVT00524-07,SHP00524,7,2025-06-17T21:26:34,Delivery completed,Completed,Carrier,Sines Energy Project Site,
EVT00525-01,SHP00525,1,2025-08-07T13:00:00,Booking created,Completed,Forwarder,Milan Valve Plant,
EVT00525-02,SHP00525,2,2025-08-15T13:18:04,Pickup completed,Completed,Carrier,Milan Valve Plant,
EVT00525-03,SHP00525,3,2025-08-16T16:08:14,Origin port gate in,Completed,Port terminal,Genoa,
EVT00525-04,SHP00525,4,2025-08-16T21:01:45,Vessel departed,Completed,Carrier,Genoa,
EVT00525-05,SHP00525,5,2025-08-25T16:00:26,Destination port arrival,Completed,Port terminal,Dammam,
EVT00525-06,SHP00525,6,2025-08-25T20:12:11,Customs released,Completed,Forwarder,Dammam,
EVT00525-07,SHP00525,7,2025-08-26T18:39:49,Delivery completed,Delayed,Carrier,Dammam Gas Project Site,Customs hold
EVT00526-01,SHP00526,1,2024-01-31T13:00:00,Booking created,Completed,Forwarder,Bilbao Steel Fabricator,
EVT00526-02,SHP00526,2,2024-02-06T13:34:11,Pickup completed,Completed,Carrier,Bilbao Steel Fabricator,
EVT00526-03,SHP00526,3,2024-02-06T21:29:15,Origin port gate in,Completed,Port terminal,Bilbao,
EVT00526-04,SHP00526,4,2024-02-07T09:46:52,Vessel departed,Completed,Carrier,Bilbao,
EVT00526-05,SHP00526,5,2024-02-10T13:19:36,Customs released,Completed,Forwarder,Sines,
EVT00526-06,SHP00526,6,2024-02-10T16:36:10,Destination port arrival,Completed,Port terminal,Sines,
EVT00526-07,SHP00526,7,2024-02-11T02:20:59,Delivery completed,Completed,Carrier,Sines Energy Project Site,
EVT00527-01,SHP00527,1,2025-01-23T11:00:00,Booking created,Completed,Forwarder,Cadiz Module Yard,
EVT00527-02,SHP00527,2,2025-02-06T13:27:34,Pickup completed,Completed,Carrier,Cadiz Module Yard,
EVT00527-03,SHP00527,3,2025-02-06T22:17:39,Origin port gate in,Completed,Port terminal,Algeciras,
EVT00527-04,SHP00527,4,2025-02-07T06:48:26,Vessel departed,Completed,Carrier,Algeciras,
EVT00527-05,SHP00527,5,2025-02-10T07:58:22,Destination port arrival,Completed,Port terminal,Sines,
EVT00527-06,SHP00527,6,2025-02-10T13:11:33,Customs released,Completed,Forwarder,Sines,
EVT00527-07,SHP00527,7,2025-02-11T06:38:12,Delivery completed,Completed,Carrier,Sines Energy Project Site,
EVT00528-01,SHP00528,1,2024-05-23T10:00:00,Booking created,Completed,Forwarder,Tarragona Equipment Vendor,
EVT00528-02,SHP00528,2,2024-05-31T10:08:22,Pickup completed,Completed,Carrier,Tarragona Equipment Vendor,
EVT00528-03,SHP00528,3,2024-05-31T18:30:06,Origin port gate in,Completed,Port terminal,Barcelona,
EVT00528-04,SHP00528,4,2024-05-31T21:39:26,Vessel departed,Completed,Carrier,Barcelona,
EVT00528-05,SHP00528,5,2024-06-04T01:48:27,Destination port arrival,Completed,Port terminal,Rotterdam,
EVT00528-06,SHP00528,6,2024-06-04T11:37:26,Customs released,Completed,Forwarder,Rotterdam,
EVT00528-07,SHP00528,7,2024-06-05T12:16:36,Delivery completed,Completed,Carrier,Rotterdam Consolidation Hub,
EVT00529-01,SHP00529,1,2024-05-03T09:00:00,Booking created,Completed,Forwarder,Tarragona Equipment Vendor,
EVT00529-02,SHP00529,2,2024-05-09T10:27:12,Pickup completed,Completed,Carrier,Tarragona Equipment Vendor,
EVT00529-03,SHP00529,3,2024-05-09T20:56:51,Origin port gate in,Completed,Port terminal,Barcelona,
EVT00529-04,SHP00529,4,2024-05-10T06:10:56,Vessel departed,Completed,Carrier,Barcelona,
EVT00529-05,SHP00529,5,2024-05-13T04:44:03,Destination port arrival,Completed,Port terminal,Casablanca,
EVT00529-06,SHP00529,6,2024-05-13T06:49:04,Customs released,Completed,Forwarder,Casablanca,
EVT00529-07,SHP00529,7,2024-05-13T21:07:04,Delivery completed,Completed,Carrier,Casablanca Desalination Site,
EVT00530-01,SHP00530,1,2025-06-23T11:00:00,Booking created,Completed,Forwarder,Tarragona Equipment Vendor,
EVT00530-02,SHP00530,2,2025-07-07T13:12:09,Pickup completed,Completed,Carrier,Tarragona Equipment Vendor,
EVT00530-03,SHP00530,3,2025-07-07T20:31:01,Delivery completed,Completed,Carrier,Zaragoza Distribution Hub,
EVT00531-01,SHP00531,1,2025-11-29T13:00:00,Booking created,Completed,Forwarder,Rotterdam Consolidation Hub,
EVT00531-02,SHP00531,2,2025-12-09T12:59:06,Pickup completed,Completed,Carrier,Rotterdam Consolidation Hub,
EVT00531-03,SHP00531,3,2025-12-09T22:58:44,Origin port gate in,Completed,Port terminal,Rotterdam,
EVT00531-04,SHP00531,4,2025-12-10T15:18:12,Vessel departed,Completed,Carrier,Rotterdam,
EVT00531-05,SHP00531,5,2025-12-20T06:54:17,Destination port arrival,Completed,Port terminal,Dammam,
EVT00531-06,SHP00531,6,2025-12-20T07:53:25,Customs released,Completed,Forwarder,Dammam,
EVT00531-07,SHP00531,7,2025-12-20T23:00:29,Delivery completed,Delayed,Carrier,Dammam Gas Project Site,None
EVT00532-01,SHP00532,1,2024-06-15T11:00:00,Booking created,Completed,Forwarder,Cadiz Module Yard,
EVT00532-02,SHP00532,2,2024-06-19T11:19:01,Pickup completed,Completed,Carrier,Cadiz Module Yard,
EVT00532-03,SHP00532,3,2024-06-20T16:05:54,Delivery completed,Completed,Carrier,Zaragoza Distribution Hub,
EVT00533-01,SHP00533,1,2025-04-27T11:00:00,Booking created,Completed,Forwarder,Bilbao Steel Fabricator,
EVT00533-02,SHP00533,2,2025-05-11T11:33:48,Pickup completed,Completed,Carrier,Bilbao Steel Fabricator,
EVT00533-03,SHP00533,3,2025-05-11T18:20:57,Origin port gate in,Completed,Port terminal,Bilbao,
EVT00533-04,SHP00533,4,2025-05-12T01:12:50,Vessel departed,Completed,Carrier,Bilbao,
EVT00533-05,SHP00533,5,2025-05-23T08:24:08,Destination port arrival,Completed,Port terminal,Dammam,
EVT00533-06,SHP00533,6,2025-05-23T13:13:05,Customs released,Completed,Forwarder,Dammam,
EVT00533-07,SHP00533,7,2025-05-24T18:21:09,Delivery completed,Delayed,Carrier,Dammam Gas Project Site,Weather disruption
EVT00534-01,SHP00534,1,2024-04-01T12:00:00,Booking created,Completed,Forwarder,Milan Valve Plant,
EVT00534-02,SHP00534,2,2024-04-15T13:39:03,Pickup completed,Completed,Carrier,Milan Valve Plant,
EVT00534-03,SHP00534,3,2024-04-15T22:41:00,Origin port gate in,Completed,Port terminal,Genoa,
EVT00534-04,SHP00534,4,2024-04-16T08:41:30,Vessel departed,Completed,Carrier,Genoa,
EVT00534-05,SHP00534,5,2024-04-21T16:16:29,Destination port arrival,Completed,Port terminal,Casablanca,
EVT00534-06,SHP00534,6,2024-04-21T17:14:55,Customs released,Completed,Forwarder,Casablanca,
EVT00534-07,SHP00534,7,2024-04-22T05:03:02,Delivery completed,Delayed,Carrier,Casablanca Desalination Site,Road permit delay
EVT00535-01,SHP00535,1,2024-09-01T14:00:00,Booking created,Completed,Forwarder,Rotterdam Consolidation Hub,
EVT00535-02,SHP00535,2,2024-09-10T14:29:47,Pickup completed,Completed,Carrier,Rotterdam Consolidation Hub,
EVT00535-03,SHP00535,3,2024-09-11T13:06:54,Delivery completed,Completed,Carrier,Marseille Wind Substation Site,
EVT00536-01,SHP00536,1,2025-07-17T11:00:00,Booking created,Completed,Forwarder,Rotterdam Consolidation Hub,
EVT00536-02,SHP00536,2,2025-07-28T13:30:30,Pickup completed,Completed,Carrier,Rotterdam Consolidation Hub,
EVT00536-03,SHP00536,3,2025-07-29T06:29:28,Origin port gate in,Completed,Port terminal,Rotterdam,
EVT00536-04,SHP00536,4,2025-07-29T14:31:37,Vessel departed,Completed,Carrier,Rotterdam,
EVT00536-05,SHP00536,5,2025-08-01T18:15:54,Destination port arrival,Completed,Port terminal,Marseille-Fos,
EVT00536-06,SHP00536,6,2025-08-01T20:25:44,Customs released,Completed,Forwarder,Marseille-Fos,
EVT00536-07,SHP00536,7,2025-08-02T08:09:15,Delivery completed,Completed,Carrier,Marseille Wind Substation Site,
EVT00537-01,SHP00537,1,2025-01-28T15:00:00,Booking created,Completed,Forwarder,Cadiz Module Yard,
EVT00537-02,SHP00537,2,2025-02-05T15:03:20,Pickup completed,Completed,Carrier,Cadiz Module Yard,
EVT00537-03,SHP00537,3,2025-02-05T22:25:55,Origin port gate in,Completed,Port terminal,Algeciras,
EVT00537-04,SHP00537,4,2025-02-06T06:20:58,Vessel departed,Completed,Carrier,Algeciras,
EVT00537-05,SHP00537,5,2025-02-08T18:48:58,Customs released,Completed,Forwarder,Casablanca,
EVT00537-06,SHP00537,6,2025-02-08T19:54:14,Destination port arrival,Completed,Port terminal,Casablanca,
EVT00537-07,SHP00537,7,2025-02-09T06:37:53,Delivery completed,Completed,Carrier,Casablanca Desalination Site,
EVT00538-01,SHP00538,1,2025-01-20T12:00:00,Booking created,Completed,Forwarder,Puertollano Module Yard,
EVT00538-02,SHP00538,2,2025-02-04T11:39:43,Pickup completed,Completed,Carrier,Puertollano Module Yard,
EVT00538-03,SHP00538,3,2025-02-05T03:00:24,Origin port gate in,Completed,Port terminal,Algeciras,
EVT00538-04,SHP00538,4,2025-02-05T09:04:38,Vessel departed,Completed,Carrier,Algeciras,
EVT00538-05,SHP00538,5,2025-02-07T03:02:35,Destination port arrival,Completed,Port terminal,Sines,
EVT00538-06,SHP00538,6,2025-02-07T04:13:00,Customs released,Completed,Forwarder,Sines,
EVT00538-07,SHP00538,7,2025-02-07T20:45:45,Delivery completed,Completed,Carrier,Sines Energy Project Site,
EVT00539-01,SHP00539,1,2025-01-13T14:00:00,Booking created,Completed,Forwarder,Bilbao Steel Fabricator,
EVT00539-02,SHP00539,2,2025-01-23T13:22:14,Pickup completed,Completed,Carrier,Bilbao Steel Fabricator,
EVT00539-03,SHP00539,3,2025-01-23T20:18:46,Origin port gate in,Completed,Port terminal,Bilbao,
EVT00539-04,SHP00539,4,2025-01-24T02:39:35,Vessel departed,Completed,Carrier,Bilbao,
EVT00539-05,SHP00539,5,2025-02-02T22:05:50,Destination port arrival,Completed,Port terminal,Dammam,
EVT00539-06,SHP00539,6,2025-02-03T11:52:24,Customs released,Completed,Forwarder,Dammam,
EVT00539-07,SHP00539,7,2025-02-03T23:30:17,Delivery completed,Completed,Carrier,Dammam Gas Project Site,
EVT00540-01,SHP00540,1,2024-02-14T12:00:00,Booking created,Completed,Forwarder,Milan Valve Plant,
EVT00540-02,SHP00540,2,2024-02-18T14:34:37,Pickup completed,Completed,Carrier,Milan Valve Plant,
EVT00540-03,SHP00540,3,2024-02-20T17:55:13,Delivery completed,Completed,Carrier,Sines Energy Project Site,
EVT00541-01,SHP00541,1,2025-03-05T12:00:00,Booking created,Completed,Forwarder,Antwerp EPC Supplier Yard,
EVT00541-02,SHP00541,2,2025-03-17T13:59:09,Pickup completed,Completed,Carrier,Antwerp EPC Supplier Yard,
EVT00541-03,SHP00541,3,2025-03-17T21:10:12,Origin port gate in,Completed,Port terminal,Antwerp-Bruges,
EVT00541-04,SHP00541,4,2025-03-18T09:10:32,Vessel departed,Completed,Carrier,Antwerp-Bruges,
EVT00541-05,SHP00541,5,2025-03-25T01:17:31,Destination port arrival,Completed,Port terminal,Alexandria,
EVT00541-06,SHP00541,6,2025-03-25T06:40:24,Customs released,Completed,Forwarder,Alexandria,
EVT00541-07,SHP00541,7,2025-03-26T21:20:25,Delivery completed,Delayed,Carrier,Alexandria Water Project Site,Documentation issue
EVT00542-01,SHP00542,1,2025-04-28T10:00:00,Booking created,Completed,Forwarder,Cadiz Module Yard,
EVT00542-02,SHP00542,2,2025-05-09T09:58:10,Pickup completed,Completed,Carrier,Cadiz Module Yard,
EVT00542-03,SHP00542,3,2025-05-09T20:19:21,Origin port gate in,Completed,Port terminal,Algeciras,
EVT00542-04,SHP00542,4,2025-05-10T12:19:29,Vessel departed,Completed,Carrier,Algeciras,
EVT00542-05,SHP00542,5,2025-05-14T20:41:24,Destination port arrival,Completed,Port terminal,Rotterdam,
EVT00542-06,SHP00542,6,2025-05-14T23:13:07,Customs released,Completed,Forwarder,Rotterdam,
EVT00542-07,SHP00542,7,2025-05-15T17:06:12,Delivery completed,Completed,Carrier,Rotterdam Consolidation Hub,
EVT00543-01,SHP00543,1,2025-04-28T09:00:00,Booking created,Completed,Forwarder,Puertollano Module Yard,
EVT00543-02,SHP00543,2,2025-05-13T11:13:47,Pickup completed,Completed,Carrier,Puertollano Module Yard,
EVT00543-03,SHP00543,3,2025-05-14T01:45:19,Origin port gate in,Completed,Port terminal,Algeciras,
EVT00543-04,SHP00543,4,2025-05-14T11:21:31,Vessel departed,Completed,Carrier,Algeciras,
EVT00543-05,SHP00543,5,2025-05-19T07:08:16,Destination port arrival,Completed,Port terminal,Rotterdam,
EVT00543-06,SHP00543,6,2025-05-19T17:56:00,Customs released,Completed,Forwarder,Rotterdam,
EVT00543-07,SHP00543,7,2025-05-20T05:06:18,Delivery completed,Completed,Carrier,Rotterdam Consolidation Hub,
EVT00544-01,SHP00544,1,2025-01-17T08:00:00,Booking created,Completed,Forwarder,Tarragona Equipment Vendor,
EVT00544-02,SHP00544,2,2025-01-27T10:02:35,Pickup completed,Completed,Carrier,Tarragona Equipment Vendor,
EVT00544-03,SHP00544,3,2025-01-27T21:56:48,Delivery completed,Completed,Carrier,Zaragoza Distribution Hub,
EVT00545-01,SHP00545,1,2025-10-30T08:00:00,Booking created,Completed,Forwarder,Milan Valve Plant,
EVT00545-02,SHP00545,2,2025-11-03T10:38:08,Pickup completed,Completed,Carrier,Milan Valve Plant,
EVT00545-03,SHP00545,3,2025-11-07T19:17:56,Delivery completed,Completed,Carrier,Dammam Gas Project Site,
EVT00546-01,SHP00546,1,2025-09-29T13:00:00,Booking created,Completed,Forwarder,Rotterdam Consolidation Hub,
EVT00546-02,SHP00546,2,2025-10-10T13:56:10,Pickup completed,Completed,Carrier,Rotterdam Consolidation Hub,
EVT00546-03,SHP00546,3,2025-10-11T07:39:18,Origin port gate in,Completed,Port terminal,Rotterdam,
EVT00546-04,SHP00546,4,2025-10-11T20:29:25,Vessel departed,Completed,Carrier,Rotterdam,
EVT00546-05,SHP00546,5,2025-10-16T20:30:59,Customs released,Completed,Forwarder,Sines,
EVT00546-06,SHP00546,6,2025-10-16T20:59:47,Destination port arrival,Completed,Port terminal,Sines,
EVT00546-07,SHP00546,7,2025-10-17T10:24:07,Delivery completed,Delayed,Carrier,Sines Energy Project Site,Port congestion
EVT00547-01,SHP00547,1,2024-08-16T14:00:00,Booking created,Completed,Forwarder,Cadiz Module Yard,
EVT00547-02,SHP00547,2,2024-08-21T15:54:02,Pickup completed,Completed,Carrier,Cadiz Module Yard,
EVT00547-03,SHP00547,3,2024-08-25T00:21:57,Delivery completed,Completed,Carrier,Alexandria Water Project Site,
EVT00548-01,SHP00548,1,2024-12-04T10:00:00,Booking created,Completed,Forwarder,Antwerp EPC Supplier Yard,
EVT00548-02,SHP00548,2,2024-12-17T11:12:12,Pickup completed,Completed,Carrier,Antwerp EPC Supplier Yard,
EVT00548-03,SHP00548,3,2024-12-17T20:25:11,Origin port gate in,Completed,Port terminal,Antwerp-Bruges,
EVT00548-04,SHP00548,4,2024-12-18T07:53:35,Vessel departed,Completed,Carrier,Antwerp-Bruges,
EVT00548-05,SHP00548,5,2024-12-27T21:23:48,Destination port arrival,Completed,Port terminal,Dammam,
EVT00548-06,SHP00548,6,2024-12-28T01:47:02,Customs released,Completed,Forwarder,Dammam,
EVT00548-07,SHP00548,7,2024-12-28T18:41:03,Delivery completed,Delayed,Carrier,Dammam Gas Project Site,Carrier capacity
EVT00549-01,SHP00549,1,2025-06-04T15:00:00,Booking created,Completed,Forwarder,Puertollano Module Yard,
EVT00549-02,SHP00549,2,2025-06-18T17:36:54,Pickup completed,Completed,Carrier,Puertollano Module Yard,
EVT00549-03,SHP00549,3,2025-06-19T06:51:26,Origin port gate in,Completed,Port terminal,Algeciras,
EVT00549-04,SHP00549,4,2025-06-19T19:17:25,Vessel departed,Completed,Carrier,Algeciras,
EVT00549-05,SHP00549,5,2025-06-25T19:22:30,Destination port arrival,Completed,Port terminal,Alexandria,
EVT00549-06,SHP00549,6,2025-06-26T02:46:53,Customs released,Completed,Forwarder,Alexandria,
EVT00549-07,SHP00549,7,2025-06-26T16:49:43,Delivery completed,Completed,Carrier,Alexandria Water Project Site,
EVT00550-01,SHP00550,1,2024-11-23T10:00:00,Booking created,Completed,Forwarder,Tarragona Equipment Vendor,
EVT00550-02,SHP00550,2,2024-12-03T11:22:54,Pickup completed,Completed,Carrier,Tarragona Equipment Vendor,
EVT00550-03,SHP00550,3,2024-12-04T17:35:15,Origin port gate in,Completed,Port terminal,Barcelona,
EVT00550-04,SHP00550,4,2024-12-05T08:00:02,Vessel departed,Completed,Carrier,Barcelona,
EVT00550-05,SHP00550,5,2024-12-09T09:45:33,Destination port arrival,Completed,Port terminal,Rotterdam,
EVT00550-06,SHP00550,6,2024-12-09T20:24:30,Customs released,Completed,Forwarder,Rotterdam,
EVT00550-07,SHP00550,7,2024-12-10T12:23:38,Delivery completed,Delayed,Carrier,Rotterdam Consolidation Hub,Carrier capacity
EVT00551-01,SHP00551,1,2025-11-23T11:00:00,Booking created,Completed,Forwarder,Milan Valve Plant,
EVT00551-02,SHP00551,2,2025-11-28T13:25:21,Pickup completed,Completed,Carrier,Milan Valve Plant,
EVT00551-03,SHP00551,3,2025-11-28T23:15:03,Origin port gate in,Completed,Port terminal,Genoa,
EVT00551-04,SHP00551,4,2025-11-29T02:36:01,Vessel departed,Completed,Carrier,Genoa,
EVT00551-05,SHP00551,5,2025-12-03T18:37:21,Destination port arrival,Completed,Port terminal,Casablanca,
EVT00551-06,SHP00551,6,2025-12-03T22:16:53,Customs released,Completed,Forwarder,Casablanca,
EVT00551-07,SHP00551,7,2025-12-04T11:10:26,Delivery completed,Completed,Carrier,Casablanca Desalination Site,
EVT00552-01,SHP00552,1,2024-09-12T11:00:00,Booking created,Completed,Forwarder,Antwerp EPC Supplier Yard,
EVT00552-02,SHP00552,2,2024-09-23T11:46:48,Pickup completed,Completed,Carrier,Antwerp EPC Supplier Yard,
EVT00552-03,SHP00552,3,2024-09-23T16:32:59,Origin port gate in,Completed,Port terminal,Antwerp-Bruges,
EVT00552-04,SHP00552,4,2024-09-24T09:15:16,Vessel departed,Completed,Carrier,Antwerp-Bruges,
EVT00552-05,SHP00552,5,2024-10-03T18:02:55,Destination port arrival,Completed,Port terminal,Dammam,
EVT00552-06,SHP00552,6,2024-10-03T21:33:36,Customs released,Completed,Forwarder,Dammam,
EVT00552-07,SHP00552,7,2024-10-04T14:21:13,Delivery completed,Delayed,Carrier,Dammam Gas Project Site,Documentation issue
EVT00553-01,SHP00553,1,2025-06-28T08:00:00,Booking created,Completed,Forwarder,Milan Valve Plant,
EVT00553-02,SHP00553,2,2025-07-07T09:57:31,Pickup completed,Completed,Carrier,Milan Valve Plant,
EVT00553-03,SHP00553,3,2025-07-07T19:07:44,Origin port gate in,Completed,Port terminal,Genoa,
EVT00553-04,SHP00553,4,2025-07-08T02:38:55,Vessel departed,Completed,Carrier,Genoa,
EVT00553-05,SHP00553,5,2025-07-16T21:45:42,Destination port arrival,Completed,Port terminal,Dammam,
EVT00553-06,SHP00553,6,2025-07-17T04:54:18,Customs released,Completed,Forwarder,Dammam,
EVT00553-07,SHP00553,7,2025-07-17T12:09:24,Delivery completed,Delayed,Carrier,Dammam Gas Project Site,Road permit delay
EVT00554-01,SHP00554,1,2024-02-29T10:00:00,Booking created,Completed,Forwarder,Zaragoza Distribution Hub,
EVT00554-02,SHP00554,2,2024-03-13T12:27:29,Pickup completed,Completed,Carrier,Zaragoza Distribution Hub,
EVT00554-03,SHP00554,3,2024-03-14T00:51:10,Origin port gate in,Completed,Port terminal,Valencia,
EVT00554-04,SHP00554,4,2024-03-14T13:41:40,Vessel departed,Completed,Carrier,Valencia,
EVT00554-05,SHP00554,5,2024-03-18T17:24:37,Destination port arrival,Completed,Port terminal,Rotterdam,
EVT00554-06,SHP00554,6,2024-03-19T06:24:20,Customs released,Completed,Forwarder,Rotterdam,
EVT00554-07,SHP00554,7,2024-03-19T14:21:46,Delivery completed,Completed,Carrier,Rotterdam Consolidation Hub,
EVT00555-01,SHP00555,1,2024-04-29T15:00:00,Booking created,Completed,Forwarder,Milan Valve Plant,
EVT00555-02,SHP00555,2,2024-05-08T16:03:49,Pickup completed,Completed,Carrier,Milan Valve Plant,
EVT00555-03,SHP00555,3,2024-05-09T03:17:20,Origin port gate in,Completed,Port terminal,Genoa,
EVT00555-04,SHP00555,4,2024-05-09T10:57:04,Vessel departed,Completed,Carrier,Genoa,
EVT00555-05,SHP00555,5,2024-05-14T06:03:25,Destination port arrival,Completed,Port terminal,Casablanca,
EVT00555-06,SHP00555,6,2024-05-14T08:10:52,Customs released,Completed,Forwarder,Casablanca,
EVT00555-07,SHP00555,7,2024-05-14T22:18:55,Delivery completed,Completed,Carrier,Casablanca Desalination Site,
EVT00556-01,SHP00556,1,2025-05-13T08:00:00,Booking created,Completed,Forwarder,Cadiz Module Yard,
EVT00556-02,SHP00556,2,2025-05-20T08:56:54,Pickup completed,Completed,Carrier,Cadiz Module Yard,
EVT00556-03,SHP00556,3,2025-05-20T17:57:55,Origin port gate in,Completed,Port terminal,Algeciras,
EVT00556-04,SHP00556,4,2025-05-21T01:14:54,Vessel departed,Completed,Carrier,Algeciras,
EVT00556-05,SHP00556,5,2025-05-26T13:33:22,Destination port arrival,Completed,Port terminal,Alexandria,
EVT00556-06,SHP00556,6,2025-05-26T14:41:49,Customs released,Completed,Forwarder,Alexandria,
EVT00556-07,SHP00556,7,2025-05-26T22:52:15,Delivery completed,Completed,Carrier,Alexandria Water Project Site,
EVT00557-01,SHP00557,1,2024-06-07T13:00:00,Booking created,Completed,Forwarder,Puertollano Module Yard,
EVT00557-02,SHP00557,2,2024-06-21T12:12:53,Pickup completed,Completed,Carrier,Puertollano Module Yard,
EVT00557-03,SHP00557,3,2024-06-22T02:00:53,Origin port gate in,Completed,Port terminal,Algeciras,
EVT00557-04,SHP00557,4,2024-06-22T05:27:55,Vessel departed,Completed,Carrier,Algeciras,
EVT00557-05,SHP00557,5,2024-07-02T13:49:54,Customs released,Completed,Forwarder,Dammam,
EVT00557-06,SHP00557,6,2024-07-02T14:42:04,Destination port arrival,Completed,Port terminal,Dammam,
EVT00557-07,SHP00557,7,2024-07-04T06:43:53,Delivery completed,Completed,Carrier,Dammam Gas Project Site,
EVT00558-01,SHP00558,1,2024-10-31T12:00:00,Booking created,Completed,Forwarder,Rotterdam Consolidation Hub,
EVT00558-02,SHP00558,2,2024-11-04T14:07:38,Pickup completed,Completed,Carrier,Rotterdam Consolidation Hub,
EVT00558-03,SHP00558,3,2024-11-05T01:24:56,Origin port gate in,Completed,Port terminal,Rotterdam,
EVT00558-04,SHP00558,4,2024-11-05T17:33:28,Vessel departed,Completed,Carrier,Rotterdam,
EVT00558-05,SHP00558,5,2024-11-14T08:04:44,Destination port arrival,Completed,Port terminal,Dammam,
EVT00558-06,SHP00558,6,2024-11-14T17:54:16,Customs released,Completed,Forwarder,Dammam,
EVT00558-07,SHP00558,7,2024-11-15T07:33:06,Delivery completed,Delayed,Carrier,Dammam Gas Project Site,Port congestion
EVT00559-01,SHP00559,1,2024-05-10T15:00:00,Booking created,Completed,Forwarder,Bilbao Steel Fabricator,
EVT00559-02,SHP00559,2,2024-05-16T14:34:56,Pickup completed,Completed,Carrier,Bilbao Steel Fabricator,
EVT00559-03,SHP00559,3,2024-05-17T02:49:58,Origin port gate in,Completed,Port terminal,Bilbao,
EVT00559-04,SHP00559,4,2024-05-17T12:41:32,Vessel departed,Completed,Carrier,Bilbao,
EVT00559-05,SHP00559,5,2024-05-19T07:20:46,Destination port arrival,Completed,Port terminal,Marseille-Fos,
EVT00559-06,SHP00559,6,2024-05-19T19:36:42,Customs released,Completed,Forwarder,Marseille-Fos,
EVT00559-07,SHP00559,7,2024-05-20T12:23:52,Delivery completed,Completed,Carrier,Marseille Wind Substation Site,
EVT00560-01,SHP00560,1,2024-12-17T13:00:00,Booking created,Completed,Forwarder,Valencia Export Depot,
EVT00560-02,SHP00560,2,2024-12-31T12:33:19,Pickup completed,Completed,Carrier,Valencia Export Depot,
EVT00560-03,SHP00560,3,2024-12-31T18:37:19,Origin port gate in,Completed,Port terminal,Valencia,
EVT00560-04,SHP00560,4,2025-01-01T05:26:13,Vessel departed,Completed,Carrier,Valencia,
EVT00560-05,SHP00560,5,2025-01-09T11:53:06,Destination port arrival,Completed,Port terminal,Dammam,
EVT00560-06,SHP00560,6,2025-01-09T22:15:09,Customs released,Completed,Forwarder,Dammam,
EVT00560-07,SHP00560,7,2025-01-10T08:37:23,Delivery completed,Completed,Carrier,Dammam Gas Project Site,
EVT00561-01,SHP00561,1,2025-12-13T09:00:00,Booking created,Completed,Forwarder,Puertollano Module Yard,
EVT00561-02,SHP00561,2,2025-12-17T10:38:14,Pickup completed,Completed,Carrier,Puertollano Module Yard,
EVT00561-03,SHP00561,3,2025-12-17T23:34:54,Origin port gate in,Completed,Port terminal,Algeciras,
EVT00561-04,SHP00561,4,2025-12-18T08:56:33,Vessel departed,Completed,Carrier,Algeciras,
EVT00561-05,SHP00561,5,2025-12-19T18:27:32,Destination port arrival,Completed,Port terminal,Casablanca,
EVT00561-06,SHP00561,6,2025-12-20T04:25:33,Customs released,Completed,Forwarder,Casablanca,
EVT00561-07,SHP00561,7,2025-12-20T19:11:38,Delivery completed,Completed,Carrier,Casablanca Desalination Site,
EVT00562-01,SHP00562,1,2025-08-03T13:00:00,Booking created,Completed,Forwarder,Cadiz Module Yard,
EVT00562-02,SHP00562,2,2025-08-18T12:22:03,Pickup completed,Completed,Carrier,Cadiz Module Yard,
EVT00562-03,SHP00562,3,2025-08-18T19:43:56,Origin port gate in,Completed,Port terminal,Algeciras,
EVT00562-04,SHP00562,4,2025-08-19T01:32:49,Vessel departed,Completed,Carrier,Algeciras,
EVT00562-05,SHP00562,5,2025-08-25T15:30:51,Destination port arrival,Completed,Port terminal,Alexandria,
EVT00562-06,SHP00562,6,2025-08-25T22:03:15,Customs released,Completed,Forwarder,Alexandria,
EVT00562-07,SHP00562,7,2025-08-26T09:38:54,Delivery completed,Completed,Carrier,Alexandria Water Project Site,
EVT00563-01,SHP00563,1,2025-05-02T13:00:00,Booking created,Completed,Forwarder,Zaragoza Distribution Hub,
EVT00563-02,SHP00563,2,2025-05-09T14:54:02,Pickup completed,Completed,Carrier,Zaragoza Distribution Hub,
EVT00563-03,SHP00563,3,2025-05-10T05:21:04,Origin port gate in,Completed,Port terminal,Valencia,
EVT00563-04,SHP00563,4,2025-05-10T18:37:11,Vessel departed,Completed,Carrier,Valencia,
EVT00563-05,SHP00563,5,2025-05-14T06:03:28,Destination port arrival,Completed,Port terminal,Casablanca,
EVT00563-06,SHP00563,6,2025-05-14T11:37:58,Customs released,Completed,Forwarder,Casablanca,
EVT00563-07,SHP00563,7,2025-05-15T07:19:07,Delivery completed,Delayed,Carrier,Casablanca Desalination Site,Carrier capacity
EVT00564-01,SHP00564,1,2024-04-09T07:00:00,Booking created,Completed,Forwarder,Bilbao Steel Fabricator,
EVT00564-02,SHP00564,2,2024-04-16T09:55:41,Pickup completed,Completed,Carrier,Bilbao Steel Fabricator,
EVT00564-03,SHP00564,3,2024-04-16T17:58:33,Origin port gate in,Completed,Port terminal,Bilbao,
EVT00564-04,SHP00564,4,2024-04-16T21:25:12,Vessel departed,Completed,Carrier,Bilbao,
EVT00564-05,SHP00564,5,2024-04-19T21:29:08,Destination port arrival,Completed,Port terminal,Rotterdam,
EVT00564-06,SHP00564,6,2024-04-20T02:12:23,Customs released,Completed,Forwarder,Rotterdam,
EVT00564-07,SHP00564,7,2024-04-20T12:04:12,Delivery completed,Completed,Carrier,Rotterdam Consolidation Hub,
EVT00565-01,SHP00565,1,2024-12-04T13:00:00,Booking created,Completed,Forwarder,Rotterdam Consolidation Hub,
EVT00565-02,SHP00565,2,2024-12-11T14:13:51,Pickup completed,Completed,Carrier,Rotterdam Consolidation Hub,
EVT00565-03,SHP00565,3,2024-12-11T20:12:48,Origin port gate in,Completed,Port terminal,Rotterdam,
EVT00565-04,SHP00565,4,2024-12-12T01:39:59,Vessel departed,Completed,Carrier,Rotterdam,
EVT00565-05,SHP00565,5,2024-12-18T11:32:04,Destination port arrival,Completed,Port terminal,Alexandria,
EVT00565-06,SHP00565,6,2024-12-18T19:38:15,Customs released,Completed,Forwarder,Alexandria,
EVT00565-07,SHP00565,7,2024-12-20T12:46:30,Delivery completed,Delayed,Carrier,Alexandria Water Project Site,Customs hold
EVT00566-01,SHP00566,1,2024-09-24T10:00:00,Booking created,Completed,Forwarder,Zaragoza Distribution Hub,
EVT00566-02,SHP00566,2,2024-10-08T10:33:24,Pickup completed,Completed,Carrier,Zaragoza Distribution Hub,
EVT00566-03,SHP00566,3,2024-10-09T13:55:25,Delivery completed,Completed,Carrier,Sines Energy Project Site,
EVT00567-01,SHP00567,1,2025-09-26T12:00:00,Booking created,Completed,Forwarder,Antwerp EPC Supplier Yard,
EVT00567-02,SHP00567,2,2025-09-30T11:02:09,Pickup completed,Completed,Carrier,Antwerp EPC Supplier Yard,
EVT00567-03,SHP00567,3,2025-09-30T14:42:55,Origin port gate in,Completed,Port terminal,Antwerp-Bruges,
EVT00567-04,SHP00567,4,2025-10-01T07:51:30,Vessel departed,Completed,Carrier,Antwerp-Bruges,
EVT00567-05,SHP00567,5,2025-10-08T22:31:08,Destination port arrival,Completed,Port terminal,Dammam,
EVT00567-06,SHP00567,6,2025-10-09T10:09:33,Customs released,Completed,Forwarder,Dammam,
EVT00567-07,SHP00567,7,2025-10-10T00:22:44,Delivery completed,Completed,Carrier,Dammam Gas Project Site,
EVT00568-01,SHP00568,1,2024-02-07T08:00:00,Booking created,Completed,Forwarder,Tarragona Equipment Vendor,
EVT00568-02,SHP00568,2,2024-02-20T09:49:50,Pickup completed,Completed,Carrier,Tarragona Equipment Vendor,
EVT00568-03,SHP00568,3,2024-02-20T22:31:04,Delivery completed,Completed,Carrier,Zaragoza Distribution Hub,
EVT00569-01,SHP00569,1,2024-08-16T14:00:00,Booking created,Completed,Forwarder,Antwerp EPC Supplier Yard,
EVT00569-02,SHP00569,2,2024-08-21T15:26:23,Pickup completed,Completed,Carrier,Antwerp EPC Supplier Yard,
EVT00569-03,SHP00569,3,2024-08-22T03:36:17,Delivery completed,Completed,Carrier,Rotterdam Consolidation Hub,
EVT00570-01,SHP00570,1,2025-04-27T09:00:00,Booking created,Completed,Forwarder,Cadiz Module Yard,
EVT00570-02,SHP00570,2,2025-05-12T08:54:47,Pickup completed,Completed,Carrier,Cadiz Module Yard,
EVT00570-03,SHP00570,3,2025-05-12T20:13:40,Origin port gate in,Completed,Port terminal,Algeciras,
EVT00570-04,SHP00570,4,2025-05-13T02:17:54,Vessel departed,Completed,Carrier,Algeciras,
EVT00570-05,SHP00570,5,2025-05-17T06:06:21,Destination port arrival,Completed,Port terminal,Rotterdam,
EVT00570-06,SHP00570,6,2025-05-17T18:41:46,Customs released,Completed,Forwarder,Rotterdam,
EVT00570-07,SHP00570,7,2025-05-18T04:50:40,Delivery completed,Completed,Carrier,Rotterdam Consolidation Hub,
EVT00571-01,SHP00571,1,2025-01-09T12:00:00,Booking created,Completed,Forwarder,Valencia Export Depot,
EVT00571-02,SHP00571,2,2025-01-13T13:10:48,Pickup completed,Completed,Carrier,Valencia Export Depot,
EVT00571-03,SHP00571,3,2025-01-13T21:03:27,Origin port gate in,Completed,Port terminal,Valencia,
EVT00571-04,SHP00571,4,2025-01-14T06:00:05,Vessel departed,Completed,Carrier,Valencia,
EVT00571-05,SHP00571,5,2025-01-20T15:30:20,Destination port arrival,Completed,Port terminal,Alexandria,
EVT00571-06,SHP00571,6,2025-01-21T06:51:08,Customs released,Completed,Forwarder,Alexandria,
EVT00571-07,SHP00571,7,2025-01-21T19:18:20,Delivery completed,Completed,Carrier,Alexandria Water Project Site,
EVT00572-01,SHP00572,1,2024-03-07T14:00:00,Booking created,Completed,Forwarder,Cadiz Module Yard,
EVT00572-02,SHP00572,2,2024-03-15T16:02:23,Pickup completed,Completed,Carrier,Cadiz Module Yard,
EVT00572-03,SHP00572,3,2024-03-16T10:28:20,Delivery completed,Completed,Carrier,Zaragoza Distribution Hub,
EVT00573-01,SHP00573,1,2025-10-07T11:00:00,Booking created,Completed,Forwarder,Tarragona Equipment Vendor,
EVT00573-02,SHP00573,2,2025-10-13T11:25:12,Pickup completed,Completed,Carrier,Tarragona Equipment Vendor,
EVT00573-03,SHP00573,3,2025-10-13T22:29:41,Origin port gate in,Completed,Port terminal,Barcelona,
EVT00573-04,SHP00573,4,2025-10-14T06:49:31,Vessel departed,Completed,Carrier,Barcelona,
EVT00573-05,SHP00573,5,2025-10-16T08:11:24,Destination port arrival,Completed,Port terminal,Marseille-Fos,
EVT00573-06,SHP00573,6,2025-10-16T15:45:42,Customs released,Completed,Forwarder,Marseille-Fos,
EVT00573-07,SHP00573,7,2025-10-17T05:39:18,Delivery completed,Completed,Carrier,Marseille Wind Substation Site,
EVT00574-01,SHP00574,1,2025-01-16T11:00:00,Booking created,Completed,Forwarder,Antwerp EPC Supplier Yard,
EVT00574-02,SHP00574,2,2025-01-21T10:33:15,Pickup completed,Completed,Carrier,Antwerp EPC Supplier Yard,
EVT00574-03,SHP00574,3,2025-01-21T20:46:31,Origin port gate in,Completed,Port terminal,Antwerp-Bruges,
EVT00574-04,SHP00574,4,2025-01-22T13:52:05,Vessel departed,Completed,Carrier,Antwerp-Bruges,
EVT00574-05,SHP00574,5,2025-01-30T02:16:28,Destination port arrival,Completed,Port terminal,Alexandria,
EVT00574-06,SHP00574,6,2025-01-30T10:27:28,Customs released,Completed,Forwarder,Alexandria,
EVT00574-07,SHP00574,7,2025-01-30T23:05:54,Delivery completed,Delayed,Carrier,Alexandria Water Project Site,Customs hold
EVT00575-01,SHP00575,1,2024-08-27T10:00:00,Booking created,Completed,Forwarder,Cadiz Module Yard,
EVT00575-02,SHP00575,2,2024-09-01T09:11:38,Pickup completed,Completed,Carrier,Cadiz Module Yard,
EVT00575-03,SHP00575,3,2024-09-01T18:40:54,Origin port gate in,Completed,Port terminal,Algeciras,
EVT00575-04,SHP00575,4,2024-09-02T11:05:09,Vessel departed,Completed,Carrier,Algeciras,
EVT00575-05,SHP00575,5,2024-09-09T19:23:42,Destination port arrival,Completed,Port terminal,Alexandria,
EVT00575-06,SHP00575,6,2024-09-09T21:10:45,Customs released,Completed,Forwarder,Alexandria,
EVT00575-07,SHP00575,7,2024-09-10T13:39:14,Delivery completed,Completed,Carrier,Alexandria Water Project Site,
EVT00576-01,SHP00576,1,2024-11-09T10:00:00,Booking created,Completed,Forwarder,Tarragona Equipment Vendor,
EVT00576-02,SHP00576,2,2024-11-20T12:43:30,Pickup completed,Completed,Carrier,Tarragona Equipment Vendor,
EVT00576-03,SHP00576,3,2024-11-20T23:34:28,Origin port gate in,Completed,Port terminal,Barcelona,
EVT00576-04,SHP00576,4,2024-11-21T06:01:37,Vessel departed,Completed,Carrier,Barcelona,
EVT00576-05,SHP00576,5,2024-11-30T10:17:10,Customs released,Completed,Forwarder,Dammam,
EVT00576-06,SHP00576,6,2024-11-30T12:24:47,Destination port arrival,Completed,Port terminal,Dammam,
EVT00576-07,SHP00576,7,2024-11-30T21:50:05,Delivery completed,Delayed,Carrier,Dammam Gas Project Site,Weather disruption
EVT00577-01,SHP00577,1,2024-07-03T14:00:00,Booking created,Completed,Forwarder,Antwerp EPC Supplier Yard,
EVT00577-02,SHP00577,2,2024-07-10T15:47:07,Pickup completed,Completed,Carrier,Antwerp EPC Supplier Yard,
EVT00577-03,SHP00577,3,2024-07-10T23:42:03,Origin port gate in,Completed,Port terminal,Antwerp-Bruges,
EVT00577-04,SHP00577,4,2024-07-11T08:24:05,Vessel departed,Completed,Carrier,Antwerp-Bruges,
EVT00577-05,SHP00577,5,2024-07-15T15:39:24,Destination port arrival,Completed,Port terminal,Sines,
EVT00577-06,SHP00577,6,2024-07-15T22:35:31,Customs released,Completed,Forwarder,Sines,
EVT00577-07,SHP00577,7,2024-07-16T17:59:44,Delivery completed,Completed,Carrier,Sines Energy Project Site,
EVT00578-01,SHP00578,1,2025-06-29T12:00:00,Booking created,Completed,Forwarder,Milan Valve Plant,
EVT00578-02,SHP00578,2,2025-07-07T13:20:31,Pickup completed,Completed,Carrier,Milan Valve Plant,
EVT00578-03,SHP00578,3,2025-07-07T22:53:19,Origin port gate in,Completed,Port terminal,Genoa,
EVT00578-04,SHP00578,4,2025-07-08T14:08:24,Vessel departed,Completed,Carrier,Genoa,
EVT00578-05,SHP00578,5,2025-07-16T00:26:17,Destination port arrival,Completed,Port terminal,Dammam,
EVT00578-06,SHP00578,6,2025-07-16T09:47:29,Customs released,Completed,Forwarder,Dammam,
EVT00578-07,SHP00578,7,2025-07-16T13:58:32,Delivery completed,Delayed,Carrier,Dammam Gas Project Site,Carrier capacity
EVT00579-01,SHP00579,1,2025-10-05T15:00:00,Booking created,Completed,Forwarder,Madrid Cross Dock,
EVT00579-02,SHP00579,2,2025-10-15T16:10:46,Pickup completed,Completed,Carrier,Madrid Cross Dock,
EVT00579-03,SHP00579,3,2025-10-16T07:48:40,Delivery completed,Completed,Carrier,Zaragoza Distribution Hub,
EVT00580-01,SHP00580,1,2024-11-27T07:00:00,Booking created,Completed,Forwarder,Cadiz Module Yard,
EVT00580-02,SHP00580,2,2024-12-06T09:03:37,Pickup completed,Completed,Carrier,Cadiz Module Yard,
EVT00580-03,SHP00580,3,2024-12-06T22:03:18,Origin port gate in,Completed,Port terminal,Algeciras,
EVT00580-04,SHP00580,4,2024-12-07T10:11:12,Vessel departed,Completed,Carrier,Algeciras,
EVT00580-05,SHP00580,5,2024-12-09T11:45:10,Customs released,Completed,Forwarder,Casablanca,
EVT00580-06,SHP00580,6,2024-12-09T13:10:29,Destination port arrival,Completed,Port terminal,Casablanca,
EVT00580-07,SHP00580,7,2024-12-10T05:17:19,Delivery completed,Delayed,Carrier,Casablanca Desalination Site,Port congestion
EVT00581-01,SHP00581,1,2024-01-25T13:00:00,Booking created,Completed,Forwarder,Puertollano Module Yard,
EVT00581-02,SHP00581,2,2024-02-07T14:48:46,Pickup completed,Completed,Carrier,Puertollano Module Yard,
EVT00581-03,SHP00581,3,2024-02-08T12:32:47,Origin port gate in,Completed,Port terminal,Algeciras,
EVT00581-04,SHP00581,4,2024-02-09T00:15:05,Vessel departed,Completed,Carrier,Algeciras,
EVT00581-05,SHP00581,5,2024-02-10T14:11:35,Destination port arrival,Completed,Port terminal,Casablanca,
EVT00581-06,SHP00581,6,2024-02-10T18:52:04,Customs released,Completed,Forwarder,Casablanca,
EVT00581-07,SHP00581,7,2024-02-11T07:21:40,Delivery completed,Completed,Carrier,Casablanca Desalination Site,
EVT00582-01,SHP00582,1,2024-07-15T13:00:00,Booking created,Completed,Forwarder,Milan Valve Plant,
EVT00582-02,SHP00582,2,2024-07-30T14:15:06,Pickup completed,Completed,Carrier,Milan Valve Plant,
EVT00582-03,SHP00582,3,2024-07-31T14:47:42,Origin port gate in,Completed,Port terminal,Genoa,
EVT00582-04,SHP00582,4,2024-07-31T23:08:03,Vessel departed,Completed,Carrier,Genoa,
EVT00582-05,SHP00582,5,2024-08-03T17:53:04,Destination port arrival,Completed,Port terminal,Rotterdam,
EVT00582-06,SHP00582,6,2024-08-04T04:28:59,Customs released,Completed,Forwarder,Rotterdam,
EVT00582-07,SHP00582,7,2024-08-04T16:43:13,Delivery completed,Completed,Carrier,Rotterdam Consolidation Hub,
EVT00583-01,SHP00583,1,2024-04-05T13:00:00,Booking created,Completed,Forwarder,Valencia Export Depot,
EVT00583-02,SHP00583,2,2024-04-16T14:27:06,Pickup completed,Completed,Carrier,Valencia Export Depot,
EVT00583-03,SHP00583,3,2024-04-16T18:31:17,Origin port gate in,Completed,Port terminal,Valencia,
EVT00583-04,SHP00583,4,2024-04-17T04:32:39,Vessel departed,Completed,Carrier,Valencia,
EVT00583-05,SHP00583,5,2024-04-21T03:13:42,Destination port arrival,Completed,Port terminal,Rotterdam,
EVT00583-06,SHP00583,6,2024-04-21T07:05:06,Customs released,Completed,Forwarder,Rotterdam,
EVT00583-07,SHP00583,7,2024-04-21T17:49:10,Delivery completed,Completed,Carrier,Rotterdam Consolidation Hub,
EVT00584-01,SHP00584,1,2025-06-09T09:00:00,Booking created,Completed,Forwarder,Zaragoza Distribution Hub,
EVT00584-02,SHP00584,2,2025-06-17T10:16:56,Pickup completed,Completed,Carrier,Zaragoza Distribution Hub,
EVT00584-03,SHP00584,3,2025-06-18T03:45:47,Origin port gate in,Completed,Port terminal,Valencia,
EVT00584-04,SHP00584,4,2025-06-18T12:37:41,Vessel departed,Completed,Carrier,Valencia,
EVT00584-05,SHP00584,5,2025-06-21T18:39:22,Destination port arrival,Completed,Port terminal,Marseille-Fos,
EVT00584-06,SHP00584,6,2025-06-22T09:22:35,Customs released,Completed,Forwarder,Marseille-Fos,
EVT00584-07,SHP00584,7,2025-06-22T19:38:06,Delivery completed,Delayed,Carrier,Marseille Wind Substation Site,Carrier capacity
EVT00585-01,SHP00585,1,2025-01-23T13:00:00,Booking created,Completed,Forwarder,Cadiz Module Yard,
EVT00585-02,SHP00585,2,2025-01-29T14:53:47,Pickup completed,Completed,Carrier,Cadiz Module Yard,
EVT00585-03,SHP00585,3,2025-01-29T23:45:00,Origin port gate in,Completed,Port terminal,Algeciras,
EVT00585-04,SHP00585,4,2025-01-30T10:38:18,Vessel departed,Completed,Carrier,Algeciras,
EVT00585-05,SHP00585,5,2025-02-01T14:57:19,Destination port arrival,Completed,Port terminal,Casablanca,
EVT00585-06,SHP00585,6,2025-02-01T20:06:40,Customs released,Completed,Forwarder,Casablanca,
EVT00585-07,SHP00585,7,2025-02-02T06:47:32,Delivery completed,Completed,Carrier,Casablanca Desalination Site,
EVT00586-01,SHP00586,1,2024-08-12T08:00:00,Booking created,Completed,Forwarder,Antwerp EPC Supplier Yard,
EVT00586-02,SHP00586,2,2024-08-19T08:00:24,Pickup completed,Completed,Carrier,Antwerp EPC Supplier Yard,
EVT00586-03,SHP00586,3,2024-08-19T22:25:58,Origin port gate in,Completed,Port terminal,Antwerp-Bruges,
EVT00586-04,SHP00586,4,2024-08-20T07:52:19,Vessel departed,Completed,Carrier,Antwerp-Bruges,
EVT00586-05,SHP00586,5,2024-08-28T05:56:29,Destination port arrival,Completed,Port terminal,Dammam,
EVT00586-06,SHP00586,6,2024-08-28T11:15:38,Customs released,Completed,Forwarder,Dammam,
EVT00586-07,SHP00586,7,2024-08-29T01:29:06,Delivery completed,Completed,Carrier,Dammam Gas Project Site,
EVT00587-01,SHP00587,1,2025-01-21T12:00:00,Booking created,Completed,Forwarder,Milan Valve Plant,
EVT00587-02,SHP00587,2,2025-02-04T12:45:00,Pickup completed,Completed,Carrier,Milan Valve Plant,
EVT00587-03,SHP00587,3,2025-02-05T01:15:15,Origin port gate in,Completed,Port terminal,Genoa,
EVT00587-04,SHP00587,4,2025-02-05T08:52:25,Vessel departed,Completed,Carrier,Genoa,
EVT00587-05,SHP00587,5,2025-02-09T16:43:08,Destination port arrival,Completed,Port terminal,Alexandria,
EVT00587-06,SHP00587,6,2025-02-09T18:36:28,Customs released,Completed,Forwarder,Alexandria,
EVT00587-07,SHP00587,7,2025-02-10T07:19:30,Delivery completed,Completed,Carrier,Alexandria Water Project Site,
EVT00588-01,SHP00588,1,2025-04-04T09:00:00,Booking created,Completed,Forwarder,Cadiz Module Yard,
EVT00588-02,SHP00588,2,2025-04-09T09:28:02,Pickup completed,Completed,Carrier,Cadiz Module Yard,
EVT00588-03,SHP00588,3,2025-04-09T23:42:30,Origin port gate in,Completed,Port terminal,Algeciras,
EVT00588-04,SHP00588,4,2025-04-10T13:14:28,Vessel departed,Completed,Carrier,Algeciras,
EVT00588-05,SHP00588,5,2025-04-21T23:59:53,Customs released,Completed,Forwarder,Dammam,
EVT00588-06,SHP00588,6,2025-04-22T03:17:59,Destination port arrival,Completed,Port terminal,Dammam,
EVT00588-07,SHP00588,7,2025-04-22T14:33:26,Delivery completed,Completed,Carrier,Dammam Gas Project Site,
EVT00589-01,SHP00589,1,2025-03-07T09:00:00,Booking created,Completed,Forwarder,Bilbao Steel Fabricator,
EVT00589-02,SHP00589,2,2025-03-17T08:26:44,Pickup completed,Completed,Carrier,Bilbao Steel Fabricator,
EVT00589-03,SHP00589,3,2025-03-18T13:44:50,Delivery completed,Completed,Carrier,Casablanca Desalination Site,
EVT00590-01,SHP00590,1,2025-07-09T13:00:00,Booking created,Completed,Forwarder,Milan Valve Plant,
EVT00590-02,SHP00590,2,2025-07-14T12:40:53,Pickup completed,Completed,Carrier,Milan Valve Plant,
EVT00590-03,SHP00590,3,2025-07-15T11:59:26,Delivery completed,Completed,Carrier,Zaragoza Distribution Hub,
EVT00591-01,SHP00591,1,2025-02-20T12:00:00,Booking created,Completed,Forwarder,Zaragoza Distribution Hub,
EVT00591-02,SHP00591,2,2025-02-27T12:13:14,Pickup completed,Completed,Carrier,Zaragoza Distribution Hub,
EVT00591-03,SHP00591,3,2025-02-28T05:47:26,Origin port gate in,Completed,Port terminal,Valencia,
EVT00591-04,SHP00591,4,2025-02-28T13:11:17,Vessel departed,Completed,Carrier,Valencia,
EVT00591-05,SHP00591,5,2025-03-08T21:56:18,Destination port arrival,Completed,Port terminal,Dammam,
EVT00591-06,SHP00591,6,2025-03-08T23:37:09,Customs released,Completed,Forwarder,Dammam,
EVT00591-07,SHP00591,7,2025-03-09T13:51:03,Delivery completed,Completed,Carrier,Dammam Gas Project Site,
EVT00592-01,SHP00592,1,2024-02-09T07:00:00,Booking created,Completed,Forwarder,Valencia Export Depot,
EVT00592-02,SHP00592,2,2024-02-13T08:14:41,Pickup completed,Completed,Carrier,Valencia Export Depot,
EVT00592-03,SHP00592,3,2024-02-13T20:40:27,Origin port gate in,Completed,Port terminal,Valencia,
EVT00592-04,SHP00592,4,2024-02-14T02:10:14,Vessel departed,Completed,Carrier,Valencia,
EVT00592-05,SHP00592,5,2024-02-16T16:04:59,Destination port arrival,Completed,Port terminal,Sines,
EVT00592-06,SHP00592,6,2024-02-17T06:46:19,Customs released,Completed,Forwarder,Sines,
EVT00592-07,SHP00592,7,2024-02-17T16:22:39,Delivery completed,Completed,Carrier,Sines Energy Project Site,
EVT00593-01,SHP00593,1,2024-02-03T11:00:00,Booking created,Completed,Forwarder,Milan Valve Plant,
EVT00593-02,SHP00593,2,2024-02-12T10:16:20,Pickup completed,Completed,Carrier,Milan Valve Plant,
EVT00593-03,SHP00593,3,2024-02-12T16:00:19,Origin port gate in,Completed,Port terminal,Genoa,
EVT00593-04,SHP00593,4,2024-02-13T05:15:27,Vessel departed,Completed,Carrier,Genoa,
EVT00593-05,SHP00593,5,2024-02-18T04:50:14,Destination port arrival,Completed,Port terminal,Sines,
EVT00593-06,SHP00593,6,2024-02-18T14:49:29,Customs released,Completed,Forwarder,Sines,
EVT00593-07,SHP00593,7,2024-02-19T03:01:53,Delivery completed,Completed,Carrier,Sines Energy Project Site,
EVT00594-01,SHP00594,1,2024-08-02T12:00:00,Booking created,Completed,Forwarder,Antwerp EPC Supplier Yard,
EVT00594-02,SHP00594,2,2024-08-07T11:35:55,Pickup completed,Completed,Carrier,Antwerp EPC Supplier Yard,
EVT00594-03,SHP00594,3,2024-08-07T17:28:39,Origin port gate in,Completed,Port terminal,Antwerp-Bruges,
EVT00594-04,SHP00594,4,2024-08-08T07:28:02,Vessel departed,Completed,Carrier,Antwerp-Bruges,
EVT00594-05,SHP00594,5,2024-08-12T12:48:32,Destination port arrival,Completed,Port terminal,Sines,
EVT00594-06,SHP00594,6,2024-08-13T02:35:52,Customs released,Completed,Forwarder,Sines,
EVT00594-07,SHP00594,7,2024-08-13T13:54:06,Delivery completed,Delayed,Carrier,Sines Energy Project Site,None
EVT00595-01,SHP00595,1,2025-10-19T12:00:00,Booking created,Completed,Forwarder,Puertollano Module Yard,
EVT00595-02,SHP00595,2,2025-11-03T14:51:33,Pickup completed,Completed,Carrier,Puertollano Module Yard,
EVT00595-03,SHP00595,3,2025-11-04T01:37:28,Origin port gate in,Completed,Port terminal,Algeciras,
EVT00595-04,SHP00595,4,2025-11-04T14:43:43,Vessel departed,Completed,Carrier,Algeciras,
EVT00595-05,SHP00595,5,2025-11-14T11:43:44,Destination port arrival,Completed,Port terminal,Dammam,
EVT00595-06,SHP00595,6,2025-11-14T20:00:20,Customs released,Completed,Forwarder,Dammam,
EVT00595-07,SHP00595,7,2025-11-15T09:10:59,Delivery completed,Completed,Carrier,Dammam Gas Project Site,
EVT00596-01,SHP00596,1,2025-08-21T13:00:00,Booking created,Completed,Forwarder,Antwerp EPC Supplier Yard,
EVT00596-02,SHP00596,2,2025-08-28T13:49:00,Pickup completed,Completed,Carrier,Antwerp EPC Supplier Yard,
EVT00596-03,SHP00596,3,2025-08-28T18:09:50,Origin port gate in,Completed,Port terminal,Antwerp-Bruges,
EVT00596-04,SHP00596,4,2025-08-29T10:27:08,Vessel departed,Completed,Carrier,Antwerp-Bruges,
EVT00596-05,SHP00596,5,2025-09-02T19:41:02,Customs released,Completed,Forwarder,Casablanca,
EVT00596-06,SHP00596,6,2025-09-02T21:47:47,Destination port arrival,Completed,Port terminal,Casablanca,
EVT00596-07,SHP00596,7,2025-09-03T08:41:42,Delivery completed,Completed,Carrier,Casablanca Desalination Site,
EVT00597-01,SHP00597,1,2025-06-17T11:00:00,Booking created,Completed,Forwarder,Zaragoza Distribution Hub,
EVT00597-02,SHP00597,2,2025-06-23T11:27:12,Pickup completed,Completed,Carrier,Zaragoza Distribution Hub,
EVT00597-03,SHP00597,3,2025-06-24T04:55:13,Origin port gate in,Completed,Port terminal,Valencia,
EVT00597-04,SHP00597,4,2025-06-24T13:13:23,Vessel departed,Completed,Carrier,Valencia,
EVT00597-05,SHP00597,5,2025-06-27T08:48:43,Destination port arrival,Completed,Port terminal,Marseille-Fos,
EVT00597-06,SHP00597,6,2025-06-27T11:39:06,Customs released,Completed,Forwarder,Marseille-Fos,
EVT00597-07,SHP00597,7,2025-06-27T22:35:25,Delivery completed,Completed,Carrier,Marseille Wind Substation Site,
EVT00598-01,SHP00598,1,2025-06-01T08:00:00,Booking created,Completed,Forwarder,Zaragoza Distribution Hub,
EVT00598-02,SHP00598,2,2025-06-11T07:31:43,Pickup completed,Completed,Carrier,Zaragoza Distribution Hub,
EVT00598-03,SHP00598,3,2025-06-11T23:31:11,Origin port gate in,Completed,Port terminal,Valencia,
EVT00598-04,SHP00598,4,2025-06-12T03:02:51,Vessel departed,Completed,Carrier,Valencia,
EVT00598-05,SHP00598,5,2025-06-21T23:07:33,Destination port arrival,Completed,Port terminal,Dammam,
EVT00598-06,SHP00598,6,2025-06-22T00:02:35,Customs released,Completed,Forwarder,Dammam,
EVT00598-07,SHP00598,7,2025-06-22T15:11:15,Delivery completed,Completed,Carrier,Dammam Gas Project Site,
EVT00599-01,SHP00599,1,2025-05-20T14:00:00,Booking created,Completed,Forwarder,Valencia Export Depot,
EVT00599-02,SHP00599,2,2025-05-29T14:31:12,Pickup completed,Completed,Carrier,Valencia Export Depot,
EVT00599-03,SHP00599,3,2025-05-29T20:00:25,Origin port gate in,Completed,Port terminal,Valencia,
EVT00599-04,SHP00599,4,2025-05-30T10:18:29,Vessel departed,Completed,Carrier,Valencia,
EVT00599-05,SHP00599,5,2025-06-07T15:45:47,Destination port arrival,Completed,Port terminal,Dammam,
EVT00599-06,SHP00599,6,2025-06-08T00:14:09,Customs released,Completed,Forwarder,Dammam,
EVT00599-07,SHP00599,7,2025-06-09T08:13:36,Delivery completed,Delayed,Carrier,Dammam Gas Project Site,Weather disruption
EVT00600-01,SHP00600,1,2024-08-14T11:00:00,Booking created,Completed,Forwarder,Milan Valve Plant,
EVT00600-02,SHP00600,2,2024-08-27T11:32:52,Pickup completed,Completed,Carrier,Milan Valve Plant,
EVT00600-03,SHP00600,3,2024-08-27T23:41:15,Origin port gate in,Completed,Port terminal,Genoa,
EVT00600-04,SHP00600,4,2024-08-28T05:24:42,Vessel departed,Completed,Carrier,Genoa,
EVT00600-05,SHP00600,5,2024-09-03T05:41:10,Destination port arrival,Completed,Port terminal,Alexandria,
EVT00600-06,SHP00600,6,2024-09-03T08:14:08,Customs released,Completed,Forwarder,Alexandria,
EVT00600-07,SHP00600,7,2024-09-03T20:17:15,Delivery completed,Completed,Carrier,Alexandria Water Project Site,
EVT00601-01,SHP00601,1,2024-05-10T08:00:00,Booking created,Completed,Forwarder,Bilbao Steel Fabricator,
EVT00601-02,SHP00601,2,2024-05-17T07:26:11,Pickup completed,Completed,Carrier,Bilbao Steel Fabricator,
EVT00601-03,SHP00601,3,2024-05-18T17:12:02,Delivery completed,Completed,Carrier,Rotterdam Consolidation Hub,
EVT00602-01,SHP00602,1,2024-08-17T09:00:00,Booking created,Completed,Forwarder,Antwerp EPC Supplier Yard,
EVT00602-02,SHP00602,2,2024-08-30T09:25:25,Pickup completed,Completed,Carrier,Antwerp EPC Supplier Yard,
EVT00602-03,SHP00602,3,2024-08-30T15:27:26,Origin port gate in,Completed,Port terminal,Antwerp-Bruges,
EVT00602-04,SHP00602,4,2024-08-30T20:37:30,Vessel departed,Completed,Carrier,Antwerp-Bruges,
EVT00602-05,SHP00602,5,2024-09-04T06:36:16,Destination port arrival,Completed,Port terminal,Valencia,
EVT00602-06,SHP00602,6,2024-09-04T11:50:47,Customs released,Completed,Forwarder,Valencia,
EVT00602-07,SHP00602,7,2024-09-05T05:30:06,Delivery completed,Completed,Carrier,Zaragoza Distribution Hub,
EVT00603-01,SHP00603,1,2025-05-17T12:00:00,Booking created,Completed,Forwarder,Cadiz Module Yard,
EVT00603-02,SHP00603,2,2025-05-26T11:22:05,Pickup completed,Completed,Carrier,Cadiz Module Yard,
EVT00603-03,SHP00603,3,2025-05-26T18:32:15,Origin port gate in,Completed,Port terminal,Algeciras,
EVT00603-04,SHP00603,4,2025-05-27T03:28:11,Vessel departed,Completed,Carrier,Algeciras,
EVT00603-05,SHP00603,5,2025-05-29T18:17:08,Destination port arrival,Completed,Port terminal,Sines,
EVT00603-06,SHP00603,6,2025-05-30T05:10:25,Customs released,Completed,Forwarder,Sines,
EVT00603-07,SHP00603,7,2025-05-30T15:32:06,Delivery completed,Completed,Carrier,Sines Energy Project Site,
EVT00604-01,SHP00604,1,2024-05-02T10:00:00,Booking created,Completed,Forwarder,Valencia Export Depot,
EVT00604-02,SHP00604,2,2024-05-15T11:29:25,Pickup completed,Completed,Carrier,Valencia Export Depot,
EVT00604-03,SHP00604,3,2024-05-15T18:16:48,Origin port gate in,Completed,Port terminal,Valencia,
EVT00604-04,SHP00604,4,2024-05-16T04:47:50,Vessel departed,Completed,Carrier,Valencia,
EVT00604-05,SHP00604,5,2024-05-20T03:28:54,Destination port arrival,Completed,Port terminal,Sines,
EVT00604-06,SHP00604,6,2024-05-20T15:02:18,Customs released,Completed,Forwarder,Sines,
EVT00604-07,SHP00604,7,2024-05-21T04:58:00,Delivery completed,Delayed,Carrier,Sines Energy Project Site,Customs hold
EVT00605-01,SHP00605,1,2025-04-03T11:00:00,Booking created,Completed,Forwarder,Cadiz Module Yard,
EVT00605-02,SHP00605,2,2025-04-09T10:30:54,Pickup completed,Completed,Carrier,Cadiz Module Yard,
EVT00605-03,SHP00605,3,2025-04-09T20:13:51,Origin port gate in,Completed,Port terminal,Algeciras,
EVT00605-04,SHP00605,4,2025-04-10T05:37:27,Vessel departed,Completed,Carrier,Algeciras,
EVT00605-05,SHP00605,5,2025-04-12T17:35:59,Destination port arrival,Completed,Port terminal,Valencia,
EVT00605-06,SHP00605,6,2025-04-12T22:58:26,Customs released,Completed,Forwarder,Valencia,
EVT00605-07,SHP00605,7,2025-04-13T14:51:14,Delivery completed,Completed,Carrier,Zaragoza Distribution Hub,
EVT00606-01,SHP00606,1,2024-11-03T13:00:00,Booking created,Completed,Forwarder,Bilbao Steel Fabricator,
EVT00606-02,SHP00606,2,2024-11-13T14:49:30,Pickup completed,Completed,Carrier,Bilbao Steel Fabricator,
EVT00606-03,SHP00606,3,2024-11-14T01:38:04,Origin port gate in,Completed,Port terminal,Bilbao,
EVT00606-04,SHP00606,4,2024-11-14T11:31:42,Vessel departed,Completed,Carrier,Bilbao,
EVT00606-05,SHP00606,5,2024-11-24T03:50:27,Destination port arrival,Completed,Port terminal,Dammam,
EVT00606-06,SHP00606,6,2024-11-24T03:59:24,Customs released,Completed,Forwarder,Dammam,
EVT00606-07,SHP00606,7,2024-11-24T15:15:24,Delivery completed,Completed,Carrier,Dammam Gas Project Site,
EVT00607-01,SHP00607,1,2024-09-25T12:00:00,Booking created,Completed,Forwarder,Milan Valve Plant,
EVT00607-02,SHP00607,2,2024-10-09T12:24:50,Pickup completed,Completed,Carrier,Milan Valve Plant,
EVT00607-03,SHP00607,3,2024-10-11T10:25:48,Delivery completed,Completed,Carrier,Casablanca Desalination Site,
EVT00608-01,SHP00608,1,2025-05-22T13:00:00,Booking created,Completed,Forwarder,Milan Valve Plant,
EVT00608-02,SHP00608,2,2025-06-02T13:23:05,Pickup completed,Completed,Carrier,Milan Valve Plant,
EVT00608-03,SHP00608,3,2025-06-03T01:40:16,Origin port gate in,Completed,Port terminal,Genoa,
EVT00608-04,SHP00608,4,2025-06-03T07:24:05,Vessel departed,Completed,Carrier,Genoa,
EVT00608-05,SHP00608,5,2025-06-10T20:10:13,Destination port arrival,Completed,Port terminal,Dammam,
EVT00608-06,SHP00608,6,2025-06-10T23:50:04,Customs released,Completed,Forwarder,Dammam,
EVT00608-07,SHP00608,7,2025-06-11T06:47:03,Delivery completed,Completed,Carrier,Dammam Gas Project Site,
EVT00609-01,SHP00609,1,2025-06-28T12:00:00,Booking created,Completed,Forwarder,Zaragoza Distribution Hub,
EVT00609-02,SHP00609,2,2025-07-10T11:20:43,Pickup completed,Completed,Carrier,Zaragoza Distribution Hub,
EVT00609-03,SHP00609,3,2025-07-10T23:19:41,Origin port gate in,Completed,Port terminal,Valencia,
EVT00609-04,SHP00609,4,2025-07-11T07:30:44,Vessel departed,Completed,Carrier,Valencia,
EVT00609-05,SHP00609,5,2025-07-13T20:34:50,Destination port arrival,Completed,Port terminal,Sines,
EVT00609-06,SHP00609,6,2025-07-14T10:32:06,Customs released,Completed,Forwarder,Sines,
EVT00609-07,SHP00609,7,2025-07-14T23:25:50,Delivery completed,Completed,Carrier,Sines Energy Project Site,
EVT00610-01,SHP00610,1,2024-07-11T15:00:00,Booking created,Completed,Forwarder,Cadiz Module Yard,
EVT00610-02,SHP00610,2,2024-07-25T14:11:35,Pickup completed,Completed,Carrier,Cadiz Module Yard,
EVT00610-03,SHP00610,3,2024-07-25T22:04:25,Origin port gate in,Completed,Port terminal,Algeciras,
EVT00610-04,SHP00610,4,2024-07-26T06:01:40,Vessel departed,Completed,Carrier,Algeciras,
EVT00610-05,SHP00610,5,2024-07-28T20:16:55,Destination port arrival,Completed,Port terminal,Marseille-Fos,
EVT00610-06,SHP00610,6,2024-07-29T04:33:35,Customs released,Completed,Forwarder,Marseille-Fos,
EVT00610-07,SHP00610,7,2024-07-29T15:05:29,Delivery completed,Completed,Carrier,Marseille Wind Substation Site,
EVT00611-01,SHP00611,1,2024-11-16T07:00:00,Booking created,Completed,Forwarder,Bilbao Steel Fabricator,
EVT00611-02,SHP00611,2,2024-11-25T09:22:40,Pickup completed,Completed,Carrier,Bilbao Steel Fabricator,
EVT00611-03,SHP00611,3,2024-11-29T21:23:13,Delivery completed,Completed,Carrier,Dammam Gas Project Site,
EVT00612-01,SHP00612,1,2024-10-10T13:00:00,Booking created,Completed,Forwarder,Puertollano Module Yard,
EVT00612-02,SHP00612,2,2024-10-23T13:12:04,Pickup completed,Completed,Carrier,Puertollano Module Yard,
EVT00612-03,SHP00612,3,2024-10-24T00:34:27,Origin port gate in,Completed,Port terminal,Algeciras,
EVT00612-04,SHP00612,4,2024-10-24T06:15:35,Vessel departed,Completed,Carrier,Algeciras,
EVT00612-05,SHP00612,5,2024-10-28T03:46:44,Destination port arrival,Completed,Port terminal,Marseille-Fos,
EVT00612-06,SHP00612,6,2024-10-28T07:07:03,Customs released,Completed,Forwarder,Marseille-Fos,
EVT00612-07,SHP00612,7,2024-10-29T10:01:21,Delivery completed,Completed,Carrier,Marseille Wind Substation Site,
EVT00613-01,SHP00613,1,2024-01-03T15:00:00,Booking created,Completed,Forwarder,Milan Valve Plant,
EVT00613-02,SHP00613,2,2024-01-09T16:11:08,Pickup completed,Completed,Carrier,Milan Valve Plant,
EVT00613-03,SHP00613,3,2024-01-10T23:59:54,Delivery completed,Completed,Carrier,Zaragoza Distribution Hub,
EVT00614-01,SHP00614,1,2024-08-17T07:00:00,Booking created,Completed,Forwarder,Cadiz Module Yard,
EVT00614-02,SHP00614,2,2024-08-25T07:33:37,Pickup completed,Completed,Carrier,Cadiz Module Yard,
EVT00614-03,SHP00614,3,2024-08-25T11:21:51,Origin port gate in,Completed,Port terminal,Algeciras,
EVT00614-04,SHP00614,4,2024-08-25T18:31:26,Vessel departed,Completed,Carrier,Algeciras,
EVT00614-05,SHP00614,5,2024-08-29T13:48:42,Destination port arrival,Completed,Port terminal,Rotterdam,
EVT00614-06,SHP00614,6,2024-08-29T21:20:31,Customs released,Completed,Forwarder,Rotterdam,
EVT00614-07,SHP00614,7,2024-08-30T12:45:49,Delivery completed,Completed,Carrier,Rotterdam Consolidation Hub,
EVT00615-01,SHP00615,1,2024-07-17T11:00:00,Booking created,Completed,Forwarder,Bilbao Steel Fabricator,
EVT00615-02,SHP00615,2,2024-07-29T13:33:32,Pickup completed,Completed,Carrier,Bilbao Steel Fabricator,
EVT00615-03,SHP00615,3,2024-07-29T21:36:17,Origin port gate in,Completed,Port terminal,Bilbao,
EVT00615-04,SHP00615,4,2024-07-30T14:56:57,Vessel departed,Completed,Carrier,Bilbao,
EVT00615-05,SHP00615,5,2024-08-08T23:27:39,Destination port arrival,Completed,Port terminal,Dammam,
EVT00615-06,SHP00615,6,2024-08-09T04:16:52,Customs released,Completed,Forwarder,Dammam,
EVT00615-07,SHP00615,7,2024-08-09T18:46:27,Delivery completed,Delayed,Carrier,Dammam Gas Project Site,Carrier capacity
EVT00616-01,SHP00616,1,2025-12-14T09:00:00,Booking created,Completed,Forwarder,Cadiz Module Yard,
EVT00616-02,SHP00616,2,2025-12-24T09:43:06,Pickup completed,Completed,Carrier,Cadiz Module Yard,
EVT00616-03,SHP00616,3,2025-12-24T18:00:48,Origin port gate in,Completed,Port terminal,Algeciras,
EVT00616-04,SHP00616,4,2025-12-25T04:10:16,Vessel departed,Completed,Carrier,Algeciras,
EVT00616-05,SHP00616,5,2025-12-26T09:13:12,Destination port arrival,Completed,Port terminal,Casablanca,
EVT00616-06,SHP00616,6,2025-12-26T18:14:56,Customs released,Completed,Forwarder,Casablanca,
EVT00616-07,SHP00616,7,2025-12-27T09:03:56,Delivery completed,Completed,Carrier,Casablanca Desalination Site,
EVT00617-01,SHP00617,1,2024-06-16T08:00:00,Booking created,Completed,Forwarder,Cadiz Module Yard,
EVT00617-02,SHP00617,2,2024-07-01T09:39:02,Pickup completed,Completed,Carrier,Cadiz Module Yard,
EVT00617-03,SHP00617,3,2024-07-01T16:40:14,Origin port gate in,Completed,Port terminal,Algeciras,
EVT00617-04,SHP00617,4,2024-07-02T04:53:32,Vessel departed,Completed,Carrier,Algeciras,
EVT00617-05,SHP00617,5,2024-07-06T07:47:27,Customs released,Completed,Forwarder,Marseille-Fos,
EVT00617-06,SHP00617,6,2024-07-06T10:13:26,Destination port arrival,Completed,Port terminal,Marseille-Fos,
EVT00617-07,SHP00617,7,2024-07-07T23:25:47,Delivery completed,Delayed,Carrier,Marseille Wind Substation Site,Documentation issue
EVT00618-01,SHP00618,1,2025-07-22T07:00:00,Booking created,Completed,Forwarder,Rotterdam Consolidation Hub,
EVT00618-02,SHP00618,2,2025-07-28T08:41:49,Pickup completed,Completed,Carrier,Rotterdam Consolidation Hub,
EVT00618-03,SHP00618,3,2025-07-30T06:19:30,Delivery completed,Completed,Carrier,Sines Energy Project Site,
EVT00619-01,SHP00619,1,2025-11-03T12:00:00,Booking created,Completed,Forwarder,Lyon Fabrication Partner,
EVT00619-02,SHP00619,2,2025-11-13T12:59:16,Pickup completed,Completed,Carrier,Lyon Fabrication Partner,
EVT00619-03,SHP00619,3,2025-11-14T04:28:09,Origin port gate in,Completed,Port terminal,Marseille-Fos,
EVT00619-04,SHP00619,4,2025-11-14T12:59:49,Vessel departed,Completed,Carrier,Marseille-Fos,
EVT00619-05,SHP00619,5,2025-11-18T22:54:46,Destination port arrival,Completed,Port terminal,Casablanca,
EVT00619-06,SHP00619,6,2025-11-19T01:56:11,Customs released,Completed,Forwarder,Casablanca,
EVT00619-07,SHP00619,7,2025-11-19T13:45:22,Delivery completed,Completed,Carrier,Casablanca Desalination Site,
EVT00620-01,SHP00620,1,2024-07-10T14:00:00,Booking created,Completed,Forwarder,Bilbao Steel Fabricator,
EVT00620-02,SHP00620,2,2024-07-16T15:14:53,Pickup completed,Completed,Carrier,Bilbao Steel Fabricator,
EVT00620-03,SHP00620,3,2024-07-17T02:33:36,Origin port gate in,Completed,Port terminal,Bilbao,
EVT00620-04,SHP00620,4,2024-07-17T06:23:35,Vessel departed,Completed,Carrier,Bilbao,
EVT00620-05,SHP00620,5,2024-07-20T12:23:52,Destination port arrival,Completed,Port terminal,Sines,
EVT00620-06,SHP00620,6,2024-07-20T18:26:08,Customs released,Completed,Forwarder,Sines,
EVT00620-07,SHP00620,7,2024-07-21T19:22:43,Delivery completed,Completed,Carrier,Sines Energy Project Site,
EVT00621-01,SHP00621,1,2024-04-13T14:00:00,Booking created,Completed,Forwarder,Antwerp EPC Supplier Yard,
EVT00621-02,SHP00621,2,2024-04-23T13:22:10,Pickup completed,Completed,Carrier,Antwerp EPC Supplier Yard,
EVT00621-03,SHP00621,3,2024-04-24T15:47:28,Delivery completed,Completed,Carrier,Zaragoza Distribution Hub,
EVT00622-01,SHP00622,1,2024-03-06T14:00:00,Booking created,Completed,Forwarder,Milan Valve Plant,
EVT00622-02,SHP00622,2,2024-03-18T14:03:45,Pickup completed,Completed,Carrier,Milan Valve Plant,
EVT00622-03,SHP00622,3,2024-03-18T23:22:15,Origin port gate in,Completed,Port terminal,Genoa,
EVT00622-04,SHP00622,4,2024-03-19T06:32:49,Vessel departed,Completed,Carrier,Genoa,
EVT00622-05,SHP00622,5,2024-03-23T11:23:15,Destination port arrival,Completed,Port terminal,Valencia,
EVT00622-06,SHP00622,6,2024-03-23T20:16:28,Customs released,Completed,Forwarder,Valencia,
EVT00622-07,SHP00622,7,2024-03-24T10:53:55,Delivery completed,Completed,Carrier,Zaragoza Distribution Hub,
EVT00623-01,SHP00623,1,2025-12-08T13:00:00,Booking created,Completed,Forwarder,Cadiz Module Yard,
EVT00623-02,SHP00623,2,2025-12-15T14:59:46,Pickup completed,Completed,Carrier,Cadiz Module Yard,
EVT00623-03,SHP00623,3,2025-12-15T20:57:42,Origin port gate in,Completed,Port terminal,Algeciras,
EVT00623-04,SHP00623,4,2025-12-16T01:28:58,Vessel departed,Completed,Carrier,Algeciras,
EVT00623-05,SHP00623,5,2025-12-20T03:33:48,Destination port arrival,Completed,Port terminal,Marseille-Fos,
EVT00623-06,SHP00623,6,2025-12-20T07:36:25,Customs released,Completed,Forwarder,Marseille-Fos,
EVT00623-07,SHP00623,7,2025-12-20T22:08:01,Delivery completed,Completed,Carrier,Marseille Wind Substation Site,
EVT00624-01,SHP00624,1,2024-06-22T11:00:00,Booking created,Completed,Forwarder,Rotterdam Consolidation Hub,
EVT00624-02,SHP00624,2,2024-06-28T13:28:08,Pickup completed,Completed,Carrier,Rotterdam Consolidation Hub,
EVT00624-03,SHP00624,3,2024-06-28T22:08:53,Origin port gate in,Completed,Port terminal,Rotterdam,
EVT00624-04,SHP00624,4,2024-06-29T15:36:32,Vessel departed,Completed,Carrier,Rotterdam,
EVT00624-05,SHP00624,5,2024-07-02T05:30:07,Destination port arrival,Completed,Port terminal,Marseille-Fos,
EVT00624-06,SHP00624,6,2024-07-02T10:00:43,Customs released,Completed,Forwarder,Marseille-Fos,
EVT00624-07,SHP00624,7,2024-07-03T00:53:20,Delivery completed,Completed,Carrier,Marseille Wind Substation Site,
EVT00625-01,SHP00625,1,2025-12-04T10:00:00,Booking created,Completed,Forwarder,Rotterdam Consolidation Hub,
EVT00625-02,SHP00625,2,2025-12-10T09:52:48,Pickup completed,Completed,Carrier,Rotterdam Consolidation Hub,
EVT00625-03,SHP00625,3,2025-12-10T13:35:51,Origin port gate in,Completed,Port terminal,Rotterdam,
EVT00625-04,SHP00625,4,2025-12-10T23:16:42,Vessel departed,Completed,Carrier,Rotterdam,
EVT00625-05,SHP00625,5,2025-12-13T13:17:53,Destination port arrival,Completed,Port terminal,Marseille-Fos,
EVT00625-06,SHP00625,6,2025-12-14T04:28:04,Customs released,Completed,Forwarder,Marseille-Fos,
EVT00625-07,SHP00625,7,2025-12-15T00:26:54,Delivery completed,Delayed,Carrier,Marseille Wind Substation Site,Carrier capacity
EVT00626-01,SHP00626,1,2025-08-05T10:00:00,Booking created,Completed,Forwarder,Antwerp EPC Supplier Yard,
EVT00626-02,SHP00626,2,2025-08-14T09:31:51,Pickup completed,Completed,Carrier,Antwerp EPC Supplier Yard,
EVT00626-03,SHP00626,3,2025-08-14T13:10:37,Origin port gate in,Completed,Port terminal,Antwerp-Bruges,
EVT00626-04,SHP00626,4,2025-08-14T17:31:41,Vessel departed,Completed,Carrier,Antwerp-Bruges,
EVT00626-05,SHP00626,5,2025-08-18T15:02:18,Destination port arrival,Completed,Port terminal,Casablanca,
EVT00626-06,SHP00626,6,2025-08-19T01:09:15,Customs released,Completed,Forwarder,Casablanca,
EVT00626-07,SHP00626,7,2025-08-19T10:06:32,Delivery completed,Completed,Carrier,Casablanca Desalination Site,
EVT00627-01,SHP00627,1,2024-10-26T14:00:00,Booking created,Completed,Forwarder,Valencia Export Depot,
EVT00627-02,SHP00627,2,2024-10-31T16:44:28,Pickup completed,Completed,Carrier,Valencia Export Depot,
EVT00627-03,SHP00627,3,2024-11-01T04:39:03,Origin port gate in,Completed,Port terminal,Valencia,
EVT00627-04,SHP00627,4,2024-11-01T11:12:19,Vessel departed,Completed,Carrier,Valencia,
EVT00627-05,SHP00627,5,2024-11-07T15:33:23,Destination port arrival,Completed,Port terminal,Alexandria,
EVT00627-06,SHP00627,6,2024-11-07T17:39:12,Customs released,Completed,Forwarder,Alexandria,
EVT00627-07,SHP00627,7,2024-11-08T04:37:10,Delivery completed,Completed,Carrier,Alexandria Water Project Site,
EVT00628-01,SHP00628,1,2025-10-13T07:00:00,Booking created,Completed,Forwarder,Cadiz Module Yard,
EVT00628-02,SHP00628,2,2025-10-28T07:16:26,Pickup completed,Completed,Carrier,Cadiz Module Yard,
EVT00628-03,SHP00628,3,2025-10-28T16:08:12,Origin port gate in,Completed,Port terminal,Algeciras,
EVT00628-04,SHP00628,4,2025-10-28T23:33:30,Vessel departed,Completed,Carrier,Algeciras,
EVT00628-05,SHP00628,5,2025-11-04T08:39:29,Destination port arrival,Completed,Port terminal,Alexandria,
EVT00628-06,SHP00628,6,2025-11-04T20:09:47,Customs released,Completed,Forwarder,Alexandria,
EVT00628-07,SHP00628,7,2025-11-05T04:40:49,Delivery completed,Completed,Carrier,Alexandria Water Project Site,
EVT00629-01,SHP00629,1,2025-12-16T08:00:00,Booking created,Completed,Forwarder,Antwerp EPC Supplier Yard,
EVT00629-02,SHP00629,2,2025-12-22T08:21:11,Pickup completed,Completed,Carrier,Antwerp EPC Supplier Yard,
EVT00629-03,SHP00629,3,2025-12-22T12:32:52,Origin port gate in,Completed,Port terminal,Antwerp-Bruges,
EVT00629-04,SHP00629,4,2025-12-22T20:50:58,Vessel departed,Completed,Carrier,Antwerp-Bruges,
EVT00629-05,SHP00629,5,2025-12-26T07:02:56,Destination port arrival,Completed,Port terminal,Marseille-Fos,
EVT00629-06,SHP00629,6,2025-12-26T15:07:58,Customs released,Completed,Forwarder,Marseille-Fos,
EVT00629-07,SHP00629,7,2025-12-27T01:20:32,Delivery completed,Completed,Carrier,Marseille Wind Substation Site,
EVT00630-01,SHP00630,1,2025-09-28T07:00:00,Booking created,Completed,Forwarder,Tarragona Equipment Vendor,
EVT00630-02,SHP00630,2,2025-10-07T09:48:42,Pickup completed,Completed,Carrier,Tarragona Equipment Vendor,
EVT00630-03,SHP00630,3,2025-10-07T23:50:30,Delivery completed,Completed,Carrier,Zaragoza Distribution Hub,
EVT00631-01,SHP00631,1,2024-12-06T12:00:00,Booking created,Completed,Forwarder,Bilbao Steel Fabricator,
EVT00631-02,SHP00631,2,2024-12-17T14:27:51,Pickup completed,Completed,Carrier,Bilbao Steel Fabricator,
EVT00631-03,SHP00631,3,2024-12-17T21:22:28,Origin port gate in,Completed,Port terminal,Bilbao,
EVT00631-04,SHP00631,4,2024-12-18T10:55:59,Vessel departed,Completed,Carrier,Bilbao,
EVT00631-05,SHP00631,5,2024-12-25T01:45:43,Destination port arrival,Completed,Port terminal,Alexandria,
EVT00631-06,SHP00631,6,2024-12-25T08:18:15,Customs released,Completed,Forwarder,Alexandria,
EVT00631-07,SHP00631,7,2024-12-25T17:39:55,Delivery completed,Completed,Carrier,Alexandria Water Project Site,
EVT00632-01,SHP00632,1,2024-12-02T14:00:00,Booking created,Completed,Forwarder,Tarragona Equipment Vendor,
EVT00632-02,SHP00632,2,2024-12-16T15:42:34,Pickup completed,Completed,Carrier,Tarragona Equipment Vendor,
EVT00632-03,SHP00632,3,2024-12-17T02:22:50,Origin port gate in,Completed,Port terminal,Barcelona,
EVT00632-04,SHP00632,4,2024-12-17T15:00:17,Vessel departed,Completed,Carrier,Barcelona,
EVT00632-05,SHP00632,5,2024-12-20T03:31:57,Customs released,Completed,Forwarder,Sines,
EVT00632-06,SHP00632,6,2024-12-20T05:47:46,Destination port arrival,Completed,Port terminal,Sines,
EVT00632-07,SHP00632,7,2024-12-20T12:59:33,Delivery completed,Completed,Carrier,Sines Energy Project Site,
EVT00633-01,SHP00633,1,2024-09-08T12:00:00,Booking created,Completed,Forwarder,Lyon Fabrication Partner,
EVT00633-02,SHP00633,2,2024-09-17T14:19:16,Pickup completed,Completed,Carrier,Lyon Fabrication Partner,
EVT00633-03,SHP00633,3,2024-09-18T01:09:01,Origin port gate in,Completed,Port terminal,Marseille-Fos,
EVT00633-04,SHP00633,4,2024-09-18T06:08:49,Vessel departed,Completed,Carrier,Marseille-Fos,
EVT00633-05,SHP00633,5,2024-09-20T14:33:59,Destination port arrival,Completed,Port terminal,Rotterdam,
EVT00633-06,SHP00633,6,2024-09-21T00:32:14,Customs released,Completed,Forwarder,Rotterdam,
EVT00633-07,SHP00633,7,2024-09-21T09:32:56,Delivery completed,Completed,Carrier,Rotterdam Consolidation Hub,
EVT00634-01,SHP00634,1,2024-07-04T07:00:00,Booking created,Completed,Forwarder,Rotterdam Consolidation Hub,
EVT00634-02,SHP00634,2,2024-07-16T09:39:03,Pickup completed,Completed,Carrier,Rotterdam Consolidation Hub,
EVT00634-03,SHP00634,3,2024-07-17T03:10:30,Origin port gate in,Completed,Port terminal,Rotterdam,
EVT00634-04,SHP00634,4,2024-07-17T09:38:57,Vessel departed,Completed,Carrier,Rotterdam,
EVT00634-05,SHP00634,5,2024-07-20T01:26:04,Destination port arrival,Completed,Port terminal,Marseille-Fos,
EVT00634-06,SHP00634,6,2024-07-20T04:22:16,Customs released,Completed,Forwarder,Marseille-Fos,
EVT00634-07,SHP00634,7,2024-07-20T13:09:22,Delivery completed,Completed,Carrier,Marseille Wind Substation Site,
EVT00635-01,SHP00635,1,2024-07-13T14:00:00,Booking created,Completed,Forwarder,Cadiz Module Yard,
EVT00635-02,SHP00635,2,2024-07-21T13:47:55,Pickup completed,Completed,Carrier,Cadiz Module Yard,
EVT00635-03,SHP00635,3,2024-07-22T01:42:06,Origin port gate in,Completed,Port terminal,Algeciras,
EVT00635-04,SHP00635,4,2024-07-22T07:46:52,Vessel departed,Completed,Carrier,Algeciras,
EVT00635-05,SHP00635,5,2024-07-31T15:11:02,Destination port arrival,Completed,Port terminal,Dammam,
EVT00635-06,SHP00635,6,2024-07-31T20:31:16,Customs released,Completed,Forwarder,Dammam,
EVT00635-07,SHP00635,7,2024-08-01T13:58:37,Delivery completed,Completed,Carrier,Dammam Gas Project Site,
EVT00636-01,SHP00636,1,2025-10-05T15:00:00,Booking created,Completed,Forwarder,Puertollano Module Yard,
EVT00636-02,SHP00636,2,2025-10-13T15:39:53,Pickup completed,Completed,Carrier,Puertollano Module Yard,
EVT00636-03,SHP00636,3,2025-10-14T14:38:22,Origin port gate in,Completed,Port terminal,Algeciras,
EVT00636-04,SHP00636,4,2025-10-14T21:27:24,Vessel departed,Completed,Carrier,Algeciras,
EVT00636-05,SHP00636,5,2025-10-16T17:55:19,Destination port arrival,Completed,Port terminal,Sines,
EVT00636-06,SHP00636,6,2025-10-16T21:31:17,Customs released,Completed,Forwarder,Sines,
EVT00636-07,SHP00636,7,2025-10-17T11:34:53,Delivery completed,Completed,Carrier,Sines Energy Project Site,
EVT00637-01,SHP00637,1,2025-03-31T15:00:00,Booking created,Completed,Forwarder,Lyon Fabrication Partner,
EVT00637-02,SHP00637,2,2025-04-06T15:02:53,Pickup completed,Completed,Carrier,Lyon Fabrication Partner,
EVT00637-03,SHP00637,3,2025-04-07T18:59:02,Delivery completed,Completed,Carrier,Rotterdam Consolidation Hub,
EVT00638-01,SHP00638,1,2025-11-20T09:00:00,Booking created,Completed,Forwarder,Bilbao Steel Fabricator,
EVT00638-02,SHP00638,2,2025-11-24T11:43:27,Pickup completed,Completed,Carrier,Bilbao Steel Fabricator,
EVT00638-03,SHP00638,3,2025-11-25T17:03:12,Origin port gate in,Completed,Port terminal,Bilbao,
EVT00638-04,SHP00638,4,2025-11-25T22:19:08,Vessel departed,Completed,Carrier,Bilbao,
EVT00638-05,SHP00638,5,2025-11-28T04:04:19,Destination port arrival,Completed,Port terminal,Casablanca,
EVT00638-06,SHP00638,6,2025-11-28T16:36:06,Customs released,Completed,Forwarder,Casablanca,
EVT00638-07,SHP00638,7,2025-11-29T07:59:29,Delivery completed,Delayed,Carrier,Casablanca Desalination Site,Carrier capacity
EVT00639-01,SHP00639,1,2024-02-20T09:00:00,Booking created,Completed,Forwarder,Milan Valve Plant,
EVT00639-02,SHP00639,2,2024-03-05T08:28:24,Pickup completed,Completed,Carrier,Milan Valve Plant,
EVT00639-03,SHP00639,3,2024-03-05T14:12:13,Origin port gate in,Completed,Port terminal,Genoa,
EVT00639-04,SHP00639,4,2024-03-06T07:26:30,Vessel departed,Completed,Carrier,Genoa,
EVT00639-05,SHP00639,5,2024-03-09T23:53:01,Destination port arrival,Completed,Port terminal,Sines,
EVT00639-06,SHP00639,6,2024-03-10T04:51:03,Customs released,Completed,Forwarder,Sines,
EVT00639-07,SHP00639,7,2024-03-10T09:33:43,Delivery completed,Completed,Carrier,Sines Energy Project Site,
EVT00640-01,SHP00640,1,2024-03-09T10:00:00,Booking created,Completed,Forwarder,Bilbao Steel Fabricator,
EVT00640-02,SHP00640,2,2024-03-21T12:27:45,Pickup completed,Completed,Carrier,Bilbao Steel Fabricator,
EVT00640-03,SHP00640,3,2024-03-22T08:40:23,Origin port gate in,Completed,Port terminal,Bilbao,
EVT00640-04,SHP00640,4,2024-03-22T15:58:23,Vessel departed,Completed,Carrier,Bilbao,
EVT00640-05,SHP00640,5,2024-03-25T10:34:02,Destination port arrival,Completed,Port terminal,Sines,
EVT00640-06,SHP00640,6,2024-03-26T01:22:43,Customs released,Completed,Forwarder,Sines,
EVT00640-07,SHP00640,7,2024-03-26T10:13:45,Delivery completed,Completed,Carrier,Sines Energy Project Site,
EVT00641-01,SHP00641,1,2023-12-28T10:00:00,Booking created,Completed,Forwarder,Puertollano Module Yard,
EVT00641-02,SHP00641,2,2024-01-01T12:15:37,Pickup completed,Completed,Carrier,Puertollano Module Yard,
EVT00641-03,SHP00641,3,2024-01-02T03:44:52,Delivery completed,Completed,Carrier,Zaragoza Distribution Hub,
EVT00642-01,SHP00642,1,2025-09-08T10:00:00,Booking created,Completed,Forwarder,Zaragoza Distribution Hub,
EVT00642-02,SHP00642,2,2025-09-16T10:07:08,Pickup completed,Completed,Carrier,Zaragoza Distribution Hub,
EVT00642-03,SHP00642,3,2025-09-16T23:26:14,Origin port gate in,Completed,Port terminal,Valencia,
EVT00642-04,SHP00642,4,2025-09-17T14:44:36,Vessel departed,Completed,Carrier,Valencia,
EVT00642-05,SHP00642,5,2025-09-27T04:22:24,Destination port arrival,Completed,Port terminal,Dammam,
EVT00642-06,SHP00642,6,2025-09-27T08:52:19,Customs released,Completed,Forwarder,Dammam,
EVT00642-07,SHP00642,7,2025-09-27T19:08:22,Delivery completed,Completed,Carrier,Dammam Gas Project Site,
EVT00643-01,SHP00643,1,2024-06-08T12:00:00,Booking created,Completed,Forwarder,Antwerp EPC Supplier Yard,
EVT00643-02,SHP00643,2,2024-06-19T12:17:28,Pickup completed,Completed,Carrier,Antwerp EPC Supplier Yard,
EVT00643-03,SHP00643,3,2024-06-19T19:49:18,Origin port gate in,Completed,Port terminal,Antwerp-Bruges,
EVT00643-04,SHP00643,4,2024-06-20T05:50:53,Vessel departed,Completed,Carrier,Antwerp-Bruges,
EVT00643-05,SHP00643,5,2024-06-24T23:25:41,Destination port arrival,Completed,Port terminal,Casablanca,
EVT00643-06,SHP00643,6,2024-06-25T08:03:38,Customs released,Completed,Forwarder,Casablanca,
EVT00643-07,SHP00643,7,2024-06-25T21:12:02,Delivery completed,Completed,Carrier,Casablanca Desalination Site,
EVT00644-01,SHP00644,1,2025-02-10T11:00:00,Booking created,Completed,Forwarder,Antwerp EPC Supplier Yard,
EVT00644-02,SHP00644,2,2025-02-18T13:26:19,Pickup completed,Completed,Carrier,Antwerp EPC Supplier Yard,
EVT00644-03,SHP00644,3,2025-02-18T22:24:08,Origin port gate in,Completed,Port terminal,Antwerp-Bruges,
EVT00644-04,SHP00644,4,2025-02-19T03:57:26,Vessel departed,Completed,Carrier,Antwerp-Bruges,
EVT00644-05,SHP00644,5,2025-02-23T07:31:12,Customs released,Completed,Forwarder,Casablanca,
EVT00644-06,SHP00644,6,2025-02-23T10:33:31,Destination port arrival,Completed,Port terminal,Casablanca,
EVT00644-07,SHP00644,7,2025-02-24T01:12:41,Delivery completed,Completed,Carrier,Casablanca Desalination Site,
EVT00645-01,SHP00645,1,2024-05-17T08:00:00,Booking created,Completed,Forwarder,Cadiz Module Yard,
EVT00645-02,SHP00645,2,2024-05-29T10:55:44,Pickup completed,Completed,Carrier,Cadiz Module Yard,
EVT00645-03,SHP00645,3,2024-05-30T14:20:16,Delivery completed,Completed,Carrier,Zaragoza Distribution Hub,
EVT00646-01,SHP00646,1,2024-10-16T12:00:00,Booking created,Completed,Forwarder,Antwerp EPC Supplier Yard,
EVT00646-02,SHP00646,2,2024-10-22T12:16:07,Pickup completed,Completed,Carrier,Antwerp EPC Supplier Yard,
EVT00646-03,SHP00646,3,2024-10-22T16:56:54,Origin port gate in,Completed,Port terminal,Antwerp-Bruges,
EVT00646-04,SHP00646,4,2024-10-22T20:17:39,Vessel departed,Completed,Carrier,Antwerp-Bruges,
EVT00646-05,SHP00646,5,2024-10-24T21:51:43,Destination port arrival,Completed,Port terminal,Rotterdam,
EVT00646-06,SHP00646,6,2024-10-25T01:22:44,Customs released,Completed,Forwarder,Rotterdam,
EVT00646-07,SHP00646,7,2024-10-25T06:53:34,Delivery completed,Completed,Carrier,Rotterdam Consolidation Hub,
EVT00647-01,SHP00647,1,2025-12-23T12:00:00,Booking created,Completed,Forwarder,Puertollano Module Yard,
EVT00647-02,SHP00647,2,2025-12-30T13:12:42,Pickup completed,Completed,Carrier,Puertollano Module Yard,
EVT00647-03,SHP00647,3,2025-12-31T04:55:10,Origin port gate in,Completed,Port terminal,Algeciras,
EVT00647-04,SHP00647,4,2025-12-31T09:38:45,Vessel departed,Completed,Carrier,Algeciras,
EVT00647-05,SHP00647,5,2026-01-11T08:20:34,Destination port arrival,Completed,Port terminal,Dammam,
EVT00647-06,SHP00647,6,2026-01-11T08:37:11,Customs released,Completed,Forwarder,Dammam,
EVT00647-07,SHP00647,7,2026-01-11T23:27:02,Delivery completed,Completed,Carrier,Dammam Gas Project Site,
EVT00648-01,SHP00648,1,2025-11-04T08:00:00,Booking created,Completed,Forwarder,Rotterdam Consolidation Hub,
EVT00648-02,SHP00648,2,2025-11-11T08:35:49,Pickup completed,Completed,Carrier,Rotterdam Consolidation Hub,
EVT00648-03,SHP00648,3,2025-11-11T15:31:10,Origin port gate in,Completed,Port terminal,Rotterdam,
EVT00648-04,SHP00648,4,2025-11-12T06:46:32,Vessel departed,Completed,Carrier,Rotterdam,
EVT00648-05,SHP00648,5,2025-11-20T00:20:12,Destination port arrival,Completed,Port terminal,Alexandria,
EVT00648-06,SHP00648,6,2025-11-20T09:22:52,Customs released,Completed,Forwarder,Alexandria,
EVT00648-07,SHP00648,7,2025-11-21T08:37:39,Delivery completed,Delayed,Carrier,Alexandria Water Project Site,Port congestion
EVT00649-01,SHP00649,1,2024-09-08T08:00:00,Booking created,Completed,Forwarder,Rotterdam Consolidation Hub,
EVT00649-02,SHP00649,2,2024-09-23T07:58:33,Pickup completed,Completed,Carrier,Rotterdam Consolidation Hub,
EVT00649-03,SHP00649,3,2024-09-23T16:39:22,Origin port gate in,Completed,Port terminal,Rotterdam,
EVT00649-04,SHP00649,4,2024-09-24T10:24:01,Vessel departed,Completed,Carrier,Rotterdam,
EVT00649-05,SHP00649,5,2024-09-28T17:29:35,Destination port arrival,Completed,Port terminal,Valencia,
EVT00649-06,SHP00649,6,2024-09-29T04:22:32,Customs released,Completed,Forwarder,Valencia,
EVT00649-07,SHP00649,7,2024-09-30T01:34:20,Delivery completed,Completed,Carrier,Zaragoza Distribution Hub,
EVT00650-01,SHP00650,1,2025-06-16T10:00:00,Booking created,Completed,Forwarder,Milan Valve Plant,
EVT00650-02,SHP00650,2,2025-06-26T11:56:53,Pickup completed,Completed,Carrier,Milan Valve Plant,
EVT00650-03,SHP00650,3,2025-06-27T05:58:07,Origin port gate in,Completed,Port terminal,Genoa,
EVT00650-04,SHP00650,4,2025-06-27T17:57:09,Vessel departed,Completed,Carrier,Genoa,
EVT00650-05,SHP00650,5,2025-07-05T16:25:27,Destination port arrival,Completed,Port terminal,Dammam,
EVT00650-06,SHP00650,6,2025-07-05T22:27:22,Customs released,Completed,Forwarder,Dammam,
EVT00650-07,SHP00650,7,2025-07-06T12:01:15,Delivery completed,Completed,Carrier,Dammam Gas Project Site,
EVT00651-01,SHP00651,1,2024-03-14T11:00:00,Booking created,Completed,Forwarder,Bilbao Steel Fabricator,
EVT00651-02,SHP00651,2,2024-03-26T12:47:23,Pickup completed,Completed,Carrier,Bilbao Steel Fabricator,
EVT00651-03,SHP00651,3,2024-03-26T23:05:58,Origin port gate in,Completed,Port terminal,Bilbao,
EVT00651-04,SHP00651,4,2024-03-27T11:33:53,Vessel departed,Completed,Carrier,Bilbao,
EVT00651-05,SHP00651,5,2024-03-30T18:37:45,Destination port arrival,Completed,Port terminal,Sines,
EVT00651-06,SHP00651,6,2024-03-31T08:45:47,Customs released,Completed,Forwarder,Sines,
EVT00651-07,SHP00651,7,2024-04-01T09:08:52,Delivery completed,Delayed,Carrier,Sines Energy Project Site,Customs hold
EVT00652-01,SHP00652,1,2024-06-18T07:00:00,Booking created,Completed,Forwarder,Puertollano Module Yard,
EVT00652-02,SHP00652,2,2024-06-30T09:06:11,Pickup completed,Completed,Carrier,Puertollano Module Yard,
EVT00652-03,SHP00652,3,2024-06-30T21:32:30,Origin port gate in,Completed,Port terminal,Algeciras,
EVT00652-04,SHP00652,4,2024-07-01T08:01:04,Vessel departed,Completed,Carrier,Algeciras,
EVT00652-05,SHP00652,5,2024-07-11T18:24:28,Destination port arrival,Completed,Port terminal,Dammam,
EVT00652-06,SHP00652,6,2024-07-11T23:20:00,Customs released,Completed,Forwarder,Dammam,
EVT00652-07,SHP00652,7,2024-07-12T12:21:33,Delivery completed,Completed,Carrier,Dammam Gas Project Site,
EVT00653-01,SHP00653,1,2024-09-05T15:00:00,Booking created,Completed,Forwarder,Antwerp EPC Supplier Yard,
EVT00653-02,SHP00653,2,2024-09-20T17:03:18,Pickup completed,Completed,Carrier,Antwerp EPC Supplier Yard,
EVT00653-03,SHP00653,3,2024-09-21T01:17:20,Origin port gate in,Completed,Port terminal,Antwerp-Bruges,
EVT00653-04,SHP00653,4,2024-09-21T05:57:41,Vessel departed,Completed,Carrier,Antwerp-Bruges,
EVT00653-05,SHP00653,5,2024-09-25T19:44:51,Destination port arrival,Completed,Port terminal,Sines,
EVT00653-06,SHP00653,6,2024-09-26T04:17:56,Customs released,Completed,Forwarder,Sines,
EVT00653-07,SHP00653,7,2024-09-26T11:42:09,Delivery completed,Completed,Carrier,Sines Energy Project Site,
EVT00654-01,SHP00654,1,2024-12-08T12:00:00,Booking created,Completed,Forwarder,Bilbao Steel Fabricator,
EVT00654-02,SHP00654,2,2024-12-20T12:43:32,Pickup completed,Completed,Carrier,Bilbao Steel Fabricator,
EVT00654-03,SHP00654,3,2024-12-24T14:43:16,Delivery completed,Completed,Carrier,Dammam Gas Project Site,
EVT00655-01,SHP00655,1,2025-11-11T12:00:00,Booking created,Completed,Forwarder,Antwerp EPC Supplier Yard,
EVT00655-02,SHP00655,2,2025-11-25T13:18:25,Pickup completed,Completed,Carrier,Antwerp EPC Supplier Yard,
EVT00655-03,SHP00655,3,2025-11-25T19:34:36,Origin port gate in,Completed,Port terminal,Antwerp-Bruges,
EVT00655-04,SHP00655,4,2025-11-25T23:08:49,Vessel departed,Completed,Carrier,Antwerp-Bruges,
EVT00655-05,SHP00655,5,2025-12-04T16:20:25,Destination port arrival,Completed,Port terminal,Dammam,
EVT00655-06,SHP00655,6,2025-12-05T02:08:13,Customs released,Completed,Forwarder,Dammam,
EVT00655-07,SHP00655,7,2025-12-06T19:41:36,Delivery completed,Delayed,Carrier,Dammam Gas Project Site,Road permit delay
EVT00656-01,SHP00656,1,2024-07-22T14:00:00,Booking created,Completed,Forwarder,Zaragoza Distribution Hub,
EVT00656-02,SHP00656,2,2024-08-06T15:38:44,Pickup completed,Completed,Carrier,Zaragoza Distribution Hub,
EVT00656-03,SHP00656,3,2024-08-07T08:12:09,Origin port gate in,Completed,Port terminal,Valencia,
EVT00656-04,SHP00656,4,2024-08-07T23:58:23,Vessel departed,Completed,Carrier,Valencia,
EVT00656-05,SHP00656,5,2024-08-11T13:06:53,Destination port arrival,Completed,Port terminal,Rotterdam,
EVT00656-06,SHP00656,6,2024-08-11T17:42:40,Customs released,Completed,Forwarder,Rotterdam,
EVT00656-07,SHP00656,7,2024-08-12T09:12:21,Delivery completed,Completed,Carrier,Rotterdam Consolidation Hub,
EVT00657-01,SHP00657,1,2024-12-24T09:00:00,Booking created,Completed,Forwarder,Rotterdam Consolidation Hub,
EVT00657-02,SHP00657,2,2024-12-30T09:39:36,Pickup completed,Completed,Carrier,Rotterdam Consolidation Hub,
EVT00657-03,SHP00657,3,2024-12-30T14:04:48,Origin port gate in,Completed,Port terminal,Rotterdam,
EVT00657-04,SHP00657,4,2024-12-30T23:16:12,Vessel departed,Completed,Carrier,Rotterdam,
EVT00657-05,SHP00657,5,2025-01-04T00:34:03,Destination port arrival,Completed,Port terminal,Sines,
EVT00657-06,SHP00657,6,2025-01-04T03:24:18,Customs released,Completed,Forwarder,Sines,
EVT00657-07,SHP00657,7,2025-01-04T15:19:33,Delivery completed,Completed,Carrier,Sines Energy Project Site,
EVT00658-01,SHP00658,1,2025-02-21T07:00:00,Booking created,Completed,Forwarder,Bilbao Steel Fabricator,
EVT00658-02,SHP00658,2,2025-03-04T08:07:43,Pickup completed,Completed,Carrier,Bilbao Steel Fabricator,
EVT00658-03,SHP00658,3,2025-03-05T04:06:36,Delivery completed,Completed,Carrier,Sines Energy Project Site,
EVT00659-01,SHP00659,1,2025-10-20T11:00:00,Booking created,Completed,Forwarder,Valencia Export Depot,
EVT00659-02,SHP00659,2,2025-10-30T12:48:20,Pickup completed,Completed,Carrier,Valencia Export Depot,
EVT00659-03,SHP00659,3,2025-10-30T20:11:31,Origin port gate in,Completed,Port terminal,Valencia,
EVT00659-04,SHP00659,4,2025-10-31T04:27:00,Vessel departed,Completed,Carrier,Valencia,
EVT00659-05,SHP00659,5,2025-11-09T11:34:58,Destination port arrival,Completed,Port terminal,Dammam,
EVT00659-06,SHP00659,6,2025-11-09T13:54:28,Customs released,Completed,Forwarder,Dammam,
EVT00659-07,SHP00659,7,2025-11-10T02:43:19,Delivery completed,Completed,Carrier,Dammam Gas Project Site,
EVT00660-01,SHP00660,1,2025-09-15T13:00:00,Booking created,Completed,Forwarder,Tarragona Equipment Vendor,
EVT00660-02,SHP00660,2,2025-09-23T12:02:57,Pickup completed,Completed,Carrier,Tarragona Equipment Vendor,
EVT00660-03,SHP00660,3,2025-09-24T17:03:08,Origin port gate in,Completed,Port terminal,Barcelona,
EVT00660-04,SHP00660,4,2025-09-25T05:02:12,Vessel departed,Completed,Carrier,Barcelona,
EVT00660-05,SHP00660,5,2025-09-30T19:21:42,Destination port arrival,Completed,Port terminal,Alexandria,
EVT00660-06,SHP00660,6,2025-10-01T00:03:38,Customs released,Completed,Forwarder,Alexandria,
EVT00660-07,SHP00660,7,2025-10-01T09:56:39,Delivery completed,Completed,Carrier,Alexandria Water Project Site,
EVT00661-01,SHP00661,1,2025-07-26T09:00:00,Booking created,Completed,Forwarder,Rotterdam Consolidation Hub,
EVT00661-02,SHP00661,2,2025-08-08T09:58:40,Pickup completed,Completed,Carrier,Rotterdam Consolidation Hub,
EVT00661-03,SHP00661,3,2025-08-08T15:25:59,Origin port gate in,Completed,Port terminal,Rotterdam,
EVT00661-04,SHP00661,4,2025-08-09T00:04:33,Vessel departed,Completed,Carrier,Rotterdam,
EVT00661-05,SHP00661,5,2025-08-13T04:01:24,Destination port arrival,Completed,Port terminal,Sines,
EVT00661-06,SHP00661,6,2025-08-13T05:52:16,Customs released,Completed,Forwarder,Sines,
EVT00661-07,SHP00661,7,2025-08-14T04:27:08,Delivery completed,Completed,Carrier,Sines Energy Project Site,
EVT00662-01,SHP00662,1,2025-04-16T13:00:00,Booking created,Completed,Forwarder,Cadiz Module Yard,
EVT00662-02,SHP00662,2,2025-04-28T14:50:32,Pickup completed,Completed,Carrier,Cadiz Module Yard,
EVT00662-03,SHP00662,3,2025-05-04T09:46:26,Delivery completed,Completed,Carrier,Dammam Gas Project Site,
EVT00663-01,SHP00663,1,2024-10-02T13:00:00,Booking created,Completed,Forwarder,Milan Valve Plant,
EVT00663-02,SHP00663,2,2024-10-17T14:41:52,Pickup completed,Completed,Carrier,Milan Valve Plant,
EVT00663-03,SHP00663,3,2024-10-17T19:17:23,Origin port gate in,Completed,Port terminal,Genoa,
EVT00663-04,SHP00663,4,2024-10-18T07:37:28,Vessel departed,Completed,Carrier,Genoa,
EVT00663-05,SHP00663,5,2024-10-19T17:34:36,Destination port arrival,Completed,Port terminal,Marseille-Fos,
EVT00663-06,SHP00663,6,2024-10-20T00:05:58,Customs released,Completed,Forwarder,Marseille-Fos,
EVT00663-07,SHP00663,7,2024-10-21T04:27:45,Delivery completed,Completed,Carrier,Marseille Wind Substation Site,
EVT00664-01,SHP00664,1,2024-10-15T09:00:00,Booking created,Completed,Forwarder,Rotterdam Consolidation Hub,
EVT00664-02,SHP00664,2,2024-10-21T11:51:25,Pickup completed,Completed,Carrier,Rotterdam Consolidation Hub,
EVT00664-03,SHP00664,3,2024-10-22T02:37:46,Origin port gate in,Completed,Port terminal,Rotterdam,
EVT00664-04,SHP00664,4,2024-10-22T12:05:09,Vessel departed,Completed,Carrier,Rotterdam,
EVT00664-05,SHP00664,5,2024-10-26T02:26:37,Destination port arrival,Completed,Port terminal,Valencia,
EVT00664-06,SHP00664,6,2024-10-26T06:32:32,Customs released,Completed,Forwarder,Valencia,
EVT00664-07,SHP00664,7,2024-10-27T02:52:46,Delivery completed,Completed,Carrier,Zaragoza Distribution Hub,
EVT00665-01,SHP00665,1,2024-07-25T07:00:00,Booking created,Completed,Forwarder,Valencia Export Depot,
EVT00665-02,SHP00665,2,2024-07-30T06:45:22,Pickup completed,Completed,Carrier,Valencia Export Depot,
EVT00665-03,SHP00665,3,2024-07-30T17:00:54,Origin port gate in,Completed,Port terminal,Valencia,
EVT00665-04,SHP00665,4,2024-07-30T21:01:33,Vessel departed,Completed,Carrier,Valencia,
EVT00665-05,SHP00665,5,2024-08-09T16:30:59,Destination port arrival,Completed,Port terminal,Dammam,
EVT00665-06,SHP00665,6,2024-08-09T22:54:16,Customs released,Completed,Forwarder,Dammam,
EVT00665-07,SHP00665,7,2024-08-10T12:58:17,Delivery completed,Delayed,Carrier,Dammam Gas Project Site,Port congestion
EVT00666-01,SHP00666,1,2024-05-22T14:00:00,Booking created,Completed,Forwarder,Antwerp EPC Supplier Yard,
EVT00666-02,SHP00666,2,2024-06-04T15:54:32,Pickup completed,Completed,Carrier,Antwerp EPC Supplier Yard,
EVT00666-03,SHP00666,3,2024-06-05T03:21:31,Origin port gate in,Completed,Port terminal,Antwerp-Bruges,
EVT00666-04,SHP00666,4,2024-06-05T15:09:46,Vessel departed,Completed,Carrier,Antwerp-Bruges,
EVT00666-05,SHP00666,5,2024-06-09T12:56:56,Destination port arrival,Completed,Port terminal,Sines,
EVT00666-06,SHP00666,6,2024-06-10T02:47:58,Customs released,Completed,Forwarder,Sines,
EVT00666-07,SHP00666,7,2024-06-10T10:29:19,Delivery completed,Completed,Carrier,Sines Energy Project Site,
EVT00667-01,SHP00667,1,2024-01-01T11:00:00,Booking created,Completed,Forwarder,Puertollano Module Yard,
EVT00667-02,SHP00667,2,2024-01-08T10:21:19,Pickup completed,Completed,Carrier,Puertollano Module Yard,
EVT00667-03,SHP00667,3,2024-01-08T22:49:20,Delivery completed,Completed,Carrier,Zaragoza Distribution Hub,
EVT00668-01,SHP00668,1,2024-12-16T13:00:00,Booking created,Completed,Forwarder,Cadiz Module Yard,
EVT00668-02,SHP00668,2,2024-12-24T15:53:38,Pickup completed,Completed,Carrier,Cadiz Module Yard,
EVT00668-03,SHP00668,3,2024-12-25T00:37:41,Origin port gate in,Completed,Port terminal,Algeciras,
EVT00668-04,SHP00668,4,2024-12-25T05:45:15,Vessel departed,Completed,Carrier,Algeciras,
EVT00668-05,SHP00668,5,2025-01-01T17:10:19,Destination port arrival,Completed,Port terminal,Alexandria,
EVT00668-06,SHP00668,6,2025-01-02T07:26:26,Customs released,Completed,Forwarder,Alexandria,
EVT00668-07,SHP00668,7,2025-01-03T15:54:02,Delivery completed,Delayed,Carrier,Alexandria Water Project Site,Port congestion
EVT00669-01,SHP00669,1,2024-12-05T14:00:00,Booking created,Completed,Forwarder,Madrid Cross Dock,
EVT00669-02,SHP00669,2,2024-12-20T16:21:47,Pickup completed,Completed,Carrier,Madrid Cross Dock,
EVT00669-03,SHP00669,3,2024-12-21T05:46:18,Origin port gate in,Completed,Port terminal,Valencia,
EVT00669-04,SHP00669,4,2024-12-21T21:15:17,Vessel departed,Completed,Carrier,Valencia,
EVT00669-05,SHP00669,5,2024-12-30T18:48:33,Destination port arrival,Completed,Port terminal,Dammam,
EVT00669-06,SHP00669,6,2024-12-30T22:52:29,Customs released,Completed,Forwarder,Dammam,
EVT00669-07,SHP00669,7,2024-12-31T11:39:29,Delivery completed,Completed,Carrier,Dammam Gas Project Site,
EVT00670-01,SHP00670,1,2025-07-14T07:00:00,Booking created,Completed,Forwarder,Antwerp EPC Supplier Yard,
EVT00670-02,SHP00670,2,2025-07-29T06:27:25,Pickup completed,Completed,Carrier,Antwerp EPC Supplier Yard,
EVT00670-03,SHP00670,3,2025-07-29T12:42:28,Origin port gate in,Completed,Port terminal,Antwerp-Bruges,
EVT00670-04,SHP00670,4,2025-07-29T20:29:43,Vessel departed,Completed,Carrier,Antwerp-Bruges,
EVT00670-05,SHP00670,5,2025-08-05T19:48:26,Destination port arrival,Completed,Port terminal,Alexandria,
EVT00670-06,SHP00670,6,2025-08-06T09:38:11,Customs released,Completed,Forwarder,Alexandria,
EVT00670-07,SHP00670,7,2025-08-06T22:19:37,Delivery completed,Delayed,Carrier,Alexandria Water Project Site,Port congestion
EVT00671-01,SHP00671,1,2024-07-15T08:00:00,Booking created,Completed,Forwarder,Puertollano Module Yard,
EVT00671-02,SHP00671,2,2024-07-26T07:43:45,Pickup completed,Completed,Carrier,Puertollano Module Yard,
EVT00671-03,SHP00671,3,2024-07-27T04:31:02,Origin port gate in,Completed,Port terminal,Algeciras,
EVT00671-04,SHP00671,4,2024-07-27T21:56:48,Vessel departed,Completed,Carrier,Algeciras,
EVT00671-05,SHP00671,5,2024-07-30T06:05:14,Destination port arrival,Completed,Port terminal,Casablanca,
EVT00671-06,SHP00671,6,2024-07-30T22:03:41,Customs released,Completed,Forwarder,Casablanca,
EVT00671-07,SHP00671,7,2024-07-31T08:10:57,Delivery completed,Completed,Carrier,Casablanca Desalination Site,
EVT00672-01,SHP00672,1,2024-06-26T10:00:00,Booking created,Completed,Forwarder,Cadiz Module Yard,
EVT00672-02,SHP00672,2,2024-07-09T12:09:13,Pickup completed,Completed,Carrier,Cadiz Module Yard,
EVT00672-03,SHP00672,3,2024-07-09T21:04:51,Origin port gate in,Completed,Port terminal,Algeciras,
EVT00672-04,SHP00672,4,2024-07-10T04:34:23,Vessel departed,Completed,Carrier,Algeciras,
EVT00672-05,SHP00672,5,2024-07-18T02:13:07,Destination port arrival,Completed,Port terminal,Dammam,
EVT00672-06,SHP00672,6,2024-07-18T05:54:41,Customs released,Completed,Forwarder,Dammam,
EVT00672-07,SHP00672,7,2024-07-18T16:55:22,Delivery completed,Completed,Carrier,Dammam Gas Project Site,
EVT00673-01,SHP00673,1,2024-07-17T07:00:00,Booking created,Completed,Forwarder,Cadiz Module Yard,
EVT00673-02,SHP00673,2,2024-08-01T06:09:22,Pickup completed,Completed,Carrier,Cadiz Module Yard,
EVT00673-03,SHP00673,3,2024-08-01T19:52:23,Origin port gate in,Completed,Port terminal,Algeciras,
EVT00673-04,SHP00673,4,2024-08-02T10:34:13,Vessel departed,Completed,Carrier,Algeciras,
EVT00673-05,SHP00673,5,2024-08-05T22:09:34,Customs released,Completed,Forwarder,Marseille-Fos,
EVT00673-06,SHP00673,6,2024-08-06T00:26:34,Destination port arrival,Completed,Port terminal,Marseille-Fos,
EVT00673-07,SHP00673,7,2024-08-06T10:20:51,Delivery completed,Completed,Carrier,Marseille Wind Substation Site,
EVT00674-01,SHP00674,1,2024-08-30T09:00:00,Booking created,Completed,Forwarder,Valencia Export Depot,
EVT00674-02,SHP00674,2,2024-09-03T09:29:32,Pickup completed,Completed,Carrier,Valencia Export Depot,
EVT00674-03,SHP00674,3,2024-09-03T14:44:06,Origin port gate in,Completed,Port terminal,Valencia,
EVT00674-04,SHP00674,4,2024-09-04T08:29:18,Vessel departed,Completed,Carrier,Valencia,
EVT00674-05,SHP00674,5,2024-09-06T17:19:04,Customs released,Completed,Forwarder,Marseille-Fos,
EVT00674-06,SHP00674,6,2024-09-06T20:35:42,Destination port arrival,Completed,Port terminal,Marseille-Fos,
EVT00674-07,SHP00674,7,2024-09-07T09:55:37,Delivery completed,Completed,Carrier,Marseille Wind Substation Site,
EVT00675-01,SHP00675,1,2025-08-05T09:00:00,Booking created,Completed,Forwarder,Antwerp EPC Supplier Yard,
EVT00675-02,SHP00675,2,2025-08-12T11:49:36,Pickup completed,Completed,Carrier,Antwerp EPC Supplier Yard,
EVT00675-03,SHP00675,3,2025-08-14T05:17:40,Delivery completed,Completed,Carrier,Sines Energy Project Site,
EVT00676-01,SHP00676,1,2024-12-24T11:00:00,Booking created,Completed,Forwarder,Valencia Export Depot,
EVT00676-02,SHP00676,2,2024-12-31T10:47:48,Pickup completed,Completed,Carrier,Valencia Export Depot,
EVT00676-03,SHP00676,3,2024-12-31T19:05:55,Origin port gate in,Completed,Port terminal,Valencia,
EVT00676-04,SHP00676,4,2025-01-01T06:04:23,Vessel departed,Completed,Carrier,Valencia,
EVT00676-05,SHP00676,5,2025-01-06T22:57:30,Destination port arrival,Completed,Port terminal,Alexandria,
EVT00676-06,SHP00676,6,2025-01-07T00:18:50,Customs released,Completed,Forwarder,Alexandria,
EVT00676-07,SHP00676,7,2025-01-07T21:26:08,Delivery completed,Completed,Carrier,Alexandria Water Project Site,
EVT00677-01,SHP00677,1,2025-02-09T09:00:00,Booking created,Completed,Forwarder,Tarragona Equipment Vendor,
EVT00677-02,SHP00677,2,2025-02-24T10:00:14,Pickup completed,Completed,Carrier,Tarragona Equipment Vendor,
EVT00677-03,SHP00677,3,2025-02-25T05:05:35,Delivery completed,Completed,Carrier,Marseille Wind Substation Site,
EVT00678-01,SHP00678,1,2024-07-01T15:00:00,Booking created,Completed,Forwarder,Tarragona Equipment Vendor,
EVT00678-02,SHP00678,2,2024-07-15T17:55:52,Pickup completed,Completed,Carrier,Tarragona Equipment Vendor,
EVT00678-03,SHP00678,3,2024-07-16T04:23:15,Origin port gate in,Completed,Port terminal,Barcelona,
EVT00678-04,SHP00678,4,2024-07-16T09:12:35,Vessel departed,Completed,Carrier,Barcelona,
EVT00678-05,SHP00678,5,2024-07-24T21:21:28,Destination port arrival,Completed,Port terminal,Dammam,
EVT00678-06,SHP00678,6,2024-07-24T22:03:53,Customs released,Completed,Forwarder,Dammam,
EVT00678-07,SHP00678,7,2024-07-26T06:51:41,Delivery completed,Completed,Carrier,Dammam Gas Project Site,
EVT00679-01,SHP00679,1,2025-01-15T14:00:00,Booking created,Completed,Forwarder,Madrid Cross Dock,
EVT00679-02,SHP00679,2,2025-01-29T14:04:50,Pickup completed,Completed,Carrier,Madrid Cross Dock,
EVT00679-03,SHP00679,3,2025-01-30T08:44:35,Origin port gate in,Completed,Port terminal,Valencia,
EVT00679-04,SHP00679,4,2025-01-30T17:01:38,Vessel departed,Completed,Carrier,Valencia,
EVT00679-05,SHP00679,5,2025-02-07T23:06:44,Destination port arrival,Completed,Port terminal,Dammam,
EVT00679-06,SHP00679,6,2025-02-08T11:34:32,Customs released,Completed,Forwarder,Dammam,
EVT00679-07,SHP00679,7,2025-02-08T20:54:01,Delivery completed,Completed,Carrier,Dammam Gas Project Site,
EVT00680-01,SHP00680,1,2024-09-29T15:00:00,Booking created,Completed,Forwarder,Cadiz Module Yard,
EVT00680-02,SHP00680,2,2024-10-10T14:16:27,Pickup completed,Completed,Carrier,Cadiz Module Yard,
EVT00680-03,SHP00680,3,2024-10-11T04:28:56,Origin port gate in,Completed,Port terminal,Algeciras,
EVT00680-04,SHP00680,4,2024-10-11T10:17:14,Vessel departed,Completed,Carrier,Algeciras,
EVT00680-05,SHP00680,5,2024-10-12T12:16:39,Destination port arrival,Completed,Port terminal,Casablanca,
EVT00680-06,SHP00680,6,2024-10-12T15:48:01,Customs released,Completed,Forwarder,Casablanca,
EVT00680-07,SHP00680,7,2024-10-13T09:10:53,Delivery completed,Completed,Carrier,Casablanca Desalination Site,
EVT00681-01,SHP00681,1,2025-01-19T10:00:00,Booking created,Completed,Forwarder,Bilbao Steel Fabricator,
EVT00681-02,SHP00681,2,2025-02-03T11:11:19,Pickup completed,Completed,Carrier,Bilbao Steel Fabricator,
EVT00681-03,SHP00681,3,2025-02-09T09:25:35,Delivery completed,Completed,Carrier,Dammam Gas Project Site,
EVT00682-01,SHP00682,1,2024-08-11T13:00:00,Booking created,Completed,Forwarder,Bilbao Steel Fabricator,
EVT00682-02,SHP00682,2,2024-08-19T13:29:14,Pickup completed,Completed,Carrier,Bilbao Steel Fabricator,
EVT00682-03,SHP00682,3,2024-08-22T14:26:56,Delivery completed,Completed,Carrier,Alexandria Water Project Site,
EVT00683-01,SHP00683,1,2025-09-25T14:00:00,Booking created,Completed,Forwarder,Cadiz Module Yard,
EVT00683-02,SHP00683,2,2025-10-01T15:49:25,Pickup completed,Completed,Carrier,Cadiz Module Yard,
EVT00683-03,SHP00683,3,2025-10-02T01:10:12,Origin port gate in,Completed,Port terminal,Algeciras,
EVT00683-04,SHP00683,4,2025-10-02T10:31:08,Vessel departed,Completed,Carrier,Algeciras,
EVT00683-05,SHP00683,5,2025-10-05T18:04:46,Destination port arrival,Completed,Port terminal,Marseille-Fos,
EVT00683-06,SHP00683,6,2025-10-05T22:36:44,Customs released,Completed,Forwarder,Marseille-Fos,
EVT00683-07,SHP00683,7,2025-10-06T10:36:50,Delivery completed,Completed,Carrier,Marseille Wind Substation Site,
EVT00684-01,SHP00684,1,2025-07-12T11:00:00,Booking created,Completed,Forwarder,Cadiz Module Yard,
EVT00684-02,SHP00684,2,2025-07-18T12:33:12,Pickup completed,Completed,Carrier,Cadiz Module Yard,
EVT00684-03,SHP00684,3,2025-07-18T19:33:05,Origin port gate in,Completed,Port terminal,Algeciras,
EVT00684-04,SHP00684,4,2025-07-19T12:55:14,Vessel departed,Completed,Carrier,Algeciras,
EVT00684-05,SHP00684,5,2025-07-22T19:53:23,Destination port arrival,Completed,Port terminal,Marseille-Fos,
EVT00684-06,SHP00684,6,2025-07-22T23:06:50,Customs released,Completed,Forwarder,Marseille-Fos,
EVT00684-07,SHP00684,7,2025-07-24T09:41:28,Delivery completed,Delayed,Carrier,Marseille Wind Substation Site,Weather disruption
EVT00685-01,SHP00685,1,2024-03-31T11:00:00,Booking created,Completed,Forwarder,Antwerp EPC Supplier Yard,
EVT00685-02,SHP00685,2,2024-04-11T11:39:34,Pickup completed,Completed,Carrier,Antwerp EPC Supplier Yard,
EVT00685-03,SHP00685,3,2024-04-11T16:46:27,Origin port gate in,Completed,Port terminal,Antwerp-Bruges,
EVT00685-04,SHP00685,4,2024-04-12T08:03:03,Vessel departed,Completed,Carrier,Antwerp-Bruges,
EVT00685-05,SHP00685,5,2024-04-16T22:18:36,Customs released,Completed,Forwarder,Sines,
EVT00685-06,SHP00685,6,2024-04-17T01:03:12,Destination port arrival,Completed,Port terminal,Sines,
EVT00685-07,SHP00685,7,2024-04-18T15:22:15,Delivery completed,Delayed,Carrier,Sines Energy Project Site,Customs hold
EVT00686-01,SHP00686,1,2024-09-24T15:00:00,Booking created,Completed,Forwarder,Valencia Export Depot,
EVT00686-02,SHP00686,2,2024-10-07T17:08:41,Pickup completed,Completed,Carrier,Valencia Export Depot,
EVT00686-03,SHP00686,3,2024-10-08T03:25:30,Origin port gate in,Completed,Port terminal,Valencia,
EVT00686-04,SHP00686,4,2024-10-08T13:36:04,Vessel departed,Completed,Carrier,Valencia,
EVT00686-05,SHP00686,5,2024-10-18T07:02:11,Destination port arrival,Completed,Port terminal,Dammam,
EVT00686-06,SHP00686,6,2024-10-18T19:15:49,Customs released,Completed,Forwarder,Dammam,
EVT00686-07,SHP00686,7,2024-10-19T08:49:08,Delivery completed,Completed,Carrier,Dammam Gas Project Site,
EVT00687-01,SHP00687,1,2025-07-17T14:00:00,Booking created,Completed,Forwarder,Cadiz Module Yard,
EVT00687-02,SHP00687,2,2025-07-29T16:08:00,Pickup completed,Completed,Carrier,Cadiz Module Yard,
EVT00687-03,SHP00687,3,2025-07-30T18:33:06,Delivery completed,Completed,Carrier,Zaragoza Distribution Hub,
EVT00688-01,SHP00688,1,2024-07-10T10:00:00,Booking created,Completed,Forwarder,Puertollano Module Yard,
EVT00688-02,SHP00688,2,2024-07-25T10:44:44,Pickup completed,Completed,Carrier,Puertollano Module Yard,
EVT00688-03,SHP00688,3,2024-07-26T03:45:52,Origin port gate in,Completed,Port terminal,Algeciras,
EVT00688-04,SHP00688,4,2024-07-26T14:11:11,Vessel departed,Completed,Carrier,Algeciras,
EVT00688-05,SHP00688,5,2024-07-28T00:44:12,Destination port arrival,Completed,Port terminal,Casablanca,
EVT00688-06,SHP00688,6,2024-07-28T01:23:59,Customs released,Completed,Forwarder,Casablanca,
EVT00688-07,SHP00688,7,2024-07-29T04:53:24,Delivery completed,Completed,Carrier,Casablanca Desalination Site,
EVT00689-01,SHP00689,1,2024-01-18T13:00:00,Booking created,Completed,Forwarder,Bilbao Steel Fabricator,
EVT00689-02,SHP00689,2,2024-01-22T14:28:19,Pickup completed,Completed,Carrier,Bilbao Steel Fabricator,
EVT00689-03,SHP00689,3,2024-01-23T04:00:56,Delivery completed,Completed,Carrier,Zaragoza Distribution Hub,
EVT00690-01,SHP00690,1,2025-05-01T14:00:00,Booking created,Completed,Forwarder,Rotterdam Consolidation Hub,
EVT00690-02,SHP00690,2,2025-05-05T16:57:20,Pickup completed,Completed,Carrier,Rotterdam Consolidation Hub,
EVT00690-03,SHP00690,3,2025-05-05T22:16:01,Origin port gate in,Completed,Port terminal,Rotterdam,
EVT00690-04,SHP00690,4,2025-05-06T03:19:31,Vessel departed,Completed,Carrier,Rotterdam,
EVT00690-05,SHP00690,5,2025-05-11T06:23:43,Destination port arrival,Completed,Port terminal,Sines,
EVT00690-06,SHP00690,6,2025-05-11T17:35:34,Customs released,Completed,Forwarder,Sines,
EVT00690-07,SHP00690,7,2025-05-13T04:37:23,Delivery completed,Delayed,Carrier,Sines Energy Project Site,Carrier capacity
EVT00691-01,SHP00691,1,2024-09-18T12:00:00,Booking created,Completed,Forwarder,Milan Valve Plant,
EVT00691-02,SHP00691,2,2024-09-30T11:41:44,Pickup completed,Completed,Carrier,Milan Valve Plant,
EVT00691-03,SHP00691,3,2024-10-01T00:16:32,Origin port gate in,Completed,Port terminal,Genoa,
EVT00691-04,SHP00691,4,2024-10-01T13:47:21,Vessel departed,Completed,Carrier,Genoa,
EVT00691-05,SHP00691,5,2024-10-03T16:55:20,Destination port arrival,Completed,Port terminal,Rotterdam,
EVT00691-06,SHP00691,6,2024-10-04T00:08:32,Customs released,Completed,Forwarder,Rotterdam,
EVT00691-07,SHP00691,7,2024-10-04T15:23:15,Delivery completed,Completed,Carrier,Rotterdam Consolidation Hub,
EVT00692-01,SHP00692,1,2024-07-02T12:00:00,Booking created,Completed,Forwarder,Tarragona Equipment Vendor,
EVT00692-02,SHP00692,2,2024-07-08T13:43:56,Pickup completed,Completed,Carrier,Tarragona Equipment Vendor,
EVT00692-03,SHP00692,3,2024-07-09T02:53:36,Origin port gate in,Completed,Port terminal,Barcelona,
EVT00692-04,SHP00692,4,2024-07-09T12:11:41,Vessel departed,Completed,Carrier,Barcelona,
EVT00692-05,SHP00692,5,2024-07-13T03:18:48,Destination port arrival,Completed,Port terminal,Sines,
EVT00692-06,SHP00692,6,2024-07-13T10:18:59,Customs released,Completed,Forwarder,Sines,
EVT00692-07,SHP00692,7,2024-07-13T18:49:06,Delivery completed,Completed,Carrier,Sines Energy Project Site,
EVT00693-01,SHP00693,1,2024-02-28T08:00:00,Booking created,Completed,Forwarder,Cadiz Module Yard,
EVT00693-02,SHP00693,2,2024-03-14T08:41:40,Pickup completed,Completed,Carrier,Cadiz Module Yard,
EVT00693-03,SHP00693,3,2024-03-14T16:12:05,Origin port gate in,Completed,Port terminal,Algeciras,
EVT00693-04,SHP00693,4,2024-03-14T19:21:27,Vessel departed,Completed,Carrier,Algeciras,
EVT00693-05,SHP00693,5,2024-03-17T10:06:51,Destination port arrival,Completed,Port terminal,Casablanca,
EVT00693-06,SHP00693,6,2024-03-17T23:03:30,Customs released,Completed,Forwarder,Casablanca,
EVT00693-07,SHP00693,7,2024-03-18T16:13:18,Delivery completed,Completed,Carrier,Casablanca Desalination Site,
EVT00694-01,SHP00694,1,2024-08-26T09:00:00,Booking created,Completed,Forwarder,Bilbao Steel Fabricator,
EVT00694-02,SHP00694,2,2024-09-09T10:30:38,Pickup completed,Completed,Carrier,Bilbao Steel Fabricator,
EVT00694-03,SHP00694,3,2024-09-09T22:26:41,Delivery completed,Completed,Carrier,Zaragoza Distribution Hub,
EVT00695-01,SHP00695,1,2025-07-26T07:00:00,Booking created,Completed,Forwarder,Antwerp EPC Supplier Yard,
EVT00695-02,SHP00695,2,2025-08-06T09:32:19,Pickup completed,Completed,Carrier,Antwerp EPC Supplier Yard,
EVT00695-03,SHP00695,3,2025-08-06T17:58:35,Origin port gate in,Completed,Port terminal,Antwerp-Bruges,
EVT00695-04,SHP00695,4,2025-08-07T04:01:51,Vessel departed,Completed,Carrier,Antwerp-Bruges,
EVT00695-05,SHP00695,5,2025-08-15T10:15:56,Destination port arrival,Completed,Port terminal,Dammam,
EVT00695-06,SHP00695,6,2025-08-15T18:51:39,Customs released,Completed,Forwarder,Dammam,
EVT00695-07,SHP00695,7,2025-08-16T07:38:09,Delivery completed,Completed,Carrier,Dammam Gas Project Site,
EVT00696-01,SHP00696,1,2025-11-27T08:00:00,Booking created,Completed,Forwarder,Cadiz Module Yard,
EVT00696-02,SHP00696,2,2025-12-08T08:57:33,Pickup completed,Completed,Carrier,Cadiz Module Yard,
EVT00696-03,SHP00696,3,2025-12-09T15:46:15,Delivery completed,Completed,Carrier,Marseille Wind Substation Site,
EVT00697-01,SHP00697,1,2024-10-27T13:00:00,Booking created,Completed,Forwarder,Antwerp EPC Supplier Yard,
EVT00697-02,SHP00697,2,2024-11-06T14:47:40,Pickup completed,Completed,Carrier,Antwerp EPC Supplier Yard,
EVT00697-03,SHP00697,3,2024-11-07T02:38:17,Origin port gate in,Completed,Port terminal,Antwerp-Bruges,
EVT00697-04,SHP00697,4,2024-11-07T12:27:04,Vessel departed,Completed,Carrier,Antwerp-Bruges,
EVT00697-05,SHP00697,5,2024-11-12T00:45:46,Destination port arrival,Completed,Port terminal,Casablanca,
EVT00697-06,SHP00697,6,2024-11-12T09:03:15,Customs released,Completed,Forwarder,Casablanca,
EVT00697-07,SHP00697,7,2024-11-12T17:52:36,Delivery completed,Completed,Carrier,Casablanca Desalination Site,
EVT00698-01,SHP00698,1,2024-08-02T08:00:00,Booking created,Completed,Forwarder,Bilbao Steel Fabricator,
EVT00698-02,SHP00698,2,2024-08-07T09:13:38,Pickup completed,Completed,Carrier,Bilbao Steel Fabricator,
EVT00698-03,SHP00698,3,2024-08-10T05:08:08,Delivery completed,Completed,Carrier,Alexandria Water Project Site,
EVT00699-01,SHP00699,1,2024-12-14T07:00:00,Booking created,Completed,Forwarder,Antwerp EPC Supplier Yard,
EVT00699-02,SHP00699,2,2024-12-25T06:11:33,Pickup completed,Completed,Carrier,Antwerp EPC Supplier Yard,
EVT00699-03,SHP00699,3,2024-12-25T15:10:25,Origin port gate in,Completed,Port terminal,Antwerp-Bruges,
EVT00699-04,SHP00699,4,2024-12-26T07:30:35,Vessel departed,Completed,Carrier,Antwerp-Bruges,
EVT00699-05,SHP00699,5,2025-01-04T04:11:54,Destination port arrival,Completed,Port terminal,Dammam,
EVT00699-06,SHP00699,6,2025-01-04T07:25:16,Customs released,Completed,Forwarder,Dammam,
EVT00699-07,SHP00699,7,2025-01-05T06:18:13,Delivery completed,Delayed,Carrier,Dammam Gas Project Site,Documentation issue
EVT00700-01,SHP00700,1,2024-11-17T11:00:00,Booking created,Completed,Forwarder,Antwerp EPC Supplier Yard,
EVT00700-02,SHP00700,2,2024-11-27T11:29:01,Pickup completed,Completed,Carrier,Antwerp EPC Supplier Yard,
EVT00700-03,SHP00700,3,2024-11-27T18:20:46,Origin port gate in,Completed,Port terminal,Antwerp-Bruges,
EVT00700-04,SHP00700,4,2024-11-27T22:58:36,Vessel departed,Completed,Carrier,Antwerp-Bruges,
EVT00700-05,SHP00700,5,2024-12-06T04:43:43,Destination port arrival,Completed,Port terminal,Dammam,
EVT00700-06,SHP00700,6,2024-12-06T20:03:19,Customs released,Completed,Forwarder,Dammam,
EVT00700-07,SHP00700,7,2024-12-07T06:45:43,Delivery completed,Delayed,Carrier,Dammam Gas Project Site,Port congestion
EVT00701-01,SHP00701,1,2025-02-27T09:00:00,Booking created,Completed,Forwarder,Madrid Cross Dock,
EVT00701-02,SHP00701,2,2025-03-12T08:03:14,Pickup completed,Completed,Carrier,Madrid Cross Dock,
EVT00701-03,SHP00701,3,2025-03-13T06:42:30,Origin port gate in,Completed,Port terminal,Valencia,
EVT00701-04,SHP00701,4,2025-03-13T22:28:11,Vessel departed,Completed,Carrier,Valencia,
EVT00701-05,SHP00701,5,2025-03-19T10:25:21,Destination port arrival,Completed,Port terminal,Alexandria,
EVT00701-06,SHP00701,6,2025-03-19T18:28:03,Customs released,Completed,Forwarder,Alexandria,
EVT00701-07,SHP00701,7,2025-03-20T12:53:17,Delivery completed,Delayed,Carrier,Alexandria Water Project Site,Road permit delay
EVT00702-01,SHP00702,1,2024-05-24T11:00:00,Booking created,Completed,Forwarder,Bilbao Steel Fabricator,
EVT00702-02,SHP00702,2,2024-06-04T11:15:46,Pickup completed,Completed,Carrier,Bilbao Steel Fabricator,
EVT00702-03,SHP00702,3,2024-06-04T13:54:26,Origin port gate in,Completed,Port terminal,Bilbao,
EVT00702-04,SHP00702,4,2024-06-04T23:53:10,Vessel departed,Completed,Carrier,Bilbao,
EVT00702-05,SHP00702,5,2024-06-07T06:13:07,Destination port arrival,Completed,Port terminal,Marseille-Fos,
EVT00702-06,SHP00702,6,2024-06-07T11:07:31,Customs released,Completed,Forwarder,Marseille-Fos,
EVT00702-07,SHP00702,7,2024-06-08T01:17:01,Delivery completed,Completed,Carrier,Marseille Wind Substation Site,
EVT00703-01,SHP00703,1,2024-06-18T14:00:00,Booking created,Completed,Forwarder,Puertollano Module Yard,
EVT00703-02,SHP00703,2,2024-06-26T14:43:17,Pickup completed,Completed,Carrier,Puertollano Module Yard,
EVT00703-03,SHP00703,3,2024-06-27T05:36:08,Origin port gate in,Completed,Port terminal,Algeciras,
EVT00703-04,SHP00703,4,2024-06-27T14:43:31,Vessel departed,Completed,Carrier,Algeciras,
EVT00703-05,SHP00703,5,2024-06-29T07:11:20,Destination port arrival,Completed,Port terminal,Casablanca,
EVT00703-06,SHP00703,6,2024-06-29T12:47:57,Customs released,Completed,Forwarder,Casablanca,
EVT00703-07,SHP00703,7,2024-06-29T20:57:53,Delivery completed,Completed,Carrier,Casablanca Desalination Site,
EVT00704-01,SHP00704,1,2025-04-14T09:00:00,Booking created,Completed,Forwarder,Antwerp EPC Supplier Yard,
EVT00704-02,SHP00704,2,2025-04-25T08:20:23,Pickup completed,Completed,Carrier,Antwerp EPC Supplier Yard,
EVT00704-03,SHP00704,3,2025-04-25T17:20:22,Origin port gate in,Completed,Port terminal,Antwerp-Bruges,
EVT00704-04,SHP00704,4,2025-04-26T02:01:32,Vessel departed,Completed,Carrier,Antwerp-Bruges,
EVT00704-05,SHP00704,5,2025-05-03T20:56:31,Destination port arrival,Completed,Port terminal,Dammam,
EVT00704-06,SHP00704,6,2025-05-04T11:48:57,Customs released,Completed,Forwarder,Dammam,
EVT00704-07,SHP00704,7,2025-05-04T17:18:01,Delivery completed,Completed,Carrier,Dammam Gas Project Site,
EVT00705-01,SHP00705,1,2024-08-30T11:00:00,Booking created,Completed,Forwarder,Cadiz Module Yard,
EVT00705-02,SHP00705,2,2024-09-13T10:11:23,Pickup completed,Completed,Carrier,Cadiz Module Yard,
EVT00705-03,SHP00705,3,2024-09-14T17:33:47,Origin port gate in,Completed,Port terminal,Algeciras,
EVT00705-04,SHP00705,4,2024-09-15T07:22:25,Vessel departed,Completed,Carrier,Algeciras,
EVT00705-05,SHP00705,5,2024-09-24T22:57:11,Customs released,Completed,Forwarder,Dammam,
EVT00705-06,SHP00705,6,2024-09-25T00:21:55,Destination port arrival,Completed,Port terminal,Dammam,
EVT00705-07,SHP00705,7,2024-09-25T20:18:05,Delivery completed,Completed,Carrier,Dammam Gas Project Site,
EVT00706-01,SHP00706,1,2024-05-10T07:00:00,Booking created,Completed,Forwarder,Valencia Export Depot,
EVT00706-02,SHP00706,2,2024-05-20T06:58:58,Pickup completed,Completed,Carrier,Valencia Export Depot,
EVT00706-03,SHP00706,3,2024-05-20T14:58:12,Origin port gate in,Completed,Port terminal,Valencia,
EVT00706-04,SHP00706,4,2024-05-21T05:32:09,Vessel departed,Completed,Carrier,Valencia,
EVT00706-05,SHP00706,5,2024-05-25T04:12:49,Destination port arrival,Completed,Port terminal,Rotterdam,
EVT00706-06,SHP00706,6,2024-05-25T10:06:49,Customs released,Completed,Forwarder,Rotterdam,
EVT00706-07,SHP00706,7,2024-05-25T21:33:39,Delivery completed,Completed,Carrier,Rotterdam Consolidation Hub,
EVT00707-01,SHP00707,1,2024-09-23T11:00:00,Booking created,Completed,Forwarder,Bilbao Steel Fabricator,
EVT00707-02,SHP00707,2,2024-10-04T12:02:48,Pickup completed,Completed,Carrier,Bilbao Steel Fabricator,
EVT00707-03,SHP00707,3,2024-10-04T18:32:54,Origin port gate in,Completed,Port terminal,Bilbao,
EVT00707-04,SHP00707,4,2024-10-05T09:16:36,Vessel departed,Completed,Carrier,Bilbao,
EVT00707-05,SHP00707,5,2024-10-16T05:16:35,Destination port arrival,Completed,Port terminal,Dammam,
EVT00707-06,SHP00707,6,2024-10-16T14:21:51,Customs released,Completed,Forwarder,Dammam,
EVT00707-07,SHP00707,7,2024-10-17T01:52:43,Delivery completed,Completed,Carrier,Dammam Gas Project Site,
EVT00708-01,SHP00708,1,2025-07-30T10:00:00,Booking created,Completed,Forwarder,Madrid Cross Dock,
EVT00708-02,SHP00708,2,2025-08-04T12:42:22,Pickup completed,Completed,Carrier,Madrid Cross Dock,
EVT00708-03,SHP00708,3,2025-08-04T22:37:58,Origin port gate in,Completed,Port terminal,Valencia,
EVT00708-04,SHP00708,4,2025-08-05T10:13:58,Vessel departed,Completed,Carrier,Valencia,
EVT00708-05,SHP00708,5,2025-08-08T10:52:02,Destination port arrival,Completed,Port terminal,Sines,
EVT00708-06,SHP00708,6,2025-08-08T23:58:25,Customs released,Completed,Forwarder,Sines,
EVT00708-07,SHP00708,7,2025-08-09T10:47:20,Delivery completed,Completed,Carrier,Sines Energy Project Site,
EVT00709-01,SHP00709,1,2025-08-23T13:00:00,Booking created,Completed,Forwarder,Tarragona Equipment Vendor,
EVT00709-02,SHP00709,2,2025-09-03T14:48:10,Pickup completed,Completed,Carrier,Tarragona Equipment Vendor,
EVT00709-03,SHP00709,3,2025-09-04T17:17:08,Origin port gate in,Completed,Port terminal,Barcelona,
EVT00709-04,SHP00709,4,2025-09-04T23:59:54,Vessel departed,Completed,Carrier,Barcelona,
EVT00709-05,SHP00709,5,2025-09-10T05:25:23,Customs released,Completed,Forwarder,Casablanca,
EVT00709-06,SHP00709,6,2025-09-10T06:31:46,Destination port arrival,Completed,Port terminal,Casablanca,
EVT00709-07,SHP00709,7,2025-09-10T16:53:14,Delivery completed,Delayed,Carrier,Casablanca Desalination Site,Port congestion
EVT00710-01,SHP00710,1,2024-08-23T09:00:00,Booking created,Completed,Forwarder,Cadiz Module Yard,
EVT00710-02,SHP00710,2,2024-09-02T10:23:03,Pickup completed,Completed,Carrier,Cadiz Module Yard,
EVT00710-03,SHP00710,3,2024-09-03T07:37:10,Origin port gate in,Completed,Port terminal,Algeciras,
EVT00710-04,SHP00710,4,2024-09-03T11:13:51,Vessel departed,Completed,Carrier,Algeciras,
EVT00710-05,SHP00710,5,2024-09-10T15:29:44,Destination port arrival,Completed,Port terminal,Alexandria,
EVT00710-06,SHP00710,6,2024-09-10T15:40:39,Customs released,Completed,Forwarder,Alexandria,
EVT00710-07,SHP00710,7,2024-09-10T23:39:31,Delivery completed,Delayed,Carrier,Alexandria Water Project Site,Road permit delay
EVT00711-01,SHP00711,1,2025-03-16T12:00:00,Booking created,Completed,Forwarder,Tarragona Equipment Vendor,
EVT00711-02,SHP00711,2,2025-03-26T14:50:32,Pickup completed,Completed,Carrier,Tarragona Equipment Vendor,
EVT00711-03,SHP00711,3,2025-03-27T03:44:21,Origin port gate in,Completed,Port terminal,Barcelona,
EVT00711-04,SHP00711,4,2025-03-27T14:09:32,Vessel departed,Completed,Carrier,Barcelona,
EVT00711-05,SHP00711,5,2025-04-04T11:53:45,Destination port arrival,Completed,Port terminal,Dammam,
EVT00711-06,SHP00711,6,2025-04-04T17:05:51,Customs released,Completed,Forwarder,Dammam,
EVT00711-07,SHP00711,7,2025-04-04T21:40:44,Delivery completed,Completed,Carrier,Dammam Gas Project Site,
EVT00712-01,SHP00712,1,2024-01-05T08:00:00,Booking created,Completed,Forwarder,Tangier Free Zone DC,
EVT00712-02,SHP00712,2,2024-01-09T09:31:20,Pickup completed,Completed,Carrier,Tangier Free Zone DC,
EVT00712-03,SHP00712,3,2024-01-09T13:33:24,Origin port gate in,Completed,Port terminal,Tanger Med,
EVT00712-04,SHP00712,4,2024-01-09T16:59:03,Vessel departed,Completed,Carrier,Tanger Med,
EVT00712-05,SHP00712,5,2024-01-13T20:03:38,Destination port arrival,Completed,Port terminal,Valencia,
EVT00712-06,SHP00712,6,2024-01-14T04:31:28,Customs released,Completed,Forwarder,Valencia,
EVT00712-07,SHP00712,7,2024-01-14T20:09:58,Delivery completed,Delayed,Carrier,Zaragoza Distribution Hub,Customs hold
EVT00713-01,SHP00713,1,2024-02-19T08:00:00,Booking created,Completed,Forwarder,Puertollano Module Yard,
EVT00713-02,SHP00713,2,2024-03-01T10:50:27,Pickup completed,Completed,Carrier,Puertollano Module Yard,
EVT00713-03,SHP00713,3,2024-03-02T08:06:04,Origin port gate in,Completed,Port terminal,Algeciras,
EVT00713-04,SHP00713,4,2024-03-02T22:00:18,Vessel departed,Completed,Carrier,Algeciras,
EVT00713-05,SHP00713,5,2024-03-04T03:16:14,Destination port arrival,Completed,Port terminal,Casablanca,
EVT00713-06,SHP00713,6,2024-03-04T13:17:53,Customs released,Completed,Forwarder,Casablanca,
EVT00713-07,SHP00713,7,2024-03-05T00:21:31,Delivery completed,Completed,Carrier,Casablanca Desalination Site,
EVT00714-01,SHP00714,1,2025-05-05T13:00:00,Booking created,Completed,Forwarder,Rotterdam Consolidation Hub,
EVT00714-02,SHP00714,2,2025-05-16T13:20:04,Pickup completed,Completed,Carrier,Rotterdam Consolidation Hub,
EVT00714-03,SHP00714,3,2025-05-16T15:38:03,Origin port gate in,Completed,Port terminal,Rotterdam,
EVT00714-04,SHP00714,4,2025-05-16T23:09:57,Vessel departed,Completed,Carrier,Rotterdam,
EVT00714-05,SHP00714,5,2025-05-23T03:29:30,Destination port arrival,Completed,Port terminal,Alexandria,
EVT00714-06,SHP00714,6,2025-05-23T09:38:35,Customs released,Completed,Forwarder,Alexandria,
EVT00714-07,SHP00714,7,2025-05-23T23:58:28,Delivery completed,Completed,Carrier,Alexandria Water Project Site,
EVT00715-01,SHP00715,1,2025-01-08T15:00:00,Booking created,Completed,Forwarder,Valencia Export Depot,
EVT00715-02,SHP00715,2,2025-01-17T16:00:00,Pickup completed,Completed,Carrier,Valencia Export Depot,
EVT00715-03,SHP00715,3,2025-01-17T22:27:32,Origin port gate in,Completed,Port terminal,Valencia,
EVT00715-04,SHP00715,4,2025-01-18T12:33:04,Vessel departed,Completed,Carrier,Valencia,
EVT00715-05,SHP00715,5,2025-01-21T20:39:43,Destination port arrival,Completed,Port terminal,Sines,
EVT00715-06,SHP00715,6,2025-01-22T02:38:49,Customs released,Completed,Forwarder,Sines,
EVT00715-07,SHP00715,7,2025-01-22T14:09:08,Delivery completed,Delayed,Carrier,Sines Energy Project Site,Carrier capacity
EVT00716-01,SHP00716,1,2025-12-09T13:00:00,Booking created,Completed,Forwarder,Lyon Fabrication Partner,
EVT00716-02,SHP00716,2,2025-12-22T15:10:11,Pickup completed,Completed,Carrier,Lyon Fabrication Partner,
EVT00716-03,SHP00716,3,2025-12-24T05:31:38,Origin port gate in,Completed,Port terminal,Marseille-Fos,
EVT00716-04,SHP00716,4,2025-12-24T13:36:36,Vessel departed,Completed,Carrier,Marseille-Fos,
EVT00716-05,SHP00716,5,2025-12-26T10:06:13,Destination port arrival,Completed,Port terminal,Valencia,
EVT00716-06,SHP00716,6,2025-12-26T12:11:38,Customs released,Completed,Forwarder,Valencia,
EVT00716-07,SHP00716,7,2025-12-27T08:03:35,Delivery completed,Delayed,Carrier,Zaragoza Distribution Hub,Customs hold
EVT00717-01,SHP00717,1,2024-11-01T10:00:00,Booking created,Completed,Forwarder,Zaragoza Distribution Hub,
EVT00717-02,SHP00717,2,2024-11-08T12:47:45,Pickup completed,Completed,Carrier,Zaragoza Distribution Hub,
EVT00717-03,SHP00717,3,2024-11-09T02:01:17,Origin port gate in,Completed,Port terminal,Valencia,
EVT00717-04,SHP00717,4,2024-11-09T08:43:42,Vessel departed,Completed,Carrier,Valencia,
EVT00717-05,SHP00717,5,2024-11-12T01:20:02,Destination port arrival,Completed,Port terminal,Sines,
EVT00717-06,SHP00717,6,2024-11-12T02:13:13,Customs released,Completed,Forwarder,Sines,
EVT00717-07,SHP00717,7,2024-11-12T19:19:17,Delivery completed,Completed,Carrier,Sines Energy Project Site,
EVT00718-01,SHP00718,1,2024-02-15T09:00:00,Booking created,Completed,Forwarder,Tarragona Equipment Vendor,
EVT00718-02,SHP00718,2,2024-02-19T09:32:04,Pickup completed,Completed,Carrier,Tarragona Equipment Vendor,
EVT00718-03,SHP00718,3,2024-02-19T16:10:41,Origin port gate in,Completed,Port terminal,Barcelona,
EVT00718-04,SHP00718,4,2024-02-20T05:51:54,Vessel departed,Completed,Carrier,Barcelona,
EVT00718-05,SHP00718,5,2024-02-24T16:27:19,Destination port arrival,Completed,Port terminal,Sines,
EVT00718-06,SHP00718,6,2024-02-24T20:22:02,Customs released,Completed,Forwarder,Sines,
EVT00718-07,SHP00718,7,2024-02-25T12:55:51,Delivery completed,Completed,Carrier,Sines Energy Project Site,
EVT00719-01,SHP00719,1,2025-04-17T13:00:00,Booking created,Completed,Forwarder,Valencia Export Depot,
EVT00719-02,SHP00719,2,2025-04-23T12:57:26,Pickup completed,Completed,Carrier,Valencia Export Depot,
EVT00719-03,SHP00719,3,2025-04-23T20:12:46,Origin port gate in,Completed,Port terminal,Valencia,
EVT00719-04,SHP00719,4,2025-04-24T11:53:00,Vessel departed,Completed,Carrier,Valencia,
EVT00719-05,SHP00719,5,2025-04-27T18:20:32,Destination port arrival,Completed,Port terminal,Marseille-Fos,
EVT00719-06,SHP00719,6,2025-04-27T18:25:53,Customs released,Completed,Forwarder,Marseille-Fos,
EVT00719-07,SHP00719,7,2025-04-28T10:53:12,Delivery completed,Delayed,Carrier,Marseille Wind Substation Site,Customs hold
EVT00720-01,SHP00720,1,2024-07-22T09:00:00,Booking created,Completed,Forwarder,Milan Valve Plant,
EVT00720-02,SHP00720,2,2024-08-02T11:49:08,Pickup completed,Completed,Carrier,Milan Valve Plant,
EVT00720-03,SHP00720,3,2024-08-03T13:48:03,Origin port gate in,Completed,Port terminal,Genoa,
EVT00720-04,SHP00720,4,2024-08-03T19:35:22,Vessel departed,Completed,Carrier,Genoa,
EVT00720-05,SHP00720,5,2024-08-13T11:09:32,Destination port arrival,Completed,Port terminal,Dammam,
EVT00720-06,SHP00720,6,2024-08-13T15:26:58,Customs released,Completed,Forwarder,Dammam,
EVT00720-07,SHP00720,7,2024-08-14T20:35:23,Delivery completed,Delayed,Carrier,Dammam Gas Project Site,Carrier capacity
EVT00721-01,SHP00721,1,2025-07-05T10:00:00,Booking created,Completed,Forwarder,Milan Valve Plant,
EVT00721-02,SHP00721,2,2025-07-17T11:51:08,Pickup completed,Completed,Carrier,Milan Valve Plant,
EVT00721-03,SHP00721,3,2025-07-17T19:15:54,Origin port gate in,Completed,Port terminal,Genoa,
EVT00721-04,SHP00721,4,2025-07-18T08:09:39,Vessel departed,Completed,Carrier,Genoa,
EVT00721-05,SHP00721,5,2025-07-22T00:18:27,Destination port arrival,Completed,Port terminal,Casablanca,
EVT00721-06,SHP00721,6,2025-07-22T04:58:41,Customs released,Completed,Forwarder,Casablanca,
EVT00721-07,SHP00721,7,2025-07-22T11:59:18,Delivery completed,Completed,Carrier,Casablanca Desalination Site,
EVT00722-01,SHP00722,1,2025-08-31T15:00:00,Booking created,Completed,Forwarder,Antwerp EPC Supplier Yard,
EVT00722-02,SHP00722,2,2025-09-08T17:38:04,Pickup completed,Completed,Carrier,Antwerp EPC Supplier Yard,
EVT00722-03,SHP00722,3,2025-09-09T00:14:57,Origin port gate in,Completed,Port terminal,Antwerp-Bruges,
EVT00722-04,SHP00722,4,2025-09-09T10:58:31,Vessel departed,Completed,Carrier,Antwerp-Bruges,
EVT00722-05,SHP00722,5,2025-09-17T19:27:12,Destination port arrival,Completed,Port terminal,Dammam,
EVT00722-06,SHP00722,6,2025-09-18T01:41:26,Customs released,Completed,Forwarder,Dammam,
EVT00722-07,SHP00722,7,2025-09-18T19:01:26,Delivery completed,Delayed,Carrier,Dammam Gas Project Site,None
EVT00723-01,SHP00723,1,2025-12-13T11:00:00,Booking created,Completed,Forwarder,Bilbao Steel Fabricator,
EVT00723-02,SHP00723,2,2025-12-22T11:18:15,Pickup completed,Completed,Carrier,Bilbao Steel Fabricator,
EVT00723-03,SHP00723,3,2025-12-24T11:28:18,Delivery completed,Delayed,Carrier,Marseille Wind Substation Site,Documentation issue
EVT00724-01,SHP00724,1,2023-12-21T12:00:00,Booking created,Completed,Forwarder,Madrid Cross Dock,
EVT00724-02,SHP00724,2,2024-01-03T13:50:48,Pickup completed,Completed,Carrier,Madrid Cross Dock,
EVT00724-03,SHP00724,3,2024-01-04T04:17:17,Delivery completed,Completed,Carrier,Zaragoza Distribution Hub,
EVT00725-01,SHP00725,1,2024-12-10T15:00:00,Booking created,Completed,Forwarder,Milan Valve Plant,
EVT00725-02,SHP00725,2,2024-12-16T17:13:20,Pickup completed,Completed,Carrier,Milan Valve Plant,
EVT00725-03,SHP00725,3,2024-12-17T03:54:49,Origin port gate in,Completed,Port terminal,Genoa,
EVT00725-04,SHP00725,4,2024-12-17T21:51:53,Vessel departed,Completed,Carrier,Genoa,
EVT00725-05,SHP00725,5,2024-12-20T19:55:39,Destination port arrival,Completed,Port terminal,Rotterdam,
EVT00725-06,SHP00725,6,2024-12-21T05:13:39,Customs released,Completed,Forwarder,Rotterdam,
EVT00725-07,SHP00725,7,2024-12-21T23:07:48,Delivery completed,Completed,Carrier,Rotterdam Consolidation Hub,
EVT00726-01,SHP00726,1,2025-09-15T14:00:00,Booking created,Completed,Forwarder,Milan Valve Plant,
EVT00726-02,SHP00726,2,2025-09-19T15:46:18,Pickup completed,Completed,Carrier,Milan Valve Plant,
EVT00726-03,SHP00726,3,2025-09-20T06:13:54,Origin port gate in,Completed,Port terminal,Genoa,
EVT00726-04,SHP00726,4,2025-09-20T11:13:26,Vessel departed,Completed,Carrier,Genoa,
EVT00726-05,SHP00726,5,2025-09-27T08:34:12,Destination port arrival,Completed,Port terminal,Dammam,
EVT00726-06,SHP00726,6,2025-09-27T22:06:19,Customs released,Completed,Forwarder,Dammam,
EVT00726-07,SHP00726,7,2025-09-28T04:28:30,Delivery completed,Completed,Carrier,Dammam Gas Project Site,
EVT00727-01,SHP00727,1,2024-06-30T08:00:00,Booking created,Completed,Forwarder,Valencia Export Depot,
EVT00727-02,SHP00727,2,2024-07-11T09:33:36,Pickup completed,Completed,Carrier,Valencia Export Depot,
EVT00727-03,SHP00727,3,2024-07-11T14:45:10,Origin port gate in,Completed,Port terminal,Valencia,
EVT00727-04,SHP00727,4,2024-07-12T06:03:51,Vessel departed,Completed,Carrier,Valencia,
EVT00727-05,SHP00727,5,2024-07-14T07:55:41,Destination port arrival,Completed,Port terminal,Casablanca,
EVT00727-06,SHP00727,6,2024-07-14T15:16:16,Customs released,Completed,Forwarder,Casablanca,
EVT00727-07,SHP00727,7,2024-07-15T05:44:44,Delivery completed,Completed,Carrier,Casablanca Desalination Site,
EVT00728-01,SHP00728,1,2024-06-21T12:00:00,Booking created,Completed,Forwarder,Zaragoza Distribution Hub,
EVT00728-02,SHP00728,2,2024-06-26T12:24:31,Pickup completed,Completed,Carrier,Zaragoza Distribution Hub,
EVT00728-03,SHP00728,3,2024-06-27T07:31:11,Delivery completed,Completed,Carrier,Marseille Wind Substation Site,
EVT00729-01,SHP00729,1,2025-09-13T09:00:00,Booking created,Completed,Forwarder,Madrid Cross Dock,
EVT00729-02,SHP00729,2,2025-09-18T10:51:46,Pickup completed,Completed,Carrier,Madrid Cross Dock,
EVT00729-03,SHP00729,3,2025-09-19T19:29:58,Origin port gate in,Completed,Port terminal,Valencia,
EVT00729-04,SHP00729,4,2025-09-20T08:32:12,Vessel departed,Completed,Carrier,Valencia,
EVT00729-05,SHP00729,5,2025-09-22T08:02:28,Destination port arrival,Completed,Port terminal,Casablanca,
EVT00729-06,SHP00729,6,2025-09-22T10:07:23,Customs released,Completed,Forwarder,Casablanca,
EVT00729-07,SHP00729,7,2025-09-22T22:10:12,Delivery completed,Completed,Carrier,Casablanca Desalination Site,
EVT00730-01,SHP00730,1,2025-05-20T14:00:00,Booking created,Completed,Forwarder,Valencia Export Depot,
EVT00730-02,SHP00730,2,2025-06-02T16:24:55,Pickup completed,Completed,Carrier,Valencia Export Depot,
EVT00730-03,SHP00730,3,2025-06-02T19:11:39,Origin port gate in,Completed,Port terminal,Valencia,
EVT00730-04,SHP00730,4,2025-06-03T04:59:07,Vessel departed,Completed,Carrier,Valencia,
EVT00730-05,SHP00730,5,2025-06-05T08:04:50,Destination port arrival,Completed,Port terminal,Casablanca,
EVT00730-06,SHP00730,6,2025-06-05T11:39:51,Customs released,Completed,Forwarder,Casablanca,
EVT00730-07,SHP00730,7,2025-06-06T05:42:26,Delivery completed,Completed,Carrier,Casablanca Desalination Site,
EVT00731-01,SHP00731,1,2025-08-17T07:00:00,Booking created,Completed,Forwarder,Valencia Export Depot,
EVT00731-02,SHP00731,2,2025-08-22T09:22:55,Pickup completed,Completed,Carrier,Valencia Export Depot,
EVT00731-03,SHP00731,3,2025-08-22T21:44:30,Origin port gate in,Completed,Port terminal,Valencia,
EVT00731-04,SHP00731,4,2025-08-23T09:28:49,Vessel departed,Completed,Carrier,Valencia,
EVT00731-05,SHP00731,5,2025-08-31T16:13:54,Destination port arrival,Completed,Port terminal,Dammam,
EVT00731-06,SHP00731,6,2025-08-31T22:30:38,Customs released,Completed,Forwarder,Dammam,
EVT00731-07,SHP00731,7,2025-09-01T13:19:53,Delivery completed,Completed,Carrier,Dammam Gas Project Site,
EVT00732-01,SHP00732,1,2024-11-09T15:00:00,Booking created,Completed,Forwarder,Puertollano Module Yard,
EVT00732-02,SHP00732,2,2024-11-13T15:08:39,Pickup completed,Completed,Carrier,Puertollano Module Yard,
EVT00732-03,SHP00732,3,2024-11-14T10:44:27,Delivery completed,Completed,Carrier,Zaragoza Distribution Hub,
EVT00733-01,SHP00733,1,2025-05-23T11:00:00,Booking created,Completed,Forwarder,Rotterdam Consolidation Hub,
EVT00733-02,SHP00733,2,2025-05-27T13:12:12,Pickup completed,Completed,Carrier,Rotterdam Consolidation Hub,
EVT00733-03,SHP00733,3,2025-05-27T19:03:42,Origin port gate in,Completed,Port terminal,Rotterdam,
EVT00733-04,SHP00733,4,2025-05-28T01:54:01,Vessel departed,Completed,Carrier,Rotterdam,
EVT00733-05,SHP00733,5,2025-05-31T19:03:39,Destination port arrival,Completed,Port terminal,Marseille-Fos,
EVT00733-06,SHP00733,6,2025-06-01T02:25:55,Customs released,Completed,Forwarder,Marseille-Fos,
EVT00733-07,SHP00733,7,2025-06-01T22:12:29,Delivery completed,Completed,Carrier,Marseille Wind Substation Site,
EVT00734-01,SHP00734,1,2025-10-16T11:00:00,Booking created,Completed,Forwarder,Antwerp EPC Supplier Yard,
EVT00734-02,SHP00734,2,2025-10-23T12:39:04,Pickup completed,Completed,Carrier,Antwerp EPC Supplier Yard,
EVT00734-03,SHP00734,3,2025-10-23T21:36:30,Origin port gate in,Completed,Port terminal,Antwerp-Bruges,
EVT00734-04,SHP00734,4,2025-10-24T06:54:23,Vessel departed,Completed,Carrier,Antwerp-Bruges,
EVT00734-05,SHP00734,5,2025-10-29T01:23:44,Customs released,Completed,Forwarder,Casablanca,
EVT00734-06,SHP00734,6,2025-10-29T04:42:26,Destination port arrival,Completed,Port terminal,Casablanca,
EVT00734-07,SHP00734,7,2025-10-29T18:15:03,Delivery completed,Completed,Carrier,Casablanca Desalination Site,
EVT00735-01,SHP00735,1,2024-02-03T15:00:00,Booking created,Completed,Forwarder,Valencia Export Depot,
EVT00735-02,SHP00735,2,2024-02-09T16:25:41,Pickup completed,Completed,Carrier,Valencia Export Depot,
EVT00735-03,SHP00735,3,2024-02-10T15:53:43,Origin port gate in,Completed,Port terminal,Valencia,
EVT00735-04,SHP00735,4,2024-02-11T06:28:08,Vessel departed,Completed,Carrier,Valencia,
EVT00735-05,SHP00735,5,2024-02-14T03:59:52,Destination port arrival,Completed,Port terminal,Casablanca,
EVT00735-06,SHP00735,6,2024-02-14T10:06:37,Customs released,Completed,Forwarder,Casablanca,
EVT00735-07,SHP00735,7,2024-02-14T22:38:36,Delivery completed,Completed,Carrier,Casablanca Desalination Site,
EVT00736-01,SHP00736,1,2025-08-09T10:00:00,Booking created,Completed,Forwarder,Lyon Fabrication Partner,
EVT00736-02,SHP00736,2,2025-08-18T09:51:19,Pickup completed,Completed,Carrier,Lyon Fabrication Partner,
EVT00736-03,SHP00736,3,2025-08-19T11:43:23,Origin port gate in,Completed,Port terminal,Marseille-Fos,
EVT00736-04,SHP00736,4,2025-08-19T19:33:17,Vessel departed,Completed,Carrier,Marseille-Fos,
EVT00736-05,SHP00736,5,2025-08-23T09:36:09,Destination port arrival,Completed,Port terminal,Casablanca,
EVT00736-06,SHP00736,6,2025-08-23T11:44:52,Customs released,Completed,Forwarder,Casablanca,
EVT00736-07,SHP00736,7,2025-08-24T00:47:33,Delivery completed,Completed,Carrier,Casablanca Desalination Site,
EVT00737-01,SHP00737,1,2025-09-11T14:00:00,Booking created,Completed,Forwarder,Lyon Fabrication Partner,
EVT00737-02,SHP00737,2,2025-09-15T13:30:38,Pickup completed,Completed,Carrier,Lyon Fabrication Partner,
EVT00737-03,SHP00737,3,2025-09-17T09:22:07,Delivery completed,Completed,Carrier,Casablanca Desalination Site,
EVT00738-01,SHP00738,1,2025-11-06T14:00:00,Booking created,Completed,Forwarder,Cadiz Module Yard,
EVT00738-02,SHP00738,2,2025-11-19T13:52:18,Pickup completed,Completed,Carrier,Cadiz Module Yard,
EVT00738-03,SHP00738,3,2025-11-19T22:20:04,Origin port gate in,Completed,Port terminal,Algeciras,
EVT00738-04,SHP00738,4,2025-11-20T06:17:23,Vessel departed,Completed,Carrier,Algeciras,
EVT00738-05,SHP00738,5,2025-11-30T13:06:39,Destination port arrival,Completed,Port terminal,Dammam,
EVT00738-06,SHP00738,6,2025-11-30T17:24:47,Customs released,Completed,Forwarder,Dammam,
EVT00738-07,SHP00738,7,2025-12-01T08:08:28,Delivery completed,Completed,Carrier,Dammam Gas Project Site,
EVT00739-01,SHP00739,1,2024-05-27T13:00:00,Booking created,Completed,Forwarder,Tangier Free Zone DC,
EVT00739-02,SHP00739,2,2024-06-02T14:14:18,Pickup completed,Completed,Carrier,Tangier Free Zone DC,
EVT00739-03,SHP00739,3,2024-06-04T16:42:51,Delivery completed,Completed,Carrier,Rotterdam Consolidation Hub,
EVT00740-01,SHP00740,1,2025-05-17T12:00:00,Booking created,Completed,Forwarder,Valencia Export Depot,
EVT00740-02,SHP00740,2,2025-05-26T12:29:16,Pickup completed,Completed,Carrier,Valencia Export Depot,
EVT00740-03,SHP00740,3,2025-05-27T00:19:04,Origin port gate in,Completed,Port terminal,Valencia,
EVT00740-04,SHP00740,4,2025-05-27T08:25:35,Vessel departed,Completed,Carrier,Valencia,
EVT00740-05,SHP00740,5,2025-06-04T14:27:18,Customs released,Completed,Forwarder,Dammam,
EVT00740-06,SHP00740,6,2025-06-04T15:00:37,Destination port arrival,Completed,Port terminal,Dammam,
EVT00740-07,SHP00740,7,2025-06-05T03:40:48,Delivery completed,Completed,Carrier,Dammam Gas Project Site,
EVT00741-01,SHP00741,1,2024-02-09T15:00:00,Booking created,Completed,Forwarder,Madrid Cross Dock,
EVT00741-02,SHP00741,2,2024-02-19T17:07:07,Pickup completed,Completed,Carrier,Madrid Cross Dock,
EVT00741-03,SHP00741,3,2024-02-20T08:10:05,Origin port gate in,Completed,Port terminal,Valencia,
EVT00741-04,SHP00741,4,2024-02-20T12:14:25,Vessel departed,Completed,Carrier,Valencia,
EVT00741-05,SHP00741,5,2024-02-22T15:27:23,Destination port arrival,Completed,Port terminal,Casablanca,
EVT00741-06,SHP00741,6,2024-02-22T18:20:58,Customs released,Completed,Forwarder,Casablanca,
EVT00741-07,SHP00741,7,2024-02-23T08:59:13,Delivery completed,Completed,Carrier,Casablanca Desalination Site,
EVT00742-01,SHP00742,1,2024-02-16T13:00:00,Booking created,Completed,Forwarder,Antwerp EPC Supplier Yard,
EVT00742-02,SHP00742,2,2024-02-25T12:24:00,Pickup completed,Completed,Carrier,Antwerp EPC Supplier Yard,
EVT00742-03,SHP00742,3,2024-02-25T15:25:21,Origin port gate in,Completed,Port terminal,Antwerp-Bruges,
EVT00742-04,SHP00742,4,2024-02-26T00:14:28,Vessel departed,Completed,Carrier,Antwerp-Bruges,
EVT00742-05,SHP00742,5,2024-03-01T23:21:17,Destination port arrival,Completed,Port terminal,Casablanca,
EVT00742-06,SHP00742,6,2024-03-02T03:45:15,Customs released,Completed,Forwarder,Casablanca,
EVT00742-07,SHP00742,7,2024-03-02T14:28:00,Delivery completed,Completed,Carrier,Casablanca Desalination Site,
EVT00743-01,SHP00743,1,2025-03-29T07:00:00,Booking created,Completed,Forwarder,Bilbao Steel Fabricator,
EVT00743-02,SHP00743,2,2025-04-10T07:52:52,Pickup completed,Completed,Carrier,Bilbao Steel Fabricator,
EVT00743-03,SHP00743,3,2025-04-10T23:33:55,Delivery completed,Completed,Carrier,Zaragoza Distribution Hub,
EVT00744-01,SHP00744,1,2025-03-26T14:00:00,Booking created,Completed,Forwarder,Lyon Fabrication Partner,
EVT00744-02,SHP00744,2,2025-04-09T13:41:23,Pickup completed,Completed,Carrier,Lyon Fabrication Partner,
EVT00744-03,SHP00744,3,2025-04-11T02:47:05,Origin port gate in,Completed,Port terminal,Marseille-Fos,
EVT00744-04,SHP00744,4,2025-04-11T17:33:52,Vessel departed,Completed,Carrier,Marseille-Fos,
EVT00744-05,SHP00744,5,2025-04-18T06:06:18,Destination port arrival,Completed,Port terminal,Alexandria,
EVT00744-06,SHP00744,6,2025-04-18T14:36:19,Customs released,Completed,Forwarder,Alexandria,
EVT00744-07,SHP00744,7,2025-04-19T19:42:42,Delivery completed,Delayed,Carrier,Alexandria Water Project Site,Port congestion
EVT00745-01,SHP00745,1,2025-05-20T11:00:00,Booking created,Completed,Forwarder,Antwerp EPC Supplier Yard,
EVT00745-02,SHP00745,2,2025-05-28T13:28:40,Pickup completed,Completed,Carrier,Antwerp EPC Supplier Yard,
EVT00745-03,SHP00745,3,2025-05-28T21:11:50,Origin port gate in,Completed,Port terminal,Antwerp-Bruges,
EVT00745-04,SHP00745,4,2025-05-29T13:53:06,Vessel departed,Completed,Carrier,Antwerp-Bruges,
EVT00745-05,SHP00745,5,2025-06-04T12:59:39,Destination port arrival,Completed,Port terminal,Casablanca,
EVT00745-06,SHP00745,6,2025-06-05T02:18:18,Customs released,Completed,Forwarder,Casablanca,
EVT00745-07,SHP00745,7,2025-06-05T13:55:02,Delivery completed,Delayed,Carrier,Casablanca Desalination Site,Carrier capacity
EVT00746-01,SHP00746,1,2025-11-06T08:00:00,Booking created,Completed,Forwarder,Bilbao Steel Fabricator,
EVT00746-02,SHP00746,2,2025-11-19T07:40:45,Pickup completed,Completed,Carrier,Bilbao Steel Fabricator,
EVT00746-03,SHP00746,3,2025-11-19T23:30:23,Delivery completed,Completed,Carrier,Zaragoza Distribution Hub,
EVT00747-01,SHP00747,1,2025-09-08T11:00:00,Booking created,Completed,Forwarder,Cadiz Module Yard,
EVT00747-02,SHP00747,2,2025-09-22T11:17:24,Pickup completed,Completed,Carrier,Cadiz Module Yard,
EVT00747-03,SHP00747,3,2025-09-22T20:41:41,Origin port gate in,Completed,Port terminal,Algeciras,
EVT00747-04,SHP00747,4,2025-09-23T00:27:13,Vessel departed,Completed,Carrier,Algeciras,
EVT00747-05,SHP00747,5,2025-09-26T18:44:55,Destination port arrival,Completed,Port terminal,Marseille-Fos,
EVT00747-06,SHP00747,6,2025-09-27T03:51:10,Customs released,Completed,Forwarder,Marseille-Fos,
EVT00747-07,SHP00747,7,2025-09-27T18:23:05,Delivery completed,Completed,Carrier,Marseille Wind Substation Site,
EVT00748-01,SHP00748,1,2025-01-09T14:00:00,Booking created,Completed,Forwarder,Cadiz Module Yard,
EVT00748-02,SHP00748,2,2025-01-15T15:34:17,Pickup completed,Completed,Carrier,Cadiz Module Yard,
EVT00748-03,SHP00748,3,2025-01-15T19:28:12,Origin port gate in,Completed,Port terminal,Algeciras,
EVT00748-04,SHP00748,4,2025-01-16T12:00:11,Vessel departed,Completed,Carrier,Algeciras,
EVT00748-05,SHP00748,5,2025-01-23T02:54:00,Destination port arrival,Completed,Port terminal,Alexandria,
EVT00748-06,SHP00748,6,2025-01-23T09:44:20,Customs released,Completed,Forwarder,Alexandria,
EVT00748-07,SHP00748,7,2025-01-23T23:21:28,Delivery completed,Delayed,Carrier,Alexandria Water Project Site,Carrier capacity
EVT00749-01,SHP00749,1,2024-02-02T07:00:00,Booking created,Completed,Forwarder,Valencia Export Depot,
EVT00749-02,SHP00749,2,2024-02-07T08:04:29,Pickup completed,Completed,Carrier,Valencia Export Depot,
EVT00749-03,SHP00749,3,2024-02-07T18:03:13,Origin port gate in,Completed,Port terminal,Valencia,
EVT00749-04,SHP00749,4,2024-02-08T06:23:55,Vessel departed,Completed,Carrier,Valencia,
EVT00749-05,SHP00749,5,2024-02-12T01:08:14,Destination port arrival,Completed,Port terminal,Casablanca,
EVT00749-06,SHP00749,6,2024-02-12T05:31:07,Customs released,Completed,Forwarder,Casablanca,
EVT00749-07,SHP00749,7,2024-02-13T10:43:38,Delivery completed,Delayed,Carrier,Casablanca Desalination Site,Customs hold
EVT00750-01,SHP00750,1,2024-07-01T07:00:00,Booking created,Completed,Forwarder,Milan Valve Plant,
EVT00750-02,SHP00750,2,2024-07-12T09:53:14,Pickup completed,Completed,Carrier,Milan Valve Plant,
EVT00750-03,SHP00750,3,2024-07-12T17:11:07,Origin port gate in,Completed,Port terminal,Genoa,
EVT00750-04,SHP00750,4,2024-07-13T10:50:38,Vessel departed,Completed,Carrier,Genoa,
EVT00750-05,SHP00750,5,2024-07-14T17:41:16,Destination port arrival,Completed,Port terminal,Marseille-Fos,
EVT00750-06,SHP00750,6,2024-07-14T21:39:43,Customs released,Completed,Forwarder,Marseille-Fos,
EVT00750-07,SHP00750,7,2024-07-15T09:00:19,Delivery completed,Completed,Carrier,Marseille Wind Substation Site,
EVT00751-01,SHP00751,1,2024-10-23T07:00:00,Booking created,Completed,Forwarder,Lyon Fabrication Partner,
EVT00751-02,SHP00751,2,2024-10-28T08:37:12,Pickup completed,Completed,Carrier,Lyon Fabrication Partner,
EVT00751-03,SHP00751,3,2024-11-01T15:43:21,Delivery completed,Delayed,Carrier,Dammam Gas Project Site,Road permit delay
EVT00752-01,SHP00752,1,2025-08-30T11:00:00,Booking created,Completed,Forwarder,Milan Valve Plant,
EVT00752-02,SHP00752,2,2025-09-04T11:40:57,Pickup completed,Completed,Carrier,Milan Valve Plant,
EVT00752-03,SHP00752,3,2025-09-05T15:19:32,Origin port gate in,Completed,Port terminal,Genoa,
EVT00752-04,SHP00752,4,2025-09-06T02:30:08,Vessel departed,Completed,Carrier,Genoa,
EVT00752-05,SHP00752,5,2025-09-09T12:49:54,Customs released,Completed,Forwarder,Valencia,
EVT00752-06,SHP00752,6,2025-09-09T14:05:19,Destination port arrival,Completed,Port terminal,Valencia,
EVT00752-07,SHP00752,7,2025-09-10T08:26:47,Delivery completed,Completed,Carrier,Zaragoza Distribution Hub,
EVT00753-01,SHP00753,1,2024-06-15T07:00:00,Booking created,Completed,Forwarder,Puertollano Module Yard,
EVT00753-02,SHP00753,2,2024-06-24T06:11:23,Pickup completed,Completed,Carrier,Puertollano Module Yard,
EVT00753-03,SHP00753,3,2024-06-24T20:08:00,Origin port gate in,Completed,Port terminal,Algeciras,
EVT00753-04,SHP00753,4,2024-06-25T04:19:03,Vessel departed,Completed,Carrier,Algeciras,
EVT00753-05,SHP00753,5,2024-07-04T11:59:08,Destination port arrival,Completed,Port terminal,Dammam,
EVT00753-06,SHP00753,6,2024-07-04T16:28:04,Customs released,Completed,Forwarder,Dammam,
EVT00753-07,SHP00753,7,2024-07-05T06:01:25,Delivery completed,Completed,Carrier,Dammam Gas Project Site,
EVT00754-01,SHP00754,1,2025-02-16T10:00:00,Booking created,Completed,Forwarder,Tarragona Equipment Vendor,
EVT00754-02,SHP00754,2,2025-02-28T11:09:06,Pickup completed,Completed,Carrier,Tarragona Equipment Vendor,
EVT00754-03,SHP00754,3,2025-03-01T02:23:38,Delivery completed,Completed,Carrier,Zaragoza Distribution Hub,
EVT00755-01,SHP00755,1,2024-07-26T09:00:00,Booking created,Completed,Forwarder,Antwerp EPC Supplier Yard,
EVT00755-02,SHP00755,2,2024-08-06T11:21:37,Pickup completed,Completed,Carrier,Antwerp EPC Supplier Yard,
EVT00755-03,SHP00755,3,2024-08-07T01:02:40,Origin port gate in,Completed,Port terminal,Antwerp-Bruges,
EVT00755-04,SHP00755,4,2024-08-07T11:58:52,Vessel departed,Completed,Carrier,Antwerp-Bruges,
EVT00755-05,SHP00755,5,2024-08-15T03:44:57,Destination port arrival,Completed,Port terminal,Alexandria,
EVT00755-06,SHP00755,6,2024-08-15T12:09:22,Customs released,Completed,Forwarder,Alexandria,
EVT00755-07,SHP00755,7,2024-08-15T20:46:46,Delivery completed,Delayed,Carrier,Alexandria Water Project Site,Road permit delay
EVT00756-01,SHP00756,1,2024-11-02T07:00:00,Booking created,Completed,Forwarder,Antwerp EPC Supplier Yard,
EVT00756-02,SHP00756,2,2024-11-15T06:40:10,Pickup completed,Completed,Carrier,Antwerp EPC Supplier Yard,
EVT00756-03,SHP00756,3,2024-11-15T15:46:41,Origin port gate in,Completed,Port terminal,Antwerp-Bruges,
EVT00756-04,SHP00756,4,2024-11-16T08:24:10,Vessel departed,Completed,Carrier,Antwerp-Bruges,
EVT00756-05,SHP00756,5,2024-11-21T19:11:25,Destination port arrival,Completed,Port terminal,Casablanca,
EVT00756-06,SHP00756,6,2024-11-22T04:18:56,Customs released,Completed,Forwarder,Casablanca,
EVT00756-07,SHP00756,7,2024-11-22T16:27:02,Delivery completed,Completed,Carrier,Casablanca Desalination Site,
EVT00757-01,SHP00757,1,2025-05-07T08:00:00,Booking created,Completed,Forwarder,Antwerp EPC Supplier Yard,
EVT00757-02,SHP00757,2,2025-05-21T09:35:14,Pickup completed,Completed,Carrier,Antwerp EPC Supplier Yard,
EVT00757-03,SHP00757,3,2025-05-21T13:06:11,Origin port gate in,Completed,Port terminal,Antwerp-Bruges,
EVT00757-04,SHP00757,4,2025-05-21T17:43:45,Vessel departed,Completed,Carrier,Antwerp-Bruges,
EVT00757-05,SHP00757,5,2025-05-24T15:03:40,Destination port arrival,Completed,Port terminal,Marseille-Fos,
EVT00757-06,SHP00757,6,2025-05-24T20:08:07,Customs released,Completed,Forwarder,Marseille-Fos,
EVT00757-07,SHP00757,7,2025-05-25T10:48:33,Delivery completed,Completed,Carrier,Marseille Wind Substation Site,
EVT00758-01,SHP00758,1,2025-06-30T08:00:00,Booking created,Completed,Forwarder,Tarragona Equipment Vendor,
EVT00758-02,SHP00758,2,2025-07-10T09:45:10,Pickup completed,Completed,Carrier,Tarragona Equipment Vendor,
EVT00758-03,SHP00758,3,2025-07-11T01:55:19,Delivery completed,Completed,Carrier,Zaragoza Distribution Hub,
EVT00759-01,SHP00759,1,2025-05-19T10:00:00,Booking created,Completed,Forwarder,Rotterdam Consolidation Hub,
EVT00759-02,SHP00759,2,2025-05-27T12:02:48,Pickup completed,Completed,Carrier,Rotterdam Consolidation Hub,
EVT00759-03,SHP00759,3,2025-05-27T18:17:22,Origin port gate in,Completed,Port terminal,Rotterdam,
EVT00759-04,SHP00759,4,2025-05-28T02:08:21,Vessel departed,Completed,Carrier,Rotterdam,
EVT00759-05,SHP00759,5,2025-06-06T02:50:52,Destination port arrival,Completed,Port terminal,Dammam,
EVT00759-06,SHP00759,6,2025-06-06T05:21:14,Customs released,Completed,Forwarder,Dammam,
EVT00759-07,SHP00759,7,2025-06-06T13:43:23,Delivery completed,Completed,Carrier,Dammam Gas Project Site,
EVT00760-01,SHP00760,1,2024-07-17T08:00:00,Booking created,Completed,Forwarder,Cadiz Module Yard,
EVT00760-02,SHP00760,2,2024-07-30T07:56:27,Pickup completed,Completed,Carrier,Cadiz Module Yard,
EVT00760-03,SHP00760,3,2024-07-30T23:28:43,Origin port gate in,Completed,Port terminal,Algeciras,
EVT00760-04,SHP00760,4,2024-07-31T15:10:55,Vessel departed,Completed,Carrier,Algeciras,
EVT00760-05,SHP00760,5,2024-08-01T21:50:06,Destination port arrival,Completed,Port terminal,Sines,
EVT00760-06,SHP00760,6,2024-08-01T23:19:01,Customs released,Completed,Forwarder,Sines,
EVT00760-07,SHP00760,7,2024-08-02T12:09:05,Delivery completed,Completed,Carrier,Sines Energy Project Site,
EVT00761-01,SHP00761,1,2025-02-20T15:00:00,Booking created,Completed,Forwarder,Antwerp EPC Supplier Yard,
EVT00761-02,SHP00761,2,2025-03-07T16:57:01,Pickup completed,Completed,Carrier,Antwerp EPC Supplier Yard,
EVT00761-03,SHP00761,3,2025-03-07T23:43:14,Origin port gate in,Completed,Port terminal,Antwerp-Bruges,
EVT00761-04,SHP00761,4,2025-03-08T04:54:07,Vessel departed,Completed,Carrier,Antwerp-Bruges,
EVT00761-05,SHP00761,5,2025-03-10T19:02:55,Destination port arrival,Completed,Port terminal,Marseille-Fos,
EVT00761-06,SHP00761,6,2025-03-11T06:33:07,Customs released,Completed,Forwarder,Marseille-Fos,
EVT00761-07,SHP00761,7,2025-03-12T22:38:38,Delivery completed,Delayed,Carrier,Marseille Wind Substation Site,Carrier capacity
EVT00762-01,SHP00762,1,2024-03-10T13:00:00,Booking created,Completed,Forwarder,Bilbao Steel Fabricator,
EVT00762-02,SHP00762,2,2024-03-18T15:48:27,Pickup completed,Completed,Carrier,Bilbao Steel Fabricator,
EVT00762-03,SHP00762,3,2024-03-19T02:37:06,Origin port gate in,Completed,Port terminal,Bilbao,
EVT00762-04,SHP00762,4,2024-03-19T18:06:05,Vessel departed,Completed,Carrier,Bilbao,
EVT00762-05,SHP00762,5,2024-03-23T18:59:59,Destination port arrival,Completed,Port terminal,Rotterdam,
EVT00762-06,SHP00762,6,2024-03-24T04:04:42,Customs released,Completed,Forwarder,Rotterdam,
EVT00762-07,SHP00762,7,2024-03-24T12:29:48,Delivery completed,Completed,Carrier,Rotterdam Consolidation Hub,
EVT00763-01,SHP00763,1,2025-03-25T08:00:00,Booking created,Completed,Forwarder,Antwerp EPC Supplier Yard,
EVT00763-02,SHP00763,2,2025-04-01T07:09:22,Pickup completed,Completed,Carrier,Antwerp EPC Supplier Yard,
EVT00763-03,SHP00763,3,2025-04-01T14:37:26,Origin port gate in,Completed,Port terminal,Antwerp-Bruges,
EVT00763-04,SHP00763,4,2025-04-01T23:00:15,Vessel departed,Completed,Carrier,Antwerp-Bruges,
EVT00763-05,SHP00763,5,2025-04-07T13:40:35,Destination port arrival,Completed,Port terminal,Alexandria,
EVT00763-06,SHP00763,6,2025-04-07T16:08:04,Customs released,Completed,Forwarder,Alexandria,
EVT00763-07,SHP00763,7,2025-04-08T04:20:42,Delivery completed,Completed,Carrier,Alexandria Water Project Site,
EVT00764-01,SHP00764,1,2024-09-25T13:00:00,Booking created,Completed,Forwarder,Valencia Export Depot,
EVT00764-02,SHP00764,2,2024-10-10T14:53:43,Pickup completed,Completed,Carrier,Valencia Export Depot,
EVT00764-03,SHP00764,3,2024-10-11T00:25:57,Origin port gate in,Completed,Port terminal,Valencia,
EVT00764-04,SHP00764,4,2024-10-11T13:35:04,Vessel departed,Completed,Carrier,Valencia,
EVT00764-05,SHP00764,5,2024-10-17T09:20:25,Customs released,Completed,Forwarder,Alexandria,
EVT00764-06,SHP00764,6,2024-10-17T10:25:38,Destination port arrival,Completed,Port terminal,Alexandria,
EVT00764-07,SHP00764,7,2024-10-18T13:04:13,Delivery completed,Delayed,Carrier,Alexandria Water Project Site,Weather disruption
EVT00765-01,SHP00765,1,2025-03-15T08:00:00,Booking created,Completed,Forwarder,Bilbao Steel Fabricator,
EVT00765-02,SHP00765,2,2025-03-28T09:04:41,Pickup completed,Completed,Carrier,Bilbao Steel Fabricator,
EVT00765-03,SHP00765,3,2025-03-28T15:57:50,Origin port gate in,Completed,Port terminal,Bilbao,
EVT00765-04,SHP00765,4,2025-03-29T07:36:29,Vessel departed,Completed,Carrier,Bilbao,
EVT00765-05,SHP00765,5,2025-04-01T22:40:29,Destination port arrival,Completed,Port terminal,Casablanca,
EVT00765-06,SHP00765,6,2025-04-02T08:38:09,Customs released,Completed,Forwarder,Casablanca,
EVT00765-07,SHP00765,7,2025-04-03T00:30:06,Delivery completed,Delayed,Carrier,Casablanca Desalination Site,Customs hold
EVT00766-01,SHP00766,1,2025-09-16T11:00:00,Booking created,Completed,Forwarder,Cadiz Module Yard,
EVT00766-02,SHP00766,2,2025-09-30T11:20:03,Pickup completed,Completed,Carrier,Cadiz Module Yard,
EVT00766-03,SHP00766,3,2025-09-30T23:45:11,Origin port gate in,Completed,Port terminal,Algeciras,
EVT00766-04,SHP00766,4,2025-10-01T17:25:24,Vessel departed,Completed,Carrier,Algeciras,
EVT00766-05,SHP00766,5,2025-10-03T21:12:02,Destination port arrival,Completed,Port terminal,Casablanca,
EVT00766-06,SHP00766,6,2025-10-04T00:47:53,Customs released,Completed,Forwarder,Casablanca,
EVT00766-07,SHP00766,7,2025-10-04T18:20:49,Delivery completed,Delayed,Carrier,Casablanca Desalination Site,Customs hold
EVT00767-01,SHP00767,1,2025-10-23T08:00:00,Booking created,Completed,Forwarder,Antwerp EPC Supplier Yard,
EVT00767-02,SHP00767,2,2025-11-03T08:08:42,Pickup completed,Completed,Carrier,Antwerp EPC Supplier Yard,
EVT00767-03,SHP00767,3,2025-11-03T18:12:39,Origin port gate in,Completed,Port terminal,Antwerp-Bruges,
EVT00767-04,SHP00767,4,2025-11-04T01:18:03,Vessel departed,Completed,Carrier,Antwerp-Bruges,
EVT00767-05,SHP00767,5,2025-11-06T18:04:19,Destination port arrival,Completed,Port terminal,Marseille-Fos,
EVT00767-06,SHP00767,6,2025-11-07T04:15:45,Customs released,Completed,Forwarder,Marseille-Fos,
EVT00767-07,SHP00767,7,2025-11-07T15:55:03,Delivery completed,Completed,Carrier,Marseille Wind Substation Site,
EVT00768-01,SHP00768,1,2025-11-21T11:00:00,Booking created,Completed,Forwarder,Tarragona Equipment Vendor,
EVT00768-02,SHP00768,2,2025-11-26T11:07:13,Pickup completed,Completed,Carrier,Tarragona Equipment Vendor,
EVT00768-03,SHP00768,3,2025-11-27T01:04:09,Origin port gate in,Completed,Port terminal,Barcelona,
EVT00768-04,SHP00768,4,2025-11-27T05:22:35,Vessel departed,Completed,Carrier,Barcelona,
EVT00768-05,SHP00768,5,2025-11-28T23:28:22,Destination port arrival,Completed,Port terminal,Marseille-Fos,
EVT00768-06,SHP00768,6,2025-11-29T07:20:07,Customs released,Completed,Forwarder,Marseille-Fos,
EVT00768-07,SHP00768,7,2025-11-29T19:09:53,Delivery completed,Completed,Carrier,Marseille Wind Substation Site,
EVT00769-01,SHP00769,1,2024-08-07T13:00:00,Booking created,Completed,Forwarder,Zaragoza Distribution Hub,
EVT00769-02,SHP00769,2,2024-08-19T13:24:07,Pickup completed,Completed,Carrier,Zaragoza Distribution Hub,
EVT00769-03,SHP00769,3,2024-08-19T23:32:45,Origin port gate in,Completed,Port terminal,Valencia,
EVT00769-04,SHP00769,4,2024-08-20T07:46:03,Vessel departed,Completed,Carrier,Valencia,
EVT00769-05,SHP00769,5,2024-08-29T00:12:00,Destination port arrival,Completed,Port terminal,Dammam,
EVT00769-06,SHP00769,6,2024-08-29T01:05:05,Customs released,Completed,Forwarder,Dammam,
EVT00769-07,SHP00769,7,2024-08-29T12:55:51,Delivery completed,Completed,Carrier,Dammam Gas Project Site,
EVT00770-01,SHP00770,1,2024-04-19T08:00:00,Booking created,Completed,Forwarder,Lyon Fabrication Partner,
EVT00770-02,SHP00770,2,2024-04-29T08:37:15,Pickup completed,Completed,Carrier,Lyon Fabrication Partner,
EVT00770-03,SHP00770,3,2024-04-29T23:09:57,Origin port gate in,Completed,Port terminal,Marseille-Fos,
EVT00770-04,SHP00770,4,2024-04-30T04:26:39,Vessel departed,Completed,Carrier,Marseille-Fos,
EVT00770-05,SHP00770,5,2024-05-03T19:22:15,Destination port arrival,Completed,Port terminal,Valencia,
EVT00770-06,SHP00770,6,2024-05-04T01:57:11,Customs released,Completed,Forwarder,Valencia,
EVT00770-07,SHP00770,7,2024-05-04T21:08:46,Delivery completed,Delayed,Carrier,Zaragoza Distribution Hub,Customs hold
EVT00771-01,SHP00771,1,2025-03-31T12:00:00,Booking created,Completed,Forwarder,Antwerp EPC Supplier Yard,
EVT00771-02,SHP00771,2,2025-04-14T12:39:12,Pickup completed,Completed,Carrier,Antwerp EPC Supplier Yard,
EVT00771-03,SHP00771,3,2025-04-14T17:14:10,Origin port gate in,Completed,Port terminal,Antwerp-Bruges,
EVT00771-04,SHP00771,4,2025-04-15T00:04:04,Vessel departed,Completed,Carrier,Antwerp-Bruges,
EVT00771-05,SHP00771,5,2025-04-21T09:35:09,Destination port arrival,Completed,Port terminal,Alexandria,
EVT00771-06,SHP00771,6,2025-04-21T17:37:53,Customs released,Completed,Forwarder,Alexandria,
EVT00771-07,SHP00771,7,2025-04-22T04:43:09,Delivery completed,Completed,Carrier,Alexandria Water Project Site,
EVT00772-01,SHP00772,1,2025-10-26T14:00:00,Booking created,Completed,Forwarder,Valencia Export Depot,
EVT00772-02,SHP00772,2,2025-11-06T13:20:52,Pickup completed,Completed,Carrier,Valencia Export Depot,
EVT00772-03,SHP00772,3,2025-11-06T23:30:15,Origin port gate in,Completed,Port terminal,Valencia,
EVT00772-04,SHP00772,4,2025-11-07T09:15:38,Vessel departed,Completed,Carrier,Valencia,
EVT00772-05,SHP00772,5,2025-11-10T07:16:30,Destination port arrival,Completed,Port terminal,Marseille-Fos,
EVT00772-06,SHP00772,6,2025-11-10T10:21:50,Customs released,Completed,Forwarder,Marseille-Fos,
EVT00772-07,SHP00772,7,2025-11-11T01:38:28,Delivery completed,Completed,Carrier,Marseille Wind Substation Site,
EVT00773-01,SHP00773,1,2025-05-21T09:00:00,Booking created,Completed,Forwarder,Milan Valve Plant,
EVT00773-02,SHP00773,2,2025-05-28T10:27:04,Pickup completed,Completed,Carrier,Milan Valve Plant,
EVT00773-03,SHP00773,3,2025-05-28T17:00:27,Origin port gate in,Completed,Port terminal,Genoa,
EVT00773-04,SHP00773,4,2025-05-29T04:55:31,Vessel departed,Completed,Carrier,Genoa,
EVT00773-05,SHP00773,5,2025-06-03T15:46:16,Destination port arrival,Completed,Port terminal,Sines,
EVT00773-06,SHP00773,6,2025-06-03T22:59:05,Customs released,Completed,Forwarder,Sines,
EVT00773-07,SHP00773,7,2025-06-04T17:44:17,Delivery completed,Delayed,Carrier,Sines Energy Project Site,Documentation issue
EVT00774-01,SHP00774,1,2024-09-16T10:00:00,Booking created,Completed,Forwarder,Antwerp EPC Supplier Yard,
EVT00774-02,SHP00774,2,2024-09-24T09:38:33,Pickup completed,Completed,Carrier,Antwerp EPC Supplier Yard,
EVT00774-03,SHP00774,3,2024-09-25T02:46:23,Origin port gate in,Completed,Port terminal,Antwerp-Bruges,
EVT00774-04,SHP00774,4,2024-09-25T13:30:14,Vessel departed,Completed,Carrier,Antwerp-Bruges,
EVT00774-05,SHP00774,5,2024-09-30T18:56:07,Destination port arrival,Completed,Port terminal,Casablanca,
EVT00774-06,SHP00774,6,2024-09-30T23:57:06,Customs released,Completed,Forwarder,Casablanca,
EVT00774-07,SHP00774,7,2024-10-01T10:12:18,Delivery completed,Completed,Carrier,Casablanca Desalination Site,
EVT00775-01,SHP00775,1,2024-12-30T12:00:00,Booking created,Completed,Forwarder,Milan Valve Plant,
EVT00775-02,SHP00775,2,2025-01-14T12:34:51,Pickup completed,Completed,Carrier,Milan Valve Plant,
EVT00775-03,SHP00775,3,2025-01-15T03:32:58,Origin port gate in,Completed,Port terminal,Genoa,
EVT00775-04,SHP00775,4,2025-01-15T14:22:26,Vessel departed,Completed,Carrier,Genoa,
EVT00775-05,SHP00775,5,2025-01-19T04:16:37,Customs released,Completed,Forwarder,Rotterdam,
EVT00775-06,SHP00775,6,2025-01-19T04:25:08,Destination port arrival,Completed,Port terminal,Rotterdam,
EVT00775-07,SHP00775,7,2025-01-19T21:25:20,Delivery completed,Completed,Carrier,Rotterdam Consolidation Hub,
EVT00776-01,SHP00776,1,2025-10-03T13:00:00,Booking created,Completed,Forwarder,Puertollano Module Yard,
EVT00776-02,SHP00776,2,2025-10-14T13:33:40,Pickup completed,Completed,Carrier,Puertollano Module Yard,
EVT00776-03,SHP00776,3,2025-10-14T23:24:21,Origin port gate in,Completed,Port terminal,Algeciras,
EVT00776-04,SHP00776,4,2025-10-15T06:16:26,Vessel departed,Completed,Carrier,Algeciras,
EVT00776-05,SHP00776,5,2025-10-17T13:44:34,Destination port arrival,Completed,Port terminal,Sines,
EVT00776-06,SHP00776,6,2025-10-18T03:27:55,Customs released,Completed,Forwarder,Sines,
EVT00776-07,SHP00776,7,2025-10-18T14:20:53,Delivery completed,Completed,Carrier,Sines Energy Project Site,
EVT00777-01,SHP00777,1,2025-10-31T11:00:00,Booking created,Completed,Forwarder,Zaragoza Distribution Hub,
EVT00777-02,SHP00777,2,2025-11-05T11:54:50,Pickup completed,Completed,Carrier,Zaragoza Distribution Hub,
EVT00777-03,SHP00777,3,2025-11-06T02:53:20,Origin port gate in,Completed,Port terminal,Valencia,
EVT00777-04,SHP00777,4,2025-11-06T15:33:12,Vessel departed,Completed,Carrier,Valencia,
EVT00777-05,SHP00777,5,2025-11-16T05:55:56,Customs released,Completed,Forwarder,Dammam,
EVT00777-06,SHP00777,6,2025-11-16T08:22:44,Destination port arrival,Completed,Port terminal,Dammam,
EVT00777-07,SHP00777,7,2025-11-18T05:41:48,Delivery completed,Delayed,Carrier,Dammam Gas Project Site,Customs hold
EVT00778-01,SHP00778,1,2024-04-12T13:00:00,Booking created,Completed,Forwarder,Antwerp EPC Supplier Yard,
EVT00778-02,SHP00778,2,2024-04-21T13:22:40,Pickup completed,Completed,Carrier,Antwerp EPC Supplier Yard,
EVT00778-03,SHP00778,3,2024-04-22T00:46:10,Origin port gate in,Completed,Port terminal,Antwerp-Bruges,
EVT00778-04,SHP00778,4,2024-04-22T05:49:16,Vessel departed,Completed,Carrier,Antwerp-Bruges,
EVT00778-05,SHP00778,5,2024-04-24T08:02:31,Destination port arrival,Completed,Port terminal,Rotterdam,
EVT00778-06,SHP00778,6,2024-04-24T10:45:14,Customs released,Completed,Forwarder,Rotterdam,
EVT00778-07,SHP00778,7,2024-04-25T00:09:04,Delivery completed,Completed,Carrier,Rotterdam Consolidation Hub,
EVT00779-01,SHP00779,1,2025-10-23T14:00:00,Booking created,Completed,Forwarder,Milan Valve Plant,
EVT00779-02,SHP00779,2,2025-10-29T13:31:12,Pickup completed,Completed,Carrier,Milan Valve Plant,
EVT00779-03,SHP00779,3,2025-10-29T21:44:59,Origin port gate in,Completed,Port terminal,Genoa,
EVT00779-04,SHP00779,4,2025-10-30T06:39:12,Vessel departed,Completed,Carrier,Genoa,
EVT00779-05,SHP00779,5,2025-11-03T08:23:20,Destination port arrival,Completed,Port terminal,Valencia,
EVT00779-06,SHP00779,6,2025-11-03T19:06:57,Customs released,Completed,Forwarder,Valencia,
EVT00779-07,SHP00779,7,2025-11-04T13:47:49,Delivery completed,Delayed,Carrier,Zaragoza Distribution Hub,Port congestion
EVT00780-01,SHP00780,1,2025-02-04T15:00:00,Booking created,Completed,Forwarder,Tarragona Equipment Vendor,
EVT00780-02,SHP00780,2,2025-02-13T16:33:21,Pickup completed,Completed,Carrier,Tarragona Equipment Vendor,
EVT00780-03,SHP00780,3,2025-02-14T19:12:00,Delivery completed,Completed,Carrier,Sines Energy Project Site,
EVT00781-01,SHP00781,1,2024-12-11T10:00:00,Booking created,Completed,Forwarder,Antwerp EPC Supplier Yard,
EVT00781-02,SHP00781,2,2024-12-16T12:21:07,Pickup completed,Completed,Carrier,Antwerp EPC Supplier Yard,
EVT00781-03,SHP00781,3,2024-12-18T19:20:24,Delivery completed,Completed,Carrier,Casablanca Desalination Site,
EVT00782-01,SHP00782,1,2025-09-07T12:00:00,Booking created,Completed,Forwarder,Puertollano Module Yard,
EVT00782-02,SHP00782,2,2025-09-22T14:28:46,Pickup completed,Completed,Carrier,Puertollano Module Yard,
EVT00782-03,SHP00782,3,2025-09-23T03:20:52,Origin port gate in,Completed,Port terminal,Algeciras,
EVT00782-04,SHP00782,4,2025-09-23T18:09:39,Vessel departed,Completed,Carrier,Algeciras,
EVT00782-05,SHP00782,5,2025-10-03T08:19:47,Destination port arrival,Completed,Port terminal,Dammam,
EVT00782-06,SHP00782,6,2025-10-03T10:05:19,Customs released,Completed,Forwarder,Dammam,
EVT00782-07,SHP00782,7,2025-10-04T01:03:47,Delivery completed,Completed,Carrier,Dammam Gas Project Site,
EVT00783-01,SHP00783,1,2025-05-27T11:00:00,Booking created,Completed,Forwarder,Puertollano Module Yard,
EVT00783-02,SHP00783,2,2025-06-10T12:35:43,Pickup completed,Completed,Carrier,Puertollano Module Yard,
EVT00783-03,SHP00783,3,2025-06-11T15:32:45,Origin port gate in,Completed,Port terminal,Algeciras,
EVT00783-04,SHP00783,4,2025-06-12T07:48:56,Vessel departed,Completed,Carrier,Algeciras,
EVT00783-05,SHP00783,5,2025-06-13T20:42:03,Destination port arrival,Completed,Port terminal,Casablanca,
EVT00783-06,SHP00783,6,2025-06-14T08:14:40,Customs released,Completed,Forwarder,Casablanca,
EVT00783-07,SHP00783,7,2025-06-14T17:36:52,Delivery completed,Delayed,Carrier,Casablanca Desalination Site,Weather disruption
EVT00784-01,SHP00784,1,2025-01-25T13:00:00,Booking created,Completed,Forwarder,Bilbao Steel Fabricator,
EVT00784-02,SHP00784,2,2025-01-30T13:41:53,Pickup completed,Completed,Carrier,Bilbao Steel Fabricator,
EVT00784-03,SHP00784,3,2025-01-30T20:04:07,Origin port gate in,Completed,Port terminal,Bilbao,
EVT00784-04,SHP00784,4,2025-01-31T11:57:32,Vessel departed,Completed,Carrier,Bilbao,
EVT00784-05,SHP00784,5,2025-02-03T00:38:16,Destination port arrival,Completed,Port terminal,Rotterdam,
EVT00784-06,SHP00784,6,2025-02-03T09:19:15,Customs released,Completed,Forwarder,Rotterdam,
EVT00784-07,SHP00784,7,2025-02-03T21:41:59,Delivery completed,Delayed,Carrier,Rotterdam Consolidation Hub,None
EVT00785-01,SHP00785,1,2024-01-04T11:00:00,Booking created,Completed,Forwarder,Bilbao Steel Fabricator,
EVT00785-02,SHP00785,2,2024-01-08T12:24:50,Pickup completed,Completed,Carrier,Bilbao Steel Fabricator,
EVT00785-03,SHP00785,3,2024-01-09T04:21:43,Delivery completed,Completed,Carrier,Zaragoza Distribution Hub,
EVT00786-01,SHP00786,1,2025-03-06T10:00:00,Booking created,Completed,Forwarder,Tarragona Equipment Vendor,
EVT00786-02,SHP00786,2,2025-03-17T11:00:40,Pickup completed,Completed,Carrier,Tarragona Equipment Vendor,
EVT00786-03,SHP00786,3,2025-03-17T20:15:23,Origin port gate in,Completed,Port terminal,Barcelona,
EVT00786-04,SHP00786,4,2025-03-18T05:05:33,Vessel departed,Completed,Carrier,Barcelona,
EVT00786-05,SHP00786,5,2025-03-21T03:08:17,Destination port arrival,Completed,Port terminal,Sines,
EVT00786-06,SHP00786,6,2025-03-21T09:27:21,Customs released,Completed,Forwarder,Sines,
EVT00786-07,SHP00786,7,2025-03-22T12:56:18,Delivery completed,Completed,Carrier,Sines Energy Project Site,
EVT00787-01,SHP00787,1,2025-07-09T07:00:00,Booking created,Completed,Forwarder,Valencia Export Depot,
EVT00787-02,SHP00787,2,2025-07-18T09:55:50,Pickup completed,Completed,Carrier,Valencia Export Depot,
EVT00787-03,SHP00787,3,2025-07-18T15:57:14,Origin port gate in,Completed,Port terminal,Valencia,
EVT00787-04,SHP00787,4,2025-07-18T23:18:02,Vessel departed,Completed,Carrier,Valencia,
EVT00787-05,SHP00787,5,2025-07-21T10:32:56,Customs released,Completed,Forwarder,Marseille-Fos,
EVT00787-06,SHP00787,6,2025-07-21T12:28:35,Destination port arrival,Completed,Port terminal,Marseille-Fos,
EVT00787-07,SHP00787,7,2025-07-22T02:18:39,Delivery completed,Completed,Carrier,Marseille Wind Substation Site,
EVT00788-01,SHP00788,1,2024-01-16T15:00:00,Booking created,Completed,Forwarder,Madrid Cross Dock,
EVT00788-02,SHP00788,2,2024-01-21T17:04:49,Pickup completed,Completed,Carrier,Madrid Cross Dock,
EVT00788-03,SHP00788,3,2024-01-22T09:06:28,Delivery completed,Completed,Carrier,Zaragoza Distribution Hub,
EVT00789-01,SHP00789,1,2025-05-15T11:00:00,Booking created,Completed,Forwarder,Rotterdam Consolidation Hub,
EVT00789-02,SHP00789,2,2025-05-27T11:26:12,Pickup completed,Completed,Carrier,Rotterdam Consolidation Hub,
EVT00789-03,SHP00789,3,2025-05-27T23:33:32,Origin port gate in,Completed,Port terminal,Rotterdam,
EVT00789-04,SHP00789,4,2025-05-28T03:53:21,Vessel departed,Completed,Carrier,Rotterdam,
EVT00789-05,SHP00789,5,2025-05-31T12:14:37,Destination port arrival,Completed,Port terminal,Valencia,
EVT00789-06,SHP00789,6,2025-05-31T19:41:53,Customs released,Completed,Forwarder,Valencia,
EVT00789-07,SHP00789,7,2025-06-01T12:31:00,Delivery completed,Completed,Carrier,Zaragoza Distribution Hub,
EVT00790-01,SHP00790,1,2025-10-20T08:00:00,Booking created,Completed,Forwarder,Cadiz Module Yard,
EVT00790-02,SHP00790,2,2025-11-04T09:21:55,Pickup completed,Completed,Carrier,Cadiz Module Yard,
EVT00790-03,SHP00790,3,2025-11-04T21:07:20,Origin port gate in,Completed,Port terminal,Algeciras,
EVT00790-04,SHP00790,4,2025-11-05T07:24:42,Vessel departed,Completed,Carrier,Algeciras,
EVT00790-05,SHP00790,5,2025-11-08T18:43:47,Destination port arrival,Completed,Port terminal,Marseille-Fos,
EVT00790-06,SHP00790,6,2025-11-08T19:41:51,Customs released,Completed,Forwarder,Marseille-Fos,
EVT00790-07,SHP00790,7,2025-11-10T02:23:04,Delivery completed,Delayed,Carrier,Marseille Wind Substation Site,Documentation issue
EVT00791-01,SHP00791,1,2024-07-18T15:00:00,Booking created,Completed,Forwarder,Antwerp EPC Supplier Yard,
EVT00791-02,SHP00791,2,2024-07-23T15:51:03,Pickup completed,Completed,Carrier,Antwerp EPC Supplier Yard,
EVT00791-03,SHP00791,3,2024-07-23T23:48:42,Origin port gate in,Completed,Port terminal,Antwerp-Bruges,
EVT00791-04,SHP00791,4,2024-07-24T08:22:55,Vessel departed,Completed,Carrier,Antwerp-Bruges,
EVT00791-05,SHP00791,5,2024-07-28T22:30:12,Destination port arrival,Completed,Port terminal,Sines,
EVT00791-06,SHP00791,6,2024-07-29T03:16:06,Customs released,Completed,Forwarder,Sines,
EVT00791-07,SHP00791,7,2024-07-30T13:20:23,Delivery completed,Delayed,Carrier,Sines Energy Project Site,Port congestion
EVT00792-01,SHP00792,1,2024-09-17T14:00:00,Booking created,Completed,Forwarder,Lyon Fabrication Partner,
EVT00792-02,SHP00792,2,2024-09-23T13:52:49,Pickup completed,Completed,Carrier,Lyon Fabrication Partner,
EVT00792-03,SHP00792,3,2024-09-24T11:02:38,Delivery completed,Completed,Carrier,Rotterdam Consolidation Hub,
EVT00793-01,SHP00793,1,2025-06-26T07:00:00,Booking created,Completed,Forwarder,Antwerp EPC Supplier Yard,
EVT00793-02,SHP00793,2,2025-07-03T06:38:09,Pickup completed,Completed,Carrier,Antwerp EPC Supplier Yard,
EVT00793-03,SHP00793,3,2025-07-04T09:19:28,Origin port gate in,Completed,Port terminal,Antwerp-Bruges,
EVT00793-04,SHP00793,4,2025-07-04T13:37:14,Vessel departed,Completed,Carrier,Antwerp-Bruges,
EVT00793-05,SHP00793,5,2025-07-10T19:04:09,Destination port arrival,Completed,Port terminal,Alexandria,
EVT00793-06,SHP00793,6,2025-07-11T02:24:18,Customs released,Completed,Forwarder,Alexandria,
EVT00793-07,SHP00793,7,2025-07-11T22:02:33,Delivery completed,Completed,Carrier,Alexandria Water Project Site,
EVT00794-01,SHP00794,1,2024-09-27T10:00:00,Booking created,Completed,Forwarder,Cadiz Module Yard,
EVT00794-02,SHP00794,2,2024-10-01T10:38:52,Pickup completed,Completed,Carrier,Cadiz Module Yard,
EVT00794-03,SHP00794,3,2024-10-01T17:23:07,Origin port gate in,Completed,Port terminal,Algeciras,
EVT00794-04,SHP00794,4,2024-10-02T03:55:32,Vessel departed,Completed,Carrier,Algeciras,
EVT00794-05,SHP00794,5,2024-10-05T09:22:01,Destination port arrival,Completed,Port terminal,Marseille-Fos,
EVT00794-06,SHP00794,6,2024-10-05T16:26:16,Customs released,Completed,Forwarder,Marseille-Fos,
EVT00794-07,SHP00794,7,2024-10-07T00:00:28,Delivery completed,Completed,Carrier,Marseille Wind Substation Site,
EVT00795-01,SHP00795,1,2024-11-23T12:00:00,Booking created,Completed,Forwarder,Antwerp EPC Supplier Yard,
EVT00795-02,SHP00795,2,2024-12-06T12:38:54,Pickup completed,Completed,Carrier,Antwerp EPC Supplier Yard,
EVT00795-03,SHP00795,3,2024-12-07T00:29:39,Origin port gate in,Completed,Port terminal,Antwerp-Bruges,
EVT00795-04,SHP00795,4,2024-12-07T10:46:14,Vessel departed,Completed,Carrier,Antwerp-Bruges,
EVT00795-05,SHP00795,5,2024-12-12T03:49:42,Destination port arrival,Completed,Port terminal,Sines,
EVT00795-06,SHP00795,6,2024-12-12T11:43:45,Customs released,Completed,Forwarder,Sines,
EVT00795-07,SHP00795,7,2024-12-12T19:06:27,Delivery completed,Completed,Carrier,Sines Energy Project Site,
EVT00796-01,SHP00796,1,2024-02-08T09:00:00,Booking created,Completed,Forwarder,Zaragoza Distribution Hub,
EVT00796-02,SHP00796,2,2024-02-13T08:24:10,Pickup completed,Completed,Carrier,Zaragoza Distribution Hub,
EVT00796-03,SHP00796,3,2024-02-13T20:45:36,Origin port gate in,Completed,Port terminal,Valencia,
EVT00796-04,SHP00796,4,2024-02-14T00:16:36,Vessel departed,Completed,Carrier,Valencia,
EVT00796-05,SHP00796,5,2024-02-16T15:20:42,Destination port arrival,Completed,Port terminal,Sines,
EVT00796-06,SHP00796,6,2024-02-17T02:30:54,Customs released,Completed,Forwarder,Sines,
EVT00796-07,SHP00796,7,2024-02-17T18:28:55,Delivery completed,Completed,Carrier,Sines Energy Project Site,
EVT00797-01,SHP00797,1,2025-03-11T08:00:00,Booking created,Completed,Forwarder,Puertollano Module Yard,
EVT00797-02,SHP00797,2,2025-03-26T09:26:55,Pickup completed,Completed,Carrier,Puertollano Module Yard,
EVT00797-03,SHP00797,3,2025-03-26T19:41:12,Origin port gate in,Completed,Port terminal,Algeciras,
EVT00797-04,SHP00797,4,2025-03-27T08:59:49,Vessel departed,Completed,Carrier,Algeciras,
EVT00797-05,SHP00797,5,2025-03-29T13:03:04,Destination port arrival,Completed,Port terminal,Sines,
EVT00797-06,SHP00797,6,2025-03-30T00:37:41,Customs released,Completed,Forwarder,Sines,
EVT00797-07,SHP00797,7,2025-03-30T12:03:43,Delivery completed,Completed,Carrier,Sines Energy Project Site,
EVT00798-01,SHP00798,1,2025-11-29T12:00:00,Booking created,Completed,Forwarder,Zaragoza Distribution Hub,
EVT00798-02,SHP00798,2,2025-12-12T12:29:44,Pickup completed,Completed,Carrier,Zaragoza Distribution Hub,
EVT00798-03,SHP00798,3,2025-12-13T02:53:57,Origin port gate in,Completed,Port terminal,Valencia,
EVT00798-04,SHP00798,4,2025-12-13T13:05:20,Vessel departed,Completed,Carrier,Valencia,
EVT00798-05,SHP00798,5,2025-12-22T16:04:29,Destination port arrival,Completed,Port terminal,Dammam,
EVT00798-06,SHP00798,6,2025-12-22T22:43:42,Customs released,Completed,Forwarder,Dammam,
EVT00798-07,SHP00798,7,2025-12-23T10:19:10,Delivery completed,Completed,Carrier,Dammam Gas Project Site,
EVT00799-01,SHP00799,1,2025-04-24T13:00:00,Booking created,Completed,Forwarder,Bilbao Steel Fabricator,
EVT00799-02,SHP00799,2,2025-04-28T13:31:49,Pickup completed,Completed,Carrier,Bilbao Steel Fabricator,
EVT00799-03,SHP00799,3,2025-04-28T21:49:12,Origin port gate in,Completed,Port terminal,Bilbao,
EVT00799-04,SHP00799,4,2025-04-29T05:28:45,Vessel departed,Completed,Carrier,Bilbao,
EVT00799-05,SHP00799,5,2025-05-02T03:55:43,Destination port arrival,Completed,Port terminal,Sines,
EVT00799-06,SHP00799,6,2025-05-02T07:02:53,Customs released,Completed,Forwarder,Sines,
EVT00799-07,SHP00799,7,2025-05-03T06:06:53,Delivery completed,Completed,Carrier,Sines Energy Project Site,
EVT00800-01,SHP00800,1,2025-09-17T14:00:00,Booking created,Completed,Forwarder,Tarragona Equipment Vendor,
EVT00800-02,SHP00800,2,2025-09-30T16:05:19,Pickup completed,Completed,Carrier,Tarragona Equipment Vendor,
EVT00800-03,SHP00800,3,2025-10-01T08:00:03,Delivery completed,Completed,Carrier,Zaragoza Distribution Hub,
EVT00801-01,SHP00801,1,2025-05-26T10:00:00,Booking created,Completed,Forwarder,Antwerp EPC Supplier Yard,
EVT00801-02,SHP00801,2,2025-06-02T11:09:56,Pickup completed,Completed,Carrier,Antwerp EPC Supplier Yard,
EVT00801-03,SHP00801,3,2025-06-02T18:47:58,Origin port gate in,Completed,Port terminal,Antwerp-Bruges,
EVT00801-04,SHP00801,4,2025-06-02T22:48:17,Vessel departed,Completed,Carrier,Antwerp-Bruges,
EVT00801-05,SHP00801,5,2025-06-07T20:29:56,Customs released,Completed,Forwarder,Sines,
EVT00801-06,SHP00801,6,2025-06-07T20:48:14,Destination port arrival,Completed,Port terminal,Sines,
EVT00801-07,SHP00801,7,2025-06-08T10:03:19,Delivery completed,Completed,Carrier,Sines Energy Project Site,
EVT00802-01,SHP00802,1,2025-01-29T14:00:00,Booking created,Completed,Forwarder,Zaragoza Distribution Hub,
EVT00802-02,SHP00802,2,2025-02-05T15:23:42,Pickup completed,Completed,Carrier,Zaragoza Distribution Hub,
EVT00802-03,SHP00802,3,2025-02-06T08:32:19,Origin port gate in,Completed,Port terminal,Valencia,
EVT00802-04,SHP00802,4,2025-02-06T20:04:17,Vessel departed,Completed,Carrier,Valencia,
EVT00802-05,SHP00802,5,2025-02-16T15:21:29,Destination port arrival,Completed,Port terminal,Dammam,
EVT00802-06,SHP00802,6,2025-02-16T17:08:53,Customs released,Completed,Forwarder,Dammam,
EVT00802-07,SHP00802,7,2025-02-17T03:53:05,Delivery completed,Delayed,Carrier,Dammam Gas Project Site,Customs hold
EVT00803-01,SHP00803,1,2024-04-10T13:00:00,Booking created,Completed,Forwarder,Bilbao Steel Fabricator,
EVT00803-02,SHP00803,2,2024-04-18T14:02:04,Pickup completed,Completed,Carrier,Bilbao Steel Fabricator,
EVT00803-03,SHP00803,3,2024-04-19T02:01:41,Origin port gate in,Completed,Port terminal,Bilbao,
EVT00803-04,SHP00803,4,2024-04-19T08:48:18,Vessel departed,Completed,Carrier,Bilbao,
EVT00803-05,SHP00803,5,2024-04-23T08:26:30,Destination port arrival,Completed,Port terminal,Casablanca,
EVT00803-06,SHP00803,6,2024-04-23T16:41:58,Customs released,Completed,Forwarder,Casablanca,
EVT00803-07,SHP00803,7,2024-04-24T07:55:37,Delivery completed,Delayed,Carrier,Casablanca Desalination Site,Road permit delay
EVT00804-01,SHP00804,1,2024-02-27T15:00:00,Booking created,Completed,Forwarder,Valencia Export Depot,
EVT00804-02,SHP00804,2,2024-03-06T14:52:59,Pickup completed,Completed,Carrier,Valencia Export Depot,
EVT00804-03,SHP00804,3,2024-03-06T22:04:39,Origin port gate in,Completed,Port terminal,Valencia,
EVT00804-04,SHP00804,4,2024-03-07T13:28:09,Vessel departed,Completed,Carrier,Valencia,
EVT00804-05,SHP00804,5,2024-03-09T12:11:53,Destination port arrival,Completed,Port terminal,Casablanca,
EVT00804-06,SHP00804,6,2024-03-10T02:44:44,Customs released,Completed,Forwarder,Casablanca,
EVT00804-07,SHP00804,7,2024-03-10T07:27:53,Delivery completed,Completed,Carrier,Casablanca Desalination Site,
EVT00805-01,SHP00805,1,2024-05-31T11:00:00,Booking created,Completed,Forwarder,Tangier Free Zone DC,
EVT00805-02,SHP00805,2,2024-06-12T12:56:33,Pickup completed,Completed,Carrier,Tangier Free Zone DC,
EVT00805-03,SHP00805,3,2024-06-13T01:22:59,Origin port gate in,Completed,Port terminal,Tanger Med,
EVT00805-04,SHP00805,4,2024-06-13T10:10:33,Vessel departed,Completed,Carrier,Tanger Med,
EVT00805-05,SHP00805,5,2024-06-18T02:00:38,Destination port arrival,Completed,Port terminal,Rotterdam,
EVT00805-06,SHP00805,6,2024-06-18T13:39:59,Customs released,Completed,Forwarder,Rotterdam,
EVT00805-07,SHP00805,7,2024-06-19T00:08:52,Delivery completed,Completed,Carrier,Rotterdam Consolidation Hub,
EVT00806-01,SHP00806,1,2024-02-04T14:00:00,Booking created,Completed,Forwarder,Bilbao Steel Fabricator,
EVT00806-02,SHP00806,2,2024-02-19T13:14:19,Pickup completed,Completed,Carrier,Bilbao Steel Fabricator,
EVT00806-03,SHP00806,3,2024-02-20T02:08:14,Origin port gate in,Completed,Port terminal,Bilbao,
EVT00806-04,SHP00806,4,2024-02-20T16:12:32,Vessel departed,Completed,Carrier,Bilbao,
EVT00806-05,SHP00806,5,2024-02-23T13:36:45,Destination port arrival,Completed,Port terminal,Casablanca,
EVT00806-06,SHP00806,6,2024-02-24T01:18:05,Customs released,Completed,Forwarder,Casablanca,
EVT00806-07,SHP00806,7,2024-02-24T13:35:02,Delivery completed,Completed,Carrier,Casablanca Desalination Site,
EVT00807-01,SHP00807,1,2025-10-19T12:00:00,Booking created,Completed,Forwarder,Rotterdam Consolidation Hub,
EVT00807-02,SHP00807,2,2025-11-03T12:28:08,Pickup completed,Completed,Carrier,Rotterdam Consolidation Hub,
EVT00807-03,SHP00807,3,2025-11-03T22:27:44,Origin port gate in,Completed,Port terminal,Rotterdam,
EVT00807-04,SHP00807,4,2025-11-04T15:31:02,Vessel departed,Completed,Carrier,Rotterdam,
EVT00807-05,SHP00807,5,2025-11-09T05:06:08,Destination port arrival,Completed,Port terminal,Casablanca,
EVT00807-06,SHP00807,6,2025-11-09T06:31:47,Customs released,Completed,Forwarder,Casablanca,
EVT00807-07,SHP00807,7,2025-11-09T16:04:53,Delivery completed,Completed,Carrier,Casablanca Desalination Site,
EVT00808-01,SHP00808,1,2024-01-09T09:00:00,Booking created,Completed,Forwarder,Zaragoza Distribution Hub,
EVT00808-02,SHP00808,2,2024-01-22T11:39:58,Pickup completed,Completed,Carrier,Zaragoza Distribution Hub,
EVT00808-03,SHP00808,3,2024-01-22T23:43:13,Origin port gate in,Completed,Port terminal,Valencia,
EVT00808-04,SHP00808,4,2024-01-23T05:46:48,Vessel departed,Completed,Carrier,Valencia,
EVT00808-05,SHP00808,5,2024-01-25T22:13:02,Destination port arrival,Completed,Port terminal,Sines,
EVT00808-06,SHP00808,6,2024-01-26T05:23:53,Customs released,Completed,Forwarder,Sines,
EVT00808-07,SHP00808,7,2024-01-26T20:52:46,Delivery completed,Completed,Carrier,Sines Energy Project Site,
EVT00809-01,SHP00809,1,2025-06-22T14:00:00,Booking created,Completed,Forwarder,Rotterdam Consolidation Hub,
EVT00809-02,SHP00809,2,2025-07-07T15:56:40,Pickup completed,Completed,Carrier,Rotterdam Consolidation Hub,
EVT00809-03,SHP00809,3,2025-07-08T00:00:25,Origin port gate in,Completed,Port terminal,Rotterdam,
EVT00809-04,SHP00809,4,2025-07-08T10:05:47,Vessel departed,Completed,Carrier,Rotterdam,
EVT00809-05,SHP00809,5,2025-07-18T11:27:41,Destination port arrival,Completed,Port terminal,Dammam,
EVT00809-06,SHP00809,6,2025-07-18T17:11:31,Customs released,Completed,Forwarder,Dammam,
EVT00809-07,SHP00809,7,2025-07-19T03:24:03,Delivery completed,Completed,Carrier,Dammam Gas Project Site,
EVT00810-01,SHP00810,1,2025-11-26T15:00:00,Booking created,Completed,Forwarder,Cadiz Module Yard,
EVT00810-02,SHP00810,2,2025-12-10T14:17:21,Pickup completed,Completed,Carrier,Cadiz Module Yard,
EVT00810-03,SHP00810,3,2025-12-11T00:03:25,Origin port gate in,Completed,Port terminal,Algeciras,
EVT00810-04,SHP00810,4,2025-12-11T06:29:20,Vessel departed,Completed,Carrier,Algeciras,
EVT00810-05,SHP00810,5,2025-12-17T19:14:46,Destination port arrival,Completed,Port terminal,Alexandria,
EVT00810-06,SHP00810,6,2025-12-17T23:35:08,Customs released,Completed,Forwarder,Alexandria,
EVT00810-07,SHP00810,7,2025-12-18T09:21:49,Delivery completed,Delayed,Carrier,Alexandria Water Project Site,Customs hold
EVT00811-01,SHP00811,1,2024-03-02T13:00:00,Booking created,Completed,Forwarder,Tarragona Equipment Vendor,
EVT00811-02,SHP00811,2,2024-03-11T15:07:33,Pickup completed,Completed,Carrier,Tarragona Equipment Vendor,
EVT00811-03,SHP00811,3,2024-03-12T02:43:17,Origin port gate in,Completed,Port terminal,Barcelona,
EVT00811-04,SHP00811,4,2024-03-12T07:50:45,Vessel departed,Completed,Carrier,Barcelona,
EVT00811-05,SHP00811,5,2024-03-15T05:20:32,Destination port arrival,Completed,Port terminal,Rotterdam,
EVT00811-06,SHP00811,6,2024-03-15T08:02:30,Customs released,Completed,Forwarder,Rotterdam,
EVT00811-07,SHP00811,7,2024-03-15T14:46:36,Delivery completed,Completed,Carrier,Rotterdam Consolidation Hub,
EVT00812-01,SHP00812,1,2025-04-24T07:00:00,Booking created,Completed,Forwarder,Lyon Fabrication Partner,
EVT00812-02,SHP00812,2,2025-05-06T06:42:07,Pickup completed,Completed,Carrier,Lyon Fabrication Partner,
EVT00812-03,SHP00812,3,2025-05-07T02:01:01,Origin port gate in,Completed,Port terminal,Marseille-Fos,
EVT00812-04,SHP00812,4,2025-05-07T19:25:34,Vessel departed,Completed,Carrier,Marseille-Fos,
EVT00812-05,SHP00812,5,2025-05-12T09:07:58,Destination port arrival,Completed,Port terminal,Rotterdam,
EVT00812-06,SHP00812,6,2025-05-12T18:45:03,Customs released,Completed,Forwarder,Rotterdam,
EVT00812-07,SHP00812,7,2025-05-13T14:00:23,Delivery completed,Delayed,Carrier,Rotterdam Consolidation Hub,Customs hold
EVT00813-01,SHP00813,1,2024-11-04T13:00:00,Booking created,Completed,Forwarder,Cadiz Module Yard,
EVT00813-02,SHP00813,2,2024-11-12T15:58:06,Pickup completed,Completed,Carrier,Cadiz Module Yard,
EVT00813-03,SHP00813,3,2024-11-17T11:49:26,Delivery completed,Completed,Carrier,Dammam Gas Project Site,
EVT00814-01,SHP00814,1,2025-09-17T07:00:00,Booking created,Completed,Forwarder,Cadiz Module Yard,
EVT00814-02,SHP00814,2,2025-09-25T08:23:03,Pickup completed,Completed,Carrier,Cadiz Module Yard,
EVT00814-03,SHP00814,3,2025-09-25T19:07:34,Origin port gate in,Completed,Port terminal,Algeciras,
EVT00814-04,SHP00814,4,2025-09-26T00:29:58,Vessel departed,Completed,Carrier,Algeciras,
EVT00814-05,SHP00814,5,2025-10-07T11:17:59,Destination port arrival,Completed,Port terminal,Dammam,
EVT00814-06,SHP00814,6,2025-10-07T14:59:00,Customs released,Completed,Forwarder,Dammam,
EVT00814-07,SHP00814,7,2025-10-08T08:05:04,Delivery completed,Delayed,Carrier,Dammam Gas Project Site,Carrier capacity
EVT00815-01,SHP00815,1,2025-04-07T08:00:00,Booking created,Completed,Forwarder,Puertollano Module Yard,
EVT00815-02,SHP00815,2,2025-04-11T07:09:24,Pickup completed,Completed,Carrier,Puertollano Module Yard,
EVT00815-03,SHP00815,3,2025-04-11T23:33:16,Origin port gate in,Completed,Port terminal,Algeciras,
EVT00815-04,SHP00815,4,2025-04-12T16:26:18,Vessel departed,Completed,Carrier,Algeciras,
EVT00815-05,SHP00815,5,2025-04-17T12:51:44,Destination port arrival,Completed,Port terminal,Rotterdam,
EVT00815-06,SHP00815,6,2025-04-17T13:45:27,Customs released,Completed,Forwarder,Rotterdam,
EVT00815-07,SHP00815,7,2025-04-17T23:23:20,Delivery completed,Completed,Carrier,Rotterdam Consolidation Hub,
EVT00816-01,SHP00816,1,2024-08-28T14:00:00,Booking created,Completed,Forwarder,Valencia Export Depot,
EVT00816-02,SHP00816,2,2024-09-11T13:19:17,Pickup completed,Completed,Carrier,Valencia Export Depot,
EVT00816-03,SHP00816,3,2024-09-12T12:43:23,Origin port gate in,Completed,Port terminal,Valencia,
EVT00816-04,SHP00816,4,2024-09-12T16:23:54,Vessel departed,Completed,Carrier,Valencia,
EVT00816-05,SHP00816,5,2024-09-19T16:28:56,Customs released,Completed,Forwarder,Alexandria,
EVT00816-06,SHP00816,6,2024-09-19T19:22:20,Destination port arrival,Completed,Port terminal,Alexandria,
EVT00816-07,SHP00816,7,2024-09-20T06:21:56,Delivery completed,Delayed,Carrier,Alexandria Water Project Site,Weather disruption
EVT00817-01,SHP00817,1,2024-06-05T12:00:00,Booking created,Completed,Forwarder,Puertollano Module Yard,
EVT00817-02,SHP00817,2,2024-06-10T13:04:08,Pickup completed,Completed,Carrier,Puertollano Module Yard,
EVT00817-03,SHP00817,3,2024-06-11T08:01:54,Origin port gate in,Completed,Port terminal,Algeciras,
EVT00817-04,SHP00817,4,2024-06-11T14:25:36,Vessel departed,Completed,Carrier,Algeciras,
EVT00817-05,SHP00817,5,2024-06-14T08:56:38,Destination port arrival,Completed,Port terminal,Casablanca,
EVT00817-06,SHP00817,6,2024-06-14T21:42:04,Customs released,Completed,Forwarder,Casablanca,
EVT00817-07,SHP00817,7,2024-06-15T08:22:54,Delivery completed,Delayed,Carrier,Casablanca Desalination Site,Carrier capacity
EVT00818-01,SHP00818,1,2024-03-10T15:00:00,Booking created,Completed,Forwarder,Lyon Fabrication Partner,
EVT00818-02,SHP00818,2,2024-03-25T17:02:04,Pickup completed,Completed,Carrier,Lyon Fabrication Partner,
EVT00818-03,SHP00818,3,2024-03-26T00:34:27,Origin port gate in,Completed,Port terminal,Marseille-Fos,
EVT00818-04,SHP00818,4,2024-03-26T14:21:46,Vessel departed,Completed,Carrier,Marseille-Fos,
EVT00818-05,SHP00818,5,2024-03-29T18:33:19,Destination port arrival,Completed,Port terminal,Rotterdam,
EVT00818-06,SHP00818,6,2024-03-30T09:38:51,Customs released,Completed,Forwarder,Rotterdam,
EVT00818-07,SHP00818,7,2024-03-30T16:23:24,Delivery completed,Completed,Carrier,Rotterdam Consolidation Hub,
EVT00819-01,SHP00819,1,2025-02-06T10:00:00,Booking created,Completed,Forwarder,Antwerp EPC Supplier Yard,
EVT00819-02,SHP00819,2,2025-02-21T12:57:48,Pickup completed,Completed,Carrier,Antwerp EPC Supplier Yard,
EVT00819-03,SHP00819,3,2025-02-22T14:16:37,Origin port gate in,Completed,Port terminal,Antwerp-Bruges,
EVT00819-04,SHP00819,4,2025-02-22T20:22:20,Vessel departed,Completed,Carrier,Antwerp-Bruges,
EVT00819-05,SHP00819,5,2025-02-27T01:55:40,Destination port arrival,Completed,Port terminal,Sines,
EVT00819-06,SHP00819,6,2025-02-27T03:40:27,Customs released,Completed,Forwarder,Sines,
EVT00819-07,SHP00819,7,2025-02-27T15:34:31,Delivery completed,Completed,Carrier,Sines Energy Project Site,
EVT00820-01,SHP00820,1,2024-05-23T08:00:00,Booking created,Completed,Forwarder,Bilbao Steel Fabricator,
EVT00820-02,SHP00820,2,2024-05-29T10:25:06,Pickup completed,Completed,Carrier,Bilbao Steel Fabricator,
EVT00820-03,SHP00820,3,2024-05-29T22:37:42,Delivery completed,Completed,Carrier,Zaragoza Distribution Hub,
EVT00821-01,SHP00821,1,2024-02-03T13:00:00,Booking created,Completed,Forwarder,Bilbao Steel Fabricator,
EVT00821-02,SHP00821,2,2024-02-13T12:48:53,Pickup completed,Completed,Carrier,Bilbao Steel Fabricator,
EVT00821-03,SHP00821,3,2024-02-14T13:41:57,Origin port gate in,Completed,Port terminal,Bilbao,
EVT00821-04,SHP00821,4,2024-02-15T02:21:44,Vessel departed,Completed,Carrier,Bilbao,
EVT00821-05,SHP00821,5,2024-02-17T10:01:29,Destination port arrival,Completed,Port terminal,Sines,
EVT00821-06,SHP00821,6,2024-02-17T23:17:58,Customs released,Completed,Forwarder,Sines,
EVT00821-07,SHP00821,7,2024-02-18T08:50:11,Delivery completed,Completed,Carrier,Sines Energy Project Site,
EVT00822-01,SHP00822,1,2025-03-24T10:00:00,Booking created,Completed,Forwarder,Cadiz Module Yard,
EVT00822-02,SHP00822,2,2025-04-01T09:53:28,Pickup completed,Completed,Carrier,Cadiz Module Yard,
EVT00822-03,SHP00822,3,2025-04-01T20:16:46,Origin port gate in,Completed,Port terminal,Algeciras,
EVT00822-04,SHP00822,4,2025-04-02T07:57:06,Vessel departed,Completed,Carrier,Algeciras,
EVT00822-05,SHP00822,5,2025-04-11T11:39:03,Destination port arrival,Completed,Port terminal,Dammam,
EVT00822-06,SHP00822,6,2025-04-11T20:03:00,Customs released,Completed,Forwarder,Dammam,
EVT00822-07,SHP00822,7,2025-04-12T22:45:52,Delivery completed,Completed,Carrier,Dammam Gas Project Site,
EVT00823-01,SHP00823,1,2025-01-27T12:00:00,Booking created,Completed,Forwarder,Madrid Cross Dock,
EVT00823-02,SHP00823,2,2025-02-10T13:47:50,Pickup completed,Completed,Carrier,Madrid Cross Dock,
EVT00823-03,SHP00823,3,2025-02-11T18:47:17,Origin port gate in,Completed,Port terminal,Valencia,
EVT00823-04,SHP00823,4,2025-02-11T23:48:25,Vessel departed,Completed,Carrier,Valencia,
EVT00823-05,SHP00823,5,2025-02-17T10:24:54,Destination port arrival,Completed,Port terminal,Alexandria,
EVT00823-06,SHP00823,6,2025-02-17T13:16:23,Customs released,Completed,Forwarder,Alexandria,
EVT00823-07,SHP00823,7,2025-02-17T22:15:56,Delivery completed,Completed,Carrier,Alexandria Water Project Site,
EVT00824-01,SHP00824,1,2024-03-20T13:00:00,Booking created,Completed,Forwarder,Madrid Cross Dock,
EVT00824-02,SHP00824,2,2024-03-25T12:50:11,Pickup completed,Completed,Carrier,Madrid Cross Dock,
EVT00824-03,SHP00824,3,2024-03-26T05:31:09,Origin port gate in,Completed,Port terminal,Valencia,
EVT00824-04,SHP00824,4,2024-03-26T10:53:43,Vessel departed,Completed,Carrier,Valencia,
EVT00824-05,SHP00824,5,2024-03-28T17:35:44,Destination port arrival,Completed,Port terminal,Casablanca,
EVT00824-06,SHP00824,6,2024-03-28T21:35:29,Customs released,Completed,Forwarder,Casablanca,
EVT00824-07,SHP00824,7,2024-03-30T11:32:08,Delivery completed,Delayed,Carrier,Casablanca Desalination Site,Weather disruption
EVT00825-01,SHP00825,1,2025-03-28T12:00:00,Booking created,Completed,Forwarder,Bilbao Steel Fabricator,
EVT00825-02,SHP00825,2,2025-04-04T14:58:51,Pickup completed,Completed,Carrier,Bilbao Steel Fabricator,
EVT00825-03,SHP00825,3,2025-04-05T01:34:49,Origin port gate in,Completed,Port terminal,Bilbao,
EVT00825-04,SHP00825,4,2025-04-05T06:05:06,Vessel departed,Completed,Carrier,Bilbao,
EVT00825-05,SHP00825,5,2025-04-08T14:57:25,Destination port arrival,Completed,Port terminal,Sines,
EVT00825-06,SHP00825,6,2025-04-09T01:09:20,Customs released,Completed,Forwarder,Sines,
EVT00825-07,SHP00825,7,2025-04-10T05:39:08,Delivery completed,Delayed,Carrier,Sines Energy Project Site,Documentation issue
EVT00826-01,SHP00826,1,2025-01-18T13:00:00,Booking created,Completed,Forwarder,Bilbao Steel Fabricator,
EVT00826-02,SHP00826,2,2025-01-31T14:50:30,Pickup completed,Completed,Carrier,Bilbao Steel Fabricator,
EVT00826-03,SHP00826,3,2025-02-01T13:22:14,Origin port gate in,Completed,Port terminal,Bilbao,
EVT00826-04,SHP00826,4,2025-02-02T06:19:50,Vessel departed,Completed,Carrier,Bilbao,
EVT00826-05,SHP00826,5,2025-02-05T06:11:46,Destination port arrival,Completed,Port terminal,Rotterdam,
EVT00826-06,SHP00826,6,2025-02-05T08:19:37,Customs released,Completed,Forwarder,Rotterdam,
EVT00826-07,SHP00826,7,2025-02-05T16:51:00,Delivery completed,Completed,Carrier,Rotterdam Consolidation Hub,
EVT00827-01,SHP00827,1,2025-08-01T07:00:00,Booking created,Completed,Forwarder,Puertollano Module Yard,
EVT00827-02,SHP00827,2,2025-08-07T06:49:07,Pickup completed,Completed,Carrier,Puertollano Module Yard,
EVT00827-03,SHP00827,3,2025-08-07T21:51:55,Origin port gate in,Completed,Port terminal,Algeciras,
EVT00827-04,SHP00827,4,2025-08-08T02:41:33,Vessel departed,Completed,Carrier,Algeciras,
EVT00827-05,SHP00827,5,2025-08-14T15:47:38,Destination port arrival,Completed,Port terminal,Alexandria,
EVT00827-06,SHP00827,6,2025-08-15T07:58:45,Customs released,Completed,Forwarder,Alexandria,
EVT00827-07,SHP00827,7,2025-08-16T08:16:56,Delivery completed,Completed,Carrier,Alexandria Water Project Site,
EVT00828-01,SHP00828,1,2024-08-29T08:00:00,Booking created,Completed,Forwarder,Zaragoza Distribution Hub,
EVT00828-02,SHP00828,2,2024-09-10T07:22:19,Pickup completed,Completed,Carrier,Zaragoza Distribution Hub,
EVT00828-03,SHP00828,3,2024-09-10T18:44:08,Origin port gate in,Completed,Port terminal,Valencia,
EVT00828-04,SHP00828,4,2024-09-11T05:20:24,Vessel departed,Completed,Carrier,Valencia,
EVT00828-05,SHP00828,5,2024-09-14T02:27:35,Customs released,Completed,Forwarder,Casablanca,
EVT00828-06,SHP00828,6,2024-09-14T03:32:10,Destination port arrival,Completed,Port terminal,Casablanca,
EVT00828-07,SHP00828,7,2024-09-14T19:13:16,Delivery completed,Completed,Carrier,Casablanca Desalination Site,
EVT00829-01,SHP00829,1,2025-09-12T12:00:00,Booking created,Completed,Forwarder,Cadiz Module Yard,
EVT00829-02,SHP00829,2,2025-09-18T14:47:51,Pickup completed,Completed,Carrier,Cadiz Module Yard,
EVT00829-03,SHP00829,3,2025-09-19T04:00:58,Delivery completed,Completed,Carrier,Casablanca Desalination Site,
EVT00830-01,SHP00830,1,2025-04-03T13:00:00,Booking created,Completed,Forwarder,Zaragoza Distribution Hub,
EVT00830-02,SHP00830,2,2025-04-15T14:15:14,Pickup completed,Completed,Carrier,Zaragoza Distribution Hub,
EVT00830-03,SHP00830,3,2025-04-16T03:29:42,Origin port gate in,Completed,Port terminal,Valencia,
EVT00830-04,SHP00830,4,2025-04-16T21:15:26,Vessel departed,Completed,Carrier,Valencia,
EVT00830-05,SHP00830,5,2025-04-19T06:34:11,Destination port arrival,Completed,Port terminal,Sines,
EVT00830-06,SHP00830,6,2025-04-19T09:50:23,Customs released,Completed,Forwarder,Sines,
EVT00830-07,SHP00830,7,2025-04-20T20:02:19,Delivery completed,Delayed,Carrier,Sines Energy Project Site,Weather disruption
EVT00831-01,SHP00831,1,2025-05-23T07:00:00,Booking created,Completed,Forwarder,Antwerp EPC Supplier Yard,
EVT00831-02,SHP00831,2,2025-06-02T09:39:26,Pickup completed,Completed,Carrier,Antwerp EPC Supplier Yard,
EVT00831-03,SHP00831,3,2025-06-02T21:42:43,Origin port gate in,Completed,Port terminal,Antwerp-Bruges,
EVT00831-04,SHP00831,4,2025-06-03T08:00:28,Vessel departed,Completed,Carrier,Antwerp-Bruges,
EVT00831-05,SHP00831,5,2025-06-12T05:51:30,Destination port arrival,Completed,Port terminal,Dammam,
EVT00831-06,SHP00831,6,2025-06-12T13:50:22,Customs released,Completed,Forwarder,Dammam,
EVT00831-07,SHP00831,7,2025-06-12T20:23:00,Delivery completed,Completed,Carrier,Dammam Gas Project Site,
EVT00832-01,SHP00832,1,2025-07-18T11:00:00,Booking created,Completed,Forwarder,Bilbao Steel Fabricator,
EVT00832-02,SHP00832,2,2025-07-31T12:50:39,Pickup completed,Completed,Carrier,Bilbao Steel Fabricator,
EVT00832-03,SHP00832,3,2025-07-31T19:59:28,Origin port gate in,Completed,Port terminal,Bilbao,
EVT00832-04,SHP00832,4,2025-07-31T23:41:21,Vessel departed,Completed,Carrier,Bilbao,
EVT00832-05,SHP00832,5,2025-08-04T06:13:51,Destination port arrival,Completed,Port terminal,Marseille-Fos,
EVT00832-06,SHP00832,6,2025-08-04T13:46:56,Customs released,Completed,Forwarder,Marseille-Fos,
EVT00832-07,SHP00832,7,2025-08-05T01:11:22,Delivery completed,Completed,Carrier,Marseille Wind Substation Site,
EVT00833-01,SHP00833,1,2024-04-27T09:00:00,Booking created,Completed,Forwarder,Bilbao Steel Fabricator,
EVT00833-02,SHP00833,2,2024-05-05T08:25:25,Pickup completed,Completed,Carrier,Bilbao Steel Fabricator,
EVT00833-03,SHP00833,3,2024-05-06T15:38:35,Delivery completed,Completed,Carrier,Rotterdam Consolidation Hub,
EVT00834-01,SHP00834,1,2025-07-15T10:00:00,Booking created,Completed,Forwarder,Antwerp EPC Supplier Yard,
EVT00834-02,SHP00834,2,2025-07-22T12:45:13,Pickup completed,Completed,Carrier,Antwerp EPC Supplier Yard,
EVT00834-03,SHP00834,3,2025-07-23T10:28:56,Origin port gate in,Completed,Port terminal,Antwerp-Bruges,
EVT00834-04,SHP00834,4,2025-07-24T00:55:14,Vessel departed,Completed,Carrier,Antwerp-Bruges,
EVT00834-05,SHP00834,5,2025-08-01T00:24:05,Destination port arrival,Completed,Port terminal,Dammam,
EVT00834-06,SHP00834,6,2025-08-01T12:40:01,Customs released,Completed,Forwarder,Dammam,
EVT00834-07,SHP00834,7,2025-08-02T19:34:26,Delivery completed,Delayed,Carrier,Dammam Gas Project Site,Customs hold
EVT00835-01,SHP00835,1,2025-08-25T09:00:00,Booking created,Completed,Forwarder,Tarragona Equipment Vendor,
EVT00835-02,SHP00835,2,2025-09-03T11:03:55,Pickup completed,Completed,Carrier,Tarragona Equipment Vendor,
EVT00835-03,SHP00835,3,2025-09-03T18:02:48,Origin port gate in,Completed,Port terminal,Barcelona,
EVT00835-04,SHP00835,4,2025-09-04T09:53:45,Vessel departed,Completed,Carrier,Barcelona,
EVT00835-05,SHP00835,5,2025-09-12T19:12:03,Destination port arrival,Completed,Port terminal,Dammam,
EVT00835-06,SHP00835,6,2025-09-12T23:33:16,Customs released,Completed,Forwarder,Dammam,
EVT00835-07,SHP00835,7,2025-09-13T12:11:30,Delivery completed,Completed,Carrier,Dammam Gas Project Site,
EVT00836-01,SHP00836,1,2024-01-30T12:00:00,Booking created,Completed,Forwarder,Antwerp EPC Supplier Yard,
EVT00836-02,SHP00836,2,2024-02-06T14:08:48,Pickup completed,Completed,Carrier,Antwerp EPC Supplier Yard,
EVT00836-03,SHP00836,3,2024-02-06T23:05:11,Origin port gate in,Completed,Port terminal,Antwerp-Bruges,
EVT00836-04,SHP00836,4,2024-02-07T08:35:42,Vessel departed,Completed,Carrier,Antwerp-Bruges,
EVT00836-05,SHP00836,5,2024-02-11T03:38:03,Destination port arrival,Completed,Port terminal,Valencia,
EVT00836-06,SHP00836,6,2024-02-11T16:10:05,Customs released,Completed,Forwarder,Valencia,
EVT00836-07,SHP00836,7,2024-02-12T05:08:36,Delivery completed,Delayed,Carrier,Zaragoza Distribution Hub,None
EVT00837-01,SHP00837,1,2024-05-13T11:00:00,Booking created,Completed,Forwarder,Zaragoza Distribution Hub,
EVT00837-02,SHP00837,2,2024-05-27T13:53:57,Pickup completed,Completed,Carrier,Zaragoza Distribution Hub,
EVT00837-03,SHP00837,3,2024-05-28T05:16:33,Origin port gate in,Completed,Port terminal,Valencia,
EVT00837-04,SHP00837,4,2024-05-28T19:43:30,Vessel departed,Completed,Carrier,Valencia,
EVT00837-05,SHP00837,5,2024-05-31T18:42:01,Destination port arrival,Completed,Port terminal,Marseille-Fos,
EVT00837-06,SHP00837,6,2024-05-31T23:32:28,Customs released,Completed,Forwarder,Marseille-Fos,
EVT00837-07,SHP00837,7,2024-06-01T14:55:50,Delivery completed,Completed,Carrier,Marseille Wind Substation Site,
EVT00838-01,SHP00838,1,2025-10-15T15:00:00,Booking created,Completed,Forwarder,Zaragoza Distribution Hub,
EVT00838-02,SHP00838,2,2025-10-24T17:27:38,Pickup completed,Completed,Carrier,Zaragoza Distribution Hub,
EVT00838-03,SHP00838,3,2025-10-25T05:31:05,Origin port gate in,Completed,Port terminal,Valencia,
EVT00838-04,SHP00838,4,2025-10-25T16:58:19,Vessel departed,Completed,Carrier,Valencia,
EVT00838-05,SHP00838,5,2025-10-28T05:00:04,Destination port arrival,Completed,Port terminal,Casablanca,
EVT00838-06,SHP00838,6,2025-10-28T15:02:00,Customs released,Completed,Forwarder,Casablanca,
EVT00838-07,SHP00838,7,2025-10-30T00:55:12,Delivery completed,Delayed,Carrier,Casablanca Desalination Site,Weather disruption
EVT00839-01,SHP00839,1,2025-08-19T08:00:00,Booking created,Completed,Forwarder,Cadiz Module Yard,
EVT00839-02,SHP00839,2,2025-09-03T09:10:36,Pickup completed,Completed,Carrier,Cadiz Module Yard,
EVT00839-03,SHP00839,3,2025-09-03T21:56:04,Origin port gate in,Completed,Port terminal,Algeciras,
EVT00839-04,SHP00839,4,2025-09-04T13:12:10,Vessel departed,Completed,Carrier,Algeciras,
EVT00839-05,SHP00839,5,2025-09-05T17:27:44,Destination port arrival,Completed,Port terminal,Casablanca,
EVT00839-06,SHP00839,6,2025-09-06T07:48:04,Customs released,Completed,Forwarder,Casablanca,
EVT00839-07,SHP00839,7,2025-09-06T17:45:53,Delivery completed,Completed,Carrier,Casablanca Desalination Site,
EVT00840-01,SHP00840,1,2025-04-23T10:00:00,Booking created,Completed,Forwarder,Milan Valve Plant,
EVT00840-02,SHP00840,2,2025-05-07T12:27:32,Pickup completed,Completed,Carrier,Milan Valve Plant,
EVT00840-03,SHP00840,3,2025-05-07T23:45:25,Origin port gate in,Completed,Port terminal,Genoa,
EVT00840-04,SHP00840,4,2025-05-08T02:59:26,Vessel departed,Completed,Carrier,Genoa,
EVT00840-05,SHP00840,5,2025-05-12T01:24:43,Destination port arrival,Completed,Port terminal,Casablanca,
EVT00840-06,SHP00840,6,2025-05-12T13:40:43,Customs released,Completed,Forwarder,Casablanca,
EVT00840-07,SHP00840,7,2025-05-13T02:42:34,Delivery completed,Completed,Carrier,Casablanca Desalination Site,
EVT00841-01,SHP00841,1,2025-08-21T15:00:00,Booking created,Completed,Forwarder,Antwerp EPC Supplier Yard,
EVT00841-02,SHP00841,2,2025-08-27T16:20:22,Pickup completed,Completed,Carrier,Antwerp EPC Supplier Yard,
EVT00841-03,SHP00841,3,2025-08-28T01:24:57,Origin port gate in,Completed,Port terminal,Antwerp-Bruges,
EVT00841-04,SHP00841,4,2025-08-28T07:25:42,Vessel departed,Completed,Carrier,Antwerp-Bruges,
EVT00841-05,SHP00841,5,2025-09-08T00:18:57,Destination port arrival,Completed,Port terminal,Dammam,
EVT00841-06,SHP00841,6,2025-09-08T03:52:32,Customs released,Completed,Forwarder,Dammam,
EVT00841-07,SHP00841,7,2025-09-09T10:23:35,Delivery completed,Delayed,Carrier,Dammam Gas Project Site,Customs hold
EVT00842-01,SHP00842,1,2025-01-02T13:00:00,Booking created,Completed,Forwarder,Puertollano Module Yard,
EVT00842-02,SHP00842,2,2025-01-17T15:02:04,Pickup completed,Completed,Carrier,Puertollano Module Yard,
EVT00842-03,SHP00842,3,2025-01-18T05:58:05,Origin port gate in,Completed,Port terminal,Algeciras,
EVT00842-04,SHP00842,4,2025-01-18T10:37:39,Vessel departed,Completed,Carrier,Algeciras,
EVT00842-05,SHP00842,5,2025-01-29T11:05:40,Destination port arrival,Completed,Port terminal,Dammam,
EVT00842-06,SHP00842,6,2025-01-29T16:09:24,Customs released,Completed,Forwarder,Dammam,
EVT00842-07,SHP00842,7,2025-01-30T03:57:22,Delivery completed,Completed,Carrier,Dammam Gas Project Site,
EVT00843-01,SHP00843,1,2024-01-05T07:00:00,Booking created,Completed,Forwarder,Lyon Fabrication Partner,
EVT00843-02,SHP00843,2,2024-01-17T08:53:28,Pickup completed,Completed,Carrier,Lyon Fabrication Partner,
EVT00843-03,SHP00843,3,2024-01-17T17:18:27,Origin port gate in,Completed,Port terminal,Marseille-Fos,
EVT00843-04,SHP00843,4,2024-01-18T01:19:12,Vessel departed,Completed,Carrier,Marseille-Fos,
EVT00843-05,SHP00843,5,2024-01-20T15:31:33,Destination port arrival,Completed,Port terminal,Valencia,
EVT00843-06,SHP00843,6,2024-01-21T00:27:26,Customs released,Completed,Forwarder,Valencia,
EVT00843-07,SHP00843,7,2024-01-22T04:38:50,Delivery completed,Completed,Carrier,Zaragoza Distribution Hub,
EVT00844-01,SHP00844,1,2024-01-13T10:00:00,Booking created,Completed,Forwarder,Madrid Cross Dock,
EVT00844-02,SHP00844,2,2024-01-17T10:23:45,Pickup completed,Completed,Carrier,Madrid Cross Dock,
EVT00844-03,SHP00844,3,2024-01-17T19:35:07,Origin port gate in,Completed,Port terminal,Valencia,
EVT00844-04,SHP00844,4,2024-01-18T07:42:12,Vessel departed,Completed,Carrier,Valencia,
EVT00844-05,SHP00844,5,2024-01-21T00:18:50,Destination port arrival,Completed,Port terminal,Sines,
EVT00844-06,SHP00844,6,2024-01-21T02:59:25,Customs released,Completed,Forwarder,Sines,
EVT00844-07,SHP00844,7,2024-01-21T18:15:53,Delivery completed,Completed,Carrier,Sines Energy Project Site,
EVT00845-01,SHP00845,1,2024-06-27T10:00:00,Booking created,Completed,Forwarder,Antwerp EPC Supplier Yard,
EVT00845-02,SHP00845,2,2024-07-09T10:39:37,Pickup completed,Completed,Carrier,Antwerp EPC Supplier Yard,
EVT00845-03,SHP00845,3,2024-07-09T22:29:47,Origin port gate in,Completed,Port terminal,Antwerp-Bruges,
EVT00845-04,SHP00845,4,2024-07-10T08:40:25,Vessel departed,Completed,Carrier,Antwerp-Bruges,
EVT00845-05,SHP00845,5,2024-07-18T16:17:41,Destination port arrival,Completed,Port terminal,Dammam,
EVT00845-06,SHP00845,6,2024-07-18T23:47:41,Customs released,Completed,Forwarder,Dammam,
EVT00845-07,SHP00845,7,2024-07-19T06:50:56,Delivery completed,Completed,Carrier,Dammam Gas Project Site,
EVT00846-01,SHP00846,1,2025-09-08T07:00:00,Booking created,Completed,Forwarder,Valencia Export Depot,
EVT00846-02,SHP00846,2,2025-09-12T07:05:18,Pickup completed,Completed,Carrier,Valencia Export Depot,
EVT00846-03,SHP00846,3,2025-09-12T18:19:36,Origin port gate in,Completed,Port terminal,Valencia,
EVT00846-04,SHP00846,4,2025-09-13T01:03:42,Vessel departed,Completed,Carrier,Valencia,
EVT00846-05,SHP00846,5,2025-09-22T20:28:06,Customs released,Completed,Forwarder,Dammam,
EVT00846-06,SHP00846,6,2025-09-22T22:02:37,Destination port arrival,Completed,Port terminal,Dammam,
EVT00846-07,SHP00846,7,2025-09-23T11:24:56,Delivery completed,Delayed,Carrier,Dammam Gas Project Site,Road permit delay
EVT00847-01,SHP00847,1,2025-12-10T07:00:00,Booking created,Completed,Forwarder,Puertollano Module Yard,
EVT00847-02,SHP00847,2,2025-12-23T09:13:39,Pickup completed,Completed,Carrier,Puertollano Module Yard,
EVT00847-03,SHP00847,3,2025-12-23T22:05:02,Origin port gate in,Completed,Port terminal,Algeciras,
EVT00847-04,SHP00847,4,2025-12-24T04:17:34,Vessel departed,Completed,Carrier,Algeciras,
EVT00847-05,SHP00847,5,2026-01-02T04:31:42,Destination port arrival,Completed,Port terminal,Dammam,
EVT00847-06,SHP00847,6,2026-01-02T09:53:04,Customs released,Completed,Forwarder,Dammam,
EVT00847-07,SHP00847,7,2026-01-02T19:48:07,Delivery completed,Completed,Carrier,Dammam Gas Project Site,
EVT00848-01,SHP00848,1,2025-04-18T11:00:00,Booking created,Completed,Forwarder,Milan Valve Plant,
EVT00848-02,SHP00848,2,2025-04-28T12:51:04,Pickup completed,Completed,Carrier,Milan Valve Plant,
EVT00848-03,SHP00848,3,2025-04-29T01:32:15,Origin port gate in,Completed,Port terminal,Genoa,
EVT00848-04,SHP00848,4,2025-04-29T17:42:47,Vessel departed,Completed,Carrier,Genoa,
EVT00848-05,SHP00848,5,2025-05-03T04:33:18,Customs released,Completed,Forwarder,Rotterdam,
EVT00848-06,SHP00848,6,2025-05-03T05:00:23,Destination port arrival,Completed,Port terminal,Rotterdam,
EVT00848-07,SHP00848,7,2025-05-03T22:39:42,Delivery completed,Completed,Carrier,Rotterdam Consolidation Hub,
EVT00849-01,SHP00849,1,2024-05-29T09:00:00,Booking created,Completed,Forwarder,Valencia Export Depot,
EVT00849-02,SHP00849,2,2024-06-02T09:21:11,Pickup completed,Completed,Carrier,Valencia Export Depot,
EVT00849-03,SHP00849,3,2024-06-02T17:49:30,Origin port gate in,Completed,Port terminal,Valencia,
EVT00849-04,SHP00849,4,2024-06-03T10:28:38,Vessel departed,Completed,Carrier,Valencia,
EVT00849-05,SHP00849,5,2024-06-05T22:25:58,Destination port arrival,Completed,Port terminal,Casablanca,
EVT00849-06,SHP00849,6,2024-06-06T07:24:03,Customs released,Completed,Forwarder,Casablanca,
EVT00849-07,SHP00849,7,2024-06-07T15:12:27,Delivery completed,Delayed,Carrier,Casablanca Desalination Site,Port congestion
EVT00850-01,SHP00850,1,2025-01-24T11:00:00,Booking created,Completed,Forwarder,Valencia Export Depot,
EVT00850-02,SHP00850,2,2025-02-06T12:11:16,Pickup completed,Completed,Carrier,Valencia Export Depot,
EVT00850-03,SHP00850,3,2025-02-06T21:54:27,Origin port gate in,Completed,Port terminal,Valencia,
EVT00850-04,SHP00850,4,2025-02-07T01:22:31,Vessel departed,Completed,Carrier,Valencia,
EVT00850-05,SHP00850,5,2025-02-09T18:03:34,Destination port arrival,Completed,Port terminal,Marseille-Fos,
EVT00850-06,SHP00850,6,2025-02-10T05:51:33,Customs released,Completed,Forwarder,Marseille-Fos,
EVT00850-07,SHP00850,7,2025-02-10T20:54:41,Delivery completed,Completed,Carrier,Marseille Wind Substation Site,
EVT00851-01,SHP00851,1,2024-08-09T09:00:00,Booking created,Completed,Forwarder,Cadiz Module Yard,
EVT00851-02,SHP00851,2,2024-08-23T10:04:50,Pickup completed,Completed,Carrier,Cadiz Module Yard,
EVT00851-03,SHP00851,3,2024-08-23T21:15:03,Origin port gate in,Completed,Port terminal,Algeciras,
EVT00851-04,SHP00851,4,2024-08-24T13:37:18,Vessel departed,Completed,Carrier,Algeciras,
EVT00851-05,SHP00851,5,2024-08-27T11:30:08,Destination port arrival,Completed,Port terminal,Casablanca,
EVT00851-06,SHP00851,6,2024-08-27T21:13:49,Customs released,Completed,Forwarder,Casablanca,
EVT00851-07,SHP00851,7,2024-08-28T18:35:19,Delivery completed,Delayed,Carrier,Casablanca Desalination Site,Customs hold
EVT00852-01,SHP00852,1,2025-09-13T12:00:00,Booking created,Completed,Forwarder,Madrid Cross Dock,
EVT00852-02,SHP00852,2,2025-09-17T14:33:42,Pickup completed,Completed,Carrier,Madrid Cross Dock,
EVT00852-03,SHP00852,3,2025-09-18T02:27:28,Delivery completed,Completed,Carrier,Zaragoza Distribution Hub,
EVT00853-01,SHP00853,1,2025-03-02T15:00:00,Booking created,Completed,Forwarder,Lyon Fabrication Partner,
EVT00853-02,SHP00853,2,2025-03-14T17:35:36,Pickup completed,Completed,Carrier,Lyon Fabrication Partner,
EVT00853-03,SHP00853,3,2025-03-15T11:25:15,Origin port gate in,Completed,Port terminal,Marseille-Fos,
EVT00853-04,SHP00853,4,2025-03-16T04:26:49,Vessel departed,Completed,Carrier,Marseille-Fos,
EVT00853-05,SHP00853,5,2025-03-19T22:09:44,Destination port arrival,Completed,Port terminal,Sines,
EVT00853-06,SHP00853,6,2025-03-20T01:42:57,Customs released,Completed,Forwarder,Sines,
EVT00853-07,SHP00853,7,2025-03-20T17:58:03,Delivery completed,Delayed,Carrier,Sines Energy Project Site,Customs hold
EVT00854-01,SHP00854,1,2025-12-04T11:00:00,Booking created,Completed,Forwarder,Lyon Fabrication Partner,
EVT00854-02,SHP00854,2,2025-12-09T11:16:38,Pickup completed,Completed,Carrier,Lyon Fabrication Partner,
EVT00854-03,SHP00854,3,2025-12-11T02:31:07,Origin port gate in,Completed,Port terminal,Marseille-Fos,
EVT00854-04,SHP00854,4,2025-12-11T08:39:48,Vessel departed,Completed,Carrier,Marseille-Fos,
EVT00854-05,SHP00854,5,2025-12-17T06:06:02,Destination port arrival,Completed,Port terminal,Alexandria,
EVT00854-06,SHP00854,6,2025-12-17T09:23:32,Customs released,Completed,Forwarder,Alexandria,
EVT00854-07,SHP00854,7,2025-12-18T03:00:37,Delivery completed,Delayed,Carrier,Alexandria Water Project Site,Documentation issue
EVT00855-01,SHP00855,1,2025-06-11T09:00:00,Booking created,Completed,Forwarder,Antwerp EPC Supplier Yard,
EVT00855-02,SHP00855,2,2025-06-19T11:57:12,Pickup completed,Completed,Carrier,Antwerp EPC Supplier Yard,
EVT00855-03,SHP00855,3,2025-06-19T15:43:40,Origin port gate in,Completed,Port terminal,Antwerp-Bruges,
EVT00855-04,SHP00855,4,2025-06-20T09:01:27,Vessel departed,Completed,Carrier,Antwerp-Bruges,
EVT00855-05,SHP00855,5,2025-06-22T00:05:45,Destination port arrival,Completed,Port terminal,Rotterdam,
EVT00855-06,SHP00855,6,2025-06-22T10:24:56,Customs released,Completed,Forwarder,Rotterdam,
EVT00855-07,SHP00855,7,2025-06-23T02:56:37,Delivery completed,Completed,Carrier,Rotterdam Consolidation Hub,
EVT00856-01,SHP00856,1,2025-11-14T13:00:00,Booking created,Completed,Forwarder,Valencia Export Depot,
EVT00856-02,SHP00856,2,2025-11-25T12:31:32,Pickup completed,Completed,Carrier,Valencia Export Depot,
EVT00856-03,SHP00856,3,2025-11-25T23:50:09,Origin port gate in,Completed,Port terminal,Valencia,
EVT00856-04,SHP00856,4,2025-11-26T10:11:53,Vessel departed,Completed,Carrier,Valencia,
EVT00856-05,SHP00856,5,2025-12-02T06:50:32,Destination port arrival,Completed,Port terminal,Alexandria,
EVT00856-06,SHP00856,6,2025-12-02T08:37:35,Customs released,Completed,Forwarder,Alexandria,
EVT00856-07,SHP00856,7,2025-12-02T21:25:08,Delivery completed,Completed,Carrier,Alexandria Water Project Site,
EVT00857-01,SHP00857,1,2025-05-11T13:00:00,Booking created,Completed,Forwarder,Bilbao Steel Fabricator,
EVT00857-02,SHP00857,2,2025-05-26T12:43:26,Pickup completed,Completed,Carrier,Bilbao Steel Fabricator,
EVT00857-03,SHP00857,3,2025-05-26T22:22:37,Origin port gate in,Completed,Port terminal,Bilbao,
EVT00857-04,SHP00857,4,2025-05-27T10:10:23,Vessel departed,Completed,Carrier,Bilbao,
EVT00857-05,SHP00857,5,2025-06-03T11:02:30,Destination port arrival,Completed,Port terminal,Alexandria,
EVT00857-06,SHP00857,6,2025-06-03T13:14:28,Customs released,Completed,Forwarder,Alexandria,
EVT00857-07,SHP00857,7,2025-06-03T21:38:30,Delivery completed,Completed,Carrier,Alexandria Water Project Site,
EVT00858-01,SHP00858,1,2025-01-23T11:00:00,Booking created,Completed,Forwarder,Milan Valve Plant,
EVT00858-02,SHP00858,2,2025-02-04T10:52:26,Pickup completed,Completed,Carrier,Milan Valve Plant,
EVT00858-03,SHP00858,3,2025-02-04T21:31:35,Origin port gate in,Completed,Port terminal,Genoa,
EVT00858-04,SHP00858,4,2025-02-05T14:26:44,Vessel departed,Completed,Carrier,Genoa,
EVT00858-05,SHP00858,5,2025-02-13T16:02:53,Destination port arrival,Completed,Port terminal,Dammam,
EVT00858-06,SHP00858,6,2025-02-13T21:55:15,Customs released,Completed,Forwarder,Dammam,
EVT00858-07,SHP00858,7,2025-02-14T16:44:42,Delivery completed,Completed,Carrier,Dammam Gas Project Site,
EVT00859-01,SHP00859,1,2025-01-29T14:00:00,Booking created,Completed,Forwarder,Madrid Cross Dock,
EVT00859-02,SHP00859,2,2025-02-06T15:18:20,Pickup completed,Completed,Carrier,Madrid Cross Dock,
EVT00859-03,SHP00859,3,2025-02-07T14:42:33,Delivery completed,Completed,Carrier,Casablanca Desalination Site,
EVT00860-01,SHP00860,1,2024-11-26T14:00:00,Booking created,Completed,Forwarder,Cadiz Module Yard,
EVT00860-02,SHP00860,2,2024-12-10T15:05:11,Pickup completed,Completed,Carrier,Cadiz Module Yard,
EVT00860-03,SHP00860,3,2024-12-10T23:16:50,Origin port gate in,Completed,Port terminal,Algeciras,
EVT00860-04,SHP00860,4,2024-12-11T16:57:44,Vessel departed,Completed,Carrier,Algeciras,
EVT00860-05,SHP00860,5,2024-12-16T09:43:14,Destination port arrival,Completed,Port terminal,Rotterdam,
EVT00860-06,SHP00860,6,2024-12-16T15:18:43,Customs released,Completed,Forwarder,Rotterdam,
EVT00860-07,SHP00860,7,2024-12-16T23:20:24,Delivery completed,Completed,Carrier,Rotterdam Consolidation Hub,
EVT00861-01,SHP00861,1,2025-10-19T08:00:00,Booking created,Completed,Forwarder,Antwerp EPC Supplier Yard,
EVT00861-02,SHP00861,2,2025-10-26T10:59:28,Pickup completed,Completed,Carrier,Antwerp EPC Supplier Yard,
EVT00861-03,SHP00861,3,2025-10-26T15:41:42,Origin port gate in,Completed,Port terminal,Antwerp-Bruges,
EVT00861-04,SHP00861,4,2025-10-27T08:59:40,Vessel departed,Completed,Carrier,Antwerp-Bruges,
EVT00861-05,SHP00861,5,2025-11-05T18:06:36,Destination port arrival,Completed,Port terminal,Dammam,
EVT00861-06,SHP00861,6,2025-11-05T20:03:44,Customs released,Completed,Forwarder,Dammam,
EVT00861-07,SHP00861,7,2025-11-06T05:31:22,Delivery completed,Completed,Carrier,Dammam Gas Project Site,
EVT00862-01,SHP00862,1,2025-09-09T14:00:00,Booking created,Completed,Forwarder,Puertollano Module Yard,
EVT00862-02,SHP00862,2,2025-09-16T13:06:54,Pickup completed,Completed,Carrier,Puertollano Module Yard,
EVT00862-03,SHP00862,3,2025-09-17T14:20:39,Origin port gate in,Completed,Port terminal,Algeciras,
EVT00862-04,SHP00862,4,2025-09-18T05:08:51,Vessel departed,Completed,Carrier,Algeciras,
EVT00862-05,SHP00862,5,2025-09-28T21:00:53,Destination port arrival,Completed,Port terminal,Dammam,
EVT00862-06,SHP00862,6,2025-09-29T01:06:20,Customs released,Completed,Forwarder,Dammam,
EVT00862-07,SHP00862,7,2025-09-30T10:18:28,Delivery completed,Delayed,Carrier,Dammam Gas Project Site,Weather disruption
EVT00863-01,SHP00863,1,2025-05-02T11:00:00,Booking created,Completed,Forwarder,Bilbao Steel Fabricator,
EVT00863-02,SHP00863,2,2025-05-15T12:30:21,Pickup completed,Completed,Carrier,Bilbao Steel Fabricator,
EVT00863-03,SHP00863,3,2025-05-15T17:49:32,Origin port gate in,Completed,Port terminal,Bilbao,
EVT00863-04,SHP00863,4,2025-05-16T00:50:14,Vessel departed,Completed,Carrier,Bilbao,
EVT00863-05,SHP00863,5,2025-05-19T16:53:00,Destination port arrival,Completed,Port terminal,Rotterdam,
EVT00863-06,SHP00863,6,2025-05-19T22:31:40,Customs released,Completed,Forwarder,Rotterdam,
EVT00863-07,SHP00863,7,2025-05-20T08:00:04,Delivery completed,Completed,Carrier,Rotterdam Consolidation Hub,
EVT00864-01,SHP00864,1,2025-08-28T15:00:00,Booking created,Completed,Forwarder,Bilbao Steel Fabricator,
EVT00864-02,SHP00864,2,2025-09-03T17:47:06,Pickup completed,Completed,Carrier,Bilbao Steel Fabricator,
EVT00864-03,SHP00864,3,2025-09-03T21:24:55,Origin port gate in,Completed,Port terminal,Bilbao,
EVT00864-04,SHP00864,4,2025-09-04T05:25:55,Vessel departed,Completed,Carrier,Bilbao,
EVT00864-05,SHP00864,5,2025-09-14T07:28:45,Destination port arrival,Completed,Port terminal,Dammam,
EVT00864-06,SHP00864,6,2025-09-14T11:50:21,Customs released,Completed,Forwarder,Dammam,
EVT00864-07,SHP00864,7,2025-09-15T01:25:45,Delivery completed,Completed,Carrier,Dammam Gas Project Site,
EVT00865-01,SHP00865,1,2025-02-19T07:00:00,Booking created,Completed,Forwarder,Bilbao Steel Fabricator,
EVT00865-02,SHP00865,2,2025-02-25T07:49:45,Pickup completed,Completed,Carrier,Bilbao Steel Fabricator,
EVT00865-03,SHP00865,3,2025-02-25T15:09:03,Origin port gate in,Completed,Port terminal,Bilbao,
EVT00865-04,SHP00865,4,2025-02-25T22:50:38,Vessel departed,Completed,Carrier,Bilbao,
EVT00865-05,SHP00865,5,2025-03-09T19:00:33,Destination port arrival,Completed,Port terminal,Dammam,
EVT00865-06,SHP00865,6,2025-03-10T04:58:29,Customs released,Completed,Forwarder,Dammam,
EVT00865-07,SHP00865,7,2025-03-10T15:41:01,Delivery completed,Delayed,Carrier,Dammam Gas Project Site,Port congestion
EVT00866-01,SHP00866,1,2025-09-26T10:00:00,Booking created,Completed,Forwarder,Lyon Fabrication Partner,
EVT00866-02,SHP00866,2,2025-10-07T11:18:01,Pickup completed,Completed,Carrier,Lyon Fabrication Partner,
EVT00866-03,SHP00866,3,2025-10-08T09:28:27,Origin port gate in,Completed,Port terminal,Marseille-Fos,
EVT00866-04,SHP00866,4,2025-10-09T02:47:18,Vessel departed,Completed,Carrier,Marseille-Fos,
EVT00866-05,SHP00866,5,2025-10-12T21:42:15,Destination port arrival,Completed,Port terminal,Sines,
EVT00866-06,SHP00866,6,2025-10-13T00:12:26,Customs released,Completed,Forwarder,Sines,
EVT00866-07,SHP00866,7,2025-10-13T10:42:09,Delivery completed,Completed,Carrier,Sines Energy Project Site,
EVT00867-01,SHP00867,1,2025-02-03T10:00:00,Booking created,Completed,Forwarder,Antwerp EPC Supplier Yard,
EVT00867-02,SHP00867,2,2025-02-09T11:18:36,Pickup completed,Completed,Carrier,Antwerp EPC Supplier Yard,
EVT00867-03,SHP00867,3,2025-02-09T23:24:01,Origin port gate in,Completed,Port terminal,Antwerp-Bruges,
EVT00867-04,SHP00867,4,2025-02-10T06:32:16,Vessel departed,Completed,Carrier,Antwerp-Bruges,
EVT00867-05,SHP00867,5,2025-02-14T10:13:49,Destination port arrival,Completed,Port terminal,Casablanca,
EVT00867-06,SHP00867,6,2025-02-14T22:15:53,Customs released,Completed,Forwarder,Casablanca,
EVT00867-07,SHP00867,7,2025-02-16T04:20:16,Delivery completed,Delayed,Carrier,Casablanca Desalination Site,Carrier capacity
EVT00868-01,SHP00868,1,2024-04-29T12:00:00,Booking created,Completed,Forwarder,Milan Valve Plant,
EVT00868-02,SHP00868,2,2024-05-07T14:50:11,Pickup completed,Completed,Carrier,Milan Valve Plant,
EVT00868-03,SHP00868,3,2024-05-08T10:29:01,Origin port gate in,Completed,Port terminal,Genoa,
EVT00868-04,SHP00868,4,2024-05-09T00:27:11,Vessel departed,Completed,Carrier,Genoa,
EVT00868-05,SHP00868,5,2024-05-13T15:18:13,Destination port arrival,Completed,Port terminal,Casablanca,
EVT00868-06,SHP00868,6,2024-05-14T01:07:12,Customs released,Completed,Forwarder,Casablanca,
EVT00868-07,SHP00868,7,2024-05-14T16:15:53,Delivery completed,Completed,Carrier,Casablanca Desalination Site,
EVT00869-01,SHP00869,1,2025-04-18T08:00:00,Booking created,Completed,Forwarder,Milan Valve Plant,
EVT00869-02,SHP00869,2,2025-04-22T10:23:02,Pickup completed,Completed,Carrier,Milan Valve Plant,
EVT00869-03,SHP00869,3,2025-04-22T20:31:00,Origin port gate in,Completed,Port terminal,Genoa,
EVT00869-04,SHP00869,4,2025-04-23T02:28:28,Vessel departed,Completed,Carrier,Genoa,
EVT00869-05,SHP00869,5,2025-04-26T10:06:00,Destination port arrival,Completed,Port terminal,Sines,
EVT00869-06,SHP00869,6,2025-04-26T19:40:10,Customs released,Completed,Forwarder,Sines,
EVT00869-07,SHP00869,7,2025-04-27T07:04:45,Delivery completed,Completed,Carrier,Sines Energy Project Site,
EVT00870-01,SHP00870,1,2025-07-04T11:00:00,Booking created,Completed,Forwarder,Zaragoza Distribution Hub,
EVT00870-02,SHP00870,2,2025-07-15T13:08:18,Pickup completed,Completed,Carrier,Zaragoza Distribution Hub,
EVT00870-03,SHP00870,3,2025-07-16T02:01:34,Origin port gate in,Completed,Port terminal,Valencia,
EVT00870-04,SHP00870,4,2025-07-16T07:02:33,Vessel departed,Completed,Carrier,Valencia,
EVT00870-05,SHP00870,5,2025-07-21T08:54:36,Destination port arrival,Completed,Port terminal,Alexandria,
EVT00870-06,SHP00870,6,2025-07-21T21:45:52,Customs released,Completed,Forwarder,Alexandria,
EVT00870-07,SHP00870,7,2025-07-22T10:30:41,Delivery completed,Completed,Carrier,Alexandria Water Project Site,
EVT00871-01,SHP00871,1,2025-07-09T11:00:00,Booking created,Completed,Forwarder,Madrid Cross Dock,
EVT00871-02,SHP00871,2,2025-07-24T10:34:57,Pickup completed,Completed,Carrier,Madrid Cross Dock,
EVT00871-03,SHP00871,3,2025-07-24T20:49:33,Origin port gate in,Completed,Port terminal,Valencia,
EVT00871-04,SHP00871,4,2025-07-25T09:53:42,Vessel departed,Completed,Carrier,Valencia,
EVT00871-05,SHP00871,5,2025-07-28T09:37:43,Destination port arrival,Completed,Port terminal,Marseille-Fos,
EVT00871-06,SHP00871,6,2025-07-28T14:56:33,Customs released,Completed,Forwarder,Marseille-Fos,
EVT00871-07,SHP00871,7,2025-07-29T05:51:15,Delivery completed,Completed,Carrier,Marseille Wind Substation Site,
EVT00872-01,SHP00872,1,2025-06-06T13:00:00,Booking created,Completed,Forwarder,Cadiz Module Yard,
EVT00872-02,SHP00872,2,2025-06-17T15:58:22,Pickup completed,Completed,Carrier,Cadiz Module Yard,
EVT00872-03,SHP00872,3,2025-06-17T23:33:55,Origin port gate in,Completed,Port terminal,Algeciras,
EVT00872-04,SHP00872,4,2025-06-18T14:15:18,Vessel departed,Completed,Carrier,Algeciras,
EVT00872-05,SHP00872,5,2025-06-20T09:58:08,Destination port arrival,Completed,Port terminal,Sines,
EVT00872-06,SHP00872,6,2025-06-20T18:23:10,Customs released,Completed,Forwarder,Sines,
EVT00872-07,SHP00872,7,2025-06-21T04:42:38,Delivery completed,Completed,Carrier,Sines Energy Project Site,
EVT00873-01,SHP00873,1,2024-11-06T14:00:00,Booking created,Completed,Forwarder,Madrid Cross Dock,
EVT00873-02,SHP00873,2,2024-11-13T16:27:50,Pickup completed,Completed,Carrier,Madrid Cross Dock,
EVT00873-03,SHP00873,3,2024-11-14T16:55:26,Delivery completed,Completed,Carrier,Casablanca Desalination Site,
EVT00874-01,SHP00874,1,2025-11-02T14:00:00,Booking created,Completed,Forwarder,Valencia Export Depot,
EVT00874-02,SHP00874,2,2025-11-06T15:07:50,Pickup completed,Completed,Carrier,Valencia Export Depot,
EVT00874-03,SHP00874,3,2025-11-06T18:48:15,Origin port gate in,Completed,Port terminal,Valencia,
EVT00874-04,SHP00874,4,2025-11-07T11:39:14,Vessel departed,Completed,Carrier,Valencia,
EVT00874-05,SHP00874,5,2025-11-17T19:13:36,Destination port arrival,Completed,Port terminal,Dammam,
EVT00874-06,SHP00874,6,2025-11-18T06:51:14,Customs released,Completed,Forwarder,Dammam,
EVT00874-07,SHP00874,7,2025-11-18T19:58:30,Delivery completed,Completed,Carrier,Dammam Gas Project Site,
EVT00875-01,SHP00875,1,2024-03-16T11:00:00,Booking created,Completed,Forwarder,Madrid Cross Dock,
EVT00875-02,SHP00875,2,2024-03-31T10:14:57,Pickup completed,Completed,Carrier,Madrid Cross Dock,
EVT00875-03,SHP00875,3,2024-04-02T05:42:50,Delivery completed,Completed,Carrier,Rotterdam Consolidation Hub,
EVT00876-01,SHP00876,1,2024-08-29T09:00:00,Booking created,Completed,Forwarder,Cadiz Module Yard,
EVT00876-02,SHP00876,2,2024-09-03T10:58:06,Pickup completed,Completed,Carrier,Cadiz Module Yard,
EVT00876-03,SHP00876,3,2024-09-03T17:22:00,Origin port gate in,Completed,Port terminal,Algeciras,
EVT00876-04,SHP00876,4,2024-09-04T10:21:27,Vessel departed,Completed,Carrier,Algeciras,
EVT00876-05,SHP00876,5,2024-09-07T12:13:09,Destination port arrival,Completed,Port terminal,Sines,
EVT00876-06,SHP00876,6,2024-09-07T20:04:05,Customs released,Completed,Forwarder,Sines,
EVT00876-07,SHP00876,7,2024-09-08T04:16:31,Delivery completed,Completed,Carrier,Sines Energy Project Site,
EVT00877-01,SHP00877,1,2025-06-27T11:00:00,Booking created,Completed,Forwarder,Antwerp EPC Supplier Yard,
EVT00877-02,SHP00877,2,2025-07-10T11:24:59,Pickup completed,Completed,Carrier,Antwerp EPC Supplier Yard,
EVT00877-03,SHP00877,3,2025-07-10T15:36:42,Origin port gate in,Completed,Port terminal,Antwerp-Bruges,
EVT00877-04,SHP00877,4,2025-07-11T05:04:57,Vessel departed,Completed,Carrier,Antwerp-Bruges,
EVT00877-05,SHP00877,5,2025-07-15T21:23:59,Destination port arrival,Completed,Port terminal,Sines,
EVT00877-06,SHP00877,6,2025-07-16T05:25:02,Customs released,Completed,Forwarder,Sines,
EVT00877-07,SHP00877,7,2025-07-17T08:55:18,Delivery completed,Delayed,Carrier,Sines Energy Project Site,Carrier capacity
EVT00878-01,SHP00878,1,2025-06-25T12:00:00,Booking created,Completed,Forwarder,Antwerp EPC Supplier Yard,
EVT00878-02,SHP00878,2,2025-07-02T12:15:22,Pickup completed,Completed,Carrier,Antwerp EPC Supplier Yard,
EVT00878-03,SHP00878,3,2025-07-02T20:27:34,Origin port gate in,Completed,Port terminal,Antwerp-Bruges,
EVT00878-04,SHP00878,4,2025-07-03T05:32:20,Vessel departed,Completed,Carrier,Antwerp-Bruges,
EVT00878-05,SHP00878,5,2025-07-11T13:20:12,Destination port arrival,Completed,Port terminal,Dammam,
EVT00878-06,SHP00878,6,2025-07-12T02:12:33,Customs released,Completed,Forwarder,Dammam,
EVT00878-07,SHP00878,7,2025-07-13T11:04:02,Delivery completed,Delayed,Carrier,Dammam Gas Project Site,Weather disruption
EVT00879-01,SHP00879,1,2025-05-07T12:00:00,Booking created,Completed,Forwarder,Madrid Cross Dock,
EVT00879-02,SHP00879,2,2025-05-19T12:00:20,Pickup completed,Completed,Carrier,Madrid Cross Dock,
EVT00879-03,SHP00879,3,2025-05-20T07:15:39,Origin port gate in,Completed,Port terminal,Valencia,
EVT00879-04,SHP00879,4,2025-05-20T21:35:25,Vessel departed,Completed,Carrier,Valencia,
EVT00879-05,SHP00879,5,2025-05-22T17:32:36,Destination port arrival,Completed,Port terminal,Valencia,
EVT00879-06,SHP00879,6,2025-05-22T18:59:01,Customs released,Completed,Forwarder,Valencia,
EVT00879-07,SHP00879,7,2025-05-23T14:55:11,Delivery completed,Completed,Carrier,Zaragoza Distribution Hub,
EVT00880-01,SHP00880,1,2025-08-27T13:00:00,Booking created,Completed,Forwarder,Tarragona Equipment Vendor,
EVT00880-02,SHP00880,2,2025-09-10T15:56:53,Pickup completed,Completed,Carrier,Tarragona Equipment Vendor,
EVT00880-03,SHP00880,3,2025-09-11T00:58:08,Origin port gate in,Completed,Port terminal,Barcelona,
EVT00880-04,SHP00880,4,2025-09-11T06:38:24,Vessel departed,Completed,Carrier,Barcelona,
EVT00880-05,SHP00880,5,2025-09-21T06:12:47,Destination port arrival,Completed,Port terminal,Dammam,
EVT00880-06,SHP00880,6,2025-09-21T09:01:12,Customs released,Completed,Forwarder,Dammam,
EVT00880-07,SHP00880,7,2025-09-22T14:44:05,Delivery completed,Completed,Carrier,Dammam Gas Project Site,
EVT00881-01,SHP00881,1,2025-11-18T08:00:00,Booking created,Completed,Forwarder,Antwerp EPC Supplier Yard,
EVT00881-02,SHP00881,2,2025-12-01T10:54:31,Pickup completed,Completed,Carrier,Antwerp EPC Supplier Yard,
EVT00881-03,SHP00881,3,2025-12-01T17:56:58,Origin port gate in,Completed,Port terminal,Antwerp-Bruges,
EVT00881-04,SHP00881,4,2025-12-02T00:37:04,Vessel departed,Completed,Carrier,Antwerp-Bruges,
EVT00881-05,SHP00881,5,2025-12-09T02:32:52,Destination port arrival,Completed,Port terminal,Alexandria,
EVT00881-06,SHP00881,6,2025-12-09T10:11:20,Customs released,Completed,Forwarder,Alexandria,
EVT00881-07,SHP00881,7,2025-12-09T23:20:22,Delivery completed,Completed,Carrier,Alexandria Water Project Site,
EVT00882-01,SHP00882,1,2024-03-06T15:00:00,Booking created,Completed,Forwarder,Antwerp EPC Supplier Yard,
EVT00882-02,SHP00882,2,2024-03-11T17:46:56,Pickup completed,Completed,Carrier,Antwerp EPC Supplier Yard,
EVT00882-03,SHP00882,3,2024-03-12T02:43:20,Origin port gate in,Completed,Port terminal,Antwerp-Bruges,
EVT00882-04,SHP00882,4,2024-03-12T09:23:44,Vessel departed,Completed,Carrier,Antwerp-Bruges,
EVT00882-05,SHP00882,5,2024-03-14T15:38:15,Destination port arrival,Completed,Port terminal,Rotterdam,
EVT00882-06,SHP00882,6,2024-03-15T01:35:50,Customs released,Completed,Forwarder,Rotterdam,
EVT00882-07,SHP00882,7,2024-03-16T02:24:25,Delivery completed,Delayed,Carrier,Rotterdam Consolidation Hub,Weather disruption
EVT00883-01,SHP00883,1,2024-03-25T11:00:00,Booking created,Completed,Forwarder,Rotterdam Consolidation Hub,
EVT00883-02,SHP00883,2,2024-04-01T12:42:39,Pickup completed,Completed,Carrier,Rotterdam Consolidation Hub,
EVT00883-03,SHP00883,3,2024-04-01T22:16:40,Origin port gate in,Completed,Port terminal,Rotterdam,
EVT00883-04,SHP00883,4,2024-04-02T08:02:58,Vessel departed,Completed,Carrier,Rotterdam,
EVT00883-05,SHP00883,5,2024-04-07T08:40:12,Customs released,Completed,Forwarder,Casablanca,
EVT00883-06,SHP00883,6,2024-04-07T09:14:36,Destination port arrival,Completed,Port terminal,Casablanca,
EVT00883-07,SHP00883,7,2024-04-07T23:07:50,Delivery completed,Completed,Carrier,Casablanca Desalination Site,
EVT00884-01,SHP00884,1,2025-08-09T09:00:00,Booking created,Completed,Forwarder,Puertollano Module Yard,
EVT00884-02,SHP00884,2,2025-08-21T11:29:01,Pickup completed,Completed,Carrier,Puertollano Module Yard,
EVT00884-03,SHP00884,3,2025-08-22T01:15:23,Origin port gate in,Completed,Port terminal,Algeciras,
EVT00884-04,SHP00884,4,2025-08-22T11:29:06,Vessel departed,Completed,Carrier,Algeciras,
EVT00884-05,SHP00884,5,2025-08-23T19:13:55,Destination port arrival,Completed,Port terminal,Casablanca,
EVT00884-06,SHP00884,6,2025-08-24T07:12:33,Customs released,Completed,Forwarder,Casablanca,
EVT00884-07,SHP00884,7,2025-08-24T15:24:09,Delivery completed,Completed,Carrier,Casablanca Desalination Site,
EVT00885-01,SHP00885,1,2024-06-29T08:00:00,Booking created,Completed,Forwarder,Antwerp EPC Supplier Yard,
EVT00885-02,SHP00885,2,2024-07-07T08:20:18,Pickup completed,Completed,Carrier,Antwerp EPC Supplier Yard,
EVT00885-03,SHP00885,3,2024-07-07T14:48:07,Origin port gate in,Completed,Port terminal,Antwerp-Bruges,
EVT00885-04,SHP00885,4,2024-07-07T20:41:02,Vessel departed,Completed,Carrier,Antwerp-Bruges,
EVT00885-05,SHP00885,5,2024-07-12T08:31:36,Destination port arrival,Completed,Port terminal,Sines,
EVT00885-06,SHP00885,6,2024-07-12T12:38:38,Customs released,Completed,Forwarder,Sines,
EVT00885-07,SHP00885,7,2024-07-12T20:37:25,Delivery completed,Completed,Carrier,Sines Energy Project Site,
EVT00886-01,SHP00886,1,2024-05-01T08:00:00,Booking created,Completed,Forwarder,Puertollano Module Yard,
EVT00886-02,SHP00886,2,2024-05-14T10:18:45,Pickup completed,Completed,Carrier,Puertollano Module Yard,
EVT00886-03,SHP00886,3,2024-05-15T06:25:20,Origin port gate in,Completed,Port terminal,Algeciras,
EVT00886-04,SHP00886,4,2024-05-15T10:11:51,Vessel departed,Completed,Carrier,Algeciras,
EVT00886-05,SHP00886,5,2024-05-20T10:40:50,Destination port arrival,Completed,Port terminal,Rotterdam,
EVT00886-06,SHP00886,6,2024-05-20T18:04:52,Customs released,Completed,Forwarder,Rotterdam,
EVT00886-07,SHP00886,7,2024-05-21T09:29:55,Delivery completed,Completed,Carrier,Rotterdam Consolidation Hub,
EVT00887-01,SHP00887,1,2024-04-06T07:00:00,Booking created,Completed,Forwarder,Tangier Free Zone DC,
EVT00887-02,SHP00887,2,2024-04-19T08:24:22,Pickup completed,Completed,Carrier,Tangier Free Zone DC,
EVT00887-03,SHP00887,3,2024-04-19T14:47:53,Origin port gate in,Completed,Port terminal,Tanger Med,
EVT00887-04,SHP00887,4,2024-04-19T18:44:30,Vessel departed,Completed,Carrier,Tanger Med,
EVT00887-05,SHP00887,5,2024-04-24T16:08:11,Destination port arrival,Completed,Port terminal,Rotterdam,
EVT00887-06,SHP00887,6,2024-04-24T22:31:49,Customs released,Completed,Forwarder,Rotterdam,
EVT00887-07,SHP00887,7,2024-04-25T10:24:44,Delivery completed,Completed,Carrier,Rotterdam Consolidation Hub,
EVT00888-01,SHP00888,1,2024-09-11T15:00:00,Booking created,Completed,Forwarder,Antwerp EPC Supplier Yard,
EVT00888-02,SHP00888,2,2024-09-17T17:14:28,Pickup completed,Completed,Carrier,Antwerp EPC Supplier Yard,
EVT00888-03,SHP00888,3,2024-09-17T23:51:34,Origin port gate in,Completed,Port terminal,Antwerp-Bruges,
EVT00888-04,SHP00888,4,2024-09-18T05:02:05,Vessel departed,Completed,Carrier,Antwerp-Bruges,
EVT00888-05,SHP00888,5,2024-09-23T12:34:57,Destination port arrival,Completed,Port terminal,Casablanca,
EVT00888-06,SHP00888,6,2024-09-23T15:30:59,Customs released,Completed,Forwarder,Casablanca,
EVT00888-07,SHP00888,7,2024-09-24T04:57:36,Delivery completed,Completed,Carrier,Casablanca Desalination Site,
EVT00889-01,SHP00889,1,2025-10-08T12:00:00,Booking created,Completed,Forwarder,Milan Valve Plant,
EVT00889-02,SHP00889,2,2025-10-23T14:15:37,Pickup completed,Completed,Carrier,Milan Valve Plant,
EVT00889-03,SHP00889,3,2025-10-23T22:27:06,Origin port gate in,Completed,Port terminal,Genoa,
EVT00889-04,SHP00889,4,2025-10-24T15:38:55,Vessel departed,Completed,Carrier,Genoa,
EVT00889-05,SHP00889,5,2025-10-31T19:22:01,Destination port arrival,Completed,Port terminal,Dammam,
EVT00889-06,SHP00889,6,2025-11-01T01:55:30,Customs released,Completed,Forwarder,Dammam,
EVT00889-07,SHP00889,7,2025-11-01T13:52:43,Delivery completed,Completed,Carrier,Dammam Gas Project Site,
EVT00890-01,SHP00890,1,2025-12-14T13:00:00,Booking created,Completed,Forwarder,Milan Valve Plant,
EVT00890-02,SHP00890,2,2025-12-19T14:12:43,Pickup completed,Completed,Carrier,Milan Valve Plant,
EVT00890-03,SHP00890,3,2025-12-20T04:20:35,Origin port gate in,Completed,Port terminal,Genoa,
EVT00890-04,SHP00890,4,2025-12-20T13:54:34,Vessel departed,Completed,Carrier,Genoa,
EVT00890-05,SHP00890,5,2025-12-28T17:32:27,Destination port arrival,Completed,Port terminal,Dammam,
EVT00890-06,SHP00890,6,2025-12-28T20:05:46,Customs released,Completed,Forwarder,Dammam,
EVT00890-07,SHP00890,7,2025-12-29T10:00:56,Delivery completed,Delayed,Carrier,Dammam Gas Project Site,Road permit delay
EVT00891-01,SHP00891,1,2025-07-05T12:00:00,Booking created,Completed,Forwarder,Zaragoza Distribution Hub,
EVT00891-02,SHP00891,2,2025-07-17T11:32:44,Pickup completed,Completed,Carrier,Zaragoza Distribution Hub,
EVT00891-03,SHP00891,3,2025-07-17T22:06:02,Origin port gate in,Completed,Port terminal,Valencia,
EVT00891-04,SHP00891,4,2025-07-18T10:29:58,Vessel departed,Completed,Carrier,Valencia,
EVT00891-05,SHP00891,5,2025-07-20T15:39:00,Destination port arrival,Completed,Port terminal,Casablanca,
EVT00891-06,SHP00891,6,2025-07-20T20:12:57,Customs released,Completed,Forwarder,Casablanca,
EVT00891-07,SHP00891,7,2025-07-21T09:21:33,Delivery completed,Completed,Carrier,Casablanca Desalination Site,
EVT00892-01,SHP00892,1,2024-06-26T09:00:00,Booking created,Completed,Forwarder,Cadiz Module Yard,
EVT00892-02,SHP00892,2,2024-07-03T09:00:03,Pickup completed,Completed,Carrier,Cadiz Module Yard,
EVT00892-03,SHP00892,3,2024-07-03T18:40:27,Origin port gate in,Completed,Port terminal,Algeciras,
EVT00892-04,SHP00892,4,2024-07-03T22:39:29,Vessel departed,Completed,Carrier,Algeciras,
EVT00892-05,SHP00892,5,2024-07-07T03:22:33,Destination port arrival,Completed,Port terminal,Sines,
EVT00892-06,SHP00892,6,2024-07-07T12:36:14,Customs released,Completed,Forwarder,Sines,
EVT00892-07,SHP00892,7,2024-07-08T01:45:48,Delivery completed,Completed,Carrier,Sines Energy Project Site,
EVT00893-01,SHP00893,1,2025-06-23T11:00:00,Booking created,Completed,Forwarder,Antwerp EPC Supplier Yard,
EVT00893-02,SHP00893,2,2025-07-02T13:04:19,Pickup completed,Completed,Carrier,Antwerp EPC Supplier Yard,
EVT00893-03,SHP00893,3,2025-07-02T23:46:08,Origin port gate in,Completed,Port terminal,Antwerp-Bruges,
EVT00893-04,SHP00893,4,2025-07-03T13:18:46,Vessel departed,Completed,Carrier,Antwerp-Bruges,
EVT00893-05,SHP00893,5,2025-07-11T22:57:25,Destination port arrival,Completed,Port terminal,Dammam,
EVT00893-06,SHP00893,6,2025-07-12T09:31:07,Customs released,Completed,Forwarder,Dammam,
EVT00893-07,SHP00893,7,2025-07-12T21:10:19,Delivery completed,Completed,Carrier,Dammam Gas Project Site,
EVT00894-01,SHP00894,1,2024-11-27T14:00:00,Booking created,Completed,Forwarder,Cadiz Module Yard,
EVT00894-02,SHP00894,2,2024-12-02T16:10:20,Pickup completed,Completed,Carrier,Cadiz Module Yard,
EVT00894-03,SHP00894,3,2024-12-03T03:40:57,Origin port gate in,Completed,Port terminal,Algeciras,
EVT00894-04,SHP00894,4,2024-12-03T16:17:41,Vessel departed,Completed,Carrier,Algeciras,
EVT00894-05,SHP00894,5,2024-12-07T22:40:05,Destination port arrival,Completed,Port terminal,Marseille-Fos,
EVT00894-06,SHP00894,6,2024-12-08T03:01:30,Customs released,Completed,Forwarder,Marseille-Fos,
EVT00894-07,SHP00894,7,2024-12-08T15:15:04,Delivery completed,Completed,Carrier,Marseille Wind Substation Site,
EVT00895-01,SHP00895,1,2025-01-27T08:00:00,Booking created,Completed,Forwarder,Antwerp EPC Supplier Yard,
EVT00895-02,SHP00895,2,2025-02-03T09:45:52,Pickup completed,Completed,Carrier,Antwerp EPC Supplier Yard,
EVT00895-03,SHP00895,3,2025-02-03T17:05:24,Origin port gate in,Completed,Port terminal,Antwerp-Bruges,
EVT00895-04,SHP00895,4,2025-02-04T05:16:24,Vessel departed,Completed,Carrier,Antwerp-Bruges,
EVT00895-05,SHP00895,5,2025-02-11T16:56:08,Destination port arrival,Completed,Port terminal,Dammam,
EVT00895-06,SHP00895,6,2025-02-11T17:50:52,Customs released,Completed,Forwarder,Dammam,
EVT00895-07,SHP00895,7,2025-02-12T03:36:06,Delivery completed,Completed,Carrier,Dammam Gas Project Site,
EVT00896-01,SHP00896,1,2024-04-20T11:00:00,Booking created,Completed,Forwarder,Zaragoza Distribution Hub,
EVT00896-02,SHP00896,2,2024-04-24T12:30:08,Pickup completed,Completed,Carrier,Zaragoza Distribution Hub,
EVT00896-03,SHP00896,3,2024-04-24T20:40:56,Origin port gate in,Completed,Port terminal,Valencia,
EVT00896-04,SHP00896,4,2024-04-25T03:47:10,Vessel departed,Completed,Carrier,Valencia,
EVT00896-05,SHP00896,5,2024-04-27T05:50:34,Destination port arrival,Completed,Port terminal,Casablanca,
EVT00896-06,SHP00896,6,2024-04-27T06:18:16,Customs released,Completed,Forwarder,Casablanca,
EVT00896-07,SHP00896,7,2024-04-27T17:59:59,Delivery completed,Completed,Carrier,Casablanca Desalination Site,
EVT00897-01,SHP00897,1,2025-10-25T15:00:00,Booking created,Completed,Forwarder,Rotterdam Consolidation Hub,
EVT00897-02,SHP00897,2,2025-11-06T16:04:42,Pickup completed,Completed,Carrier,Rotterdam Consolidation Hub,
EVT00897-03,SHP00897,3,2025-11-07T03:29:14,Origin port gate in,Completed,Port terminal,Rotterdam,
EVT00897-04,SHP00897,4,2025-11-07T07:21:03,Vessel departed,Completed,Carrier,Rotterdam,
EVT00897-05,SHP00897,5,2025-11-10T08:35:59,Destination port arrival,Completed,Port terminal,Marseille-Fos,
EVT00897-06,SHP00897,6,2025-11-10T20:20:28,Customs released,Completed,Forwarder,Marseille-Fos,
EVT00897-07,SHP00897,7,2025-11-11T06:55:40,Delivery completed,Completed,Carrier,Marseille Wind Substation Site,
EVT00898-01,SHP00898,1,2025-05-25T14:00:00,Booking created,Completed,Forwarder,Zaragoza Distribution Hub,
EVT00898-02,SHP00898,2,2025-06-03T13:29:03,Pickup completed,Completed,Carrier,Zaragoza Distribution Hub,
EVT00898-03,SHP00898,3,2025-06-04T21:47:17,Origin port gate in,Completed,Port terminal,Valencia,
EVT00898-04,SHP00898,4,2025-06-05T08:05:12,Vessel departed,Completed,Carrier,Valencia,
EVT00898-05,SHP00898,5,2025-06-14T04:33:59,Destination port arrival,Completed,Port terminal,Dammam,
EVT00898-06,SHP00898,6,2025-06-14T10:15:46,Customs released,Completed,Forwarder,Dammam,
EVT00898-07,SHP00898,7,2025-06-14T18:58:54,Delivery completed,Completed,Carrier,Dammam Gas Project Site,
EVT00899-01,SHP00899,1,2025-06-22T09:00:00,Booking created,Completed,Forwarder,Rotterdam Consolidation Hub,
EVT00899-02,SHP00899,2,2025-07-01T10:30:13,Pickup completed,Completed,Carrier,Rotterdam Consolidation Hub,
EVT00899-03,SHP00899,3,2025-07-01T19:24:17,Origin port gate in,Completed,Port terminal,Rotterdam,
EVT00899-04,SHP00899,4,2025-07-02T11:07:44,Vessel departed,Completed,Carrier,Rotterdam,
EVT00899-05,SHP00899,5,2025-07-06T18:57:42,Destination port arrival,Completed,Port terminal,Casablanca,
EVT00899-06,SHP00899,6,2025-07-07T00:04:20,Customs released,Completed,Forwarder,Casablanca,
EVT00899-07,SHP00899,7,2025-07-08T00:57:33,Delivery completed,Completed,Carrier,Casablanca Desalination Site,
EVT00900-01,SHP00900,1,2024-01-16T11:00:00,Booking created,Completed,Forwarder,Cadiz Module Yard,
EVT00900-02,SHP00900,2,2024-01-29T10:54:18,Pickup completed,Completed,Carrier,Cadiz Module Yard,
EVT00900-03,SHP00900,3,2024-01-29T20:20:46,Origin port gate in,Completed,Port terminal,Algeciras,
EVT00900-04,SHP00900,4,2024-01-30T03:21:19,Vessel departed,Completed,Carrier,Algeciras,
EVT00900-05,SHP00900,5,2024-02-02T18:08:59,Destination port arrival,Completed,Port terminal,Sines,
EVT00900-06,SHP00900,6,2024-02-03T02:11:48,Customs released,Completed,Forwarder,Sines,
EVT00900-07,SHP00900,7,2024-02-03T14:59:46,Delivery completed,Completed,Carrier,Sines Energy Project Site,
